IQ-TREE version 3.0.1 for Linux x86 64-bit built Jul  9 2025
Developed by Bui Quang Minh, Thomas Wong, Nhan Ly-Trong, Huaiyan Ren
Contributed by Lam-Tung Nguyen, Dominik Schrempf, Chris Bielow,
Olga Chernomor, Michael Woodhams, Diep Thi Hoang, Heiko Schmidt

Host:    dirreno-B650-AORUS-ELITE-AX (AVX512, FMA3, 30 GB RAM)
Command: iqtree3 --threads-max 16 -s ../resources/experimental_data/cropped/E_DENV1-delim.fasta -m GTR+G --ninit 2 -n 2 --epsilon 0.05 -T AUTO --redo
Seed:    901093 (Using SPRNG - Scalable Parallel Random Number Generator)
Time:    Tue Jul 14 17:25:06 2026
Kernel:  AVX+FMA - auto-detect threads (16 CPU cores detected)

Reading alignment file ../resources/experimental_data/cropped/E_DENV1-delim.fasta ... Fasta format detected
Reading fasta file: done in 0.00718987 secs using 97.32% CPU
Alignment most likely contains DNA/RNA sequences
Constructing alignment: done in 0.00454325 secs using 1537% CPU
Alignment has 687 sequences with 1485 columns, 594 distinct patterns
458 parsimony-informative, 135 singleton sites, 892 constant sites
                                                                          Gap/Ambiguity  Composition  p-value
Analyzing sequences: done in 6.4221e-05 secs using 6169% CPU
   1  DENV1_DELIM-0x2f_THAILAND_DELIM-0x2f_2006_DELIM-0x2f_00002_DELIM-0x2f_06    0.00%    passed     99.57%
   2  DENV1_DELIM-0x2f_THAILAND_DELIM-0x2f_2011_DELIM-0x2f_00002_DELIM-0x2f_11    0.00%    passed     99.67%
   3  DENV1_DELIM-0x2f_THAILAND_DELIM-0x2f_2006_DELIM-0x2f_00003_DELIM-0x2f_06    0.00%    passed     99.95%
   4  DENV1_DELIM-0x2f_THAILAND_DELIM-0x2f_2006_DELIM-0x2f_00004_DELIM-0x2f_06    0.00%    passed     99.98%
   5  DENV1_DELIM-0x2f_THAILAND_DELIM-0x2f_2006_DELIM-0x2f_00006_DELIM-0x2f_06    0.00%    passed     98.55%
   6  DENV1_DELIM-0x2f_THAILAND_DELIM-0x2f_2006_DELIM-0x2f_00007_DELIM-0x2f_06    0.00%    passed    100.00%
   7  DENV1_DELIM-0x2f_THAILAND_DELIM-0x2f_2006_DELIM-0x2f_00010_DELIM-0x2f_06    0.07%    passed     99.48%
   8  DENV1_DELIM-0x2f_THAILAND_DELIM-0x2f_1997_DELIM-0x2f_00012_DELIM-0x2f_97    0.07%    passed     99.97%
   9  DENV1_DELIM-0x2f_THAILAND_DELIM-0x2f_2006_DELIM-0x2f_00030_DELIM-0x2f_06    0.00%    passed     99.95%
  10  DENV1_DELIM-0x2f_THAILAND_DELIM-0x2f_2011_DELIM-0x2f_00046_DELIM-0x2f_11    0.00%    passed     99.39%
  11  DENV1_DELIM-0x2f_THAILAND_DELIM-0x2f_2001_DELIM-0x2f_00047_DELIM-0x2f_01    0.00%    passed     99.99%
  12  DENV1_DELIM-0x2f_THAILAND_DELIM-0x2f_2006_DELIM-0x2f_00048_DELIM-0x2f_06    0.00%    passed     99.89%
  13  DENV1_DELIM-0x2f_THAILAND_DELIM-0x2f_2011_DELIM-0x2f_00055_DELIM-0x2f_11    0.00%    passed     99.67%
  14  DENV1_DELIM-0x2f_THAILAND_DELIM-0x2f_2013_DELIM-0x2f_00059_DELIM-0x2f_13    0.00%    passed     98.10%
  15  DENV1_DELIM-0x2f_THAILAND_DELIM-0x2f_2004_DELIM-0x2f_00062_DELIM-0x2f_04    0.00%    passed     99.98%
  16  DENV1_DELIM-0x2f_THAILAND_DELIM-0x2f_2013_DELIM-0x2f_00062_DELIM-0x2f_13    0.00%    passed     99.57%
  17  DENV1_DELIM-0x2f_THAILAND_DELIM-0x2f_1994_DELIM-0x2f_00066_DELIM-0x2f_94    0.00%    passed     98.32%
  18  DENV1_DELIM-0x2f_THAILAND_DELIM-0x2f_2004_DELIM-0x2f_00068_DELIM-0x2f_04    0.00%    passed     99.98%
  19  DENV1_DELIM-0x2f_THAILAND_DELIM-0x2f_2006_DELIM-0x2f_00068_DELIM-0x2f_06    0.00%    passed     99.94%
  20  DENV1_DELIM-0x2f_THAILAND_DELIM-0x2f_2006_DELIM-0x2f_00069_DELIM-0x2f_06    0.00%    passed     99.86%
  21  DENV1_DELIM-0x2f_THAILAND_DELIM-0x2f_2006_DELIM-0x2f_00074_DELIM-0x2f_06    0.00%    passed    100.00%
  22  DENV1_DELIM-0x2f_THAILAND_DELIM-0x2f_2006_DELIM-0x2f_00080_DELIM-0x2f_06    0.13%    passed     99.69%
  23  DENV1_DELIM-0x2f_THAILAND_DELIM-0x2f_2004_DELIM-0x2f_00088_DELIM-0x2f_04    0.00%    passed     99.83%
  24  DENV1_DELIM-0x2f_THAILAND_DELIM-0x2f_2013_DELIM-0x2f_00090_DELIM-0x2f_13    0.00%    passed     96.00%
  25  DENV1_DELIM-0x2f_THAILAND_DELIM-0x2f_1991_DELIM-0x2f_00098_DELIM-0x2f_91    0.00%    passed     97.20%
  26  DENV1_DELIM-0x2f_THAILAND_DELIM-0x2f_2005_DELIM-0x2f_00109_DELIM-0x2f_05    0.00%    passed     99.98%
  27  DENV1_DELIM-0x2f_THAILAND_DELIM-0x2f_2006_DELIM-0x2f_00113_DELIM-0x2f_06    0.00%    passed     99.85%
  28  DENV1_DELIM-0x2f_THAILAND_DELIM-0x2f_1997_DELIM-0x2f_00115_DELIM-0x2f_97    0.00%    passed     98.35%
  29  DENV1_DELIM-0x2f_THAILAND_DELIM-0x2f_1998_DELIM-0x2f_00141_DELIM-0x2f_98    0.00%    passed     99.95%
  30  DENV1_DELIM-0x2f_THAILAND_DELIM-0x2f_2000_DELIM-0x2f_00163_DELIM-0x2f_00    0.07%    passed     99.89%
  31  DENV1_DELIM-0x2f_THAILAND_DELIM-0x2f_1994_DELIM-0x2f_00168_DELIM-0x2f_94    0.00%    passed     99.74%
  32  DENV1_DELIM-0x2f_THAILAND_DELIM-0x2f_2003_DELIM-0x2f_00170_DELIM-0x2f_03    0.00%    passed     99.96%
  33  DENV1_DELIM-0x2f_THAILAND_DELIM-0x2f_2006_DELIM-0x2f_00172_DELIM-0x2f_06    0.13%    passed     99.89%
  34  DENV1_DELIM-0x2f_THAILAND_DELIM-0x2f_2005_DELIM-0x2f_00186_DELIM-0x2f_05    0.00%    passed     99.26%
  35  DENV1_DELIM-0x2f_THAILAND_DELIM-0x2f_2006_DELIM-0x2f_00188_DELIM-0x2f_06    0.00%    passed     99.67%
  36  DENV1_DELIM-0x2f_THAILAND_DELIM-0x2f_2001_DELIM-0x2f_00189_DELIM-0x2f_01    0.00%    passed     98.20%
  37  DENV1_DELIM-0x2f_THAILAND_DELIM-0x2f_2013_DELIM-0x2f_00192_DELIM-0x2f_13    0.00%    passed     99.66%
  38  DENV1_DELIM-0x2f_THAILAND_DELIM-0x2f_2006_DELIM-0x2f_00201_DELIM-0x2f_06    0.00%    passed     99.99%
  39  DENV1_DELIM-0x2f_THAILAND_DELIM-0x2f_1995_DELIM-0x2f_00207_DELIM-0x2f_95    0.00%    passed     97.50%
  40  DENV1_DELIM-0x2f_THAILAND_DELIM-0x2f_2005_DELIM-0x2f_00208_DELIM-0x2f_05    0.00%    passed     99.99%
  41  DENV1_DELIM-0x2f_THAILAND_DELIM-0x2f_2006_DELIM-0x2f_00209_DELIM-0x2f_06    0.00%    passed     99.97%
  42  DENV1_DELIM-0x2f_THAILAND_DELIM-0x2f_2005_DELIM-0x2f_00210_DELIM-0x2f_05    0.00%    passed     99.82%
  43  DENV1_DELIM-0x2f_THAILAND_DELIM-0x2f_2005_DELIM-0x2f_00211_DELIM-0x2f_05    0.00%    passed     99.97%
  44  DENV1_DELIM-0x2f_THAILAND_DELIM-0x2f_2006_DELIM-0x2f_00211_DELIM-0x2f_06    0.00%    passed     99.97%
  45  DENV1_DELIM-0x2f_THAILAND_DELIM-0x2f_1994_DELIM-0x2f_00212_DELIM-0x2f_94    0.00%    passed     99.30%
  46  DENV1_DELIM-0x2f_THAILAND_DELIM-0x2f_2006_DELIM-0x2f_00213_DELIM-0x2f_06    0.00%    passed     99.99%
  47  DENV1_DELIM-0x2f_THAILAND_DELIM-0x2f_2014_DELIM-0x2f_00213_DELIM-0x2f_14    0.07%    passed     99.34%
  48  DENV1_DELIM-0x2f_THAILAND_DELIM-0x2f_2004_DELIM-0x2f_00223_DELIM-0x2f_04    0.07%    passed     99.97%
  49  DENV1_DELIM-0x2f_THAILAND_DELIM-0x2f_2006_DELIM-0x2f_00228_DELIM-0x2f_06    0.00%    passed     99.90%
  50  DENV1_DELIM-0x2f_THAILAND_DELIM-0x2f_1995_DELIM-0x2f_00229_DELIM-0x2f_95    0.00%    passed     97.50%
  51  DENV1_DELIM-0x2f_THAILAND_DELIM-0x2f_2006_DELIM-0x2f_00231_DELIM-0x2f_06    0.00%    passed     99.97%
  52  DENV1_DELIM-0x2f_THAILAND_DELIM-0x2f_2006_DELIM-0x2f_00232_DELIM-0x2f_06    0.07%    passed     99.98%
  53  DENV1_DELIM-0x2f_THAILAND_DELIM-0x2f_1998_DELIM-0x2f_00233_DELIM-0x2f_98    0.07%    passed     99.97%
  54  DENV1_DELIM-0x2f_THAILAND_DELIM-0x2f_2006_DELIM-0x2f_00248_DELIM-0x2f_06    0.00%    passed     99.97%
  55  DENV1_DELIM-0x2f_THAILAND_DELIM-0x2f_1995_DELIM-0x2f_00257_DELIM-0x2f_95    0.13%    passed     98.55%
  56  DENV1_DELIM-0x2f_THAILAND_DELIM-0x2f_2005_DELIM-0x2f_00258_DELIM-0x2f_05    0.00%    passed     99.98%
  57  DENV1_DELIM-0x2f_THAILAND_DELIM-0x2f_2004_DELIM-0x2f_00259_DELIM-0x2f_04    0.00%    passed     99.96%
  58  DENV1_DELIM-0x2f_THAILAND_DELIM-0x2f_1999_DELIM-0x2f_00262_DELIM-0x2f_99    0.00%    passed     99.85%
  59  DENV1_DELIM-0x2f_THAILAND_DELIM-0x2f_1994_DELIM-0x2f_00263_DELIM-0x2f_94    0.00%    passed     98.76%
  60  DENV1_DELIM-0x2f_THAILAND_DELIM-0x2f_2006_DELIM-0x2f_00265_DELIM-0x2f_06    0.13%    passed     99.99%
  61  DENV1_DELIM-0x2f_THAILAND_DELIM-0x2f_2013_DELIM-0x2f_00270_DELIM-0x2f_13    0.00%    passed     99.80%
  62  DENV1_DELIM-0x2f_THAILAND_DELIM-0x2f_2011_DELIM-0x2f_00272_DELIM-0x2f_11    0.00%    passed     99.76%
  63  DENV1_DELIM-0x2f_THAILAND_DELIM-0x2f_2003_DELIM-0x2f_00275_DELIM-0x2f_03    0.00%    passed     99.79%
  64  DENV1_DELIM-0x2f_THAILAND_DELIM-0x2f_2006_DELIM-0x2f_00287_DELIM-0x2f_06    0.00%    passed     98.10%
  65  DENV1_DELIM-0x2f_THAILAND_DELIM-0x2f_1995_DELIM-0x2f_00288_DELIM-0x2f_95    0.00%    passed     99.98%
  66  DENV1_DELIM-0x2f_THAILAND_DELIM-0x2f_2013_DELIM-0x2f_00297_DELIM-0x2f_13    0.00%    passed     99.81%
  67  DENV1_DELIM-0x2f_THAILAND_DELIM-0x2f_2012_DELIM-0x2f_00305_DELIM-0x2f_12    0.00%    passed     99.48%
  68  DENV1_DELIM-0x2f_THAILAND_DELIM-0x2f_2005_DELIM-0x2f_00306_DELIM-0x2f_05    0.00%    passed    100.00%
  69  DENV1_DELIM-0x2f_THAILAND_DELIM-0x2f_2003_DELIM-0x2f_00311_DELIM-0x2f_03    0.00%    passed     99.90%
  70  DENV1_DELIM-0x2f_THAILAND_DELIM-0x2f_2006_DELIM-0x2f_00318_DELIM-0x2f_06    0.13%    passed     99.93%
  71  DENV1_DELIM-0x2f_THAILAND_DELIM-0x2f_2006_DELIM-0x2f_00326_DELIM-0x2f_06    0.00%    passed     98.99%
  72  DENV1_DELIM-0x2f_THAILAND_DELIM-0x2f_2011_DELIM-0x2f_00330_DELIM-0x2f_11    0.00%    passed     99.67%
  73  DENV1_DELIM-0x2f_THAILAND_DELIM-0x2f_2006_DELIM-0x2f_00332_DELIM-0x2f_06    0.00%    passed     98.10%
  74  DENV1_DELIM-0x2f_THAILAND_DELIM-0x2f_2006_DELIM-0x2f_00334_DELIM-0x2f_06    0.07%    passed     99.89%
  75  DENV1_DELIM-0x2f_THAILAND_DELIM-0x2f_2013_DELIM-0x2f_00343_DELIM-0x2f_13    0.00%    passed     97.69%
  76  DENV1_DELIM-0x2f_THAILAND_DELIM-0x2f_2012_DELIM-0x2f_00346_DELIM-0x2f_12    0.00%    passed     99.90%
  77  DENV1_DELIM-0x2f_THAILAND_DELIM-0x2f_2003_DELIM-0x2f_00348_DELIM-0x2f_03    0.00%    passed     99.85%
  78  DENV1_DELIM-0x2f_THAILAND_DELIM-0x2f_2003_DELIM-0x2f_00349_DELIM-0x2f_03    0.00%    passed     99.94%
  79  DENV1_DELIM-0x2f_THAILAND_DELIM-0x2f_2011_DELIM-0x2f_00349_DELIM-0x2f_11    0.00%    passed     99.95%
  80  DENV1_DELIM-0x2f_THAILAND_DELIM-0x2f_1994_DELIM-0x2f_00350_DELIM-0x2f_94    0.00%    passed     99.49%
  81  DENV1_DELIM-0x2f_THAILAND_DELIM-0x2f_2001_DELIM-0x2f_00355_DELIM-0x2f_01    0.00%    passed     98.76%
  82  DENV1_DELIM-0x2f_THAILAND_DELIM-0x2f_2011_DELIM-0x2f_00358_DELIM-0x2f_11    0.00%    passed     99.99%
  83  DENV1_DELIM-0x2f_THAILAND_DELIM-0x2f_2012_DELIM-0x2f_00358_DELIM-0x2f_12    0.00%    passed     99.77%
  84  DENV1_DELIM-0x2f_THAILAND_DELIM-0x2f_2006_DELIM-0x2f_00365_DELIM-0x2f_06    0.00%    passed     99.95%
  85  DENV1_DELIM-0x2f_THAILAND_DELIM-0x2f_1999_DELIM-0x2f_00365_DELIM-0x2f_99    0.00%    passed     99.85%
  86  DENV1_DELIM-0x2f_THAILAND_DELIM-0x2f_2004_DELIM-0x2f_00369_DELIM-0x2f_04    0.00%    passed     99.92%
  87  DENV1_DELIM-0x2f_THAILAND_DELIM-0x2f_2006_DELIM-0x2f_00369_DELIM-0x2f_06    0.00%    passed     99.83%
  88  DENV1_DELIM-0x2f_THAILAND_DELIM-0x2f_2006_DELIM-0x2f_00371_DELIM-0x2f_06    0.00%    passed     99.95%
  89  DENV1_DELIM-0x2f_THAILAND_DELIM-0x2f_2003_DELIM-0x2f_00373_DELIM-0x2f_03    0.00%    passed     99.94%
  90  DENV1_DELIM-0x2f_THAILAND_DELIM-0x2f_1996_DELIM-0x2f_00375_DELIM-0x2f_96    0.00%    passed     99.89%
  91  DENV1_DELIM-0x2f_THAILAND_DELIM-0x2f_1997_DELIM-0x2f_00377_DELIM-0x2f_97    0.07%    passed     99.87%
  92  DENV1_DELIM-0x2f_THAILAND_DELIM-0x2f_1999_DELIM-0x2f_00380_DELIM-0x2f_99    0.00%    passed     99.92%
  93  DENV1_DELIM-0x2f_THAILAND_DELIM-0x2f_1997_DELIM-0x2f_00382_DELIM-0x2f_97    0.07%    passed     99.97%
  94  DENV1_DELIM-0x2f_THAILAND_DELIM-0x2f_2006_DELIM-0x2f_00392_DELIM-0x2f_06    0.00%    passed     99.86%
  95  DENV1_DELIM-0x2f_THAILAND_DELIM-0x2f_1994_DELIM-0x2f_00395_DELIM-0x2f_94    0.00%    passed     98.20%
  96  DENV1_DELIM-0x2f_THAILAND_DELIM-0x2f_2006_DELIM-0x2f_00398_DELIM-0x2f_06    0.07%    passed     99.93%
  97  DENV1_DELIM-0x2f_THAILAND_DELIM-0x2f_1995_DELIM-0x2f_00410_DELIM-0x2f_95    0.13%    passed     99.99%
  98  DENV1_DELIM-0x2f_THAILAND_DELIM-0x2f_2006_DELIM-0x2f_00411_DELIM-0x2f_06    0.07%    passed     99.72%
  99  DENV1_DELIM-0x2f_THAILAND_DELIM-0x2f_1999_DELIM-0x2f_00413_DELIM-0x2f_99    0.00%    passed     99.97%
 100  DENV1_DELIM-0x2f_THAILAND_DELIM-0x2f_2006_DELIM-0x2f_00418_DELIM-0x2f_06    0.13%    passed     99.83%
 101  DENV1_DELIM-0x2f_THAILAND_DELIM-0x2f_1998_DELIM-0x2f_00422_DELIM-0x2f_98    0.20%    passed     96.74%
 102  DENV1_DELIM-0x2f_THAILAND_DELIM-0x2f_1994_DELIM-0x2f_00424_DELIM-0x2f_94    0.00%    passed     98.89%
 103  DENV1_DELIM-0x2f_THAILAND_DELIM-0x2f_2003_DELIM-0x2f_00427_DELIM-0x2f_03    0.00%    passed     99.91%
 104  DENV1_DELIM-0x2f_THAILAND_DELIM-0x2f_1998_DELIM-0x2f_00428_DELIM-0x2f_98    0.00%    passed     99.98%
 105  DENV1_DELIM-0x2f_THAILAND_DELIM-0x2f_2002_DELIM-0x2f_00431_DELIM-0x2f_02    0.00%    passed    100.00%
 106  DENV1_DELIM-0x2f_THAILAND_DELIM-0x2f_2011_DELIM-0x2f_00432_DELIM-0x2f_11    0.00%    passed     99.69%
 107  DENV1_DELIM-0x2f_THAILAND_DELIM-0x2f_2004_DELIM-0x2f_00436_DELIM-0x2f_04    0.00%    passed     99.96%
 108  DENV1_DELIM-0x2f_THAILAND_DELIM-0x2f_2006_DELIM-0x2f_00437_DELIM-0x2f_06    0.00%    passed     99.98%
 109  DENV1_DELIM-0x2f_THAILAND_DELIM-0x2f_1982_DELIM-0x2f_00437_DELIM-0x2f_82    0.00%    passed     99.76%
 110  DENV1_DELIM-0x2f_THAILAND_DELIM-0x2f_2006_DELIM-0x2f_00438_DELIM-0x2f_06    0.13%    passed     99.80%
 111  DENV1_DELIM-0x2f_THAILAND_DELIM-0x2f_2002_DELIM-0x2f_00440_DELIM-0x2f_02    0.00%    passed     99.97%
 112  DENV1_DELIM-0x2f_THAILAND_DELIM-0x2f_1998_DELIM-0x2f_00442_DELIM-0x2f_98    0.00%    passed     99.66%
 113  DENV1_DELIM-0x2f_THAILAND_DELIM-0x2f_2006_DELIM-0x2f_00443_DELIM-0x2f_06    0.00%    passed     99.86%
 114  DENV1_DELIM-0x2f_THAILAND_DELIM-0x2f_2014_DELIM-0x2f_00444_DELIM-0x2f_14    0.00%    passed     99.94%
 115  DENV1_DELIM-0x2f_THAILAND_DELIM-0x2f_2013_DELIM-0x2f_00456_DELIM-0x2f_13    0.00%    passed     99.26%
 116  DENV1_DELIM-0x2f_THAILAND_DELIM-0x2f_2006_DELIM-0x2f_00458_DELIM-0x2f_06    0.00%    passed     99.88%
 117  DENV1_DELIM-0x2f_THAILAND_DELIM-0x2f_2006_DELIM-0x2f_00462_DELIM-0x2f_06    0.07%    passed     99.96%
 118  DENV1_DELIM-0x2f_THAILAND_DELIM-0x2f_1995_DELIM-0x2f_00471_DELIM-0x2f_95    0.00%    passed     99.22%
 119  DENV1_DELIM-0x2f_THAILAND_DELIM-0x2f_1998_DELIM-0x2f_00473_DELIM-0x2f_98    0.00%    passed     94.76%
 120  DENV1_DELIM-0x2f_THAILAND_DELIM-0x2f_2004_DELIM-0x2f_00477_DELIM-0x2f_04    0.00%    passed     99.51%
 121  DENV1_DELIM-0x2f_THAILAND_DELIM-0x2f_2002_DELIM-0x2f_00479_DELIM-0x2f_02    0.20%    passed     99.99%
 122  DENV1_DELIM-0x2f_THAILAND_DELIM-0x2f_2004_DELIM-0x2f_00479_DELIM-0x2f_04    0.00%    passed     99.99%
 123  DENV1_DELIM-0x2f_THAILAND_DELIM-0x2f_2005_DELIM-0x2f_00479_DELIM-0x2f_05    0.07%    passed     98.97%
 124  DENV1_DELIM-0x2f_THAILAND_DELIM-0x2f_2006_DELIM-0x2f_00482_DELIM-0x2f_06    0.00%    passed     99.83%
 125  DENV1_DELIM-0x2f_THAILAND_DELIM-0x2f_2013_DELIM-0x2f_00485_DELIM-0x2f_13    0.00%    passed     99.68%
 126  DENV1_DELIM-0x2f_THAILAND_DELIM-0x2f_2014_DELIM-0x2f_00485_DELIM-0x2f_14    0.00%    passed     99.95%
 127  DENV1_DELIM-0x2f_THAILAND_DELIM-0x2f_1995_DELIM-0x2f_00487_DELIM-0x2f_95    0.00%    passed     97.93%
 128  DENV1_DELIM-0x2f_THAILAND_DELIM-0x2f_2006_DELIM-0x2f_00490_DELIM-0x2f_06    0.07%    passed     99.94%
 129  DENV1_DELIM-0x2f_THAILAND_DELIM-0x2f_2006_DELIM-0x2f_00492_DELIM-0x2f_06    0.00%    passed     99.93%
 130  DENV1_DELIM-0x2f_THAILAND_DELIM-0x2f_2004_DELIM-0x2f_00493_DELIM-0x2f_04    0.00%    passed     99.94%
 131  DENV1_DELIM-0x2f_THAILAND_DELIM-0x2f_2011_DELIM-0x2f_00493_DELIM-0x2f_11    0.00%    passed     99.96%
 132  DENV1_DELIM-0x2f_THAILAND_DELIM-0x2f_1983_DELIM-0x2f_00493_DELIM-0x2f_83    0.00%    passed     69.84%
 133  DENV1_DELIM-0x2f_THAILAND_DELIM-0x2f_2001_DELIM-0x2f_00494_DELIM-0x2f_01    0.00%    passed     99.90%
 134  DENV1_DELIM-0x2f_THAILAND_DELIM-0x2f_2003_DELIM-0x2f_00496_DELIM-0x2f_03    0.00%    passed     99.92%
 135  DENV1_DELIM-0x2f_THAILAND_DELIM-0x2f_2006_DELIM-0x2f_00498_DELIM-0x2f_06    0.00%    passed     99.97%
 136  DENV1_DELIM-0x2f_THAILAND_DELIM-0x2f_2012_DELIM-0x2f_00511_DELIM-0x2f_12    0.00%    passed     99.48%
 137  DENV1_DELIM-0x2f_THAILAND_DELIM-0x2f_2006_DELIM-0x2f_00514_DELIM-0x2f_06    0.07%    passed     98.93%
 138  DENV1_DELIM-0x2f_THAILAND_DELIM-0x2f_1988_DELIM-0x2f_00522_DELIM-0x2f_88    0.00%    passed     98.39%
 139  DENV1_DELIM-0x2f_THAILAND_DELIM-0x2f_2006_DELIM-0x2f_00527_DELIM-0x2f_06    0.00%    passed     99.88%
 140  DENV1_DELIM-0x2f_THAILAND_DELIM-0x2f_2004_DELIM-0x2f_00532_DELIM-0x2f_04    0.00%    passed     99.97%
 141  DENV1_DELIM-0x2f_THAILAND_DELIM-0x2f_1994_DELIM-0x2f_00532_DELIM-0x2f_94    0.00%    passed     99.95%
 142  DENV1_DELIM-0x2f_THAILAND_DELIM-0x2f_2003_DELIM-0x2f_00537_DELIM-0x2f_03    0.00%    passed     99.75%
 143  DENV1_DELIM-0x2f_THAILAND_DELIM-0x2f_1994_DELIM-0x2f_00537_DELIM-0x2f_94    0.00%    passed     96.95%
 144  DENV1_DELIM-0x2f_THAILAND_DELIM-0x2f_2003_DELIM-0x2f_00543_DELIM-0x2f_03    0.00%    passed     99.99%
 145  DENV1_DELIM-0x2f_THAILAND_DELIM-0x2f_2012_DELIM-0x2f_00543_DELIM-0x2f_12    0.00%    passed     98.60%
 146  DENV1_DELIM-0x2f_THAILAND_DELIM-0x2f_2006_DELIM-0x2f_00551_DELIM-0x2f_06    0.00%    passed     99.54%
 147  DENV1_DELIM-0x2f_THAILAND_DELIM-0x2f_2014_DELIM-0x2f_00554_DELIM-0x2f_14    0.00%    passed     99.89%
 148  DENV1_DELIM-0x2f_THAILAND_DELIM-0x2f_2006_DELIM-0x2f_00555_DELIM-0x2f_06    0.13%    passed     98.48%
 149  DENV1_DELIM-0x2f_THAILAND_DELIM-0x2f_2014_DELIM-0x2f_00559_DELIM-0x2f_14    0.00%    passed     99.54%
 150  DENV1_DELIM-0x2f_THAILAND_DELIM-0x2f_1995_DELIM-0x2f_00569_DELIM-0x2f_95    0.00%    passed     99.98%
 151  DENV1_DELIM-0x2f_THAILAND_DELIM-0x2f_2014_DELIM-0x2f_00572_DELIM-0x2f_14    0.13%    passed     97.26%
 152  DENV1_DELIM-0x2f_THAILAND_DELIM-0x2f_2006_DELIM-0x2f_00577_DELIM-0x2f_06    0.00%    passed     98.10%
 153  DENV1_DELIM-0x2f_THAILAND_DELIM-0x2f_2011_DELIM-0x2f_00577_DELIM-0x2f_11    0.00%    passed     97.82%
 154  DENV1_DELIM-0x2f_THAILAND_DELIM-0x2f_2001_DELIM-0x2f_00580_DELIM-0x2f_01    0.00%    passed     99.96%
 155  DENV1_DELIM-0x2f_THAILAND_DELIM-0x2f_2012_DELIM-0x2f_00580_DELIM-0x2f_12    0.00%    passed     97.69%
 156  DENV1_DELIM-0x2f_THAILAND_DELIM-0x2f_1995_DELIM-0x2f_00582_DELIM-0x2f_95    0.00%    passed     99.52%
 157  DENV1_DELIM-0x2f_THAILAND_DELIM-0x2f_1995_DELIM-0x2f_00590_DELIM-0x2f_95    0.00%    passed     94.62%
 158  DENV1_DELIM-0x2f_THAILAND_DELIM-0x2f_1998_DELIM-0x2f_00592_DELIM-0x2f_98    0.00%    passed     96.86%
 159  DENV1_DELIM-0x2f_THAILAND_DELIM-0x2f_1999_DELIM-0x2f_00594_DELIM-0x2f_99    0.07%    passed     99.98%
 160  DENV1_DELIM-0x2f_THAILAND_DELIM-0x2f_1995_DELIM-0x2f_00595_DELIM-0x2f_95    0.07%    passed     98.83%
 161  DENV1_DELIM-0x2f_THAILAND_DELIM-0x2f_2003_DELIM-0x2f_00596_DELIM-0x2f_03    0.00%    passed     99.99%
 162  DENV1_DELIM-0x2f_THAILAND_DELIM-0x2f_2003_DELIM-0x2f_00598_DELIM-0x2f_03    0.07%    passed     99.98%
 163  DENV1_DELIM-0x2f_THAILAND_DELIM-0x2f_2002_DELIM-0x2f_00600_DELIM-0x2f_02    0.00%    passed    100.00%
 164  DENV1_DELIM-0x2f_THAILAND_DELIM-0x2f_2013_DELIM-0x2f_00607_DELIM-0x2f_13    0.00%    passed     99.48%
 165  DENV1_DELIM-0x2f_THAILAND_DELIM-0x2f_1995_DELIM-0x2f_00614_DELIM-0x2f_95    0.07%    passed     99.34%
 166  DENV1_DELIM-0x2f_THAILAND_DELIM-0x2f_2006_DELIM-0x2f_00616_DELIM-0x2f_06    0.20%    passed     99.91%
 167  DENV1_DELIM-0x2f_THAILAND_DELIM-0x2f_2005_DELIM-0x2f_00617_DELIM-0x2f_05    0.00%    passed     99.98%
 168  DENV1_DELIM-0x2f_THAILAND_DELIM-0x2f_2014_DELIM-0x2f_00624_DELIM-0x2f_14    0.00%    passed     98.53%
 169  DENV1_DELIM-0x2f_THAILAND_DELIM-0x2f_2011_DELIM-0x2f_00626_DELIM-0x2f_11    0.00%    passed     99.75%
 170  DENV1_DELIM-0x2f_THAILAND_DELIM-0x2f_2006_DELIM-0x2f_00631_DELIM-0x2f_06    0.00%    passed     99.19%
 171  DENV1_DELIM-0x2f_THAILAND_DELIM-0x2f_1980_DELIM-0x2f_00633_DELIM-0x2f_80    0.00%    passed     72.30%
 172  DENV1_DELIM-0x2f_THAILAND_DELIM-0x2f_2014_DELIM-0x2f_00634_DELIM-0x2f_14    0.00%    passed     98.53%
 173  DENV1_DELIM-0x2f_THAILAND_DELIM-0x2f_1995_DELIM-0x2f_00637_DELIM-0x2f_95    0.00%    passed     93.09%
 174  DENV1_DELIM-0x2f_THAILAND_DELIM-0x2f_2002_DELIM-0x2f_00644_DELIM-0x2f_02    0.00%    passed     99.93%
 175  DENV1_DELIM-0x2f_THAILAND_DELIM-0x2f_2005_DELIM-0x2f_00647_DELIM-0x2f_05    0.00%    passed     99.99%
 176  DENV1_DELIM-0x2f_THAILAND_DELIM-0x2f_2002_DELIM-0x2f_00650_DELIM-0x2f_02    0.00%    passed     99.79%
 177  DENV1_DELIM-0x2f_THAILAND_DELIM-0x2f_1994_DELIM-0x2f_00650_DELIM-0x2f_94    0.00%    passed     99.82%
 178  DENV1_DELIM-0x2f_THAILAND_DELIM-0x2f_2005_DELIM-0x2f_00667_DELIM-0x2f_05    0.00%    passed     99.69%
 179  DENV1_DELIM-0x2f_THAILAND_DELIM-0x2f_1995_DELIM-0x2f_00668_DELIM-0x2f_95    0.13%    passed     99.62%
 180  DENV1_DELIM-0x2f_THAILAND_DELIM-0x2f_1998_DELIM-0x2f_00669_DELIM-0x2f_98    0.00%    passed     99.66%
 181  DENV1_DELIM-0x2f_THAILAND_DELIM-0x2f_2006_DELIM-0x2f_00674_DELIM-0x2f_06    0.00%    passed     99.92%
 182  DENV1_DELIM-0x2f_THAILAND_DELIM-0x2f_1999_DELIM-0x2f_00684_DELIM-0x2f_99    0.00%    passed     99.82%
 183  DENV1_DELIM-0x2f_THAILAND_DELIM-0x2f_2006_DELIM-0x2f_00690_DELIM-0x2f_06    0.00%    passed     99.94%
 184  DENV1_DELIM-0x2f_THAILAND_DELIM-0x2f_1999_DELIM-0x2f_00692_DELIM-0x2f_99    0.00%    passed     99.86%
 185  DENV1_DELIM-0x2f_THAILAND_DELIM-0x2f_2003_DELIM-0x2f_00697_DELIM-0x2f_03    0.00%    passed     99.82%
 186  DENV1_DELIM-0x2f_THAILAND_DELIM-0x2f_2006_DELIM-0x2f_00698_DELIM-0x2f_06    0.07%    passed     99.91%
 187  DENV1_DELIM-0x2f_THAILAND_DELIM-0x2f_2006_DELIM-0x2f_00709_DELIM-0x2f_06    0.07%    passed     99.37%
 188  DENV1_DELIM-0x2f_THAILAND_DELIM-0x2f_2006_DELIM-0x2f_00713_DELIM-0x2f_06    0.00%    passed     99.97%
 189  DENV1_DELIM-0x2f_THAILAND_DELIM-0x2f_1994_DELIM-0x2f_00713_DELIM-0x2f_94    0.00%    passed    100.00%
 190  DENV1_DELIM-0x2f_THAILAND_DELIM-0x2f_2004_DELIM-0x2f_00725_DELIM-0x2f_04    0.20%    passed     99.99%
 191  DENV1_DELIM-0x2f_THAILAND_DELIM-0x2f_2014_DELIM-0x2f_00725_DELIM-0x2f_14    0.00%    passed     99.26%
 192  DENV1_DELIM-0x2f_THAILAND_DELIM-0x2f_2006_DELIM-0x2f_00728_DELIM-0x2f_06    0.00%    passed     99.94%
 193  DENV1_DELIM-0x2f_THAILAND_DELIM-0x2f_2002_DELIM-0x2f_00731_DELIM-0x2f_02    0.00%    passed     99.97%
 194  DENV1_DELIM-0x2f_THAILAND_DELIM-0x2f_2014_DELIM-0x2f_00738_DELIM-0x2f_14    0.00%    passed     99.39%
 195  DENV1_DELIM-0x2f_THAILAND_DELIM-0x2f_1998_DELIM-0x2f_00739_DELIM-0x2f_98    0.00%    passed     99.98%
 196  DENV1_DELIM-0x2f_THAILAND_DELIM-0x2f_1994_DELIM-0x2f_00740_DELIM-0x2f_94    0.00%    passed     95.68%
 197  DENV1_DELIM-0x2f_THAILAND_DELIM-0x2f_2005_DELIM-0x2f_00743_DELIM-0x2f_05    0.00%    passed     99.83%
 198  DENV1_DELIM-0x2f_THAILAND_DELIM-0x2f_2005_DELIM-0x2f_00744_DELIM-0x2f_05    0.00%    passed     99.96%
 199  DENV1_DELIM-0x2f_THAILAND_DELIM-0x2f_2011_DELIM-0x2f_00750_DELIM-0x2f_11    0.00%    passed     99.26%
 200  DENV1_DELIM-0x2f_THAILAND_DELIM-0x2f_2011_DELIM-0x2f_00757_DELIM-0x2f_11    0.00%    passed     98.51%
 201  DENV1_DELIM-0x2f_THAILAND_DELIM-0x2f_2004_DELIM-0x2f_00758_DELIM-0x2f_04    0.00%    passed     99.98%
 202  DENV1_DELIM-0x2f_THAILAND_DELIM-0x2f_2014_DELIM-0x2f_00758_DELIM-0x2f_14    0.00%    passed     99.99%
 203  DENV1_DELIM-0x2f_THAILAND_DELIM-0x2f_2006_DELIM-0x2f_00761_DELIM-0x2f_06    0.00%    passed     99.83%
 204  DENV1_DELIM-0x2f_THAILAND_DELIM-0x2f_2012_DELIM-0x2f_00763_DELIM-0x2f_12    0.00%    passed     97.69%
 205  DENV1_DELIM-0x2f_THAILAND_DELIM-0x2f_1995_DELIM-0x2f_00769_DELIM-0x2f_95    0.00%    passed     99.93%
 206  DENV1_DELIM-0x2f_THAILAND_DELIM-0x2f_2012_DELIM-0x2f_00777_DELIM-0x2f_12    0.00%    passed     99.26%
 207  DENV1_DELIM-0x2f_THAILAND_DELIM-0x2f_2011_DELIM-0x2f_00785_DELIM-0x2f_11    0.00%    passed     99.67%
 208  DENV1_DELIM-0x2f_THAILAND_DELIM-0x2f_2010_DELIM-0x2f_00792_DELIM-0x2f_10    0.00%    passed     99.67%
 209  DENV1_DELIM-0x2f_THAILAND_DELIM-0x2f_2004_DELIM-0x2f_00793_DELIM-0x2f_04    0.00%    passed     99.94%
 210  DENV1_DELIM-0x2f_THAILAND_DELIM-0x2f_2012_DELIM-0x2f_00807_DELIM-0x2f_12    0.00%    passed     97.69%
 211  DENV1_DELIM-0x2f_THAILAND_DELIM-0x2f_2012_DELIM-0x2f_00809_DELIM-0x2f_12    0.00%    passed     99.80%
 212  DENV1_DELIM-0x2f_THAILAND_DELIM-0x2f_2006_DELIM-0x2f_00817_DELIM-0x2f_06    0.00%    passed     99.97%
 213  DENV1_DELIM-0x2f_THAILAND_DELIM-0x2f_1994_DELIM-0x2f_00817_DELIM-0x2f_94    0.00%    passed     99.56%
 214  DENV1_DELIM-0x2f_THAILAND_DELIM-0x2f_1994_DELIM-0x2f_00821_DELIM-0x2f_94    0.00%    passed     98.81%
 215  DENV1_DELIM-0x2f_THAILAND_DELIM-0x2f_2001_DELIM-0x2f_00822_DELIM-0x2f_01    0.00%    passed     99.67%
 216  DENV1_DELIM-0x2f_THAILAND_DELIM-0x2f_2006_DELIM-0x2f_00825_DELIM-0x2f_06    0.00%    passed     99.91%
 217  DENV1_DELIM-0x2f_THAILAND_DELIM-0x2f_2012_DELIM-0x2f_00829_DELIM-0x2f_12    0.00%    passed     96.00%
 218  DENV1_DELIM-0x2f_THAILAND_DELIM-0x2f_2006_DELIM-0x2f_00833_DELIM-0x2f_06    0.00%    passed     98.02%
 219  DENV1_DELIM-0x2f_THAILAND_DELIM-0x2f_2012_DELIM-0x2f_00840_DELIM-0x2f_12    0.00%    passed     99.52%
 220  DENV1_DELIM-0x2f_THAILAND_DELIM-0x2f_2006_DELIM-0x2f_00841_DELIM-0x2f_06    0.00%    passed     97.49%
 221  DENV1_DELIM-0x2f_THAILAND_DELIM-0x2f_2004_DELIM-0x2f_00878_DELIM-0x2f_04    0.00%    passed     99.92%
 222  DENV1_DELIM-0x2f_THAILAND_DELIM-0x2f_2012_DELIM-0x2f_00878_DELIM-0x2f_12    0.00%    passed     99.54%
 223  DENV1_DELIM-0x2f_THAILAND_DELIM-0x2f_2010_DELIM-0x2f_00887_DELIM-0x2f_10    0.00%    passed     99.87%
 224  DENV1_DELIM-0x2f_THAILAND_DELIM-0x2f_2006_DELIM-0x2f_00921_DELIM-0x2f_06    0.00%    passed     99.85%
 225  DENV1_DELIM-0x2f_THAILAND_DELIM-0x2f_1997_DELIM-0x2f_00926_DELIM-0x2f_97    0.00%    passed     99.98%
 226  DENV1_DELIM-0x2f_THAILAND_DELIM-0x2f_1997_DELIM-0x2f_00927_DELIM-0x2f_97    0.00%    passed     99.89%
 227  DENV1_DELIM-0x2f_THAILAND_DELIM-0x2f_2011_DELIM-0x2f_00938_DELIM-0x2f_11    0.00%    passed     99.89%
 228  DENV1_DELIM-0x2f_THAILAND_DELIM-0x2f_1994_DELIM-0x2f_00938_DELIM-0x2f_94    0.00%    passed     99.47%
 229  DENV1_DELIM-0x2f_THAILAND_DELIM-0x2f_1996_DELIM-0x2f_00942_DELIM-0x2f_96    0.00%    passed     99.08%
 230  DENV1_DELIM-0x2f_THAILAND_DELIM-0x2f_2012_DELIM-0x2f_00943_DELIM-0x2f_12    0.00%    passed     97.45%
 231  DENV1_DELIM-0x2f_THAILAND_DELIM-0x2f_2003_DELIM-0x2f_00961_DELIM-0x2f_03    0.00%    passed     99.90%
 232  DENV1_DELIM-0x2f_THAILAND_DELIM-0x2f_2006_DELIM-0x2f_00966_DELIM-0x2f_06    0.00%    passed     99.99%
 233  DENV1_DELIM-0x2f_THAILAND_DELIM-0x2f_1995_DELIM-0x2f_00968_DELIM-0x2f_95    0.00%    passed     99.81%
 234  DENV1_DELIM-0x2f_THAILAND_DELIM-0x2f_1996_DELIM-0x2f_00970_DELIM-0x2f_96    0.00%    passed     99.08%
 235  DENV1_DELIM-0x2f_THAILAND_DELIM-0x2f_2004_DELIM-0x2f_00975_DELIM-0x2f_04    0.00%    passed     99.93%
 236  DENV1_DELIM-0x2f_THAILAND_DELIM-0x2f_1995_DELIM-0x2f_00975_DELIM-0x2f_95    0.00%    passed     99.89%
 237  DENV1_DELIM-0x2f_THAILAND_DELIM-0x2f_1995_DELIM-0x2f_00978_DELIM-0x2f_95    0.07%    passed     99.89%
 238  DENV1_DELIM-0x2f_THAILAND_DELIM-0x2f_2002_DELIM-0x2f_00995_DELIM-0x2f_02    0.00%    passed    100.00%
 239  DENV1_DELIM-0x2f_THAILAND_DELIM-0x2f_1995_DELIM-0x2f_00995_DELIM-0x2f_95    0.00%    passed     99.89%
 240  DENV1_DELIM-0x2f_THAILAND_DELIM-0x2f_2006_DELIM-0x2f_01001_DELIM-0x2f_06    0.07%    passed     99.66%
 241  DENV1_DELIM-0x2f_THAILAND_DELIM-0x2f_2012_DELIM-0x2f_01006_DELIM-0x2f_12    0.00%    passed    100.00%
 242  DENV1_DELIM-0x2f_THAILAND_DELIM-0x2f_2006_DELIM-0x2f_01014_DELIM-0x2f_06    0.00%    passed     99.55%
 243  DENV1_DELIM-0x2f_THAILAND_DELIM-0x2f_1995_DELIM-0x2f_01014_DELIM-0x2f_95    0.00%    passed     98.99%
 244  DENV1_DELIM-0x2f_THAILAND_DELIM-0x2f_2003_DELIM-0x2f_01023_DELIM-0x2f_03    0.00%    passed     99.97%
 245  DENV1_DELIM-0x2f_THAILAND_DELIM-0x2f_1996_DELIM-0x2f_01023_DELIM-0x2f_96    0.00%    passed     99.47%
 246  DENV1_DELIM-0x2f_THAILAND_DELIM-0x2f_2013_DELIM-0x2f_01031_DELIM-0x2f_13    0.00%    passed     97.22%
 247  DENV1_DELIM-0x2f_THAILAND_DELIM-0x2f_2004_DELIM-0x2f_01038_DELIM-0x2f_04    0.00%    passed     99.83%
 248  DENV1_DELIM-0x2f_THAILAND_DELIM-0x2f_2006_DELIM-0x2f_01038_DELIM-0x2f_06    0.00%    passed     99.55%
 249  DENV1_DELIM-0x2f_THAILAND_DELIM-0x2f_2001_DELIM-0x2f_01039_DELIM-0x2f_01    0.00%    passed     99.81%
 250  DENV1_DELIM-0x2f_THAILAND_DELIM-0x2f_2005_DELIM-0x2f_01040_DELIM-0x2f_05    0.13%    passed     99.95%
 251  DENV1_DELIM-0x2f_THAILAND_DELIM-0x2f_2010_DELIM-0x2f_01040_DELIM-0x2f_10    0.07%    passed     99.80%
 252  DENV1_DELIM-0x2f_THAILAND_DELIM-0x2f_2010_DELIM-0x2f_01044_DELIM-0x2f_10    0.00%    passed     99.74%
 253  DENV1_DELIM-0x2f_THAILAND_DELIM-0x2f_2002_DELIM-0x2f_01048_DELIM-0x2f_02    0.00%    passed    100.00%
 254  DENV1_DELIM-0x2f_THAILAND_DELIM-0x2f_1996_DELIM-0x2f_01049_DELIM-0x2f_96    0.07%    passed     98.98%
 255  DENV1_DELIM-0x2f_THAILAND_DELIM-0x2f_1996_DELIM-0x2f_01055_DELIM-0x2f_96    0.07%    passed     99.97%
 256  DENV1_DELIM-0x2f_THAILAND_DELIM-0x2f_2006_DELIM-0x2f_01057_DELIM-0x2f_06    0.00%    passed     96.72%
 257  DENV1_DELIM-0x2f_THAILAND_DELIM-0x2f_1997_DELIM-0x2f_01057_DELIM-0x2f_97    0.00%    passed     99.99%
 258  DENV1_DELIM-0x2f_THAILAND_DELIM-0x2f_2013_DELIM-0x2f_01060_DELIM-0x2f_13    0.00%    passed     99.38%
 259  DENV1_DELIM-0x2f_THAILAND_DELIM-0x2f_1994_DELIM-0x2f_01088_DELIM-0x2f_94    0.00%    passed     97.50%
 260  DENV1_DELIM-0x2f_THAILAND_DELIM-0x2f_2006_DELIM-0x2f_01089_DELIM-0x2f_06    0.00%    passed     99.97%
 261  DENV1_DELIM-0x2f_THAILAND_DELIM-0x2f_2002_DELIM-0x2f_01091_DELIM-0x2f_02    0.00%    passed     99.88%
 262  DENV1_DELIM-0x2f_THAILAND_DELIM-0x2f_2006_DELIM-0x2f_01093_DELIM-0x2f_06    0.00%    passed     99.86%
 263  DENV1_DELIM-0x2f_THAILAND_DELIM-0x2f_1996_DELIM-0x2f_01095_DELIM-0x2f_96    0.00%    passed     99.98%
 264  DENV1_DELIM-0x2f_THAILAND_DELIM-0x2f_2006_DELIM-0x2f_01096_DELIM-0x2f_06    0.00%    passed     99.98%
 265  DENV1_DELIM-0x2f_THAILAND_DELIM-0x2f_1995_DELIM-0x2f_01097_DELIM-0x2f_95    0.13%    passed     99.89%
 266  DENV1_DELIM-0x2f_THAILAND_DELIM-0x2f_2006_DELIM-0x2f_01104_DELIM-0x2f_06    0.00%    passed     99.57%
 267  DENV1_DELIM-0x2f_THAILAND_DELIM-0x2f_2006_DELIM-0x2f_01108_DELIM-0x2f_06    0.07%    passed     99.98%
 268  DENV1_DELIM-0x2f_THAILAND_DELIM-0x2f_1996_DELIM-0x2f_01114_DELIM-0x2f_96    0.00%    passed     99.82%
 269  DENV1_DELIM-0x2f_THAILAND_DELIM-0x2f_2002_DELIM-0x2f_01117_DELIM-0x2f_02    0.00%    passed    100.00%
 270  DENV1_DELIM-0x2f_THAILAND_DELIM-0x2f_2012_DELIM-0x2f_01133_DELIM-0x2f_12    0.00%    passed     96.00%
 271  DENV1_DELIM-0x2f_THAILAND_DELIM-0x2f_1996_DELIM-0x2f_01134_DELIM-0x2f_96    0.00%    passed     99.82%
 272  DENV1_DELIM-0x2f_THAILAND_DELIM-0x2f_1996_DELIM-0x2f_01139_DELIM-0x2f_96    0.00%    passed     99.95%
 273  DENV1_DELIM-0x2f_THAILAND_DELIM-0x2f_2006_DELIM-0x2f_01140_DELIM-0x2f_06    0.00%    passed     99.08%
 274  DENV1_DELIM-0x2f_THAILAND_DELIM-0x2f_2006_DELIM-0x2f_01141_DELIM-0x2f_06    0.00%    passed     99.54%
 275  DENV1_DELIM-0x2f_THAILAND_DELIM-0x2f_2006_DELIM-0x2f_01143_DELIM-0x2f_06    0.00%    passed     99.98%
 276  DENV1_DELIM-0x2f_THAILAND_DELIM-0x2f_2013_DELIM-0x2f_01143_DELIM-0x2f_13    0.07%    passed     99.53%
 277  DENV1_DELIM-0x2f_THAILAND_DELIM-0x2f_2006_DELIM-0x2f_01145_DELIM-0x2f_06    0.00%    passed     99.98%
 278  DENV1_DELIM-0x2f_THAILAND_DELIM-0x2f_2005_DELIM-0x2f_01147_DELIM-0x2f_05    0.00%    passed     99.82%
 279  DENV1_DELIM-0x2f_THAILAND_DELIM-0x2f_2013_DELIM-0x2f_01152_DELIM-0x2f_13    0.00%    passed     93.74%
 280  DENV1_DELIM-0x2f_THAILAND_DELIM-0x2f_2006_DELIM-0x2f_01170_DELIM-0x2f_06    0.00%    passed     99.97%
 281  DENV1_DELIM-0x2f_THAILAND_DELIM-0x2f_1998_DELIM-0x2f_01173_DELIM-0x2f_98    0.00%    passed     99.99%
 282  DENV1_DELIM-0x2f_THAILAND_DELIM-0x2f_2010_DELIM-0x2f_01175_DELIM-0x2f_10    0.00%    passed     99.24%
 283  DENV1_DELIM-0x2f_THAILAND_DELIM-0x2f_1995_DELIM-0x2f_01199_DELIM-0x2f_95    0.13%    passed     99.90%
 284  DENV1_DELIM-0x2f_THAILAND_DELIM-0x2f_2011_DELIM-0x2f_01202_DELIM-0x2f_11    0.00%    passed     99.69%
 285  DENV1_DELIM-0x2f_THAILAND_DELIM-0x2f_2003_DELIM-0x2f_01203_DELIM-0x2f_03    0.00%    passed    100.00%
 286  DENV1_DELIM-0x2f_THAILAND_DELIM-0x2f_2006_DELIM-0x2f_01211_DELIM-0x2f_06    0.07%    passed     99.71%
 287  DENV1_DELIM-0x2f_THAILAND_DELIM-0x2f_1995_DELIM-0x2f_01213_DELIM-0x2f_95    0.00%    passed     99.95%
 288  DENV1_DELIM-0x2f_THAILAND_DELIM-0x2f_2006_DELIM-0x2f_01214_DELIM-0x2f_06    0.00%    passed     99.96%
 289  DENV1_DELIM-0x2f_THAILAND_DELIM-0x2f_2006_DELIM-0x2f_01229_DELIM-0x2f_06    0.00%    passed     99.26%
 290  DENV1_DELIM-0x2f_THAILAND_DELIM-0x2f_1996_DELIM-0x2f_01231_DELIM-0x2f_96    0.00%    passed     99.96%
 291  DENV1_DELIM-0x2f_THAILAND_DELIM-0x2f_2000_DELIM-0x2f_01236_DELIM-0x2f_00    0.00%    passed     99.47%
 292  DENV1_DELIM-0x2f_THAILAND_DELIM-0x2f_2000_DELIM-0x2f_01239_DELIM-0x2f_00    0.00%    passed     99.90%
 293  DENV1_DELIM-0x2f_THAILAND_DELIM-0x2f_2006_DELIM-0x2f_01241_DELIM-0x2f_06    0.00%    passed     99.98%
 294  DENV1_DELIM-0x2f_THAILAND_DELIM-0x2f_2006_DELIM-0x2f_01242_DELIM-0x2f_06    0.00%    passed     99.99%
 295  DENV1_DELIM-0x2f_THAILAND_DELIM-0x2f_2011_DELIM-0x2f_01259_DELIM-0x2f_11    0.00%    passed     97.02%
 296  DENV1_DELIM-0x2f_THAILAND_DELIM-0x2f_1995_DELIM-0x2f_01262_DELIM-0x2f_95    0.00%    passed     99.95%
 297  DENV1_DELIM-0x2f_THAILAND_DELIM-0x2f_2000_DELIM-0x2f_01264_DELIM-0x2f_00    0.00%    passed     99.55%
 298  DENV1_DELIM-0x2f_THAILAND_DELIM-0x2f_2006_DELIM-0x2f_01273_DELIM-0x2f_06    0.00%    passed     99.85%
 299  DENV1_DELIM-0x2f_THAILAND_DELIM-0x2f_2004_DELIM-0x2f_01274_DELIM-0x2f_04    0.00%    passed     99.98%
 300  DENV1_DELIM-0x2f_THAILAND_DELIM-0x2f_2006_DELIM-0x2f_01277_DELIM-0x2f_06    0.00%    passed     99.08%
 301  DENV1_DELIM-0x2f_THAILAND_DELIM-0x2f_1995_DELIM-0x2f_01277_DELIM-0x2f_95    0.00%    passed     99.08%
 302  DENV1_DELIM-0x2f_THAILAND_DELIM-0x2f_1995_DELIM-0x2f_01283_DELIM-0x2f_95    0.13%    passed     99.89%
 303  DENV1_DELIM-0x2f_THAILAND_DELIM-0x2f_1995_DELIM-0x2f_01293_DELIM-0x2f_95    0.00%    passed     99.56%
 304  DENV1_DELIM-0x2f_THAILAND_DELIM-0x2f_2010_DELIM-0x2f_01302_DELIM-0x2f_10    0.00%    passed     99.55%
 305  DENV1_DELIM-0x2f_THAILAND_DELIM-0x2f_2011_DELIM-0x2f_01302_DELIM-0x2f_11    0.00%    passed     97.13%
 306  DENV1_DELIM-0x2f_THAILAND_DELIM-0x2f_1994_DELIM-0x2f_01308_DELIM-0x2f_94    0.00%    passed     99.88%
 307  DENV1_DELIM-0x2f_THAILAND_DELIM-0x2f_2004_DELIM-0x2f_01309_DELIM-0x2f_04    0.00%    passed     99.69%
 308  DENV1_DELIM-0x2f_THAILAND_DELIM-0x2f_1994_DELIM-0x2f_01310_DELIM-0x2f_94    0.00%    passed     97.93%
 309  DENV1_DELIM-0x2f_THAILAND_DELIM-0x2f_2004_DELIM-0x2f_01313_DELIM-0x2f_04    0.00%    passed     99.47%
 310  DENV1_DELIM-0x2f_THAILAND_DELIM-0x2f_1998_DELIM-0x2f_01315_DELIM-0x2f_98    0.00%    passed     99.89%
 311  DENV1_DELIM-0x2f_THAILAND_DELIM-0x2f_2010_DELIM-0x2f_01327_DELIM-0x2f_10    0.00%    passed     99.78%
 312  DENV1_DELIM-0x2f_THAILAND_DELIM-0x2f_2006_DELIM-0x2f_01330_DELIM-0x2f_06    0.00%    passed     98.91%
 313  DENV1_DELIM-0x2f_THAILAND_DELIM-0x2f_2005_DELIM-0x2f_01331_DELIM-0x2f_05    0.00%    passed     99.95%
 314  DENV1_DELIM-0x2f_THAILAND_DELIM-0x2f_2006_DELIM-0x2f_01332_DELIM-0x2f_06    0.00%    passed     99.08%
 315  DENV1_DELIM-0x2f_THAILAND_DELIM-0x2f_2006_DELIM-0x2f_01334_DELIM-0x2f_06    0.00%    passed     99.91%
 316  DENV1_DELIM-0x2f_THAILAND_DELIM-0x2f_2006_DELIM-0x2f_01335_DELIM-0x2f_06    0.00%    passed     99.82%
 317  DENV1_DELIM-0x2f_THAILAND_DELIM-0x2f_2000_DELIM-0x2f_01349_DELIM-0x2f_00    0.00%    passed     99.33%
 318  DENV1_DELIM-0x2f_THAILAND_DELIM-0x2f_1995_DELIM-0x2f_01364_DELIM-0x2f_95    0.00%    passed     96.86%
 319  DENV1_DELIM-0x2f_THAILAND_DELIM-0x2f_2003_DELIM-0x2f_01373_DELIM-0x2f_03    0.00%    passed     99.84%
 320  DENV1_DELIM-0x2f_THAILAND_DELIM-0x2f_2006_DELIM-0x2f_01376_DELIM-0x2f_06    0.00%    passed     99.83%
 321  DENV1_DELIM-0x2f_THAILAND_DELIM-0x2f_2006_DELIM-0x2f_01377_DELIM-0x2f_06    0.00%    passed     99.94%
 322  DENV1_DELIM-0x2f_THAILAND_DELIM-0x2f_2006_DELIM-0x2f_01380_DELIM-0x2f_06    0.00%    passed     98.17%
 323  DENV1_DELIM-0x2f_THAILAND_DELIM-0x2f_2006_DELIM-0x2f_01381_DELIM-0x2f_06    0.00%    passed     99.61%
 324  DENV1_DELIM-0x2f_THAILAND_DELIM-0x2f_2010_DELIM-0x2f_01381_DELIM-0x2f_10    0.00%    passed     99.79%
 325  DENV1_DELIM-0x2f_THAILAND_DELIM-0x2f_2005_DELIM-0x2f_01383_DELIM-0x2f_05    0.00%    passed     99.95%
 326  DENV1_DELIM-0x2f_THAILAND_DELIM-0x2f_2006_DELIM-0x2f_01383_DELIM-0x2f_06    0.00%    passed     99.96%
 327  DENV1_DELIM-0x2f_THAILAND_DELIM-0x2f_1994_DELIM-0x2f_01385_DELIM-0x2f_94    0.00%    passed     99.09%
 328  DENV1_DELIM-0x2f_THAILAND_DELIM-0x2f_2006_DELIM-0x2f_01386_DELIM-0x2f_06    0.00%    passed     98.02%
 329  DENV1_DELIM-0x2f_THAILAND_DELIM-0x2f_2011_DELIM-0x2f_01392_DELIM-0x2f_11    0.00%    passed     98.51%
 330  DENV1_DELIM-0x2f_THAILAND_DELIM-0x2f_2002_DELIM-0x2f_01393_DELIM-0x2f_02    0.00%    passed     99.98%
 331  DENV1_DELIM-0x2f_THAILAND_DELIM-0x2f_2000_DELIM-0x2f_01397_DELIM-0x2f_00    0.00%    passed     93.90%
 332  DENV1_DELIM-0x2f_THAILAND_DELIM-0x2f_2006_DELIM-0x2f_01402_DELIM-0x2f_06    0.00%    passed     98.91%
 333  DENV1_DELIM-0x2f_THAILAND_DELIM-0x2f_1997_DELIM-0x2f_01403_DELIM-0x2f_97    0.00%    passed     99.83%
 334  DENV1_DELIM-0x2f_THAILAND_DELIM-0x2f_2004_DELIM-0x2f_01411_DELIM-0x2f_04    0.00%    passed     99.98%
 335  DENV1_DELIM-0x2f_THAILAND_DELIM-0x2f_2004_DELIM-0x2f_01416_DELIM-0x2f_04    0.00%    passed     99.97%
 336  DENV1_DELIM-0x2f_THAILAND_DELIM-0x2f_2004_DELIM-0x2f_01420_DELIM-0x2f_04    0.00%    passed     99.69%
 337  DENV1_DELIM-0x2f_THAILAND_DELIM-0x2f_1995_DELIM-0x2f_01423_DELIM-0x2f_95    0.00%    passed     99.99%
 338  DENV1_DELIM-0x2f_THAILAND_DELIM-0x2f_2004_DELIM-0x2f_01425_DELIM-0x2f_04    0.00%    passed     99.93%
 339  DENV1_DELIM-0x2f_THAILAND_DELIM-0x2f_2010_DELIM-0x2f_01436_DELIM-0x2f_10    0.00%    passed     99.67%
 340  DENV1_DELIM-0x2f_THAILAND_DELIM-0x2f_2002_DELIM-0x2f_01443_DELIM-0x2f_02    0.00%    passed     99.99%
 341  DENV1_DELIM-0x2f_THAILAND_DELIM-0x2f_2006_DELIM-0x2f_01444_DELIM-0x2f_06    0.00%    passed     99.98%
 342  DENV1_DELIM-0x2f_THAILAND_DELIM-0x2f_2010_DELIM-0x2f_01446_DELIM-0x2f_10    0.00%    passed     98.51%
 343  DENV1_DELIM-0x2f_THAILAND_DELIM-0x2f_2010_DELIM-0x2f_01447_DELIM-0x2f_10    0.00%    passed     99.69%
 344  DENV1_DELIM-0x2f_THAILAND_DELIM-0x2f_1994_DELIM-0x2f_01447_DELIM-0x2f_94    0.00%    passed     99.09%
 345  DENV1_DELIM-0x2f_THAILAND_DELIM-0x2f_2006_DELIM-0x2f_01448_DELIM-0x2f_06    0.07%    passed     99.72%
 346  DENV1_DELIM-0x2f_THAILAND_DELIM-0x2f_2011_DELIM-0x2f_01450_DELIM-0x2f_11    0.00%    passed     98.51%
 347  DENV1_DELIM-0x2f_THAILAND_DELIM-0x2f_2006_DELIM-0x2f_01453_DELIM-0x2f_06    0.00%    passed     98.91%
 348  DENV1_DELIM-0x2f_THAILAND_DELIM-0x2f_2011_DELIM-0x2f_01453_DELIM-0x2f_11    0.00%    passed     98.51%
 349  DENV1_DELIM-0x2f_THAILAND_DELIM-0x2f_2002_DELIM-0x2f_01459_DELIM-0x2f_02    0.00%    passed     99.99%
 350  DENV1_DELIM-0x2f_THAILAND_DELIM-0x2f_1995_DELIM-0x2f_01459_DELIM-0x2f_95    0.00%    passed     99.95%
 351  DENV1_DELIM-0x2f_THAILAND_DELIM-0x2f_2002_DELIM-0x2f_01462_DELIM-0x2f_02    0.00%    passed     99.98%
 352  DENV1_DELIM-0x2f_THAILAND_DELIM-0x2f_1994_DELIM-0x2f_01471_DELIM-0x2f_94    0.00%    passed     99.49%
 353  DENV1_DELIM-0x2f_THAILAND_DELIM-0x2f_2002_DELIM-0x2f_01473_DELIM-0x2f_02    0.00%    passed     99.94%
 354  DENV1_DELIM-0x2f_THAILAND_DELIM-0x2f_2000_DELIM-0x2f_01476_DELIM-0x2f_00    0.00%    passed     99.96%
 355  DENV1_DELIM-0x2f_THAILAND_DELIM-0x2f_1994_DELIM-0x2f_01476_DELIM-0x2f_94    0.00%    passed     99.60%
 356  DENV1_DELIM-0x2f_THAILAND_DELIM-0x2f_2007_DELIM-0x2f_01479_DELIM-0x2f_07    0.00%    passed     98.89%
 357  DENV1_DELIM-0x2f_THAILAND_DELIM-0x2f_2000_DELIM-0x2f_01483_DELIM-0x2f_00    0.00%    passed    100.00%
 358  DENV1_DELIM-0x2f_THAILAND_DELIM-0x2f_2006_DELIM-0x2f_01483_DELIM-0x2f_06    0.00%    passed     98.02%
 359  DENV1_DELIM-0x2f_THAILAND_DELIM-0x2f_2000_DELIM-0x2f_01492_DELIM-0x2f_00    0.00%    passed     99.48%
 360  DENV1_DELIM-0x2f_THAILAND_DELIM-0x2f_1994_DELIM-0x2f_01495_DELIM-0x2f_94    0.00%    passed     98.99%
 361  DENV1_DELIM-0x2f_THAILAND_DELIM-0x2f_2006_DELIM-0x2f_01499_DELIM-0x2f_06    0.00%    passed     99.87%
 362  DENV1_DELIM-0x2f_THAILAND_DELIM-0x2f_2006_DELIM-0x2f_01505_DELIM-0x2f_06    0.00%    passed     99.26%
 363  DENV1_DELIM-0x2f_THAILAND_DELIM-0x2f_2010_DELIM-0x2f_01510_DELIM-0x2f_10    0.00%    passed     99.67%
 364  DENV1_DELIM-0x2f_THAILAND_DELIM-0x2f_2006_DELIM-0x2f_01511_DELIM-0x2f_06    0.00%    passed     99.83%
 365  DENV1_DELIM-0x2f_THAILAND_DELIM-0x2f_2006_DELIM-0x2f_01512_DELIM-0x2f_06    0.00%    passed     99.08%
 366  DENV1_DELIM-0x2f_THAILAND_DELIM-0x2f_2010_DELIM-0x2f_01518_DELIM-0x2f_10    0.00%    passed     99.78%
 367  DENV1_DELIM-0x2f_THAILAND_DELIM-0x2f_2010_DELIM-0x2f_01521_DELIM-0x2f_10    0.00%    passed     98.43%
 368  DENV1_DELIM-0x2f_THAILAND_DELIM-0x2f_1996_DELIM-0x2f_01524_DELIM-0x2f_96    0.00%    passed     99.48%
 369  DENV1_DELIM-0x2f_THAILAND_DELIM-0x2f_2006_DELIM-0x2f_01528_DELIM-0x2f_06    0.00%    passed     99.85%
 370  DENV1_DELIM-0x2f_THAILAND_DELIM-0x2f_2006_DELIM-0x2f_01529_DELIM-0x2f_06    0.00%    passed     99.08%
 371  DENV1_DELIM-0x2f_THAILAND_DELIM-0x2f_2004_DELIM-0x2f_01530_DELIM-0x2f_04    0.00%    passed     99.98%
 372  DENV1_DELIM-0x2f_THAILAND_DELIM-0x2f_2006_DELIM-0x2f_01530_DELIM-0x2f_06    0.00%    passed     99.98%
 373  DENV1_DELIM-0x2f_THAILAND_DELIM-0x2f_1994_DELIM-0x2f_01533_DELIM-0x2f_94    0.00%    passed     97.93%
 374  DENV1_DELIM-0x2f_THAILAND_DELIM-0x2f_2006_DELIM-0x2f_01535_DELIM-0x2f_06    0.00%    passed     99.97%
 375  DENV1_DELIM-0x2f_THAILAND_DELIM-0x2f_2006_DELIM-0x2f_01538_DELIM-0x2f_06    0.00%    passed     99.47%
 376  DENV1_DELIM-0x2f_THAILAND_DELIM-0x2f_2003_DELIM-0x2f_01555_DELIM-0x2f_03    0.00%    passed     99.99%
 377  DENV1_DELIM-0x2f_THAILAND_DELIM-0x2f_2006_DELIM-0x2f_01561_DELIM-0x2f_06    0.00%    passed     99.97%
 378  DENV1_DELIM-0x2f_THAILAND_DELIM-0x2f_2006_DELIM-0x2f_01563_DELIM-0x2f_06    0.00%    passed     96.75%
 379  DENV1_DELIM-0x2f_THAILAND_DELIM-0x2f_2000_DELIM-0x2f_01565_DELIM-0x2f_00    0.00%    passed     99.96%
 380  DENV1_DELIM-0x2f_THAILAND_DELIM-0x2f_2005_DELIM-0x2f_01567_DELIM-0x2f_05    0.00%    passed     99.98%
 381  DENV1_DELIM-0x2f_THAILAND_DELIM-0x2f_2013_DELIM-0x2f_01570_DELIM-0x2f_13    0.00%    passed     99.48%
 382  DENV1_DELIM-0x2f_THAILAND_DELIM-0x2f_2006_DELIM-0x2f_01573_DELIM-0x2f_06    0.00%    passed     99.26%
 383  DENV1_DELIM-0x2f_THAILAND_DELIM-0x2f_2005_DELIM-0x2f_01578_DELIM-0x2f_05    0.00%    passed     98.02%
 384  DENV1_DELIM-0x2f_THAILAND_DELIM-0x2f_2002_DELIM-0x2f_01579_DELIM-0x2f_02    0.00%    passed     99.94%
 385  DENV1_DELIM-0x2f_THAILAND_DELIM-0x2f_1998_DELIM-0x2f_01579_DELIM-0x2f_98    0.07%    passed     98.25%
 386  DENV1_DELIM-0x2f_THAILAND_DELIM-0x2f_1998_DELIM-0x2f_01582_DELIM-0x2f_98    0.07%    passed     99.99%
 387  DENV1_DELIM-0x2f_THAILAND_DELIM-0x2f_2005_DELIM-0x2f_01591_DELIM-0x2f_05    0.00%    passed     99.97%
 388  DENV1_DELIM-0x2f_THAILAND_DELIM-0x2f_2006_DELIM-0x2f_01595_DELIM-0x2f_06    0.00%    passed     99.26%
 389  DENV1_DELIM-0x2f_THAILAND_DELIM-0x2f_2010_DELIM-0x2f_01600_DELIM-0x2f_10    0.00%    passed     99.67%
 390  DENV1_DELIM-0x2f_THAILAND_DELIM-0x2f_2004_DELIM-0x2f_01604_DELIM-0x2f_04    0.00%    passed     99.93%
 391  DENV1_DELIM-0x2f_THAILAND_DELIM-0x2f_2000_DELIM-0x2f_01606_DELIM-0x2f_00    0.00%    passed     98.20%
 392  DENV1_DELIM-0x2f_THAILAND_DELIM-0x2f_1995_DELIM-0x2f_01608_DELIM-0x2f_95    0.00%    passed     99.95%
 393  DENV1_DELIM-0x2f_THAILAND_DELIM-0x2f_1998_DELIM-0x2f_01610_DELIM-0x2f_98    0.00%    passed     99.54%
 394  DENV1_DELIM-0x2f_THAILAND_DELIM-0x2f_2005_DELIM-0x2f_01616_DELIM-0x2f_05    0.00%    passed     99.92%
 395  DENV1_DELIM-0x2f_THAILAND_DELIM-0x2f_2000_DELIM-0x2f_01624_DELIM-0x2f_00    0.00%    passed     99.76%
 396  DENV1_DELIM-0x2f_THAILAND_DELIM-0x2f_2006_DELIM-0x2f_01635_DELIM-0x2f_06    0.00%    passed     99.82%
 397  DENV1_DELIM-0x2f_THAILAND_DELIM-0x2f_2000_DELIM-0x2f_01639_DELIM-0x2f_00    0.00%    passed     99.90%
 398  DENV1_DELIM-0x2f_THAILAND_DELIM-0x2f_2004_DELIM-0x2f_01640_DELIM-0x2f_04    0.00%    passed     99.97%
 399  DENV1_DELIM-0x2f_THAILAND_DELIM-0x2f_2006_DELIM-0x2f_01650_DELIM-0x2f_06    0.00%    passed     99.86%
 400  DENV1_DELIM-0x2f_THAILAND_DELIM-0x2f_2005_DELIM-0x2f_01651_DELIM-0x2f_05    0.00%    passed     99.99%
 401  DENV1_DELIM-0x2f_THAILAND_DELIM-0x2f_2000_DELIM-0x2f_01661_DELIM-0x2f_00    0.00%    passed     99.97%
 402  DENV1_DELIM-0x2f_THAILAND_DELIM-0x2f_2006_DELIM-0x2f_01678_DELIM-0x2f_06    0.00%    passed     99.74%
 403  DENV1_DELIM-0x2f_THAILAND_DELIM-0x2f_2006_DELIM-0x2f_01690_DELIM-0x2f_06    0.00%    passed     98.02%
 404  DENV1_DELIM-0x2f_THAILAND_DELIM-0x2f_2004_DELIM-0x2f_01692_DELIM-0x2f_04    0.00%    passed     99.47%
 405  DENV1_DELIM-0x2f_THAILAND_DELIM-0x2f_2006_DELIM-0x2f_01710_DELIM-0x2f_06    0.00%    passed     99.75%
 406  DENV1_DELIM-0x2f_THAILAND_DELIM-0x2f_1994_DELIM-0x2f_01723_DELIM-0x2f_94    0.07%    passed     98.98%
 407  DENV1_DELIM-0x2f_THAILAND_DELIM-0x2f_1998_DELIM-0x2f_01723_DELIM-0x2f_98    0.00%    passed     99.89%
 408  DENV1_DELIM-0x2f_THAILAND_DELIM-0x2f_1980_DELIM-0x2f_01738_DELIM-0x2f_80    0.13%    passed     72.41%
 409  DENV1_DELIM-0x2f_THAILAND_DELIM-0x2f_1996_DELIM-0x2f_01763_DELIM-0x2f_96    0.00%    passed     99.99%
 410  DENV1_DELIM-0x2f_THAILAND_DELIM-0x2f_2004_DELIM-0x2f_01764_DELIM-0x2f_04    0.00%    passed     99.95%
 411  DENV1_DELIM-0x2f_THAILAND_DELIM-0x2f_1996_DELIM-0x2f_01771_DELIM-0x2f_96    0.07%    passed     99.98%
 412  DENV1_DELIM-0x2f_THAILAND_DELIM-0x2f_2006_DELIM-0x2f_01774_DELIM-0x2f_06    0.00%    passed     99.82%
 413  DENV1_DELIM-0x2f_THAILAND_DELIM-0x2f_1996_DELIM-0x2f_01789_DELIM-0x2f_96    0.00%    passed     99.96%
 414  DENV1_DELIM-0x2f_THAILAND_DELIM-0x2f_1996_DELIM-0x2f_01792_DELIM-0x2f_96    0.00%    passed     99.08%
 415  DENV1_DELIM-0x2f_THAILAND_DELIM-0x2f_2000_DELIM-0x2f_01798_DELIM-0x2f_00    0.00%    passed     99.92%
 416  DENV1_DELIM-0x2f_THAILAND_DELIM-0x2f_2002_DELIM-0x2f_01813_DELIM-0x2f_02    0.00%    passed     99.99%
 417  DENV1_DELIM-0x2f_THAILAND_DELIM-0x2f_2003_DELIM-0x2f_01815_DELIM-0x2f_03    0.07%    passed     99.99%
 418  DENV1_DELIM-0x2f_THAILAND_DELIM-0x2f_2002_DELIM-0x2f_01819_DELIM-0x2f_02    0.00%    passed     99.83%
 419  DENV1_DELIM-0x2f_THAILAND_DELIM-0x2f_2006_DELIM-0x2f_01820_DELIM-0x2f_06    0.00%    passed     99.98%
 420  DENV1_DELIM-0x2f_THAILAND_DELIM-0x2f_2002_DELIM-0x2f_01821_DELIM-0x2f_02    0.00%    passed     99.94%
 421  DENV1_DELIM-0x2f_THAILAND_DELIM-0x2f_2006_DELIM-0x2f_01823_DELIM-0x2f_06    0.07%    passed     99.69%
 422  DENV1_DELIM-0x2f_THAILAND_DELIM-0x2f_1995_DELIM-0x2f_01827_DELIM-0x2f_95    0.00%    passed     99.95%
 423  DENV1_DELIM-0x2f_THAILAND_DELIM-0x2f_2006_DELIM-0x2f_01830_DELIM-0x2f_06    0.00%    passed     99.97%
 424  DENV1_DELIM-0x2f_THAILAND_DELIM-0x2f_2006_DELIM-0x2f_01831_DELIM-0x2f_06    0.00%    passed     97.89%
 425  DENV1_DELIM-0x2f_THAILAND_DELIM-0x2f_2003_DELIM-0x2f_01849_DELIM-0x2f_03    0.00%    passed     99.07%
 426  DENV1_DELIM-0x2f_THAILAND_DELIM-0x2f_2003_DELIM-0x2f_01851_DELIM-0x2f_03    0.00%    passed     99.96%
 427  DENV1_DELIM-0x2f_THAILAND_DELIM-0x2f_2006_DELIM-0x2f_01858_DELIM-0x2f_06    0.00%    passed     99.97%
 428  DENV1_DELIM-0x2f_THAILAND_DELIM-0x2f_1996_DELIM-0x2f_01867_DELIM-0x2f_96    0.00%    passed     99.95%
 429  DENV1_DELIM-0x2f_THAILAND_DELIM-0x2f_2002_DELIM-0x2f_01893_DELIM-0x2f_02    0.00%    passed    100.00%
 430  DENV1_DELIM-0x2f_THAILAND_DELIM-0x2f_2000_DELIM-0x2f_01909_DELIM-0x2f_00    0.00%    passed     99.97%
 431  DENV1_DELIM-0x2f_THAILAND_DELIM-0x2f_2006_DELIM-0x2f_01931_DELIM-0x2f_06    0.00%    passed     99.97%
 432  DENV1_DELIM-0x2f_THAILAND_DELIM-0x2f_2006_DELIM-0x2f_01932_DELIM-0x2f_06    0.00%    passed     99.97%
 433  DENV1_DELIM-0x2f_THAILAND_DELIM-0x2f_1998_DELIM-0x2f_01932_DELIM-0x2f_98    0.00%    passed    100.00%
 434  DENV1_DELIM-0x2f_THAILAND_DELIM-0x2f_2006_DELIM-0x2f_01934_DELIM-0x2f_06    0.00%    passed     98.48%
 435  DENV1_DELIM-0x2f_THAILAND_DELIM-0x2f_2006_DELIM-0x2f_01936_DELIM-0x2f_06    0.00%    passed     99.53%
 436  DENV1_DELIM-0x2f_THAILAND_DELIM-0x2f_2006_DELIM-0x2f_01937_DELIM-0x2f_06    0.00%    passed     98.45%
 437  DENV1_DELIM-0x2f_THAILAND_DELIM-0x2f_2003_DELIM-0x2f_01982_DELIM-0x2f_03    0.00%    passed     99.96%
 438  DENV1_DELIM-0x2f_THAILAND_DELIM-0x2f_2006_DELIM-0x2f_02000_DELIM-0x2f_06    0.00%    passed     99.88%
 439  DENV1_DELIM-0x2f_THAILAND_DELIM-0x2f_2003_DELIM-0x2f_02031_DELIM-0x2f_03    0.00%    passed     99.90%
 440  DENV1_DELIM-0x2f_THAILAND_DELIM-0x2f_2006_DELIM-0x2f_02035_DELIM-0x2f_06    0.00%    passed     98.91%
 441  DENV1_DELIM-0x2f_THAILAND_DELIM-0x2f_2006_DELIM-0x2f_02046_DELIM-0x2f_06    0.13%    passed     99.91%
 442  DENV1_DELIM-0x2f_THAILAND_DELIM-0x2f_2006_DELIM-0x2f_02050_DELIM-0x2f_06    0.00%    passed     99.26%
 443  DENV1_DELIM-0x2f_THAILAND_DELIM-0x2f_2000_DELIM-0x2f_02059_DELIM-0x2f_00    0.00%    passed     99.76%
 444  DENV1_DELIM-0x2f_THAILAND_DELIM-0x2f_2006_DELIM-0x2f_02076_DELIM-0x2f_06    0.00%    passed     99.49%
 445  DENV1_DELIM-0x2f_THAILAND_DELIM-0x2f_2006_DELIM-0x2f_02079_DELIM-0x2f_06    0.00%    passed     99.97%
 446  DENV1_DELIM-0x2f_THAILAND_DELIM-0x2f_2006_DELIM-0x2f_02080_DELIM-0x2f_06    0.00%    passed     99.94%
 447  DENV1_DELIM-0x2f_THAILAND_DELIM-0x2f_1997_DELIM-0x2f_02080_DELIM-0x2f_97    0.00%    passed     99.99%
 448  DENV1_DELIM-0x2f_THAILAND_DELIM-0x2f_2000_DELIM-0x2f_02089_DELIM-0x2f_00    0.00%    passed     99.99%
 449  DENV1_DELIM-0x2f_THAILAND_DELIM-0x2f_1997_DELIM-0x2f_02090_DELIM-0x2f_97    0.00%    passed     99.46%
 450  DENV1_DELIM-0x2f_THAILAND_DELIM-0x2f_2000_DELIM-0x2f_02094_DELIM-0x2f_00    0.00%    passed     99.84%
 451  DENV1_DELIM-0x2f_THAILAND_DELIM-0x2f_2002_DELIM-0x2f_02110_DELIM-0x2f_02    0.00%    passed     99.94%
 452  DENV1_DELIM-0x2f_THAILAND_DELIM-0x2f_2006_DELIM-0x2f_02114_DELIM-0x2f_06    0.00%    passed     99.96%
 453  DENV1_DELIM-0x2f_THAILAND_DELIM-0x2f_2006_DELIM-0x2f_02116_DELIM-0x2f_06    0.00%    passed    100.00%
 454  DENV1_DELIM-0x2f_THAILAND_DELIM-0x2f_2006_DELIM-0x2f_02118_DELIM-0x2f_06    0.07%    passed     99.92%
 455  DENV1_DELIM-0x2f_THAILAND_DELIM-0x2f_2006_DELIM-0x2f_02122_DELIM-0x2f_06    0.07%    passed     99.93%
 456  DENV1_DELIM-0x2f_THAILAND_DELIM-0x2f_2006_DELIM-0x2f_02127_DELIM-0x2f_06    0.00%    passed     99.23%
 457  DENV1_DELIM-0x2f_THAILAND_DELIM-0x2f_1998_DELIM-0x2f_02128_DELIM-0x2f_98    0.00%    passed     98.00%
 458  DENV1_DELIM-0x2f_THAILAND_DELIM-0x2f_2006_DELIM-0x2f_02129_DELIM-0x2f_06    0.00%    passed     99.93%
 459  DENV1_DELIM-0x2f_THAILAND_DELIM-0x2f_2006_DELIM-0x2f_02131_DELIM-0x2f_06    0.00%    passed     99.97%
 460  DENV1_DELIM-0x2f_THAILAND_DELIM-0x2f_2003_DELIM-0x2f_02150_DELIM-0x2f_03    0.00%    passed     99.99%
 461  DENV1_DELIM-0x2f_THAILAND_DELIM-0x2f_2002_DELIM-0x2f_02168_DELIM-0x2f_02    0.00%    passed     99.99%
 462  DENV1_DELIM-0x2f_THAILAND_DELIM-0x2f_1996_DELIM-0x2f_02174_DELIM-0x2f_96    0.00%    passed     93.09%
 463  DENV1_DELIM-0x2f_THAILAND_DELIM-0x2f_1996_DELIM-0x2f_02185_DELIM-0x2f_96    0.00%    passed     99.81%
 464  DENV1_DELIM-0x2f_THAILAND_DELIM-0x2f_2006_DELIM-0x2f_02193_DELIM-0x2f_06    0.00%    passed     99.90%
 465  DENV1_DELIM-0x2f_THAILAND_DELIM-0x2f_2006_DELIM-0x2f_02196_DELIM-0x2f_06    0.00%    passed     99.74%
 466  DENV1_DELIM-0x2f_THAILAND_DELIM-0x2f_1996_DELIM-0x2f_02208_DELIM-0x2f_96    0.00%    passed     99.95%
 467  DENV1_DELIM-0x2f_THAILAND_DELIM-0x2f_2006_DELIM-0x2f_02239_DELIM-0x2f_06    0.00%    passed     99.97%
 468  DENV1_DELIM-0x2f_THAILAND_DELIM-0x2f_1996_DELIM-0x2f_02264_DELIM-0x2f_96    0.00%    passed     99.57%
 469  DENV1_DELIM-0x2f_THAILAND_DELIM-0x2f_2006_DELIM-0x2f_02270_DELIM-0x2f_06    0.00%    passed     99.98%
 470  DENV1_DELIM-0x2f_THAILAND_DELIM-0x2f_2006_DELIM-0x2f_02296_DELIM-0x2f_06    0.00%    passed     97.99%
 471  DENV1_DELIM-0x2f_THAILAND_DELIM-0x2f_2006_DELIM-0x2f_02333_DELIM-0x2f_06    0.00%    passed     99.97%
 472  DENV1_DELIM-0x2f_THAILAND_DELIM-0x2f_2006_DELIM-0x2f_02340_DELIM-0x2f_06    0.00%    passed     99.83%
 473  DENV1_DELIM-0x2f_THAILAND_DELIM-0x2f_2006_DELIM-0x2f_02344_DELIM-0x2f_06    0.00%    passed     97.99%
 474  DENV1_DELIM-0x2f_THAILAND_DELIM-0x2f_1998_DELIM-0x2f_02355_DELIM-0x2f_98    0.00%    passed     99.46%
 475  DENV1_DELIM-0x2f_THAILAND_DELIM-0x2f_2006_DELIM-0x2f_02356_DELIM-0x2f_06    0.00%    passed     99.54%
 476  DENV1_DELIM-0x2f_THAILAND_DELIM-0x2f_2006_DELIM-0x2f_02358_DELIM-0x2f_06    0.00%    passed     99.62%
 477  DENV1_DELIM-0x2f_THAILAND_DELIM-0x2f_2006_DELIM-0x2f_02361_DELIM-0x2f_06    0.00%    passed     99.54%
 478  DENV1_DELIM-0x2f_THAILAND_DELIM-0x2f_2003_DELIM-0x2f_02371_DELIM-0x2f_03    0.00%    passed     99.83%
 479  DENV1_DELIM-0x2f_THAILAND_DELIM-0x2f_2006_DELIM-0x2f_02395_DELIM-0x2f_06    0.00%    passed     99.85%
 480  DENV1_DELIM-0x2f_THAILAND_DELIM-0x2f_2006_DELIM-0x2f_02424_DELIM-0x2f_06    0.00%    passed     99.99%
 481  DENV1_DELIM-0x2f_THAILAND_DELIM-0x2f_2006_DELIM-0x2f_02433_DELIM-0x2f_06    0.00%    passed     99.96%
 482  DENV1_DELIM-0x2f_THAILAND_DELIM-0x2f_1996_DELIM-0x2f_02443_DELIM-0x2f_96    0.00%    passed     99.97%
 483  DENV1_DELIM-0x2f_THAILAND_DELIM-0x2f_1996_DELIM-0x2f_02452_DELIM-0x2f_96    0.13%    passed     99.71%
 484  DENV1_DELIM-0x2f_THAILAND_DELIM-0x2f_2006_DELIM-0x2f_02454_DELIM-0x2f_06    0.00%    passed     99.92%
 485  DENV1_DELIM-0x2f_THAILAND_DELIM-0x2f_2006_DELIM-0x2f_02459_DELIM-0x2f_06    0.00%    passed     99.94%
 486  DENV1_DELIM-0x2f_THAILAND_DELIM-0x2f_2001_DELIM-0x2f_02478_DELIM-0x2f_01    0.00%    passed     99.93%
 487  DENV1_DELIM-0x2f_THAILAND_DELIM-0x2f_2006_DELIM-0x2f_02499_DELIM-0x2f_06    0.00%    passed    100.00%
 488  DENV1_DELIM-0x2f_THAILAND_DELIM-0x2f_2006_DELIM-0x2f_02508_DELIM-0x2f_06    0.00%    passed    100.00%
 489  DENV1_DELIM-0x2f_THAILAND_DELIM-0x2f_2006_DELIM-0x2f_02509_DELIM-0x2f_06    0.00%    passed     99.98%
 490  DENV1_DELIM-0x2f_THAILAND_DELIM-0x2f_2006_DELIM-0x2f_02511_DELIM-0x2f_06    0.07%    passed     99.71%
 491  DENV1_DELIM-0x2f_THAILAND_DELIM-0x2f_2006_DELIM-0x2f_02539_DELIM-0x2f_06    0.00%    passed     99.94%
 492  DENV1_DELIM-0x2f_THAILAND_DELIM-0x2f_2006_DELIM-0x2f_02547_DELIM-0x2f_06    0.00%    passed     99.97%
 493  DENV1_DELIM-0x2f_THAILAND_DELIM-0x2f_2006_DELIM-0x2f_02548_DELIM-0x2f_06    0.00%    passed     99.83%
 494  DENV1_DELIM-0x2f_THAILAND_DELIM-0x2f_2006_DELIM-0x2f_02549_DELIM-0x2f_06    0.00%    passed     98.02%
 495  DENV1_DELIM-0x2f_THAILAND_DELIM-0x2f_2006_DELIM-0x2f_02553_DELIM-0x2f_06    0.07%    passed     99.83%
 496  DENV1_DELIM-0x2f_THAILAND_DELIM-0x2f_2006_DELIM-0x2f_02554_DELIM-0x2f_06    0.00%    passed    100.00%
 497  DENV1_DELIM-0x2f_THAILAND_DELIM-0x2f_2002_DELIM-0x2f_02557_DELIM-0x2f_02    0.00%    passed     99.85%
 498  DENV1_DELIM-0x2f_THAILAND_DELIM-0x2f_2006_DELIM-0x2f_02583_DELIM-0x2f_06    0.00%    passed     99.92%
 499  DENV1_DELIM-0x2f_THAILAND_DELIM-0x2f_2006_DELIM-0x2f_02584_DELIM-0x2f_06    0.00%    passed     99.55%
 500  DENV1_DELIM-0x2f_THAILAND_DELIM-0x2f_2006_DELIM-0x2f_02585_DELIM-0x2f_06    0.00%    passed     98.02%
 501  DENV1_DELIM-0x2f_THAILAND_DELIM-0x2f_2006_DELIM-0x2f_02588_DELIM-0x2f_06    0.00%    passed     99.81%
 502  DENV1_DELIM-0x2f_THAILAND_DELIM-0x2f_1997_DELIM-0x2f_02588_DELIM-0x2f_97    0.00%    passed     99.30%
 503  DENV1_DELIM-0x2f_THAILAND_DELIM-0x2f_2006_DELIM-0x2f_02592_DELIM-0x2f_06    0.00%    passed     98.91%
 504  DENV1_DELIM-0x2f_THAILAND_DELIM-0x2f_2006_DELIM-0x2f_02595_DELIM-0x2f_06    0.00%    passed     99.85%
 505  DENV1_DELIM-0x2f_THAILAND_DELIM-0x2f_2006_DELIM-0x2f_02615_DELIM-0x2f_06    0.00%    passed     99.97%
 506  DENV1_DELIM-0x2f_THAILAND_DELIM-0x2f_2002_DELIM-0x2f_02630_DELIM-0x2f_02    0.00%    passed     98.43%
 507  DENV1_DELIM-0x2f_THAILAND_DELIM-0x2f_2001_DELIM-0x2f_02633_DELIM-0x2f_01    0.00%    passed     99.98%
 508  DENV1_DELIM-0x2f_THAILAND_DELIM-0x2f_2006_DELIM-0x2f_02634_DELIM-0x2f_06    0.00%    passed     99.97%
 509  DENV1_DELIM-0x2f_THAILAND_DELIM-0x2f_1998_DELIM-0x2f_02640_DELIM-0x2f_98    0.00%    passed    100.00%
 510  DENV1_DELIM-0x2f_THAILAND_DELIM-0x2f_2006_DELIM-0x2f_02648_DELIM-0x2f_06    0.00%    passed     99.88%
 511  DENV1_DELIM-0x2f_THAILAND_DELIM-0x2f_2006_DELIM-0x2f_02653_DELIM-0x2f_06    0.00%    passed     99.33%
 512  DENV1_DELIM-0x2f_THAILAND_DELIM-0x2f_2006_DELIM-0x2f_02657_DELIM-0x2f_06    0.00%    passed     99.89%
 513  DENV1_DELIM-0x2f_THAILAND_DELIM-0x2f_2006_DELIM-0x2f_02673_DELIM-0x2f_06    0.07%    passed     99.37%
 514  DENV1_DELIM-0x2f_THAILAND_DELIM-0x2f_2006_DELIM-0x2f_02676_DELIM-0x2f_06    0.00%    passed     97.45%
 515  DENV1_DELIM-0x2f_THAILAND_DELIM-0x2f_2006_DELIM-0x2f_02677_DELIM-0x2f_06    0.00%    passed     99.69%
 516  DENV1_DELIM-0x2f_THAILAND_DELIM-0x2f_2006_DELIM-0x2f_02679_DELIM-0x2f_06    0.00%    passed     99.69%
 517  DENV1_DELIM-0x2f_THAILAND_DELIM-0x2f_2006_DELIM-0x2f_02681_DELIM-0x2f_06    0.00%    passed     99.79%
 518  DENV1_DELIM-0x2f_THAILAND_DELIM-0x2f_1997_DELIM-0x2f_02701_DELIM-0x2f_97    0.00%    passed     99.99%
 519  DENV1_DELIM-0x2f_THAILAND_DELIM-0x2f_2006_DELIM-0x2f_02717_DELIM-0x2f_06    0.00%    passed     99.23%
 520  DENV1_DELIM-0x2f_THAILAND_DELIM-0x2f_2006_DELIM-0x2f_02718_DELIM-0x2f_06    0.00%    passed     99.23%
 521  DENV1_DELIM-0x2f_THAILAND_DELIM-0x2f_2006_DELIM-0x2f_02719_DELIM-0x2f_06    0.00%    passed     99.23%
 522  DENV1_DELIM-0x2f_THAILAND_DELIM-0x2f_2006_DELIM-0x2f_02723_DELIM-0x2f_06    0.00%    passed     99.92%
 523  DENV1_DELIM-0x2f_THAILAND_DELIM-0x2f_2006_DELIM-0x2f_02725_DELIM-0x2f_06    0.00%    passed     99.96%
 524  DENV1_DELIM-0x2f_THAILAND_DELIM-0x2f_2006_DELIM-0x2f_02729_DELIM-0x2f_06    0.00%    passed     97.89%
 525  DENV1_DELIM-0x2f_THAILAND_DELIM-0x2f_2006_DELIM-0x2f_02730_DELIM-0x2f_06    0.00%    passed    100.00%
 526  DENV1_DELIM-0x2f_THAILAND_DELIM-0x2f_2006_DELIM-0x2f_02776_DELIM-0x2f_06    0.00%    passed     99.79%
 527  DENV1_DELIM-0x2f_THAILAND_DELIM-0x2f_2006_DELIM-0x2f_02789_DELIM-0x2f_06    0.00%    passed    100.00%
 528  DENV1_DELIM-0x2f_THAILAND_DELIM-0x2f_2006_DELIM-0x2f_02808_DELIM-0x2f_06    0.00%    passed     97.45%
 529  DENV1_DELIM-0x2f_THAILAND_DELIM-0x2f_2006_DELIM-0x2f_02815_DELIM-0x2f_06    0.00%    passed     99.97%
 530  DENV1_DELIM-0x2f_THAILAND_DELIM-0x2f_2006_DELIM-0x2f_02817_DELIM-0x2f_06    0.00%    passed     98.91%
 531  DENV1_DELIM-0x2f_THAILAND_DELIM-0x2f_2006_DELIM-0x2f_02834_DELIM-0x2f_06    0.00%    passed     98.55%
 532  DENV1_DELIM-0x2f_THAILAND_DELIM-0x2f_2006_DELIM-0x2f_02835_DELIM-0x2f_06    0.00%    passed     99.97%
 533  DENV1_DELIM-0x2f_THAILAND_DELIM-0x2f_2006_DELIM-0x2f_02847_DELIM-0x2f_06    0.00%    passed    100.00%
 534  DENV1_DELIM-0x2f_THAILAND_DELIM-0x2f_2006_DELIM-0x2f_02848_DELIM-0x2f_06    0.00%    passed     99.90%
 535  DENV1_DELIM-0x2f_THAILAND_DELIM-0x2f_1999_DELIM-0x2f_02859_DELIM-0x2f_99    0.00%    passed     98.33%
 536  DENV1_DELIM-0x2f_THAILAND_DELIM-0x2f_2002_DELIM-0x2f_02860_DELIM-0x2f_02    0.00%    passed     99.95%
 537  DENV1_DELIM-0x2f_THAILAND_DELIM-0x2f_2002_DELIM-0x2f_02894_DELIM-0x2f_02    0.00%    passed     99.79%
 538  DENV1_DELIM-0x2f_THAILAND_DELIM-0x2f_2002_DELIM-0x2f_02908_DELIM-0x2f_02    0.00%    passed    100.00%
 539  DENV1_DELIM-0x2f_THAILAND_DELIM-0x2f_2002_DELIM-0x2f_02912_DELIM-0x2f_02    0.00%    passed     99.94%
 540  DENV1_DELIM-0x2f_THAILAND_DELIM-0x2f_2002_DELIM-0x2f_02913_DELIM-0x2f_02    0.00%    passed     99.92%
 541  DENV1_DELIM-0x2f_THAILAND_DELIM-0x2f_2002_DELIM-0x2f_02928_DELIM-0x2f_02    0.00%    passed     99.98%
 542  DENV1_DELIM-0x2f_THAILAND_DELIM-0x2f_1998_DELIM-0x2f_02932_DELIM-0x2f_98    0.00%    passed     99.76%
 543  DENV1_DELIM-0x2f_THAILAND_DELIM-0x2f_2002_DELIM-0x2f_02986_DELIM-0x2f_02    0.00%    passed     99.91%
 544  DENV1_DELIM-0x2f_THAILAND_DELIM-0x2f_1998_DELIM-0x2f_02988_DELIM-0x2f_98    0.00%    passed     99.90%
 545  DENV1_DELIM-0x2f_THAILAND_DELIM-0x2f_2001_DELIM-0x2f_02991_DELIM-0x2f_01    0.00%    passed     99.99%
 546  DENV1_DELIM-0x2f_THAILAND_DELIM-0x2f_2002_DELIM-0x2f_03029_DELIM-0x2f_02    0.00%    passed     99.94%
 547  DENV1_DELIM-0x2f_THAILAND_DELIM-0x2f_2002_DELIM-0x2f_03030_DELIM-0x2f_02    0.00%    passed     99.94%
 548  DENV1_DELIM-0x2f_THAILAND_DELIM-0x2f_2001_DELIM-0x2f_03086_DELIM-0x2f_01    0.00%    passed     99.92%
 549  DENV1_DELIM-0x2f_THAILAND_DELIM-0x2f_2001_DELIM-0x2f_03090_DELIM-0x2f_01    0.00%    passed     99.94%
 550  DENV1_DELIM-0x2f_THAILAND_DELIM-0x2f_2001_DELIM-0x2f_03116_DELIM-0x2f_01    0.00%    passed     99.99%
 551  DENV1_DELIM-0x2f_THAILAND_DELIM-0x2f_1997_DELIM-0x2f_03152_DELIM-0x2f_97    0.00%    passed     99.98%
 552  DENV1_DELIM-0x2f_THAILAND_DELIM-0x2f_2002_DELIM-0x2f_03161_DELIM-0x2f_02    0.00%    passed     99.70%
 553  DENV1_DELIM-0x2f_THAILAND_DELIM-0x2f_2002_DELIM-0x2f_03162_DELIM-0x2f_02    0.00%    passed     99.86%
 554  DENV1_DELIM-0x2f_THAILAND_DELIM-0x2f_2002_DELIM-0x2f_03163_DELIM-0x2f_02    0.00%    passed     99.86%
 555  DENV1_DELIM-0x2f_THAILAND_DELIM-0x2f_1980_DELIM-0x2f_03228_DELIM-0x2f_80    0.00%    passed     79.23%
 556  DENV1_DELIM-0x2f_THAILAND_DELIM-0x2f_2001_DELIM-0x2f_03334_DELIM-0x2f_01    0.00%    passed     99.84%
 557  DENV1_DELIM-0x2f_THAILAND_DELIM-0x2f_1997_DELIM-0x2f_03398_DELIM-0x2f_97    0.00%    passed     99.81%
 558  DENV1_DELIM-0x2f_THAILAND_DELIM-0x2f_1997_DELIM-0x2f_03401_DELIM-0x2f_97    0.00%    passed     99.90%
 559  DENV1_DELIM-0x2f_THAILAND_DELIM-0x2f_1999_DELIM-0x2f_03410_DELIM-0x2f_99    0.07%    passed     99.97%
 560  DENV1_DELIM-0x2f_THAILAND_DELIM-0x2f_1999_DELIM-0x2f_03427_DELIM-0x2f_99    0.00%    passed     99.98%
 561  DENV1_DELIM-0x2f_THAILAND_DELIM-0x2f_1999_DELIM-0x2f_03440_DELIM-0x2f_99    0.00%    passed     99.81%
 562  DENV1_DELIM-0x2f_THAILAND_DELIM-0x2f_1999_DELIM-0x2f_03450_DELIM-0x2f_99    0.00%    passed     99.53%
 563  DENV1_DELIM-0x2f_THAILAND_DELIM-0x2f_2001_DELIM-0x2f_03599_DELIM-0x2f_01    0.00%    passed     99.96%
 564  DENV1_DELIM-0x2f_THAILAND_DELIM-0x2f_1999_DELIM-0x2f_03646_DELIM-0x2f_99    0.07%    passed     99.69%
 565  DENV1_DELIM-0x2f_THAILAND_DELIM-0x2f_1999_DELIM-0x2f_03704_DELIM-0x2f_99    0.00%    passed     98.67%
 566  DENV1_DELIM-0x2f_THAILAND_DELIM-0x2f_1999_DELIM-0x2f_03739_DELIM-0x2f_99    0.00%    passed     99.95%
 567  DENV1_DELIM-0x2f_THAILAND_DELIM-0x2f_1999_DELIM-0x2f_03805_DELIM-0x2f_99    0.00%    passed    100.00%
 568  DENV1_DELIM-0x2f_THAILAND_DELIM-0x2f_2001_DELIM-0x2f_03878_DELIM-0x2f_01    0.07%    passed    100.00%
 569  DENV1_DELIM-0x2f_THAILAND_DELIM-0x2f_2001_DELIM-0x2f_03897_DELIM-0x2f_01    0.00%    passed     99.89%
 570  DENV1_DELIM-0x2f_THAILAND_DELIM-0x2f_2001_DELIM-0x2f_03910_DELIM-0x2f_01    0.00%    passed    100.00%
 571  DENV1_DELIM-0x2f_THAILAND_DELIM-0x2f_2001_DELIM-0x2f_03916_DELIM-0x2f_01    0.00%    passed     99.97%
 572  DENV1_DELIM-0x2f_THAILAND_DELIM-0x2f_1997_DELIM-0x2f_03948_DELIM-0x2f_97    0.00%    passed    100.00%
 573  DENV1_DELIM-0x2f_THAILAND_DELIM-0x2f_2001_DELIM-0x2f_04083_DELIM-0x2f_01    0.00%    passed     99.90%
 574  DENV1_DELIM-0x2f_THAILAND_DELIM-0x2f_2001_DELIM-0x2f_04247_DELIM-0x2f_01    0.00%    passed     99.92%
 575  DENV1_DELIM-0x2f_THAILAND_DELIM-0x2f_1998_DELIM-0x2f_04294_DELIM-0x2f_98    0.00%    passed     99.92%
 576  DENV1_DELIM-0x2f_THAILAND_DELIM-0x2f_1999_DELIM-0x2f_04347_DELIM-0x2f_99    0.00%    passed     99.86%
 577  DENV1_DELIM-0x2f_THAILAND_DELIM-0x2f_1999_DELIM-0x2f_04348_DELIM-0x2f_99    0.00%    passed     99.74%
 578  DENV1_DELIM-0x2f_THAILAND_DELIM-0x2f_1999_DELIM-0x2f_04350_DELIM-0x2f_99    0.00%    passed     97.23%
 579  DENV1_DELIM-0x2f_THAILAND_DELIM-0x2f_1998_DELIM-0x2f_04404_DELIM-0x2f_98    0.00%    passed     99.99%
 580  DENV1_DELIM-0x2f_THAILAND_DELIM-0x2f_1999_DELIM-0x2f_04438_DELIM-0x2f_99    0.00%    passed     99.95%
 581  DENV1_DELIM-0x2f_THAILAND_DELIM-0x2f_2001_DELIM-0x2f_04601_DELIM-0x2f_01    0.00%    passed     99.80%
 582  DENV1_DELIM-0x2f_THAILAND_DELIM-0x2f_2001_DELIM-0x2f_04762_DELIM-0x2f_01    0.00%    passed     99.83%
 583  DENV1_DELIM-0x2f_THAILAND_DELIM-0x2f_1997_DELIM-0x2f_04772_DELIM-0x2f_97    0.00%    passed     99.80%
 584  DENV1_DELIM-0x2f_THAILAND_DELIM-0x2f_2001_DELIM-0x2f_04774_DELIM-0x2f_01    0.00%    passed     99.24%
 585  DENV1_DELIM-0x2f_THAILAND_DELIM-0x2f_2000_DELIM-0x2f_04850_DELIM-0x2f_00    0.00%    passed     99.96%
 586  DENV1_DELIM-0x2f_THAILAND_DELIM-0x2f_2000_DELIM-0x2f_04866_DELIM-0x2f_00    0.00%    passed     99.81%
 587  DENV1_DELIM-0x2f_THAILAND_DELIM-0x2f_1998_DELIM-0x2f_04922_DELIM-0x2f_98    0.00%    passed     98.00%
 588  DENV1_DELIM-0x2f_THAILAND_DELIM-0x2f_1998_DELIM-0x2f_04979_DELIM-0x2f_98    0.00%    passed     99.53%
 589  DENV1_DELIM-0x2f_THAILAND_DELIM-0x2f_1998_DELIM-0x2f_04985_DELIM-0x2f_98    0.00%    passed     99.98%
 590  DENV1_DELIM-0x2f_THAILAND_DELIM-0x2f_1997_DELIM-0x2f_05014_DELIM-0x2f_97    0.00%    passed     99.90%
 591  DENV1_DELIM-0x2f_THAILAND_DELIM-0x2f_1997_DELIM-0x2f_05035_DELIM-0x2f_97    0.00%    passed     99.90%
 592  DENV1_DELIM-0x2f_THAILAND_DELIM-0x2f_2001_DELIM-0x2f_05097_DELIM-0x2f_01    0.00%    passed     98.67%
 593  DENV1_DELIM-0x2f_THAILAND_DELIM-0x2f_1997_DELIM-0x2f_05131_DELIM-0x2f_97    0.00%    passed    100.00%
 594  DENV1_DELIM-0x2f_THAILAND_DELIM-0x2f_2001_DELIM-0x2f_05236_DELIM-0x2f_01    0.00%    passed     99.83%
 595  DENV1_DELIM-0x2f_THAILAND_DELIM-0x2f_2001_DELIM-0x2f_05282_DELIM-0x2f_01    0.00%    passed     99.49%
 596  DENV1_DELIM-0x2f_THAILAND_DELIM-0x2f_2001_DELIM-0x2f_05287_DELIM-0x2f_01    0.00%    passed     99.93%
 597  DENV1_DELIM-0x2f_THAILAND_DELIM-0x2f_1999_DELIM-0x2f_05390_DELIM-0x2f_99    0.00%    passed     99.90%
 598  DENV1_DELIM-0x2f_THAILAND_DELIM-0x2f_2000_DELIM-0x2f_05411_DELIM-0x2f_00    0.00%    passed     98.89%
 599  DENV1_DELIM-0x2f_THAILAND_DELIM-0x2f_2001_DELIM-0x2f_05491_DELIM-0x2f_01    0.00%    passed     99.95%
 600  DENV1_DELIM-0x2f_THAILAND_DELIM-0x2f_2000_DELIM-0x2f_05522_DELIM-0x2f_00    0.00%    passed     99.72%
 601  DENV1_DELIM-0x2f_THAILAND_DELIM-0x2f_2000_DELIM-0x2f_05574_DELIM-0x2f_00    0.00%    passed     99.72%
 602  DENV1_DELIM-0x2f_THAILAND_DELIM-0x2f_2000_DELIM-0x2f_05580_DELIM-0x2f_00    0.07%    passed     99.97%
 603  DENV1_DELIM-0x2f_THAILAND_DELIM-0x2f_2001_DELIM-0x2f_05600_DELIM-0x2f_01    0.00%    passed     98.00%
 604  DENV1_DELIM-0x2f_THAILAND_DELIM-0x2f_2001_DELIM-0x2f_05601_DELIM-0x2f_01    0.00%    passed     99.91%
 605  DENV1_DELIM-0x2f_THAILAND_DELIM-0x2f_2000_DELIM-0x2f_05603_DELIM-0x2f_00    0.00%    passed     95.55%
 606  DENV1_DELIM-0x2f_THAILAND_DELIM-0x2f_2000_DELIM-0x2f_05605_DELIM-0x2f_00    0.00%    passed     99.92%
 607  DENV1_DELIM-0x2f_THAILAND_DELIM-0x2f_2000_DELIM-0x2f_05722_DELIM-0x2f_00    0.00%    passed    100.00%
 608  DENV1_DELIM-0x2f_THAILAND_DELIM-0x2f_2000_DELIM-0x2f_05725_DELIM-0x2f_00    0.00%    passed     99.13%
 609  DENV1_DELIM-0x2f_THAILAND_DELIM-0x2f_1997_DELIM-0x2f_05802_DELIM-0x2f_97    0.00%    passed     99.49%
 610  DENV1_DELIM-0x2f_THAILAND_DELIM-0x2f_2000_DELIM-0x2f_05829_DELIM-0x2f_00    0.00%    passed     99.94%
 611  DENV1_DELIM-0x2f_THAILAND_DELIM-0x2f_1997_DELIM-0x2f_05865_DELIM-0x2f_97    0.00%    passed     99.89%
 612  DENV1_DELIM-0x2f_THAILAND_DELIM-0x2f_2000_DELIM-0x2f_05866_DELIM-0x2f_00    0.00%    passed     99.68%
 613  DENV1_DELIM-0x2f_THAILAND_DELIM-0x2f_2000_DELIM-0x2f_05886_DELIM-0x2f_00    0.00%    passed     99.97%
 614  DENV1_DELIM-0x2f_THAILAND_DELIM-0x2f_2000_DELIM-0x2f_05899_DELIM-0x2f_00    0.00%    passed     99.90%
 615  DENV1_DELIM-0x2f_THAILAND_DELIM-0x2f_2001_DELIM-0x2f_05905_DELIM-0x2f_01    0.00%    passed     99.41%
 616  DENV1_DELIM-0x2f_THAILAND_DELIM-0x2f_1998_DELIM-0x2f_05917_DELIM-0x2f_98    0.00%    passed     99.96%
 617  DENV1_DELIM-0x2f_THAILAND_DELIM-0x2f_1999_DELIM-0x2f_05946_DELIM-0x2f_99    0.00%    passed     99.95%
 618  DENV1_DELIM-0x2f_THAILAND_DELIM-0x2f_2000_DELIM-0x2f_06012_DELIM-0x2f_00    0.00%    passed     99.12%
 619  DENV1_DELIM-0x2f_THAILAND_DELIM-0x2f_2000_DELIM-0x2f_06069_DELIM-0x2f_00    0.00%    passed     99.62%
 620  DENV1_DELIM-0x2f_THAILAND_DELIM-0x2f_2001_DELIM-0x2f_06099_DELIM-0x2f_01    0.00%    passed     98.00%
 621  DENV1_DELIM-0x2f_THAILAND_DELIM-0x2f_2000_DELIM-0x2f_06103_DELIM-0x2f_00    0.00%    passed     99.81%
 622  DENV1_DELIM-0x2f_THAILAND_DELIM-0x2f_2001_DELIM-0x2f_06112_DELIM-0x2f_01    0.00%    passed     99.89%
 623  DENV1_DELIM-0x2f_THAILAND_DELIM-0x2f_2000_DELIM-0x2f_06113_DELIM-0x2f_00    0.00%    passed     99.54%
 624  DENV1_DELIM-0x2f_THAILAND_DELIM-0x2f_1998_DELIM-0x2f_06169_DELIM-0x2f_98    0.00%    passed     99.29%
 625  DENV1_DELIM-0x2f_THAILAND_DELIM-0x2f_2001_DELIM-0x2f_06236_DELIM-0x2f_01    0.00%    passed     99.83%
 626  DENV1_DELIM-0x2f_THAILAND_DELIM-0x2f_2001_DELIM-0x2f_06237_DELIM-0x2f_01    0.07%    passed     99.72%
 627  DENV1_DELIM-0x2f_THAILAND_DELIM-0x2f_1998_DELIM-0x2f_06329_DELIM-0x2f_98    0.07%    passed     99.84%
 628  DENV1_DELIM-0x2f_THAILAND_DELIM-0x2f_1998_DELIM-0x2f_06491_DELIM-0x2f_98    0.00%    passed     99.82%
 629  DENV1_DELIM-0x2f_THAILAND_DELIM-0x2f_2001_DELIM-0x2f_06498_DELIM-0x2f_01    0.00%    passed     99.98%
 630  DENV1_DELIM-0x2f_THAILAND_DELIM-0x2f_2001_DELIM-0x2f_06552_DELIM-0x2f_01    0.00%    passed     99.95%
 631  DENV1_DELIM-0x2f_THAILAND_DELIM-0x2f_1998_DELIM-0x2f_06566_DELIM-0x2f_98    0.00%    passed     98.00%
 632  DENV1_DELIM-0x2f_THAILAND_DELIM-0x2f_2001_DELIM-0x2f_06632_DELIM-0x2f_01    0.00%    passed     98.99%
 633  DENV1_DELIM-0x2f_THAILAND_DELIM-0x2f_1998_DELIM-0x2f_06705_DELIM-0x2f_98    0.00%    passed     99.41%
 634  DENV1_DELIM-0x2f_THAILAND_DELIM-0x2f_1998_DELIM-0x2f_06761_DELIM-0x2f_98    0.00%    passed     99.14%
 635  DENV1_DELIM-0x2f_THAILAND_DELIM-0x2f_1998_DELIM-0x2f_06810_DELIM-0x2f_98    0.00%    passed     99.88%
 636  DENV1_DELIM-0x2f_THAILAND_DELIM-0x2f_1998_DELIM-0x2f_06870_DELIM-0x2f_98    0.00%    passed     99.52%
 637  DENV1_DELIM-0x2f_THAILAND_DELIM-0x2f_2001_DELIM-0x2f_06889_DELIM-0x2f_01    0.00%    passed    100.00%
 638  DENV1_DELIM-0x2f_THAILAND_DELIM-0x2f_1997_DELIM-0x2f_07423_DELIM-0x2f_97    0.00%    passed     99.97%
 639  DENV1_DELIM-0x2f_THAILAND_DELIM-0x2f_1997_DELIM-0x2f_07794_DELIM-0x2f_97    0.00%    passed     99.15%
 640  DENV1_DELIM-0x2f_THAILAND_DELIM-0x2f_1994_DELIM-0x2f_30031_DELIM-0x2f_94    0.00%    passed     98.40%
 641  DENV1_DELIM-0x2f_THAILAND_DELIM-0x2f_1995_DELIM-0x2f_30103_DELIM-0x2f_95    0.00%    passed     99.98%
 642  DENV1_DELIM-0x2f_THAILAND_DELIM-0x2f_1994_DELIM-0x2f_30116_DELIM-0x2f_94    0.00%    passed     90.30%
 643  DENV1_DELIM-0x2f_THAILAND_DELIM-0x2f_1995_DELIM-0x2f_30139_DELIM-0x2f_95    0.00%    passed     98.32%
 644  DENV1_DELIM-0x2f_THAILAND_DELIM-0x2f_1994_DELIM-0x2f_30156_DELIM-0x2f_94    0.13%    passed     99.75%
 645  DENV1_DELIM-0x2f_THAILAND_DELIM-0x2f_1994_DELIM-0x2f_30157_DELIM-0x2f_94    0.13%    passed     99.86%
 646  DENV1_DELIM-0x2f_THAILAND_DELIM-0x2f_1995_DELIM-0x2f_30158_DELIM-0x2f_95    0.00%    passed     99.81%
 647  DENV1_DELIM-0x2f_THAILAND_DELIM-0x2f_1995_DELIM-0x2f_30166_DELIM-0x2f_95    0.00%    passed     98.20%
 648  DENV1_DELIM-0x2f_THAILAND_DELIM-0x2f_1994_DELIM-0x2f_30174_DELIM-0x2f_94    0.13%    passed     99.86%
 649  DENV1_DELIM-0x2f_THAILAND_DELIM-0x2f_1995_DELIM-0x2f_30177_DELIM-0x2f_95    0.07%    passed     97.92%
 650  DENV1_DELIM-0x2f_THAILAND_DELIM-0x2f_1995_DELIM-0x2f_30179_DELIM-0x2f_95    0.00%    passed     98.32%
 651  DENV1_DELIM-0x2f_THAILAND_DELIM-0x2f_1994_DELIM-0x2f_30182_DELIM-0x2f_94    0.00%    passed     99.74%
 652  DENV1_DELIM-0x2f_THAILAND_DELIM-0x2f_1995_DELIM-0x2f_30201_DELIM-0x2f_95    0.00%    passed    100.00%
 653  DENV1_DELIM-0x2f_THAILAND_DELIM-0x2f_1995_DELIM-0x2f_30211_DELIM-0x2f_95    0.00%    passed     98.20%
 654  DENV1_DELIM-0x2f_THAILAND_DELIM-0x2f_1994_DELIM-0x2f_30253_DELIM-0x2f_94    0.00%    passed     99.52%
 655  DENV1_DELIM-0x2f_THAILAND_DELIM-0x2f_1995_DELIM-0x2f_30254_DELIM-0x2f_95    0.00%    passed    100.00%
 656  DENV1_DELIM-0x2f_THAILAND_DELIM-0x2f_1995_DELIM-0x2f_30255_DELIM-0x2f_95    0.07%    passed    100.00%
 657  DENV1_DELIM-0x2f_THAILAND_DELIM-0x2f_1994_DELIM-0x2f_30262_DELIM-0x2f_94    0.00%    passed     99.52%
 658  DENV1_DELIM-0x2f_THAILAND_DELIM-0x2f_1995_DELIM-0x2f_30295_DELIM-0x2f_95    0.00%    passed     98.32%
 659  DENV1_DELIM-0x2f_THAILAND_DELIM-0x2f_1994_DELIM-0x2f_30299_DELIM-0x2f_94    0.00%    passed     99.52%
 660  DENV1_DELIM-0x2f_THAILAND_DELIM-0x2f_1995_DELIM-0x2f_30423_DELIM-0x2f_95    0.07%    passed    100.00%
 661  DENV1_DELIM-0x2f_THAILAND_DELIM-0x2f_1995_DELIM-0x2f_30466_DELIM-0x2f_95    0.00%    passed     99.88%
 662  DENV1_DELIM-0x2f_THAILAND_DELIM-0x2f_1994_DELIM-0x2f_30515_DELIM-0x2f_94    0.00%    passed     98.90%
 663  DENV1_DELIM-0x2f_THAILAND_DELIM-0x2f_1994_DELIM-0x2f_30577_DELIM-0x2f_94    0.00%    passed     98.99%
 664  DENV1_DELIM-0x2f_THAILAND_DELIM-0x2f_1994_DELIM-0x2f_30620_DELIM-0x2f_94    0.00%    passed     99.99%
 665  DENV1_DELIM-0x2f_THAILAND_DELIM-0x2f_1994_DELIM-0x2f_30722_DELIM-0x2f_94    0.00%    passed     99.99%
 666  DENV1_DELIM-0x2f_THAILAND_DELIM-0x2f_1994_DELIM-0x2f_30778_DELIM-0x2f_94    0.00%    passed     99.24%
 667  DENV1_DELIM-0x2f_THAILAND_DELIM-0x2f_1994_DELIM-0x2f_30797_DELIM-0x2f_94    0.00%    passed    100.00%
 668  DENV1_DELIM-0x2f_BOLIVIA_DELIM-0x2f_2010_DELIM-0x2f_FSB-3363                0.00%    passed     62.29%
 669  DENV1_DELIM-0x2f_MYANMAR_DELIM-0x2f_2005_DELIM-0x2f_61117                   0.07%    passed     99.69%
 670  DENV1_DELIM-0x2f_NAURU_DELIM-0x2f_1974_DELIM-0x2f_RDENV1-WP-1A              0.00%    passed     81.86%
 671  DENV1_DELIM-0x2f_PERU_DELIM-0x2f_2000_DELIM-0x2f_IQT-6152                   0.00%    passed     82.07%
 672  DENV1_DELIM-0x2f_PUERTORICO_DELIM-0x2f_2006_DELIM-0x2f_BID-V852             0.00%    passed     67.36%
 673  DENV1_DELIM-0x2f_THAILAND_DELIM-0x2f_1964_DELIM-0x2f_16007                  0.00%    passed     99.49%
 674  DENV1_DELIM-0x2f_VENEZUELA_DELIM-0x2f_2000_DELIM-0x2f_OBT-1298              0.00%    passed     69.87%
 675  DENV1_DELIM-0x2f_VIETNAM_DELIM-0x2f_2008_DELIM-0x2f_BID-V1937               0.00%    passed     98.73%
 676  DENV1_DELIM-0x2f_CAMBODIA_DELIM-0x2f_2003_DELIM-0x2f_FJ639680               0.00%    passed     99.76%
 677  DENV1_DELIM-0x2f_CAMBODIA_DELIM-0x2f_2006_DELIM-0x2f_FJ639687               0.00%    passed     95.79%
 678  DENV1_DELIM-0x2f_CAMBODIA_DELIM-0x2f_2007_DELIM-0x2f_FJ639693               0.00%    passed     91.59%
 679  DENV1_DELIM-0x2f_CAMBODIA_DELIM-0x2f_2007_DELIM-0x2f_FJ639696               0.00%    passed     97.17%
 680  DENV1_DELIM-0x2f_CAMBODIA_DELIM-0x2f_2003_DELIM-0x2f_FJ850069               0.00%    passed     99.75%
 681  DENV1_DELIM-0x2f_CAMBODIA_DELIM-0x2f_2003_DELIM-0x2f_GQ868619               0.00%    passed     99.41%
 682  DENV1_DELIM-0x2f_CAMBODIA_DELIM-0x2f_2008_DELIM-0x2f_GQ868632               0.00%    passed     99.95%
 683  DENV1_DELIM-0x2f_CAMBODIA_DELIM-0x2f_2008_DELIM-0x2f_GU131894               0.00%    passed     99.53%
 684  DENV1_DELIM-0x2f_CAMBODIA_DELIM-0x2f_2010_DELIM-0x2f_U0616272               0.00%    passed     99.01%
 685  DENV1_DELIM-0x2f_CAMBODIA_DELIM-0x2f_2010_DELIM-0x2f_U0609271               0.00%    passed     98.35%
 686  DENV1_DELIM-0x2f_CAMBODIA_DELIM-0x2f_2011_DELIM-0x2f_V0524313               0.00%    passed     98.73%
 687  DENV1_DELIM-0x2f_CAMBODIA_DELIM-0x2f_2011_DELIM-0x2f_V0504308               0.00%    passed     99.90%
****  TOTAL                                                                       0.01%  0 sequences failed composition chi2 test (p-value<5%; df=3)
NOTE: DENV1_DELIM-0x2f_THAILAND_DELIM-0x2f_2011_DELIM-0x2f_00055_DELIM-0x2f_11 is identical to DENV1_DELIM-0x2f_THAILAND_DELIM-0x2f_2011_DELIM-0x2f_00002_DELIM-0x2f_11 but kept for subsequent analysis
NOTE: DENV1_DELIM-0x2f_THAILAND_DELIM-0x2f_2006_DELIM-0x2f_00030_DELIM-0x2f_06 is identical to DENV1_DELIM-0x2f_THAILAND_DELIM-0x2f_2006_DELIM-0x2f_00003_DELIM-0x2f_06 but kept for subsequent analysis
NOTE: DENV1_DELIM-0x2f_THAILAND_DELIM-0x2f_2000_DELIM-0x2f_02089_DELIM-0x2f_00 is identical to DENV1_DELIM-0x2f_THAILAND_DELIM-0x2f_2001_DELIM-0x2f_00047_DELIM-0x2f_01 but kept for subsequent analysis
NOTE: DENV1_DELIM-0x2f_THAILAND_DELIM-0x2f_2005_DELIM-0x2f_00743_DELIM-0x2f_05 is identical to DENV1_DELIM-0x2f_THAILAND_DELIM-0x2f_2004_DELIM-0x2f_00088_DELIM-0x2f_04 but kept for subsequent analysis
NOTE: DENV1_DELIM-0x2f_THAILAND_DELIM-0x2f_2012_DELIM-0x2f_00829_DELIM-0x2f_12 is identical to DENV1_DELIM-0x2f_THAILAND_DELIM-0x2f_2013_DELIM-0x2f_00090_DELIM-0x2f_13 but kept for subsequent analysis
NOTE: DENV1_DELIM-0x2f_THAILAND_DELIM-0x2f_2006_DELIM-0x2f_00966_DELIM-0x2f_06 is identical to DENV1_DELIM-0x2f_THAILAND_DELIM-0x2f_2006_DELIM-0x2f_00201_DELIM-0x2f_06 but kept for subsequent analysis
NOTE: DENV1_DELIM-0x2f_THAILAND_DELIM-0x2f_1995_DELIM-0x2f_00229_DELIM-0x2f_95 is identical to DENV1_DELIM-0x2f_THAILAND_DELIM-0x2f_1995_DELIM-0x2f_00207_DELIM-0x2f_95 but kept for subsequent analysis
NOTE: DENV1_DELIM-0x2f_THAILAND_DELIM-0x2f_2005_DELIM-0x2f_00647_DELIM-0x2f_05 is identical to DENV1_DELIM-0x2f_THAILAND_DELIM-0x2f_2005_DELIM-0x2f_00208_DELIM-0x2f_05 but kept for subsequent analysis
NOTE: DENV1_DELIM-0x2f_THAILAND_DELIM-0x2f_2006_DELIM-0x2f_00211_DELIM-0x2f_06 is identical to DENV1_DELIM-0x2f_THAILAND_DELIM-0x2f_2006_DELIM-0x2f_00209_DELIM-0x2f_06 but kept for subsequent analysis
NOTE: DENV1_DELIM-0x2f_THAILAND_DELIM-0x2f_2004_DELIM-0x2f_01640_DELIM-0x2f_04 is identical to DENV1_DELIM-0x2f_THAILAND_DELIM-0x2f_2005_DELIM-0x2f_00211_DELIM-0x2f_05 but kept for subsequent analysis
NOTE: DENV1_DELIM-0x2f_THAILAND_DELIM-0x2f_2005_DELIM-0x2f_00617_DELIM-0x2f_05 is identical to DENV1_DELIM-0x2f_THAILAND_DELIM-0x2f_2005_DELIM-0x2f_00258_DELIM-0x2f_05 but kept for subsequent analysis
NOTE: DENV1_DELIM-0x2f_THAILAND_DELIM-0x2f_2012_DELIM-0x2f_00809_DELIM-0x2f_12 is identical to DENV1_DELIM-0x2f_THAILAND_DELIM-0x2f_2013_DELIM-0x2f_00270_DELIM-0x2f_13 but kept for subsequent analysis
NOTE: DENV1_DELIM-0x2f_THAILAND_DELIM-0x2f_2006_DELIM-0x2f_00332_DELIM-0x2f_06 is identical to DENV1_DELIM-0x2f_THAILAND_DELIM-0x2f_2006_DELIM-0x2f_00287_DELIM-0x2f_06 but kept for subsequent analysis
NOTE: DENV1_DELIM-0x2f_THAILAND_DELIM-0x2f_1995_DELIM-0x2f_00569_DELIM-0x2f_95 is identical to DENV1_DELIM-0x2f_THAILAND_DELIM-0x2f_1995_DELIM-0x2f_00288_DELIM-0x2f_95 but kept for subsequent analysis
NOTE: DENV1_DELIM-0x2f_THAILAND_DELIM-0x2f_2012_DELIM-0x2f_00580_DELIM-0x2f_12 is identical to DENV1_DELIM-0x2f_THAILAND_DELIM-0x2f_2013_DELIM-0x2f_00343_DELIM-0x2f_13 but kept for subsequent analysis
NOTE: DENV1_DELIM-0x2f_THAILAND_DELIM-0x2f_2003_DELIM-0x2f_00373_DELIM-0x2f_03 is identical to DENV1_DELIM-0x2f_THAILAND_DELIM-0x2f_2003_DELIM-0x2f_00349_DELIM-0x2f_03 but kept for subsequent analysis
NOTE: DENV1_DELIM-0x2f_THAILAND_DELIM-0x2f_2006_DELIM-0x2f_00482_DELIM-0x2f_06 is identical to DENV1_DELIM-0x2f_THAILAND_DELIM-0x2f_2006_DELIM-0x2f_00369_DELIM-0x2f_06 but kept for subsequent analysis
NOTE: DENV1_DELIM-0x2f_THAILAND_DELIM-0x2f_1997_DELIM-0x2f_00927_DELIM-0x2f_97 is identical to DENV1_DELIM-0x2f_THAILAND_DELIM-0x2f_1996_DELIM-0x2f_00375_DELIM-0x2f_96 but kept for subsequent analysis
NOTE: DENV1_DELIM-0x2f_THAILAND_DELIM-0x2f_2006_DELIM-0x2f_01145_DELIM-0x2f_06 is identical to DENV1_DELIM-0x2f_THAILAND_DELIM-0x2f_2006_DELIM-0x2f_00437_DELIM-0x2f_06 but kept for subsequent analysis
NOTE: DENV1_DELIM-0x2f_THAILAND_DELIM-0x2f_2006_DELIM-0x2f_01650_DELIM-0x2f_06 is identical to DENV1_DELIM-0x2f_THAILAND_DELIM-0x2f_2006_DELIM-0x2f_00443_DELIM-0x2f_06 but kept for subsequent analysis
NOTE: DENV1_DELIM-0x2f_THAILAND_DELIM-0x2f_1994_DELIM-0x2f_01310_DELIM-0x2f_94 is identical to DENV1_DELIM-0x2f_THAILAND_DELIM-0x2f_1995_DELIM-0x2f_00487_DELIM-0x2f_95 but kept for subsequent analysis
NOTE: DENV1_DELIM-0x2f_THAILAND_DELIM-0x2f_2000_DELIM-0x2f_01476_DELIM-0x2f_00 is identical to DENV1_DELIM-0x2f_THAILAND_DELIM-0x2f_2001_DELIM-0x2f_00580_DELIM-0x2f_01 but kept for subsequent analysis
NOTE: DENV1_DELIM-0x2f_THAILAND_DELIM-0x2f_2002_DELIM-0x2f_01893_DELIM-0x2f_02 is identical to DENV1_DELIM-0x2f_THAILAND_DELIM-0x2f_2002_DELIM-0x2f_00600_DELIM-0x2f_02 but kept for subsequent analysis
NOTE: DENV1_DELIM-0x2f_THAILAND_DELIM-0x2f_2014_DELIM-0x2f_00634_DELIM-0x2f_14 is identical to DENV1_DELIM-0x2f_THAILAND_DELIM-0x2f_2014_DELIM-0x2f_00624_DELIM-0x2f_14 but kept for subsequent analysis
NOTE: DENV1_DELIM-0x2f_THAILAND_DELIM-0x2f_2006_DELIM-0x2f_02080_DELIM-0x2f_06 is identical to DENV1_DELIM-0x2f_THAILAND_DELIM-0x2f_2006_DELIM-0x2f_00690_DELIM-0x2f_06 but kept for subsequent analysis
NOTE: DENV1_DELIM-0x2f_THAILAND_DELIM-0x2f_2006_DELIM-0x2f_02131_DELIM-0x2f_06 is identical to DENV1_DELIM-0x2f_THAILAND_DELIM-0x2f_2006_DELIM-0x2f_00713_DELIM-0x2f_06 but kept for subsequent analysis
NOTE: DENV1_DELIM-0x2f_THAILAND_DELIM-0x2f_2011_DELIM-0x2f_01392_DELIM-0x2f_11 is identical to DENV1_DELIM-0x2f_THAILAND_DELIM-0x2f_2011_DELIM-0x2f_00757_DELIM-0x2f_11 but kept for subsequent analysis
NOTE: DENV1_DELIM-0x2f_THAILAND_DELIM-0x2f_2006_DELIM-0x2f_01386_DELIM-0x2f_06 is identical to DENV1_DELIM-0x2f_THAILAND_DELIM-0x2f_2006_DELIM-0x2f_00833_DELIM-0x2f_06 but kept for subsequent analysis
NOTE: DENV1_DELIM-0x2f_THAILAND_DELIM-0x2f_2006_DELIM-0x2f_01273_DELIM-0x2f_06 is identical to DENV1_DELIM-0x2f_THAILAND_DELIM-0x2f_2006_DELIM-0x2f_00921_DELIM-0x2f_06 but kept for subsequent analysis
NOTE: DENV1_DELIM-0x2f_THAILAND_DELIM-0x2f_1996_DELIM-0x2f_01095_DELIM-0x2f_96 is identical to DENV1_DELIM-0x2f_THAILAND_DELIM-0x2f_1997_DELIM-0x2f_00926_DELIM-0x2f_97 but kept for subsequent analysis
NOTE: DENV1_DELIM-0x2f_THAILAND_DELIM-0x2f_1996_DELIM-0x2f_01792_DELIM-0x2f_96 is identical to DENV1_DELIM-0x2f_THAILAND_DELIM-0x2f_1996_DELIM-0x2f_00970_DELIM-0x2f_96 but kept for subsequent analysis
NOTE: DENV1_DELIM-0x2f_THAILAND_DELIM-0x2f_2004_DELIM-0x2f_01425_DELIM-0x2f_04 is identical to DENV1_DELIM-0x2f_THAILAND_DELIM-0x2f_2004_DELIM-0x2f_00975_DELIM-0x2f_04 but kept for subsequent analysis
NOTE: DENV1_DELIM-0x2f_THAILAND_DELIM-0x2f_1995_DELIM-0x2f_00995_DELIM-0x2f_95 is identical to DENV1_DELIM-0x2f_THAILAND_DELIM-0x2f_1995_DELIM-0x2f_00975_DELIM-0x2f_95 but kept for subsequent analysis
NOTE: DENV1_DELIM-0x2f_THAILAND_DELIM-0x2f_2006_DELIM-0x2f_01038_DELIM-0x2f_06 is identical to DENV1_DELIM-0x2f_THAILAND_DELIM-0x2f_2006_DELIM-0x2f_01014_DELIM-0x2f_06 but kept for subsequent analysis
NOTE: DENV1_DELIM-0x2f_THAILAND_DELIM-0x2f_2003_DELIM-0x2f_02371_DELIM-0x2f_03 is identical to DENV1_DELIM-0x2f_THAILAND_DELIM-0x2f_2004_DELIM-0x2f_01038_DELIM-0x2f_04 but kept for subsequent analysis
NOTE: DENV1_DELIM-0x2f_THAILAND_DELIM-0x2f_2000_DELIM-0x2f_04866_DELIM-0x2f_00 is identical to DENV1_DELIM-0x2f_THAILAND_DELIM-0x2f_2001_DELIM-0x2f_01039_DELIM-0x2f_01 but kept for subsequent analysis
NOTE: DENV1_DELIM-0x2f_THAILAND_DELIM-0x2f_2006_DELIM-0x2f_01858_DELIM-0x2f_06 is identical to DENV1_DELIM-0x2f_THAILAND_DELIM-0x2f_2006_DELIM-0x2f_01089_DELIM-0x2f_06 but kept for subsequent analysis
NOTE: DENV1_DELIM-0x2f_THAILAND_DELIM-0x2f_2006_DELIM-0x2f_01143_DELIM-0x2f_06 is identical to DENV1_DELIM-0x2f_THAILAND_DELIM-0x2f_2006_DELIM-0x2f_01096_DELIM-0x2f_06 but kept for subsequent analysis
NOTE: DENV1_DELIM-0x2f_THAILAND_DELIM-0x2f_1996_DELIM-0x2f_01867_DELIM-0x2f_96 is identical to DENV1_DELIM-0x2f_THAILAND_DELIM-0x2f_1996_DELIM-0x2f_01139_DELIM-0x2f_96 but kept for subsequent analysis
NOTE: DENV1_DELIM-0x2f_THAILAND_DELIM-0x2f_2006_DELIM-0x2f_01277_DELIM-0x2f_06 is identical to DENV1_DELIM-0x2f_THAILAND_DELIM-0x2f_2006_DELIM-0x2f_01140_DELIM-0x2f_06 but kept for subsequent analysis
NOTE: DENV1_DELIM-0x2f_THAILAND_DELIM-0x2f_1995_DELIM-0x2f_01262_DELIM-0x2f_95 is identical to DENV1_DELIM-0x2f_THAILAND_DELIM-0x2f_1995_DELIM-0x2f_01213_DELIM-0x2f_95 but kept for subsequent analysis
NOTE: DENV1_DELIM-0x2f_THAILAND_DELIM-0x2f_2006_DELIM-0x2f_02114_DELIM-0x2f_06 is identical to DENV1_DELIM-0x2f_THAILAND_DELIM-0x2f_2006_DELIM-0x2f_01214_DELIM-0x2f_06 but kept for subsequent analysis
NOTE: DENV1_DELIM-0x2f_THAILAND_DELIM-0x2f_2006_DELIM-0x2f_01505_DELIM-0x2f_06 is identical to DENV1_DELIM-0x2f_THAILAND_DELIM-0x2f_2006_DELIM-0x2f_01229_DELIM-0x2f_06 but kept for subsequent analysis
NOTE: DENV1_DELIM-0x2f_THAILAND_DELIM-0x2f_2001_DELIM-0x2f_04083_DELIM-0x2f_01 is identical to DENV1_DELIM-0x2f_THAILAND_DELIM-0x2f_2000_DELIM-0x2f_01239_DELIM-0x2f_00 but kept for subsequent analysis
NOTE: DENV1_DELIM-0x2f_THAILAND_DELIM-0x2f_2004_DELIM-0x2f_01411_DELIM-0x2f_04 is identical to DENV1_DELIM-0x2f_THAILAND_DELIM-0x2f_2004_DELIM-0x2f_01274_DELIM-0x2f_04 but kept for subsequent analysis
NOTE: DENV1_DELIM-0x2f_THAILAND_DELIM-0x2f_2004_DELIM-0x2f_01420_DELIM-0x2f_04 is identical to DENV1_DELIM-0x2f_THAILAND_DELIM-0x2f_2004_DELIM-0x2f_01309_DELIM-0x2f_04 but kept for subsequent analysis
NOTE: DENV1_DELIM-0x2f_THAILAND_DELIM-0x2f_2004_DELIM-0x2f_01692_DELIM-0x2f_04 is identical to DENV1_DELIM-0x2f_THAILAND_DELIM-0x2f_2004_DELIM-0x2f_01313_DELIM-0x2f_04 but kept for subsequent analysis
NOTE: DENV1_DELIM-0x2f_THAILAND_DELIM-0x2f_2010_DELIM-0x2f_01518_DELIM-0x2f_10 is identical to DENV1_DELIM-0x2f_THAILAND_DELIM-0x2f_2010_DELIM-0x2f_01327_DELIM-0x2f_10 but kept for subsequent analysis
NOTE: DENV1_DELIM-0x2f_THAILAND_DELIM-0x2f_2006_DELIM-0x2f_01402_DELIM-0x2f_06 is identical to DENV1_DELIM-0x2f_THAILAND_DELIM-0x2f_2006_DELIM-0x2f_01330_DELIM-0x2f_06 but kept for subsequent analysis
NOTE: DENV1_DELIM-0x2f_THAILAND_DELIM-0x2f_2006_DELIM-0x2f_01512_DELIM-0x2f_06 is identical to DENV1_DELIM-0x2f_THAILAND_DELIM-0x2f_2006_DELIM-0x2f_01332_DELIM-0x2f_06 but kept for subsequent analysis
NOTE: DENV1_DELIM-0x2f_THAILAND_DELIM-0x2f_2006_DELIM-0x2f_01635_DELIM-0x2f_06 is identical to DENV1_DELIM-0x2f_THAILAND_DELIM-0x2f_2006_DELIM-0x2f_01335_DELIM-0x2f_06 but kept for subsequent analysis
NOTE: DENV1_DELIM-0x2f_THAILAND_DELIM-0x2f_1994_DELIM-0x2f_01447_DELIM-0x2f_94 is identical to DENV1_DELIM-0x2f_THAILAND_DELIM-0x2f_1994_DELIM-0x2f_01385_DELIM-0x2f_94 but kept for subsequent analysis
NOTE: DENV1_DELIM-0x2f_THAILAND_DELIM-0x2f_2002_DELIM-0x2f_01579_DELIM-0x2f_02 is identical to DENV1_DELIM-0x2f_THAILAND_DELIM-0x2f_2002_DELIM-0x2f_01473_DELIM-0x2f_02 but kept for subsequent analysis
NOTE: DENV1_DELIM-0x2f_THAILAND_DELIM-0x2f_2000_DELIM-0x2f_05722_DELIM-0x2f_00 is identical to DENV1_DELIM-0x2f_THAILAND_DELIM-0x2f_2000_DELIM-0x2f_01483_DELIM-0x2f_00 but kept for subsequent analysis
NOTE: DENV1_DELIM-0x2f_THAILAND_DELIM-0x2f_2006_DELIM-0x2f_02340_DELIM-0x2f_06 is identical to DENV1_DELIM-0x2f_THAILAND_DELIM-0x2f_2006_DELIM-0x2f_01511_DELIM-0x2f_06 but kept for subsequent analysis
NOTE: DENV1_DELIM-0x2f_THAILAND_DELIM-0x2f_2003_DELIM-0x2f_01982_DELIM-0x2f_03 is identical to DENV1_DELIM-0x2f_THAILAND_DELIM-0x2f_2003_DELIM-0x2f_01851_DELIM-0x2f_03 but kept for subsequent analysis
NOTE: DENV1_DELIM-0x2f_THAILAND_DELIM-0x2f_2006_DELIM-0x2f_02718_DELIM-0x2f_06 is identical to DENV1_DELIM-0x2f_THAILAND_DELIM-0x2f_2006_DELIM-0x2f_02127_DELIM-0x2f_06 but kept for subsequent analysis
NOTE: DENV1_DELIM-0x2f_THAILAND_DELIM-0x2f_2006_DELIM-0x2f_02595_DELIM-0x2f_06 is identical to DENV1_DELIM-0x2f_THAILAND_DELIM-0x2f_2006_DELIM-0x2f_02395_DELIM-0x2f_06 but kept for subsequent analysis
NOTE: DENV1_DELIM-0x2f_THAILAND_DELIM-0x2f_2006_DELIM-0x2f_02508_DELIM-0x2f_06 is identical to DENV1_DELIM-0x2f_THAILAND_DELIM-0x2f_2006_DELIM-0x2f_02499_DELIM-0x2f_06 but kept for subsequent analysis
NOTE: DENV1_DELIM-0x2f_THAILAND_DELIM-0x2f_2006_DELIM-0x2f_02789_DELIM-0x2f_06 is identical to DENV1_DELIM-0x2f_THAILAND_DELIM-0x2f_2006_DELIM-0x2f_02554_DELIM-0x2f_06 but kept for subsequent analysis
NOTE: DENV1_DELIM-0x2f_THAILAND_DELIM-0x2f_2006_DELIM-0x2f_02679_DELIM-0x2f_06 is identical to DENV1_DELIM-0x2f_THAILAND_DELIM-0x2f_2006_DELIM-0x2f_02677_DELIM-0x2f_06 but kept for subsequent analysis
NOTE: DENV1_DELIM-0x2f_THAILAND_DELIM-0x2f_2002_DELIM-0x2f_03163_DELIM-0x2f_02 is identical to DENV1_DELIM-0x2f_THAILAND_DELIM-0x2f_2002_DELIM-0x2f_03162_DELIM-0x2f_02 but kept for subsequent analysis
NOTE: DENV1_DELIM-0x2f_THAILAND_DELIM-0x2f_1997_DELIM-0x2f_05035_DELIM-0x2f_97 is identical to DENV1_DELIM-0x2f_THAILAND_DELIM-0x2f_1997_DELIM-0x2f_03401_DELIM-0x2f_97 but kept for subsequent analysis
NOTE: DENV1_DELIM-0x2f_THAILAND_DELIM-0x2f_1998_DELIM-0x2f_04979_DELIM-0x2f_98 is identical to DENV1_DELIM-0x2f_THAILAND_DELIM-0x2f_1999_DELIM-0x2f_03450_DELIM-0x2f_99 but kept for subsequent analysis
NOTE: DENV1_DELIM-0x2f_THAILAND_DELIM-0x2f_2001_DELIM-0x2f_05236_DELIM-0x2f_01 is identical to DENV1_DELIM-0x2f_THAILAND_DELIM-0x2f_2001_DELIM-0x2f_04762_DELIM-0x2f_01 but kept for subsequent analysis
NOTE: DENV1_DELIM-0x2f_THAILAND_DELIM-0x2f_1998_DELIM-0x2f_06566_DELIM-0x2f_98 is identical to DENV1_DELIM-0x2f_THAILAND_DELIM-0x2f_1998_DELIM-0x2f_04922_DELIM-0x2f_98 but kept for subsequent analysis
NOTE: DENV1_DELIM-0x2f_THAILAND_DELIM-0x2f_2000_DELIM-0x2f_05574_DELIM-0x2f_00 is identical to DENV1_DELIM-0x2f_THAILAND_DELIM-0x2f_2000_DELIM-0x2f_05522_DELIM-0x2f_00 but kept for subsequent analysis
NOTE: DENV1_DELIM-0x2f_THAILAND_DELIM-0x2f_2001_DELIM-0x2f_06099_DELIM-0x2f_01 is identical to DENV1_DELIM-0x2f_THAILAND_DELIM-0x2f_2001_DELIM-0x2f_05600_DELIM-0x2f_01 but kept for subsequent analysis
NOTE: DENV1_DELIM-0x2f_THAILAND_DELIM-0x2f_1994_DELIM-0x2f_30174_DELIM-0x2f_94 is identical to DENV1_DELIM-0x2f_THAILAND_DELIM-0x2f_1994_DELIM-0x2f_30157_DELIM-0x2f_94 but kept for subsequent analysis
NOTE: DENV1_DELIM-0x2f_THAILAND_DELIM-0x2f_1995_DELIM-0x2f_30211_DELIM-0x2f_95 is identical to DENV1_DELIM-0x2f_THAILAND_DELIM-0x2f_1995_DELIM-0x2f_30166_DELIM-0x2f_95 but kept for subsequent analysis
NOTE: DENV1_DELIM-0x2f_THAILAND_DELIM-0x2f_1995_DELIM-0x2f_30295_DELIM-0x2f_95 is identical to DENV1_DELIM-0x2f_THAILAND_DELIM-0x2f_1995_DELIM-0x2f_30179_DELIM-0x2f_95 but kept for subsequent analysis
NOTE: DENV1_DELIM-0x2f_THAILAND_DELIM-0x2f_1995_DELIM-0x2f_30254_DELIM-0x2f_95 is identical to DENV1_DELIM-0x2f_THAILAND_DELIM-0x2f_1995_DELIM-0x2f_30201_DELIM-0x2f_95 but kept for subsequent analysis
NOTE: DENV1_DELIM-0x2f_THAILAND_DELIM-0x2f_1994_DELIM-0x2f_30262_DELIM-0x2f_94 is identical to DENV1_DELIM-0x2f_THAILAND_DELIM-0x2f_1994_DELIM-0x2f_30253_DELIM-0x2f_94 but kept for subsequent analysis
NOTE: DENV1_DELIM-0x2f_THAILAND_DELIM-0x2f_1995_DELIM-0x2f_30423_DELIM-0x2f_95 is identical to DENV1_DELIM-0x2f_THAILAND_DELIM-0x2f_1995_DELIM-0x2f_30255_DELIM-0x2f_95 but kept for subsequent analysis
Checking for duplicate sequences: done in 0.00545044 secs using 1637% CPU
Identifying sites to remove: done in 0.00320379 secs using 1464% CPU
NOTE: 61 identical sequences (see below) will be ignored for subsequent analysis
NOTE: DENV1_DELIM-0x2f_THAILAND_DELIM-0x2f_2011_DELIM-0x2f_00330_DELIM-0x2f_11 (identical to DENV1_DELIM-0x2f_THAILAND_DELIM-0x2f_2011_DELIM-0x2f_00002_DELIM-0x2f_11) is ignored but added at the end
NOTE: DENV1_DELIM-0x2f_THAILAND_DELIM-0x2f_2010_DELIM-0x2f_00792_DELIM-0x2f_10 (identical to DENV1_DELIM-0x2f_THAILAND_DELIM-0x2f_2011_DELIM-0x2f_00002_DELIM-0x2f_11) is ignored but added at the end
NOTE: DENV1_DELIM-0x2f_THAILAND_DELIM-0x2f_2010_DELIM-0x2f_01436_DELIM-0x2f_10 (identical to DENV1_DELIM-0x2f_THAILAND_DELIM-0x2f_2011_DELIM-0x2f_00002_DELIM-0x2f_11) is ignored but added at the end
NOTE: DENV1_DELIM-0x2f_THAILAND_DELIM-0x2f_2010_DELIM-0x2f_01510_DELIM-0x2f_10 (identical to DENV1_DELIM-0x2f_THAILAND_DELIM-0x2f_2011_DELIM-0x2f_00002_DELIM-0x2f_11) is ignored but added at the end
NOTE: DENV1_DELIM-0x2f_THAILAND_DELIM-0x2f_2010_DELIM-0x2f_01600_DELIM-0x2f_10 (identical to DENV1_DELIM-0x2f_THAILAND_DELIM-0x2f_2011_DELIM-0x2f_00002_DELIM-0x2f_11) is ignored but added at the end
NOTE: DENV1_DELIM-0x2f_THAILAND_DELIM-0x2f_2005_DELIM-0x2f_01331_DELIM-0x2f_05 (identical to DENV1_DELIM-0x2f_THAILAND_DELIM-0x2f_2006_DELIM-0x2f_00003_DELIM-0x2f_06) is ignored but added at the end
NOTE: DENV1_DELIM-0x2f_THAILAND_DELIM-0x2f_2005_DELIM-0x2f_01383_DELIM-0x2f_05 (identical to DENV1_DELIM-0x2f_THAILAND_DELIM-0x2f_2006_DELIM-0x2f_00003_DELIM-0x2f_06) is ignored but added at the end
NOTE: DENV1_DELIM-0x2f_THAILAND_DELIM-0x2f_2001_DELIM-0x2f_02991_DELIM-0x2f_01 (identical to DENV1_DELIM-0x2f_THAILAND_DELIM-0x2f_2001_DELIM-0x2f_00047_DELIM-0x2f_01) is ignored but added at the end
NOTE: DENV1_DELIM-0x2f_THAILAND_DELIM-0x2f_2001_DELIM-0x2f_03116_DELIM-0x2f_01 (identical to DENV1_DELIM-0x2f_THAILAND_DELIM-0x2f_2001_DELIM-0x2f_00047_DELIM-0x2f_01) is ignored but added at the end
NOTE: DENV1_DELIM-0x2f_THAILAND_DELIM-0x2f_1994_DELIM-0x2f_01088_DELIM-0x2f_94 (identical to DENV1_DELIM-0x2f_THAILAND_DELIM-0x2f_1995_DELIM-0x2f_00207_DELIM-0x2f_95) is ignored but added at the end
NOTE: DENV1_DELIM-0x2f_THAILAND_DELIM-0x2f_2006_DELIM-0x2f_00231_DELIM-0x2f_06 (identical to DENV1_DELIM-0x2f_THAILAND_DELIM-0x2f_2006_DELIM-0x2f_00209_DELIM-0x2f_06) is ignored but added at the end
NOTE: DENV1_DELIM-0x2f_THAILAND_DELIM-0x2f_2006_DELIM-0x2f_00248_DELIM-0x2f_06 (identical to DENV1_DELIM-0x2f_THAILAND_DELIM-0x2f_2006_DELIM-0x2f_00209_DELIM-0x2f_06) is ignored but added at the end
NOTE: DENV1_DELIM-0x2f_THAILAND_DELIM-0x2f_2006_DELIM-0x2f_00498_DELIM-0x2f_06 (identical to DENV1_DELIM-0x2f_THAILAND_DELIM-0x2f_2006_DELIM-0x2f_00209_DELIM-0x2f_06) is ignored but added at the end
NOTE: DENV1_DELIM-0x2f_THAILAND_DELIM-0x2f_2006_DELIM-0x2f_01535_DELIM-0x2f_06 (identical to DENV1_DELIM-0x2f_THAILAND_DELIM-0x2f_2006_DELIM-0x2f_00209_DELIM-0x2f_06) is ignored but added at the end
NOTE: DENV1_DELIM-0x2f_THAILAND_DELIM-0x2f_2006_DELIM-0x2f_01830_DELIM-0x2f_06 (identical to DENV1_DELIM-0x2f_THAILAND_DELIM-0x2f_2006_DELIM-0x2f_00209_DELIM-0x2f_06) is ignored but added at the end
NOTE: DENV1_DELIM-0x2f_THAILAND_DELIM-0x2f_2006_DELIM-0x2f_02333_DELIM-0x2f_06 (identical to DENV1_DELIM-0x2f_THAILAND_DELIM-0x2f_2006_DELIM-0x2f_00209_DELIM-0x2f_06) is ignored but added at the end
NOTE: DENV1_DELIM-0x2f_THAILAND_DELIM-0x2f_2006_DELIM-0x2f_02615_DELIM-0x2f_06 (identical to DENV1_DELIM-0x2f_THAILAND_DELIM-0x2f_2006_DELIM-0x2f_00209_DELIM-0x2f_06) is ignored but added at the end
NOTE: DENV1_DELIM-0x2f_THAILAND_DELIM-0x2f_2006_DELIM-0x2f_00577_DELIM-0x2f_06 (identical to DENV1_DELIM-0x2f_THAILAND_DELIM-0x2f_2006_DELIM-0x2f_00287_DELIM-0x2f_06) is ignored but added at the end
NOTE: DENV1_DELIM-0x2f_THAILAND_DELIM-0x2f_2012_DELIM-0x2f_00763_DELIM-0x2f_12 (identical to DENV1_DELIM-0x2f_THAILAND_DELIM-0x2f_2013_DELIM-0x2f_00343_DELIM-0x2f_13) is ignored but added at the end
NOTE: DENV1_DELIM-0x2f_THAILAND_DELIM-0x2f_2012_DELIM-0x2f_00807_DELIM-0x2f_12 (identical to DENV1_DELIM-0x2f_THAILAND_DELIM-0x2f_2013_DELIM-0x2f_00343_DELIM-0x2f_13) is ignored but added at the end
NOTE: DENV1_DELIM-0x2f_THAILAND_DELIM-0x2f_2002_DELIM-0x2f_02912_DELIM-0x2f_02 (identical to DENV1_DELIM-0x2f_THAILAND_DELIM-0x2f_2003_DELIM-0x2f_00349_DELIM-0x2f_03) is ignored but added at the end
NOTE: DENV1_DELIM-0x2f_THAILAND_DELIM-0x2f_2002_DELIM-0x2f_03029_DELIM-0x2f_02 (identical to DENV1_DELIM-0x2f_THAILAND_DELIM-0x2f_2003_DELIM-0x2f_00349_DELIM-0x2f_03) is ignored but added at the end
NOTE: DENV1_DELIM-0x2f_THAILAND_DELIM-0x2f_2002_DELIM-0x2f_03030_DELIM-0x2f_02 (identical to DENV1_DELIM-0x2f_THAILAND_DELIM-0x2f_2003_DELIM-0x2f_00349_DELIM-0x2f_03) is ignored but added at the end
NOTE: DENV1_DELIM-0x2f_THAILAND_DELIM-0x2f_2006_DELIM-0x2f_01241_DELIM-0x2f_06 (identical to DENV1_DELIM-0x2f_THAILAND_DELIM-0x2f_2006_DELIM-0x2f_00437_DELIM-0x2f_06) is ignored but added at the end
NOTE: DENV1_DELIM-0x2f_THAILAND_DELIM-0x2f_2005_DELIM-0x2f_01567_DELIM-0x2f_05 (identical to DENV1_DELIM-0x2f_THAILAND_DELIM-0x2f_2006_DELIM-0x2f_00437_DELIM-0x2f_06) is ignored but added at the end
NOTE: DENV1_DELIM-0x2f_THAILAND_DELIM-0x2f_1994_DELIM-0x2f_01533_DELIM-0x2f_94 (identical to DENV1_DELIM-0x2f_THAILAND_DELIM-0x2f_1995_DELIM-0x2f_00487_DELIM-0x2f_95) is ignored but added at the end
NOTE: DENV1_DELIM-0x2f_THAILAND_DELIM-0x2f_2000_DELIM-0x2f_01565_DELIM-0x2f_00 (identical to DENV1_DELIM-0x2f_THAILAND_DELIM-0x2f_2001_DELIM-0x2f_00580_DELIM-0x2f_01) is ignored but added at the end
NOTE: DENV1_DELIM-0x2f_THAILAND_DELIM-0x2f_2002_DELIM-0x2f_02908_DELIM-0x2f_02 (identical to DENV1_DELIM-0x2f_THAILAND_DELIM-0x2f_2002_DELIM-0x2f_00600_DELIM-0x2f_02) is ignored but added at the end
NOTE: DENV1_DELIM-0x2f_THAILAND_DELIM-0x2f_2001_DELIM-0x2f_06889_DELIM-0x2f_01 (identical to DENV1_DELIM-0x2f_THAILAND_DELIM-0x2f_2002_DELIM-0x2f_00600_DELIM-0x2f_02) is ignored but added at the end
NOTE: DENV1_DELIM-0x2f_THAILAND_DELIM-0x2f_2006_DELIM-0x2f_02459_DELIM-0x2f_06 (identical to DENV1_DELIM-0x2f_THAILAND_DELIM-0x2f_2006_DELIM-0x2f_00690_DELIM-0x2f_06) is ignored but added at the end
NOTE: DENV1_DELIM-0x2f_THAILAND_DELIM-0x2f_2011_DELIM-0x2f_01450_DELIM-0x2f_11 (identical to DENV1_DELIM-0x2f_THAILAND_DELIM-0x2f_2011_DELIM-0x2f_00757_DELIM-0x2f_11) is ignored but added at the end
NOTE: DENV1_DELIM-0x2f_THAILAND_DELIM-0x2f_2011_DELIM-0x2f_01453_DELIM-0x2f_11 (identical to DENV1_DELIM-0x2f_THAILAND_DELIM-0x2f_2011_DELIM-0x2f_00757_DELIM-0x2f_11) is ignored but added at the end
NOTE: DENV1_DELIM-0x2f_THAILAND_DELIM-0x2f_2005_DELIM-0x2f_01578_DELIM-0x2f_05 (identical to DENV1_DELIM-0x2f_THAILAND_DELIM-0x2f_2006_DELIM-0x2f_00833_DELIM-0x2f_06) is ignored but added at the end
NOTE: DENV1_DELIM-0x2f_THAILAND_DELIM-0x2f_2006_DELIM-0x2f_01690_DELIM-0x2f_06 (identical to DENV1_DELIM-0x2f_THAILAND_DELIM-0x2f_2006_DELIM-0x2f_00833_DELIM-0x2f_06) is ignored but added at the end
NOTE: DENV1_DELIM-0x2f_THAILAND_DELIM-0x2f_2006_DELIM-0x2f_02549_DELIM-0x2f_06 (identical to DENV1_DELIM-0x2f_THAILAND_DELIM-0x2f_2006_DELIM-0x2f_00833_DELIM-0x2f_06) is ignored but added at the end
NOTE: DENV1_DELIM-0x2f_THAILAND_DELIM-0x2f_2006_DELIM-0x2f_02585_DELIM-0x2f_06 (identical to DENV1_DELIM-0x2f_THAILAND_DELIM-0x2f_2006_DELIM-0x2f_00833_DELIM-0x2f_06) is ignored but added at the end
NOTE: DENV1_DELIM-0x2f_THAILAND_DELIM-0x2f_2006_DELIM-0x2f_01528_DELIM-0x2f_06 (identical to DENV1_DELIM-0x2f_THAILAND_DELIM-0x2f_2006_DELIM-0x2f_00921_DELIM-0x2f_06) is ignored but added at the end
NOTE: DENV1_DELIM-0x2f_THAILAND_DELIM-0x2f_2004_DELIM-0x2f_01604_DELIM-0x2f_04 (identical to DENV1_DELIM-0x2f_THAILAND_DELIM-0x2f_2004_DELIM-0x2f_00975_DELIM-0x2f_04) is ignored but added at the end
NOTE: DENV1_DELIM-0x2f_THAILAND_DELIM-0x2f_2000_DELIM-0x2f_06103_DELIM-0x2f_00 (identical to DENV1_DELIM-0x2f_THAILAND_DELIM-0x2f_2001_DELIM-0x2f_01039_DELIM-0x2f_01) is ignored but added at the end
NOTE: DENV1_DELIM-0x2f_THAILAND_DELIM-0x2f_2006_DELIM-0x2f_01931_DELIM-0x2f_06 (identical to DENV1_DELIM-0x2f_THAILAND_DELIM-0x2f_2006_DELIM-0x2f_01089_DELIM-0x2f_06) is ignored but added at the end
NOTE: DENV1_DELIM-0x2f_THAILAND_DELIM-0x2f_2006_DELIM-0x2f_01932_DELIM-0x2f_06 (identical to DENV1_DELIM-0x2f_THAILAND_DELIM-0x2f_2006_DELIM-0x2f_01089_DELIM-0x2f_06) is ignored but added at the end
NOTE: DENV1_DELIM-0x2f_THAILAND_DELIM-0x2f_2006_DELIM-0x2f_02079_DELIM-0x2f_06 (identical to DENV1_DELIM-0x2f_THAILAND_DELIM-0x2f_2006_DELIM-0x2f_01089_DELIM-0x2f_06) is ignored but added at the end
NOTE: DENV1_DELIM-0x2f_THAILAND_DELIM-0x2f_2006_DELIM-0x2f_02815_DELIM-0x2f_06 (identical to DENV1_DELIM-0x2f_THAILAND_DELIM-0x2f_2006_DELIM-0x2f_01089_DELIM-0x2f_06) is ignored but added at the end
NOTE: DENV1_DELIM-0x2f_THAILAND_DELIM-0x2f_2006_DELIM-0x2f_01530_DELIM-0x2f_06 (identical to DENV1_DELIM-0x2f_THAILAND_DELIM-0x2f_2006_DELIM-0x2f_01096_DELIM-0x2f_06) is ignored but added at the end
NOTE: DENV1_DELIM-0x2f_THAILAND_DELIM-0x2f_2006_DELIM-0x2f_02270_DELIM-0x2f_06 (identical to DENV1_DELIM-0x2f_THAILAND_DELIM-0x2f_2006_DELIM-0x2f_01096_DELIM-0x2f_06) is ignored but added at the end
NOTE: DENV1_DELIM-0x2f_THAILAND_DELIM-0x2f_1995_DELIM-0x2f_01459_DELIM-0x2f_95 (identical to DENV1_DELIM-0x2f_THAILAND_DELIM-0x2f_1995_DELIM-0x2f_01213_DELIM-0x2f_95) is ignored but added at the end
NOTE: DENV1_DELIM-0x2f_THAILAND_DELIM-0x2f_1995_DELIM-0x2f_01827_DELIM-0x2f_95 (identical to DENV1_DELIM-0x2f_THAILAND_DELIM-0x2f_1995_DELIM-0x2f_01213_DELIM-0x2f_95) is ignored but added at the end
NOTE: DENV1_DELIM-0x2f_THAILAND_DELIM-0x2f_2006_DELIM-0x2f_02725_DELIM-0x2f_06 (identical to DENV1_DELIM-0x2f_THAILAND_DELIM-0x2f_2006_DELIM-0x2f_01214_DELIM-0x2f_06) is ignored but added at the end
NOTE: DENV1_DELIM-0x2f_THAILAND_DELIM-0x2f_2006_DELIM-0x2f_01573_DELIM-0x2f_06 (identical to DENV1_DELIM-0x2f_THAILAND_DELIM-0x2f_2006_DELIM-0x2f_01229_DELIM-0x2f_06) is ignored but added at the end
NOTE: DENV1_DELIM-0x2f_THAILAND_DELIM-0x2f_2006_DELIM-0x2f_02050_DELIM-0x2f_06 (identical to DENV1_DELIM-0x2f_THAILAND_DELIM-0x2f_2006_DELIM-0x2f_01229_DELIM-0x2f_06) is ignored but added at the end
NOTE: DENV1_DELIM-0x2f_THAILAND_DELIM-0x2f_2000_DELIM-0x2f_05899_DELIM-0x2f_00 (identical to DENV1_DELIM-0x2f_THAILAND_DELIM-0x2f_2000_DELIM-0x2f_01239_DELIM-0x2f_00) is ignored but added at the end
NOTE: DENV1_DELIM-0x2f_THAILAND_DELIM-0x2f_2004_DELIM-0x2f_01530_DELIM-0x2f_04 (identical to DENV1_DELIM-0x2f_THAILAND_DELIM-0x2f_2004_DELIM-0x2f_01274_DELIM-0x2f_04) is ignored but added at the end
NOTE: DENV1_DELIM-0x2f_THAILAND_DELIM-0x2f_2006_DELIM-0x2f_01453_DELIM-0x2f_06 (identical to DENV1_DELIM-0x2f_THAILAND_DELIM-0x2f_2006_DELIM-0x2f_01330_DELIM-0x2f_06) is ignored but added at the end
NOTE: DENV1_DELIM-0x2f_THAILAND_DELIM-0x2f_2006_DELIM-0x2f_02035_DELIM-0x2f_06 (identical to DENV1_DELIM-0x2f_THAILAND_DELIM-0x2f_2006_DELIM-0x2f_01330_DELIM-0x2f_06) is ignored but added at the end
NOTE: DENV1_DELIM-0x2f_THAILAND_DELIM-0x2f_2006_DELIM-0x2f_02592_DELIM-0x2f_06 (identical to DENV1_DELIM-0x2f_THAILAND_DELIM-0x2f_2006_DELIM-0x2f_01330_DELIM-0x2f_06) is ignored but added at the end
NOTE: DENV1_DELIM-0x2f_THAILAND_DELIM-0x2f_2006_DELIM-0x2f_01529_DELIM-0x2f_06 (identical to DENV1_DELIM-0x2f_THAILAND_DELIM-0x2f_2006_DELIM-0x2f_01332_DELIM-0x2f_06) is ignored but added at the end
NOTE: DENV1_DELIM-0x2f_THAILAND_DELIM-0x2f_2006_DELIM-0x2f_01774_DELIM-0x2f_06 (identical to DENV1_DELIM-0x2f_THAILAND_DELIM-0x2f_2006_DELIM-0x2f_01335_DELIM-0x2f_06) is ignored but added at the end
NOTE: DENV1_DELIM-0x2f_THAILAND_DELIM-0x2f_2002_DELIM-0x2f_02110_DELIM-0x2f_02 (identical to DENV1_DELIM-0x2f_THAILAND_DELIM-0x2f_2002_DELIM-0x2f_01473_DELIM-0x2f_02) is ignored but added at the end
NOTE: DENV1_DELIM-0x2f_THAILAND_DELIM-0x2f_2006_DELIM-0x2f_02719_DELIM-0x2f_06 (identical to DENV1_DELIM-0x2f_THAILAND_DELIM-0x2f_2006_DELIM-0x2f_02127_DELIM-0x2f_06) is ignored but added at the end
NOTE: DENV1_DELIM-0x2f_THAILAND_DELIM-0x2f_2006_DELIM-0x2f_02847_DELIM-0x2f_06 (identical to DENV1_DELIM-0x2f_THAILAND_DELIM-0x2f_2006_DELIM-0x2f_02554_DELIM-0x2f_06) is ignored but added at the end
NOTE: DENV1_DELIM-0x2f_THAILAND_DELIM-0x2f_1994_DELIM-0x2f_30299_DELIM-0x2f_94 (identical to DENV1_DELIM-0x2f_THAILAND_DELIM-0x2f_1994_DELIM-0x2f_30253_DELIM-0x2f_94) is ignored but added at the end
Alignment was printed to ../resources/experimental_data/cropped/E_DENV1-delim.fasta.uniqueseq.phy

For your convenience alignment with unique sequences printed to ../resources/experimental_data/cropped/E_DENV1-delim.fasta.uniqueseq.phy

Create initial parsimony tree by phylogenetic likelihood library (PLL)... 0.056 seconds

NOTE: 48 MB RAM (0 GB) is required!
Measuring multi-threading efficiency up to 16 CPU cores
Increase to 10 rounds for branch lengths
44 trees examined
Threads: 1 / Time: 16.044 sec / Speedup: 1.000 / Efficiency: 100% / LogL: -49603
Threads: 2 / Time: 10.483 sec / Speedup: 1.531 / Efficiency: 77% / LogL: -49603
Threads: 3 / Time: 8.910 sec / Speedup: 1.801 / Efficiency: 60% / LogL: -49603
Threads: 4 / Time: 8.042 sec / Speedup: 1.995 / Efficiency: 50% / LogL: -49603
Determining AUTO threadcount: done in 43.4919 secs using 217% CPU
BEST NUMBER OF THREADS: 3

Estimate model parameters (epsilon = 0.500)
1. Initial log-likelihood: -16401.131
2. Current log-likelihood: -14615.146
3. Current log-likelihood: -14601.772
4. Current log-likelihood: -14600.942
Optimal log-likelihood: -14600.853
Rate parameters:  A-C: 0.77798  A-G: 11.83637  A-T: 2.06158  C-G: 0.32954  C-T: 37.04112  G-T: 1.00000
Base frequencies:  A: 0.329  C: 0.201  G: 0.258  T: 0.212
Gamma shape alpha: 0.302
Parameters optimization took 4 rounds (1.440 sec)
Wrote distance file to... 
Computing ML distances based on estimated model parameters...
Calculating distance matrix: done in 0.251914 secs using 299.2% CPU
Computing ML distances took 0.253352 sec (of wall-clock time) 0.753843 sec (of CPU time)
Setting up auxiliary I and S matrices: done in 0.00246538 secs using 295.2% CPU
Constructing RapidNJ tree: done in 0.0795149 secs using 181.2% CPU
Computing RapidNJ tree took 0.082048 sec (of wall-clock time) 0.151549 sec (of CPU time)
Log-likelihood of RapidNJ tree: -14646.244
--------------------------------------------------------------------
|             INITIALIZING CANDIDATE TREE SET                      |
--------------------------------------------------------------------

Do NNI search on 2 best initial trees
Optimizing NNI: done in 0.252547 secs using 296% CPU
Estimate model parameters (epsilon = 0.500)
BETTER TREE FOUND at iteration 1: -14596.073
Optimizing NNI: done in 0.405309 secs using 294.7% CPU
Estimate model parameters (epsilon = 0.500)
BETTER TREE FOUND at iteration 2: -14590.700
Finish initializing candidate tree set (4)
Current best tree score: -14590.700 / CPU time: 0.869
Number of iterations: 2
TREE SEARCH COMPLETED AFTER 2 ITERATIONS / Time: 0h:0m:46s

--------------------------------------------------------------------
|                    FINALIZING TREE SEARCH                        |
--------------------------------------------------------------------
Performs final model parameters optimization
Estimate model parameters (epsilon = 0.050)
1. Initial log-likelihood: -14590.700
Optimal log-likelihood: -14590.696
Rate parameters:  A-C: 0.79542  A-G: 11.72305  A-T: 2.02258  C-G: 0.32875  C-T: 37.07146  G-T: 1.00000
Base frequencies:  A: 0.329  C: 0.201  G: 0.258  T: 0.212
Gamma shape alpha: 0.301
Parameters optimization took 1 rounds (0.074 sec)
BEST SCORE FOUND : -14590.696
Total tree length: 1.224

Total number of iterations: 2
CPU time used for tree search: 2.574 sec (0h:0m:2s)
Wall-clock time used for tree search: 0.870 sec (0h:0m:0s)
Total CPU time used: 103.008 sec (0h:1m:43s)
Total wall-clock time used: 46.469 sec (0h:0m:46s)

Analysis results written to: 
  IQ-TREE report:                ../resources/experimental_data/cropped/E_DENV1-delim.fasta.iqtree
  Maximum-likelihood tree:       ../resources/experimental_data/cropped/E_DENV1-delim.fasta.treefile
  Likelihood distances:          ../resources/experimental_data/cropped/E_DENV1-delim.fasta.mldist
  Screen log file:               ../resources/experimental_data/cropped/E_DENV1-delim.fasta.log

Date and Time: Tue Jul 14 17:25:53 2026
