short.name,unified.sequence.names,subset,subset2,serotype,year,country,region,region.thai,genotype,set
d1thai64,DENV1/THAILAND/1964/16007,GLOBAL,GLOBAL,DENV1,1964,THAILAND,ASIA/OCEANIA,ASIA/OCEANIA,DENV1-II,set1
d1nauru74,DENV1/NAURU/1974/RDENV1-WP-1A,GLOBAL,GLOBAL,DENV1,1974,NAURU,ASIA/OCEANIA,ASIA/OCEANIA,DENV1-IV,set1
d1peru,DENV1/PERU/2000/IQT-6152,GLOBAL,GLOBAL,DENV1,2000,PERU,AMERICAS/AFRICA,AMERICAS/AFRICA,DENV1-V,set2
d1ven,DENV1/VENEZUELA/2000/OBT-1298,GLOBAL,GLOBAL,DENV1,2000,VENEZUELA,AMERICAS/AFRICA,AMERICAS/AFRICA,DENV1-V,NA
d1burma05,DENV1/MYANMAR/2005/61117,GLOBAL,GLOBAL,DENV1,2005,MYANMAR,ASIA/OCEANIA,ASIA/OCEANIA,DENV1-I,NA
d1pr06,DENV1/PUERTORICO/2006/BID-V852,GLOBAL,GLOBAL,DENV1,2006,PUERTORICO,AMERICAS/AFRICA,AMERICAS/AFRICA,DENV1-V,NA
d1vn08,DENV1/VIETNAM/2008/BID-V1937,GLOBAL,GLOBAL,DENV1,2008,VIETNAM,ASIA/OCEANIA,ASIA/OCEANIA,DENV1-I,NA
d1bol,DENV1/BOLIVIA/2010/FSB-3363,GLOBAL,GLOBAL,DENV1,2010,BOLIVIA,AMERICAS/AFRICA,AMERICAS/AFRICA,DENV1-V,set1
d1cam80,DENV1/CAMBODIA/2003/FJ639680,CAMBODIA,CAMBODIA,DENV1,2003,CAMBODIA,ASIA/OCEANIA,ASIA/OCEANIA,DENV1-I,NA
d1cam069,DENV1/CAMBODIA/2003/FJ850069,CAMBODIA,CAMBODIA,DENV1,2003,CAMBODIA,ASIA/OCEANIA,ASIA/OCEANIA,DENV1-I,NA
d1cam19,DENV1/CAMBODIA/2003/GQ868619,CAMBODIA,CAMBODIA,DENV1,2003,CAMBODIA,ASIA/OCEANIA,ASIA/OCEANIA,DENV1-I,NA
d1cam687,DENV1/CAMBODIA/2006/FJ639687,CAMBODIA,CAMBODIA,DENV1,2006,CAMBODIA,ASIA/OCEANIA,ASIA/OCEANIA,DENV1-I,set4
d1cam693,DENV1/CAMBODIA/2007/FJ639693,CAMBODIA,CAMBODIA,DENV1,2007,CAMBODIA,ASIA/OCEANIA,ASIA/OCEANIA,DENV1-I,set4
d1cam696,DENV1/CAMBODIA/2007/FJ639696,CAMBODIA,CAMBODIA,DENV1,2007,CAMBODIA,ASIA/OCEANIA,ASIA/OCEANIA,DENV1-I,set4
d1cam632,DENV1/CAMBODIA/2008/GQ868632,CAMBODIA,CAMBODIA,DENV1,2008,CAMBODIA,ASIA/OCEANIA,ASIA/OCEANIA,DENV1-I,NA
d1cam894,DENV1/CAMBODIA/2008/GU131894,CAMBODIA,CAMBODIA,DENV1,2008,CAMBODIA,ASIA/OCEANIA,ASIA/OCEANIA,DENV1-I,NA
d1cam271,DENV1/CAMBODIA/2010/U0609271,CAMBODIA,CAMBODIA,DENV1,2010,CAMBODIA,ASIA/OCEANIA,ASIA/OCEANIA,DENV1-I,NA
d1cam272,DENV1/CAMBODIA/2010/U0616272,CAMBODIA,CAMBODIA,DENV1,2010,CAMBODIA,ASIA/OCEANIA,ASIA/OCEANIA,DENV1-I,NA
d1cam308,DENV1/CAMBODIA/2011/V0504308,CAMBODIA,CAMBODIA,DENV1,2011,CAMBODIA,ASIA/OCEANIA,ASIA/OCEANIA,DENV1-I,NA
d1cam313,DENV1/CAMBODIA/2011/V0524313,CAMBODIA,CAMBODIA,DENV1,2011,CAMBODIA,ASIA/OCEANIA,ASIA/OCEANIA,DENV1-I,NA
A/00633/80,DENV1/THAILAND/1980/00633/80,THAILAND.pre,THAILAND,DENV1,1980,THAILAND,ASIA/OCEANIA,THAILAND,DENV1-V,set3
A/01738/80,DENV1/THAILAND/1980/01738/80,THAILAND.pre,THAILAND,DENV1,1980,THAILAND,ASIA/OCEANIA,THAILAND,DENV1-V,set3
A/03228/80,DENV1/THAILAND/1980/03228/80,THAILAND.pre,THAILAND,DENV1,1980,THAILAND,ASIA/OCEANIA,THAILAND,DENV1-V,set2
A/00437/82,DENV1/THAILAND/1982/00437/82,THAILAND.pre,THAILAND,DENV1,1982,THAILAND,ASIA/OCEANIA,THAILAND,DENV1-I,set3
A/00493/83,DENV1/THAILAND/1983/00493/83,THAILAND.pre,THAILAND,DENV1,1983,THAILAND,ASIA/OCEANIA,THAILAND,DENV1-V,set2
A/00522/88,DENV1/THAILAND/1988/00522/88,THAILAND.pre,THAILAND,DENV1,1988,THAILAND,ASIA/OCEANIA,THAILAND,DENV1-I,NA
A/00098/91,DENV1/THAILAND/1991/00098/91,THAILAND.pre,THAILAND,DENV1,1991,THAILAND,ASIA/OCEANIA,THAILAND,DENV1-I,NA
A/00066/94,DENV1/THAILAND/1994/00066/94,THAILAND,THAILAND,DENV1,1994,THAILAND,ASIA/OCEANIA,THAILAND,DENV1-I,NA
A/00168/94,DENV1/THAILAND/1994/00168/94,THAILAND,THAILAND,DENV1,1994,THAILAND,ASIA/OCEANIA,THAILAND,DENV1-I,NA
A/00212/94,DENV1/THAILAND/1994/00212/94,THAILAND,THAILAND,DENV1,1994,THAILAND,ASIA/OCEANIA,THAILAND,DENV1-I,NA
A/00263/94,DENV1/THAILAND/1994/00263/94,THAILAND,THAILAND,DENV1,1994,THAILAND,ASIA/OCEANIA,THAILAND,DENV1-I,NA
A/00350/94,DENV1/THAILAND/1994/00350/94,THAILAND,THAILAND,DENV1,1994,THAILAND,ASIA/OCEANIA,THAILAND,DENV1-I,NA
A/00395/94,DENV1/THAILAND/1994/00395/94,THAILAND,THAILAND,DENV1,1994,THAILAND,ASIA/OCEANIA,THAILAND,DENV1-I,NA
A/00424/94,DENV1/THAILAND/1994/00424/94,THAILAND,THAILAND,DENV1,1994,THAILAND,ASIA/OCEANIA,THAILAND,DENV1-I,NA
A/00532/94,DENV1/THAILAND/1994/00532/94,THAILAND,THAILAND,DENV1,1994,THAILAND,ASIA/OCEANIA,THAILAND,DENV1-I,set4
A/00537/94,DENV1/THAILAND/1994/00537/94,THAILAND,THAILAND,DENV1,1994,THAILAND,ASIA/OCEANIA,THAILAND,DENV1-I,NA
A/00650/94,DENV1/THAILAND/1994/00650/94,THAILAND,THAILAND,DENV1,1994,THAILAND,ASIA/OCEANIA,THAILAND,DENV1-I,NA
A/00713/94,DENV1/THAILAND/1994/00713/94,THAILAND,THAILAND,DENV1,1994,THAILAND,ASIA/OCEANIA,THAILAND,DENV1-I,NA
A/00740/94,DENV1/THAILAND/1994/00740/94,THAILAND,THAILAND,DENV1,1994,THAILAND,ASIA/OCEANIA,THAILAND,DENV1-I,NA
A/00817/94,DENV1/THAILAND/1994/00817/94,THAILAND,THAILAND,DENV1,1994,THAILAND,ASIA/OCEANIA,THAILAND,DENV1-I,set3
A/00821/94,DENV1/THAILAND/1994/00821/94,THAILAND,THAILAND,DENV1,1994,THAILAND,ASIA/OCEANIA,THAILAND,DENV1-I,NA
A/00938/94,DENV1/THAILAND/1994/00938/94,THAILAND,THAILAND,DENV1,1994,THAILAND,ASIA/OCEANIA,THAILAND,DENV1-I,NA
A/01088/94,DENV1/THAILAND/1994/01088/94,THAILAND,THAILAND,DENV1,1994,THAILAND,ASIA/OCEANIA,THAILAND,DENV1-I,NA
A/01308/94,DENV1/THAILAND/1994/01308/94,THAILAND,THAILAND,DENV1,1994,THAILAND,ASIA/OCEANIA,THAILAND,DENV1-I,NA
A/01310/94,DENV1/THAILAND/1994/01310/94,THAILAND,THAILAND,DENV1,1994,THAILAND,ASIA/OCEANIA,THAILAND,DENV1-I,NA
A/01385/94,DENV1/THAILAND/1994/01385/94,THAILAND,THAILAND,DENV1,1994,THAILAND,ASIA/OCEANIA,THAILAND,DENV1-I,NA
A/01447/94,DENV1/THAILAND/1994/01447/94,THAILAND,THAILAND,DENV1,1994,THAILAND,ASIA/OCEANIA,THAILAND,DENV1-I,NA
A/01471/94,DENV1/THAILAND/1994/01471/94,THAILAND,THAILAND,DENV1,1994,THAILAND,ASIA/OCEANIA,THAILAND,DENV1-I,NA
A/01476/94,DENV1/THAILAND/1994/01476/94,THAILAND,THAILAND,DENV1,1994,THAILAND,ASIA/OCEANIA,THAILAND,DENV1-I,NA
A/01495/94,DENV1/THAILAND/1994/01495/94,THAILAND,THAILAND,DENV1,1994,THAILAND,ASIA/OCEANIA,THAILAND,DENV1-I,set3
A/01533/94,DENV1/THAILAND/1994/01533/94,THAILAND,THAILAND,DENV1,1994,THAILAND,ASIA/OCEANIA,THAILAND,DENV1-I,NA
A/01723/94,DENV1/THAILAND/1994/01723/94,THAILAND,THAILAND,DENV1,1994,THAILAND,ASIA/OCEANIA,THAILAND,DENV1-I,NA
A/30031/94,DENV1/THAILAND/1994/30031/94,THAILAND,THAILAND,DENV1,1994,THAILAND,ASIA/OCEANIA,THAILAND,DENV1-I,NA
A/30116/94,DENV1/THAILAND/1994/30116/94,THAILAND,THAILAND,DENV1,1994,THAILAND,ASIA/OCEANIA,THAILAND,DENV1-I,NA
A/30156/94,DENV1/THAILAND/1994/30156/94,THAILAND,THAILAND,DENV1,1994,THAILAND,ASIA/OCEANIA,THAILAND,DENV1-I,NA
A/30157/94,DENV1/THAILAND/1994/30157/94,THAILAND,THAILAND,DENV1,1994,THAILAND,ASIA/OCEANIA,THAILAND,DENV1-I,NA
A/30174/94,DENV1/THAILAND/1994/30174/94,THAILAND,THAILAND,DENV1,1994,THAILAND,ASIA/OCEANIA,THAILAND,DENV1-I,NA
A/30182/94,DENV1/THAILAND/1994/30182/94,THAILAND,THAILAND,DENV1,1994,THAILAND,ASIA/OCEANIA,THAILAND,DENV1-I,NA
A/30253/94,DENV1/THAILAND/1994/30253/94,THAILAND,THAILAND,DENV1,1994,THAILAND,ASIA/OCEANIA,THAILAND,DENV1-I,NA
A/30262/94,DENV1/THAILAND/1994/30262/94,THAILAND,THAILAND,DENV1,1994,THAILAND,ASIA/OCEANIA,THAILAND,DENV1-I,NA
A/30299/94,DENV1/THAILAND/1994/30299/94,THAILAND,THAILAND,DENV1,1994,THAILAND,ASIA/OCEANIA,THAILAND,DENV1-I,NA
A/30515/94,DENV1/THAILAND/1994/30515/94,THAILAND,THAILAND,DENV1,1994,THAILAND,ASIA/OCEANIA,THAILAND,DENV1-I,NA
A/30577/94,DENV1/THAILAND/1994/30577/94,THAILAND,THAILAND,DENV1,1994,THAILAND,ASIA/OCEANIA,THAILAND,DENV1-I,NA
A/30620/94,DENV1/THAILAND/1994/30620/94,THAILAND,THAILAND,DENV1,1994,THAILAND,ASIA/OCEANIA,THAILAND,DENV1-I,NA
A/30722/94,DENV1/THAILAND/1994/30722/94,THAILAND,THAILAND,DENV1,1994,THAILAND,ASIA/OCEANIA,THAILAND,DENV1-I,NA
A/30778/94,DENV1/THAILAND/1994/30778/94,THAILAND,THAILAND,DENV1,1994,THAILAND,ASIA/OCEANIA,THAILAND,DENV1-I,NA
A/30797/94,DENV1/THAILAND/1994/30797/94,THAILAND,THAILAND,DENV1,1994,THAILAND,ASIA/OCEANIA,THAILAND,DENV1-I,NA
A/00207/95,DENV1/THAILAND/1995/00207/95,THAILAND,THAILAND,DENV1,1995,THAILAND,ASIA/OCEANIA,THAILAND,DENV1-I,NA
A/00229/95,DENV1/THAILAND/1995/00229/95,THAILAND,THAILAND,DENV1,1995,THAILAND,ASIA/OCEANIA,THAILAND,DENV1-I,set1
A/00257/95,DENV1/THAILAND/1995/00257/95,THAILAND,THAILAND,DENV1,1995,THAILAND,ASIA/OCEANIA,THAILAND,DENV1-I,set1
A/00288/95,DENV1/THAILAND/1995/00288/95,THAILAND,THAILAND,DENV1,1995,THAILAND,ASIA/OCEANIA,THAILAND,DENV1-I,set1
A/00410/95,DENV1/THAILAND/1995/00410/95,THAILAND,THAILAND,DENV1,1995,THAILAND,ASIA/OCEANIA,THAILAND,DENV1-I,set1
A/00471/95,DENV1/THAILAND/1995/00471/95,THAILAND,THAILAND,DENV1,1995,THAILAND,ASIA/OCEANIA,THAILAND,DENV1-I,NA
A/00487/95,DENV1/THAILAND/1995/00487/95,THAILAND,THAILAND,DENV1,1995,THAILAND,ASIA/OCEANIA,THAILAND,DENV1-I,NA
A/00569/95,DENV1/THAILAND/1995/00569/95,THAILAND,THAILAND,DENV1,1995,THAILAND,ASIA/OCEANIA,THAILAND,DENV1-I,NA
A/00582/95,DENV1/THAILAND/1995/00582/95,THAILAND,THAILAND,DENV1,1995,THAILAND,ASIA/OCEANIA,THAILAND,DENV1-I,NA
A/00590/95,DENV1/THAILAND/1995/00590/95,THAILAND,THAILAND,DENV1,1995,THAILAND,ASIA/OCEANIA,THAILAND,DENV1-I,NA
A/00595/95,DENV1/THAILAND/1995/00595/95,THAILAND,THAILAND,DENV1,1995,THAILAND,ASIA/OCEANIA,THAILAND,DENV1-I,NA
A/00614/95,DENV1/THAILAND/1995/00614/95,THAILAND,THAILAND,DENV1,1995,THAILAND,ASIA/OCEANIA,THAILAND,DENV1-I,NA
A/00637/95,DENV1/THAILAND/1995/00637/95,THAILAND,THAILAND,DENV1,1995,THAILAND,ASIA/OCEANIA,THAILAND,DENV1-I,NA
A/00668/95,DENV1/THAILAND/1995/00668/95,THAILAND,THAILAND,DENV1,1995,THAILAND,ASIA/OCEANIA,THAILAND,DENV1-I,NA
A/00769/95,DENV1/THAILAND/1995/00769/95,THAILAND,THAILAND,DENV1,1995,THAILAND,ASIA/OCEANIA,THAILAND,DENV1-I,NA
A/00968/95,DENV1/THAILAND/1995/00968/95,THAILAND,THAILAND,DENV1,1995,THAILAND,ASIA/OCEANIA,THAILAND,DENV1-I,NA
A/00975/95,DENV1/THAILAND/1995/00975/95,THAILAND,THAILAND,DENV1,1995,THAILAND,ASIA/OCEANIA,THAILAND,DENV1-I,NA
A/00978/95,DENV1/THAILAND/1995/00978/95,THAILAND,THAILAND,DENV1,1995,THAILAND,ASIA/OCEANIA,THAILAND,DENV1-I,NA
A/00995/95,DENV1/THAILAND/1995/00995/95,THAILAND,THAILAND,DENV1,1995,THAILAND,ASIA/OCEANIA,THAILAND,DENV1-I,NA
A/01014/95,DENV1/THAILAND/1995/01014/95,THAILAND,THAILAND,DENV1,1995,THAILAND,ASIA/OCEANIA,THAILAND,DENV1-I,NA
A/01097/95,DENV1/THAILAND/1995/01097/95,THAILAND,THAILAND,DENV1,1995,THAILAND,ASIA/OCEANIA,THAILAND,DENV1-I,NA
A/01199/95,DENV1/THAILAND/1995/01199/95,THAILAND,THAILAND,DENV1,1995,THAILAND,ASIA/OCEANIA,THAILAND,DENV1-I,NA
A/01213/95,DENV1/THAILAND/1995/01213/95,THAILAND,THAILAND,DENV1,1995,THAILAND,ASIA/OCEANIA,THAILAND,DENV1-I,NA
A/01262/95,DENV1/THAILAND/1995/01262/95,THAILAND,THAILAND,DENV1,1995,THAILAND,ASIA/OCEANIA,THAILAND,DENV1-I,NA
A/01277/95,DENV1/THAILAND/1995/01277/95,THAILAND,THAILAND,DENV1,1995,THAILAND,ASIA/OCEANIA,THAILAND,DENV1-I,NA
A/01283/95,DENV1/THAILAND/1995/01283/95,THAILAND,THAILAND,DENV1,1995,THAILAND,ASIA/OCEANIA,THAILAND,DENV1-I,NA
A/01293/95,DENV1/THAILAND/1995/01293/95,THAILAND,THAILAND,DENV1,1995,THAILAND,ASIA/OCEANIA,THAILAND,DENV1-I,NA
A/01364/95,DENV1/THAILAND/1995/01364/95,THAILAND,THAILAND,DENV1,1995,THAILAND,ASIA/OCEANIA,THAILAND,DENV1-I,NA
A/01423/95,DENV1/THAILAND/1995/01423/95,THAILAND,THAILAND,DENV1,1995,THAILAND,ASIA/OCEANIA,THAILAND,DENV1-I,NA
A/01459/95,DENV1/THAILAND/1995/01459/95,THAILAND,THAILAND,DENV1,1995,THAILAND,ASIA/OCEANIA,THAILAND,DENV1-I,NA
A/01608/95,DENV1/THAILAND/1995/01608/95,THAILAND,THAILAND,DENV1,1995,THAILAND,ASIA/OCEANIA,THAILAND,DENV1-I,NA
A/01827/95,DENV1/THAILAND/1995/01827/95,THAILAND,THAILAND,DENV1,1995,THAILAND,ASIA/OCEANIA,THAILAND,DENV1-I,NA
A/30103/95,DENV1/THAILAND/1995/30103/95,THAILAND,THAILAND,DENV1,1995,THAILAND,ASIA/OCEANIA,THAILAND,DENV1-I,NA
A/30139/95,DENV1/THAILAND/1995/30139/95,THAILAND,THAILAND,DENV1,1995,THAILAND,ASIA/OCEANIA,THAILAND,DENV1-I,NA
A/30158/95,DENV1/THAILAND/1995/30158/95,THAILAND,THAILAND,DENV1,1995,THAILAND,ASIA/OCEANIA,THAILAND,DENV1-I,NA
A/30166/95,DENV1/THAILAND/1995/30166/95,THAILAND,THAILAND,DENV1,1995,THAILAND,ASIA/OCEANIA,THAILAND,DENV1-I,NA
A/30177/95,DENV1/THAILAND/1995/30177/95,THAILAND,THAILAND,DENV1,1995,THAILAND,ASIA/OCEANIA,THAILAND,DENV1-I,NA
A/30179/95,DENV1/THAILAND/1995/30179/95,THAILAND,THAILAND,DENV1,1995,THAILAND,ASIA/OCEANIA,THAILAND,DENV1-I,NA
A/30201/95,DENV1/THAILAND/1995/30201/95,THAILAND,THAILAND,DENV1,1995,THAILAND,ASIA/OCEANIA,THAILAND,DENV1-I,NA
A/30211/95,DENV1/THAILAND/1995/30211/95,THAILAND,THAILAND,DENV1,1995,THAILAND,ASIA/OCEANIA,THAILAND,DENV1-I,NA
A/30254/95,DENV1/THAILAND/1995/30254/95,THAILAND,THAILAND,DENV1,1995,THAILAND,ASIA/OCEANIA,THAILAND,DENV1-I,NA
A/30255/95,DENV1/THAILAND/1995/30255/95,THAILAND,THAILAND,DENV1,1995,THAILAND,ASIA/OCEANIA,THAILAND,DENV1-I,NA
A/30295/95,DENV1/THAILAND/1995/30295/95,THAILAND,THAILAND,DENV1,1995,THAILAND,ASIA/OCEANIA,THAILAND,DENV1-I,NA
A/30423/95,DENV1/THAILAND/1995/30423/95,THAILAND,THAILAND,DENV1,1995,THAILAND,ASIA/OCEANIA,THAILAND,DENV1-I,NA
A/30466/95,DENV1/THAILAND/1995/30466/95,THAILAND,THAILAND,DENV1,1995,THAILAND,ASIA/OCEANIA,THAILAND,DENV1-I,NA
A/00375/96,DENV1/THAILAND/1996/00375/96,THAILAND,THAILAND,DENV1,1996,THAILAND,ASIA/OCEANIA,THAILAND,DENV1-I,NA
A/00942/96,DENV1/THAILAND/1996/00942/96,THAILAND,THAILAND,DENV1,1996,THAILAND,ASIA/OCEANIA,THAILAND,DENV1-I,set3
A/00970/96,DENV1/THAILAND/1996/00970/96,THAILAND,THAILAND,DENV1,1996,THAILAND,ASIA/OCEANIA,THAILAND,DENV1-I,NA
A/01023/96,DENV1/THAILAND/1996/01023/96,THAILAND,THAILAND,DENV1,1996,THAILAND,ASIA/OCEANIA,THAILAND,DENV1-I,NA
A/01049/96,DENV1/THAILAND/1996/01049/96,THAILAND,THAILAND,DENV1,1996,THAILAND,ASIA/OCEANIA,THAILAND,DENV1-I,NA
A/01055/96,DENV1/THAILAND/1996/01055/96,THAILAND,THAILAND,DENV1,1996,THAILAND,ASIA/OCEANIA,THAILAND,DENV1-I,NA
A/01095/96,DENV1/THAILAND/1996/01095/96,THAILAND,THAILAND,DENV1,1996,THAILAND,ASIA/OCEANIA,THAILAND,DENV1-I,NA
A/01114/96,DENV1/THAILAND/1996/01114/96,THAILAND,THAILAND,DENV1,1996,THAILAND,ASIA/OCEANIA,THAILAND,DENV1-I,NA
A/01134/96,DENV1/THAILAND/1996/01134/96,THAILAND,THAILAND,DENV1,1996,THAILAND,ASIA/OCEANIA,THAILAND,DENV1-I,NA
A/01139/96,DENV1/THAILAND/1996/01139/96,THAILAND,THAILAND,DENV1,1996,THAILAND,ASIA/OCEANIA,THAILAND,DENV1-I,NA
A/01231/96,DENV1/THAILAND/1996/01231/96,THAILAND,THAILAND,DENV1,1996,THAILAND,ASIA/OCEANIA,THAILAND,DENV1-I,set3
A/01524/96,DENV1/THAILAND/1996/01524/96,THAILAND,THAILAND,DENV1,1996,THAILAND,ASIA/OCEANIA,THAILAND,DENV1-I,NA
A/01763/96,DENV1/THAILAND/1996/01763/96,THAILAND,THAILAND,DENV1,1996,THAILAND,ASIA/OCEANIA,THAILAND,DENV1-I,NA
A/01771/96,DENV1/THAILAND/1996/01771/96,THAILAND,THAILAND,DENV1,1996,THAILAND,ASIA/OCEANIA,THAILAND,DENV1-I,NA
A/01789/96,DENV1/THAILAND/1996/01789/96,THAILAND,THAILAND,DENV1,1996,THAILAND,ASIA/OCEANIA,THAILAND,DENV1-I,NA
A/01792/96,DENV1/THAILAND/1996/01792/96,THAILAND,THAILAND,DENV1,1996,THAILAND,ASIA/OCEANIA,THAILAND,DENV1-I,NA
A/01867/96,DENV1/THAILAND/1996/01867/96,THAILAND,THAILAND,DENV1,1996,THAILAND,ASIA/OCEANIA,THAILAND,DENV1-I,NA
A/02174/96,DENV1/THAILAND/1996/02174/96,THAILAND,THAILAND,DENV1,1996,THAILAND,ASIA/OCEANIA,THAILAND,DENV1-I,NA
A/02185/96,DENV1/THAILAND/1996/02185/96,THAILAND,THAILAND,DENV1,1996,THAILAND,ASIA/OCEANIA,THAILAND,DENV1-I,NA
A/02208/96,DENV1/THAILAND/1996/02208/96,THAILAND,THAILAND,DENV1,1996,THAILAND,ASIA/OCEANIA,THAILAND,DENV1-I,NA
A/02264/96,DENV1/THAILAND/1996/02264/96,THAILAND,THAILAND,DENV1,1996,THAILAND,ASIA/OCEANIA,THAILAND,DENV1-I,NA
A/02443/96,DENV1/THAILAND/1996/02443/96,THAILAND,THAILAND,DENV1,1996,THAILAND,ASIA/OCEANIA,THAILAND,DENV1-I,NA
A/02452/96,DENV1/THAILAND/1996/02452/96,THAILAND,THAILAND,DENV1,1996,THAILAND,ASIA/OCEANIA,THAILAND,DENV1-I,NA
A/00012/97,DENV1/THAILAND/1997/00012/97,THAILAND,THAILAND,DENV1,1997,THAILAND,ASIA/OCEANIA,THAILAND,DENV1-I,NA
A/00115/97,DENV1/THAILAND/1997/00115/97,THAILAND,THAILAND,DENV1,1997,THAILAND,ASIA/OCEANIA,THAILAND,DENV1-I,NA
A/00377/97,DENV1/THAILAND/1997/00377/97,THAILAND,THAILAND,DENV1,1997,THAILAND,ASIA/OCEANIA,THAILAND,DENV1-I,NA
A/00382/97,DENV1/THAILAND/1997/00382/97,THAILAND,THAILAND,DENV1,1997,THAILAND,ASIA/OCEANIA,THAILAND,DENV1-I,set4
A/00926/97,DENV1/THAILAND/1997/00926/97,THAILAND,THAILAND,DENV1,1997,THAILAND,ASIA/OCEANIA,THAILAND,DENV1-I,NA
A/00927/97,DENV1/THAILAND/1997/00927/97,THAILAND,THAILAND,DENV1,1997,THAILAND,ASIA/OCEANIA,THAILAND,DENV1-I,NA
A/01057/97,DENV1/THAILAND/1997/01057/97,THAILAND,THAILAND,DENV1,1997,THAILAND,ASIA/OCEANIA,THAILAND,DENV1-I,NA
A/01403/97,DENV1/THAILAND/1997/01403/97,THAILAND,THAILAND,DENV1,1997,THAILAND,ASIA/OCEANIA,THAILAND,DENV1-I,NA
A/02080/97,DENV1/THAILAND/1997/02080/97,THAILAND,THAILAND,DENV1,1997,THAILAND,ASIA/OCEANIA,THAILAND,DENV1-I,set3
A/02090/97,DENV1/THAILAND/1997/02090/97,THAILAND,THAILAND,DENV1,1997,THAILAND,ASIA/OCEANIA,THAILAND,DENV1-I,NA
A/02588/97,DENV1/THAILAND/1997/02588/97,THAILAND,THAILAND,DENV1,1997,THAILAND,ASIA/OCEANIA,THAILAND,DENV1-I,set3
A/02701/97,DENV1/THAILAND/1997/02701/97,THAILAND,THAILAND,DENV1,1997,THAILAND,ASIA/OCEANIA,THAILAND,DENV1-I,NA
A/03152/97,DENV1/THAILAND/1997/03152/97,THAILAND,THAILAND,DENV1,1997,THAILAND,ASIA/OCEANIA,THAILAND,DENV1-I,NA
A/03398/97,DENV1/THAILAND/1997/03398/97,THAILAND,THAILAND,DENV1,1997,THAILAND,ASIA/OCEANIA,THAILAND,DENV1-I,NA
A/03401/97,DENV1/THAILAND/1997/03401/97,THAILAND,THAILAND,DENV1,1997,THAILAND,ASIA/OCEANIA,THAILAND,DENV1-I,NA
A/03948/97,DENV1/THAILAND/1997/03948/97,THAILAND,THAILAND,DENV1,1997,THAILAND,ASIA/OCEANIA,THAILAND,DENV1-I,NA
A/04772/97,DENV1/THAILAND/1997/04772/97,THAILAND,THAILAND,DENV1,1997,THAILAND,ASIA/OCEANIA,THAILAND,DENV1-I,set3
A/05014/97,DENV1/THAILAND/1997/05014/97,THAILAND,THAILAND,DENV1,1997,THAILAND,ASIA/OCEANIA,THAILAND,DENV1-I,NA
A/05035/97,DENV1/THAILAND/1997/05035/97,THAILAND,THAILAND,DENV1,1997,THAILAND,ASIA/OCEANIA,THAILAND,DENV1-I,NA
A/05131/97,DENV1/THAILAND/1997/05131/97,THAILAND,THAILAND,DENV1,1997,THAILAND,ASIA/OCEANIA,THAILAND,DENV1-I,NA
A/05802/97,DENV1/THAILAND/1997/05802/97,THAILAND,THAILAND,DENV1,1997,THAILAND,ASIA/OCEANIA,THAILAND,DENV1-I,NA
A/05865/97,DENV1/THAILAND/1997/05865/97,THAILAND,THAILAND,DENV1,1997,THAILAND,ASIA/OCEANIA,THAILAND,DENV1-I,NA
A/07423/97,DENV1/THAILAND/1997/07423/97,THAILAND,THAILAND,DENV1,1997,THAILAND,ASIA/OCEANIA,THAILAND,DENV1-I,NA
A/07794/97,DENV1/THAILAND/1997/07794/97,THAILAND,THAILAND,DENV1,1997,THAILAND,ASIA/OCEANIA,THAILAND,DENV1-I,NA
A/00141/98,DENV1/THAILAND/1998/00141/98,THAILAND,THAILAND,DENV1,1998,THAILAND,ASIA/OCEANIA,THAILAND,DENV1-I,set1
A/00233/98,DENV1/THAILAND/1998/00233/98,THAILAND,THAILAND,DENV1,1998,THAILAND,ASIA/OCEANIA,THAILAND,DENV1-I,NA
A/00422/98,DENV1/THAILAND/1998/00422/98,THAILAND,THAILAND,DENV1,1998,THAILAND,ASIA/OCEANIA,THAILAND,DENV1-I,set1
A/00428/98,DENV1/THAILAND/1998/00428/98,THAILAND,THAILAND,DENV1,1998,THAILAND,ASIA/OCEANIA,THAILAND,DENV1-I,NA
A/00442/98,DENV1/THAILAND/1998/00442/98,THAILAND,THAILAND,DENV1,1998,THAILAND,ASIA/OCEANIA,THAILAND,DENV1-I,NA
A/00473/98,DENV1/THAILAND/1998/00473/98,THAILAND,THAILAND,DENV1,1998,THAILAND,ASIA/OCEANIA,THAILAND,DENV1-I,NA
A/00592/98,DENV1/THAILAND/1998/00592/98,THAILAND,THAILAND,DENV1,1998,THAILAND,ASIA/OCEANIA,THAILAND,DENV1-I,NA
A/00669/98,DENV1/THAILAND/1998/00669/98,THAILAND,THAILAND,DENV1,1998,THAILAND,ASIA/OCEANIA,THAILAND,DENV1-I,NA
A/00739/98,DENV1/THAILAND/1998/00739/98,THAILAND,THAILAND,DENV1,1998,THAILAND,ASIA/OCEANIA,THAILAND,DENV1-I,NA
A/01173/98,DENV1/THAILAND/1998/01173/98,THAILAND,THAILAND,DENV1,1998,THAILAND,ASIA/OCEANIA,THAILAND,DENV1-I,NA
A/01315/98,DENV1/THAILAND/1998/01315/98,THAILAND,THAILAND,DENV1,1998,THAILAND,ASIA/OCEANIA,THAILAND,DENV1-I,NA
A/01579/98,DENV1/THAILAND/1998/01579/98,THAILAND,THAILAND,DENV1,1998,THAILAND,ASIA/OCEANIA,THAILAND,DENV1-I,NA
A/01582/98,DENV1/THAILAND/1998/01582/98,THAILAND,THAILAND,DENV1,1998,THAILAND,ASIA/OCEANIA,THAILAND,DENV1-I,NA
A/01610/98,DENV1/THAILAND/1998/01610/98,THAILAND,THAILAND,DENV1,1998,THAILAND,ASIA/OCEANIA,THAILAND,DENV1-I,NA
A/01723/98,DENV1/THAILAND/1998/01723/98,THAILAND,THAILAND,DENV1,1998,THAILAND,ASIA/OCEANIA,THAILAND,DENV1-I,NA
A/01932/98,DENV1/THAILAND/1998/01932/98,THAILAND,THAILAND,DENV1,1998,THAILAND,ASIA/OCEANIA,THAILAND,DENV1-I,NA
A/02128/98,DENV1/THAILAND/1998/02128/98,THAILAND,THAILAND,DENV1,1998,THAILAND,ASIA/OCEANIA,THAILAND,DENV1-I,set1
A/02355/98,DENV1/THAILAND/1998/02355/98,THAILAND,THAILAND,DENV1,1998,THAILAND,ASIA/OCEANIA,THAILAND,DENV1-I,NA
A/02640/98,DENV1/THAILAND/1998/02640/98,THAILAND,THAILAND,DENV1,1998,THAILAND,ASIA/OCEANIA,THAILAND,DENV1-I,NA
A/02932/98,DENV1/THAILAND/1998/02932/98,THAILAND,THAILAND,DENV1,1998,THAILAND,ASIA/OCEANIA,THAILAND,DENV1-I,NA
A/02988/98,DENV1/THAILAND/1998/02988/98,THAILAND,THAILAND,DENV1,1998,THAILAND,ASIA/OCEANIA,THAILAND,DENV1-I,NA
A/04294/98,DENV1/THAILAND/1998/04294/98,THAILAND,THAILAND,DENV1,1998,THAILAND,ASIA/OCEANIA,THAILAND,DENV1-I,NA
A/04404/98,DENV1/THAILAND/1998/04404/98,THAILAND,THAILAND,DENV1,1998,THAILAND,ASIA/OCEANIA,THAILAND,DENV1-I,NA
A/04922/98,DENV1/THAILAND/1998/04922/98,THAILAND,THAILAND,DENV1,1998,THAILAND,ASIA/OCEANIA,THAILAND,DENV1-I,NA
A/04979/98,DENV1/THAILAND/1998/04979/98,THAILAND,THAILAND,DENV1,1998,THAILAND,ASIA/OCEANIA,THAILAND,DENV1-I,NA
A/04985/98,DENV1/THAILAND/1998/04985/98,THAILAND,THAILAND,DENV1,1998,THAILAND,ASIA/OCEANIA,THAILAND,DENV1-I,NA
A/05917/98,DENV1/THAILAND/1998/05917/98,THAILAND,THAILAND,DENV1,1998,THAILAND,ASIA/OCEANIA,THAILAND,DENV1-I,NA
A/06169/98,DENV1/THAILAND/1998/06169/98,THAILAND,THAILAND,DENV1,1998,THAILAND,ASIA/OCEANIA,THAILAND,DENV1-I,NA
A/06329/98,DENV1/THAILAND/1998/06329/98,THAILAND,THAILAND,DENV1,1998,THAILAND,ASIA/OCEANIA,THAILAND,DENV1-I,NA
A/06491/98,DENV1/THAILAND/1998/06491/98,THAILAND,THAILAND,DENV1,1998,THAILAND,ASIA/OCEANIA,THAILAND,DENV1-I,NA
A/06566/98,DENV1/THAILAND/1998/06566/98,THAILAND,THAILAND,DENV1,1998,THAILAND,ASIA/OCEANIA,THAILAND,DENV1-I,NA
A/06705/98,DENV1/THAILAND/1998/06705/98,THAILAND,THAILAND,DENV1,1998,THAILAND,ASIA/OCEANIA,THAILAND,DENV1-I,NA
A/06761/98,DENV1/THAILAND/1998/06761/98,THAILAND,THAILAND,DENV1,1998,THAILAND,ASIA/OCEANIA,THAILAND,DENV1-I,NA
A/06810/98,DENV1/THAILAND/1998/06810/98,THAILAND,THAILAND,DENV1,1998,THAILAND,ASIA/OCEANIA,THAILAND,DENV1-I,set4
A/06870/98,DENV1/THAILAND/1998/06870/98,THAILAND,THAILAND,DENV1,1998,THAILAND,ASIA/OCEANIA,THAILAND,DENV1-I,set1
A/00262/99,DENV1/THAILAND/1999/00262/99,THAILAND,THAILAND,DENV1,1999,THAILAND,ASIA/OCEANIA,THAILAND,DENV1-I,NA
A/00365/99,DENV1/THAILAND/1999/00365/99,THAILAND,THAILAND,DENV1,1999,THAILAND,ASIA/OCEANIA,THAILAND,DENV1-I,NA
A/00380/99,DENV1/THAILAND/1999/00380/99,THAILAND,THAILAND,DENV1,1999,THAILAND,ASIA/OCEANIA,THAILAND,DENV1-I,set3
A/00413/99,DENV1/THAILAND/1999/00413/99,THAILAND,THAILAND,DENV1,1999,THAILAND,ASIA/OCEANIA,THAILAND,DENV1-I,NA
A/00594/99,DENV1/THAILAND/1999/00594/99,THAILAND,THAILAND,DENV1,1999,THAILAND,ASIA/OCEANIA,THAILAND,DENV1-I,NA
A/00684/99,DENV1/THAILAND/1999/00684/99,THAILAND,THAILAND,DENV1,1999,THAILAND,ASIA/OCEANIA,THAILAND,DENV1-I,NA
A/00692/99,DENV1/THAILAND/1999/00692/99,THAILAND,THAILAND,DENV1,1999,THAILAND,ASIA/OCEANIA,THAILAND,DENV1-I,set3
A/02859/99,DENV1/THAILAND/1999/02859/99,THAILAND,THAILAND,DENV1,1999,THAILAND,ASIA/OCEANIA,THAILAND,DENV1-I,NA
A/03410/99,DENV1/THAILAND/1999/03410/99,THAILAND,THAILAND,DENV1,1999,THAILAND,ASIA/OCEANIA,THAILAND,DENV1-I,NA
A/03427/99,DENV1/THAILAND/1999/03427/99,THAILAND,THAILAND,DENV1,1999,THAILAND,ASIA/OCEANIA,THAILAND,DENV1-I,NA
A/03440/99,DENV1/THAILAND/1999/03440/99,THAILAND,THAILAND,DENV1,1999,THAILAND,ASIA/OCEANIA,THAILAND,DENV1-I,NA
A/03450/99,DENV1/THAILAND/1999/03450/99,THAILAND,THAILAND,DENV1,1999,THAILAND,ASIA/OCEANIA,THAILAND,DENV1-I,NA
A/03646/99,DENV1/THAILAND/1999/03646/99,THAILAND,THAILAND,DENV1,1999,THAILAND,ASIA/OCEANIA,THAILAND,DENV1-I,NA
A/03704/99,DENV1/THAILAND/1999/03704/99,THAILAND,THAILAND,DENV1,1999,THAILAND,ASIA/OCEANIA,THAILAND,DENV1-I,NA
A/03739/99,DENV1/THAILAND/1999/03739/99,THAILAND,THAILAND,DENV1,1999,THAILAND,ASIA/OCEANIA,THAILAND,DENV1-I,set4
A/03805/99,DENV1/THAILAND/1999/03805/99,THAILAND,THAILAND,DENV1,1999,THAILAND,ASIA/OCEANIA,THAILAND,DENV1-I,NA
A/04347/99,DENV1/THAILAND/1999/04347/99,THAILAND,THAILAND,DENV1,1999,THAILAND,ASIA/OCEANIA,THAILAND,DENV1-I,NA
A/04348/99,DENV1/THAILAND/1999/04348/99,THAILAND,THAILAND,DENV1,1999,THAILAND,ASIA/OCEANIA,THAILAND,DENV1-I,NA
A/04350/99,DENV1/THAILAND/1999/04350/99,THAILAND,THAILAND,DENV1,1999,THAILAND,ASIA/OCEANIA,THAILAND,DENV1-I,NA
A/04438/99,DENV1/THAILAND/1999/04438/99,THAILAND,THAILAND,DENV1,1999,THAILAND,ASIA/OCEANIA,THAILAND,DENV1-I,NA
A/05390/99,DENV1/THAILAND/1999/05390/99,THAILAND,THAILAND,DENV1,1999,THAILAND,ASIA/OCEANIA,THAILAND,DENV1-I,NA
A/05946/99,DENV1/THAILAND/1999/05946/99,THAILAND,THAILAND,DENV1,1999,THAILAND,ASIA/OCEANIA,THAILAND,DENV1-I,NA
A/00163/00,DENV1/THAILAND/2000/00163/00,THAILAND,THAILAND,DENV1,2000,THAILAND,ASIA/OCEANIA,THAILAND,DENV1-I,NA
A/01236/00,DENV1/THAILAND/2000/01236/00,THAILAND,THAILAND,DENV1,2000,THAILAND,ASIA/OCEANIA,THAILAND,DENV1-I,set2
A/01239/00,DENV1/THAILAND/2000/01239/00,THAILAND,THAILAND,DENV1,2000,THAILAND,ASIA/OCEANIA,THAILAND,DENV1-I,NA
A/01264/00,DENV1/THAILAND/2000/01264/00,THAILAND,THAILAND,DENV1,2000,THAILAND,ASIA/OCEANIA,THAILAND,DENV1-I,NA
A/01349/00,DENV1/THAILAND/2000/01349/00,THAILAND,THAILAND,DENV1,2000,THAILAND,ASIA/OCEANIA,THAILAND,DENV1-I,set1
A/01397/00,DENV1/THAILAND/2000/01397/00,THAILAND,THAILAND,DENV1,2000,THAILAND,ASIA/OCEANIA,THAILAND,DENV1-I,NA
A/01476/00,DENV1/THAILAND/2000/01476/00,THAILAND,THAILAND,DENV1,2000,THAILAND,ASIA/OCEANIA,THAILAND,DENV1-I,NA
A/01483/00,DENV1/THAILAND/2000/01483/00,THAILAND,THAILAND,DENV1,2000,THAILAND,ASIA/OCEANIA,THAILAND,DENV1-I,NA
A/01492/00,DENV1/THAILAND/2000/01492/00,THAILAND,THAILAND,DENV1,2000,THAILAND,ASIA/OCEANIA,THAILAND,DENV1-I,NA
A/01565/00,DENV1/THAILAND/2000/01565/00,THAILAND,THAILAND,DENV1,2000,THAILAND,ASIA/OCEANIA,THAILAND,DENV1-I,NA
A/01606/00,DENV1/THAILAND/2000/01606/00,THAILAND,THAILAND,DENV1,2000,THAILAND,ASIA/OCEANIA,THAILAND,DENV1-I,NA
A/01624/00,DENV1/THAILAND/2000/01624/00,THAILAND,THAILAND,DENV1,2000,THAILAND,ASIA/OCEANIA,THAILAND,DENV1-I,NA
A/01639/00,DENV1/THAILAND/2000/01639/00,THAILAND,THAILAND,DENV1,2000,THAILAND,ASIA/OCEANIA,THAILAND,DENV1-I,NA
A/01661/00,DENV1/THAILAND/2000/01661/00,THAILAND,THAILAND,DENV1,2000,THAILAND,ASIA/OCEANIA,THAILAND,DENV1-I,NA
A/01798/00,DENV1/THAILAND/2000/01798/00,THAILAND,THAILAND,DENV1,2000,THAILAND,ASIA/OCEANIA,THAILAND,DENV1-I,NA
A/01909/00,DENV1/THAILAND/2000/01909/00,THAILAND,THAILAND,DENV1,2000,THAILAND,ASIA/OCEANIA,THAILAND,DENV1-I,NA
A/02059/00,DENV1/THAILAND/2000/02059/00,THAILAND,THAILAND,DENV1,2000,THAILAND,ASIA/OCEANIA,THAILAND,DENV1-I,set1
A/02089/00,DENV1/THAILAND/2000/02089/00,THAILAND,THAILAND,DENV1,2000,THAILAND,ASIA/OCEANIA,THAILAND,DENV1-I,NA
A/02094/00,DENV1/THAILAND/2000/02094/00,THAILAND,THAILAND,DENV1,2000,THAILAND,ASIA/OCEANIA,THAILAND,DENV1-I,NA
A/04850/00,DENV1/THAILAND/2000/04850/00,THAILAND,THAILAND,DENV1,2000,THAILAND,ASIA/OCEANIA,THAILAND,DENV1-I,NA
A/04866/00,DENV1/THAILAND/2000/04866/00,THAILAND,THAILAND,DENV1,2000,THAILAND,ASIA/OCEANIA,THAILAND,DENV1-I,NA
A/05411/00,DENV1/THAILAND/2000/05411/00,THAILAND,THAILAND,DENV1,2000,THAILAND,ASIA/OCEANIA,THAILAND,DENV1-I,NA
A/05522/00,DENV1/THAILAND/2000/05522/00,THAILAND,THAILAND,DENV1,2000,THAILAND,ASIA/OCEANIA,THAILAND,DENV1-I,NA
A/05574/00,DENV1/THAILAND/2000/05574/00,THAILAND,THAILAND,DENV1,2000,THAILAND,ASIA/OCEANIA,THAILAND,DENV1-I,NA
A/05580/00,DENV1/THAILAND/2000/05580/00,THAILAND,THAILAND,DENV1,2000,THAILAND,ASIA/OCEANIA,THAILAND,DENV1-I,set1
A/05603/00,DENV1/THAILAND/2000/05603/00,THAILAND,THAILAND,DENV1,2000,THAILAND,ASIA/OCEANIA,THAILAND,DENV1-I,NA
A/05605/00,DENV1/THAILAND/2000/05605/00,THAILAND,THAILAND,DENV1,2000,THAILAND,ASIA/OCEANIA,THAILAND,DENV1-I,NA
A/05722/00,DENV1/THAILAND/2000/05722/00,THAILAND,THAILAND,DENV1,2000,THAILAND,ASIA/OCEANIA,THAILAND,DENV1-I,NA
A/05725/00,DENV1/THAILAND/2000/05725/00,THAILAND,THAILAND,DENV1,2000,THAILAND,ASIA/OCEANIA,THAILAND,DENV1-I,NA
A/05829/00,DENV1/THAILAND/2000/05829/00,THAILAND,THAILAND,DENV1,2000,THAILAND,ASIA/OCEANIA,THAILAND,DENV1-I,NA
A/05866/00,DENV1/THAILAND/2000/05866/00,THAILAND,THAILAND,DENV1,2000,THAILAND,ASIA/OCEANIA,THAILAND,DENV1-I,NA
A/05886/00,DENV1/THAILAND/2000/05886/00,THAILAND,THAILAND,DENV1,2000,THAILAND,ASIA/OCEANIA,THAILAND,DENV1-I,NA
A/05899/00,DENV1/THAILAND/2000/05899/00,THAILAND,THAILAND,DENV1,2000,THAILAND,ASIA/OCEANIA,THAILAND,DENV1-I,set1
A/06012/00,DENV1/THAILAND/2000/06012/00,THAILAND,THAILAND,DENV1,2000,THAILAND,ASIA/OCEANIA,THAILAND,DENV1-I,NA
A/06069/00,DENV1/THAILAND/2000/06069/00,THAILAND,THAILAND,DENV1,2000,THAILAND,ASIA/OCEANIA,THAILAND,DENV1-I,NA
A/06103/00,DENV1/THAILAND/2000/06103/00,THAILAND,THAILAND,DENV1,2000,THAILAND,ASIA/OCEANIA,THAILAND,DENV1-I,NA
A/06113/00,DENV1/THAILAND/2000/06113/00,THAILAND,THAILAND,DENV1,2000,THAILAND,ASIA/OCEANIA,THAILAND,DENV1-I,NA
A/00047/01,DENV1/THAILAND/2001/00047/01,THAILAND,THAILAND,DENV1,2001,THAILAND,ASIA/OCEANIA,THAILAND,DENV1-I,NA
A/00189/01,DENV1/THAILAND/2001/00189/01,THAILAND,THAILAND,DENV1,2001,THAILAND,ASIA/OCEANIA,THAILAND,DENV1-I,NA
A/00355/01,DENV1/THAILAND/2001/00355/01,THAILAND,THAILAND,DENV1,2001,THAILAND,ASIA/OCEANIA,THAILAND,DENV1-I,set1
A/00494/01,DENV1/THAILAND/2001/00494/01,THAILAND,THAILAND,DENV1,2001,THAILAND,ASIA/OCEANIA,THAILAND,DENV1-I,NA
A/00580/01,DENV1/THAILAND/2001/00580/01,THAILAND,THAILAND,DENV1,2001,THAILAND,ASIA/OCEANIA,THAILAND,DENV1-I,NA
A/00822/01,DENV1/THAILAND/2001/00822/01,THAILAND,THAILAND,DENV1,2001,THAILAND,ASIA/OCEANIA,THAILAND,DENV1-I,NA
A/01039/01,DENV1/THAILAND/2001/01039/01,THAILAND,THAILAND,DENV1,2001,THAILAND,ASIA/OCEANIA,THAILAND,DENV1-I,NA
A/02478/01,DENV1/THAILAND/2001/02478/01,THAILAND,THAILAND,DENV1,2001,THAILAND,ASIA/OCEANIA,THAILAND,DENV1-I,NA
A/02633/01,DENV1/THAILAND/2001/02633/01,THAILAND,THAILAND,DENV1,2001,THAILAND,ASIA/OCEANIA,THAILAND,DENV1-I,set1
A/02991/01,DENV1/THAILAND/2001/02991/01,THAILAND,THAILAND,DENV1,2001,THAILAND,ASIA/OCEANIA,THAILAND,DENV1-I,NA
A/03086/01,DENV1/THAILAND/2001/03086/01,THAILAND,THAILAND,DENV1,2001,THAILAND,ASIA/OCEANIA,THAILAND,DENV1-I,NA
A/03090/01,DENV1/THAILAND/2001/03090/01,THAILAND,THAILAND,DENV1,2001,THAILAND,ASIA/OCEANIA,THAILAND,DENV1-I,NA
A/03116/01,DENV1/THAILAND/2001/03116/01,THAILAND,THAILAND,DENV1,2001,THAILAND,ASIA/OCEANIA,THAILAND,DENV1-I,NA
A/03334/01,DENV1/THAILAND/2001/03334/01,THAILAND,THAILAND,DENV1,2001,THAILAND,ASIA/OCEANIA,THAILAND,DENV1-I,NA
A/03599/01,DENV1/THAILAND/2001/03599/01,THAILAND,THAILAND,DENV1,2001,THAILAND,ASIA/OCEANIA,THAILAND,DENV1-I,NA
A/03878/01,DENV1/THAILAND/2001/03878/01,THAILAND,THAILAND,DENV1,2001,THAILAND,ASIA/OCEANIA,THAILAND,DENV1-I,NA
A/03897/01,DENV1/THAILAND/2001/03897/01,THAILAND,THAILAND,DENV1,2001,THAILAND,ASIA/OCEANIA,THAILAND,DENV1-I,NA
A/03910/01,DENV1/THAILAND/2001/03910/01,THAILAND,THAILAND,DENV1,2001,THAILAND,ASIA/OCEANIA,THAILAND,DENV1-I,NA
A/03916/01,DENV1/THAILAND/2001/03916/01,THAILAND,THAILAND,DENV1,2001,THAILAND,ASIA/OCEANIA,THAILAND,DENV1-I,NA
A/04083/01,DENV1/THAILAND/2001/04083/01,THAILAND,THAILAND,DENV1,2001,THAILAND,ASIA/OCEANIA,THAILAND,DENV1-I,NA
A/04247/01,DENV1/THAILAND/2001/04247/01,THAILAND,THAILAND,DENV1,2001,THAILAND,ASIA/OCEANIA,THAILAND,DENV1-I,NA
A/04601/01,DENV1/THAILAND/2001/04601/01,THAILAND,THAILAND,DENV1,2001,THAILAND,ASIA/OCEANIA,THAILAND,DENV1-I,set1
A/04762/01,DENV1/THAILAND/2001/04762/01,THAILAND,THAILAND,DENV1,2001,THAILAND,ASIA/OCEANIA,THAILAND,DENV1-I,NA
A/04774/01,DENV1/THAILAND/2001/04774/01,THAILAND,THAILAND,DENV1,2001,THAILAND,ASIA/OCEANIA,THAILAND,DENV1-I,set1
A/05097/01,DENV1/THAILAND/2001/05097/01,THAILAND,THAILAND,DENV1,2001,THAILAND,ASIA/OCEANIA,THAILAND,DENV1-I,NA
A/05236/01,DENV1/THAILAND/2001/05236/01,THAILAND,THAILAND,DENV1,2001,THAILAND,ASIA/OCEANIA,THAILAND,DENV1-I,NA
A/05282/01,DENV1/THAILAND/2001/05282/01,THAILAND,THAILAND,DENV1,2001,THAILAND,ASIA/OCEANIA,THAILAND,DENV1-I,NA
A/05287/01,DENV1/THAILAND/2001/05287/01,THAILAND,THAILAND,DENV1,2001,THAILAND,ASIA/OCEANIA,THAILAND,DENV1-I,NA
A/05491/01,DENV1/THAILAND/2001/05491/01,THAILAND,THAILAND,DENV1,2001,THAILAND,ASIA/OCEANIA,THAILAND,DENV1-I,NA
A/05600/01,DENV1/THAILAND/2001/05600/01,THAILAND,THAILAND,DENV1,2001,THAILAND,ASIA/OCEANIA,THAILAND,DENV1-I,NA
A/05601/01,DENV1/THAILAND/2001/05601/01,THAILAND,THAILAND,DENV1,2001,THAILAND,ASIA/OCEANIA,THAILAND,DENV1-I,NA
A/05905/01,DENV1/THAILAND/2001/05905/01,THAILAND,THAILAND,DENV1,2001,THAILAND,ASIA/OCEANIA,THAILAND,DENV1-I,NA
A/06099/01,DENV1/THAILAND/2001/06099/01,THAILAND,THAILAND,DENV1,2001,THAILAND,ASIA/OCEANIA,THAILAND,DENV1-I,NA
A/06112/01,DENV1/THAILAND/2001/06112/01,THAILAND,THAILAND,DENV1,2001,THAILAND,ASIA/OCEANIA,THAILAND,DENV1-I,NA
A/06236/01,DENV1/THAILAND/2001/06236/01,THAILAND,THAILAND,DENV1,2001,THAILAND,ASIA/OCEANIA,THAILAND,DENV1-I,NA
A/06237/01,DENV1/THAILAND/2001/06237/01,THAILAND,THAILAND,DENV1,2001,THAILAND,ASIA/OCEANIA,THAILAND,DENV1-I,NA
A/06498/01,DENV1/THAILAND/2001/06498/01,THAILAND,THAILAND,DENV1,2001,THAILAND,ASIA/OCEANIA,THAILAND,DENV1-I,NA
A/06552/01,DENV1/THAILAND/2001/06552/01,THAILAND,THAILAND,DENV1,2001,THAILAND,ASIA/OCEANIA,THAILAND,DENV1-I,NA
A/06632/01,DENV1/THAILAND/2001/06632/01,THAILAND,THAILAND,DENV1,2001,THAILAND,ASIA/OCEANIA,THAILAND,DENV1-I,NA
A/06889/01,DENV1/THAILAND/2001/06889/01,THAILAND,THAILAND,DENV1,2001,THAILAND,ASIA/OCEANIA,THAILAND,DENV1-I,NA
A/00431/02,DENV1/THAILAND/2002/00431/02,THAILAND,THAILAND,DENV1,2002,THAILAND,ASIA/OCEANIA,THAILAND,DENV1-I,NA
A/00440/02,DENV1/THAILAND/2002/00440/02,THAILAND,THAILAND,DENV1,2002,THAILAND,ASIA/OCEANIA,THAILAND,DENV1-I,NA
A/00479/02,DENV1/THAILAND/2002/00479/02,THAILAND,THAILAND,DENV1,2002,THAILAND,ASIA/OCEANIA,THAILAND,DENV1-I,NA
A/00600/02,DENV1/THAILAND/2002/00600/02,THAILAND,THAILAND,DENV1,2002,THAILAND,ASIA/OCEANIA,THAILAND,DENV1-I,NA
A/00644/02,DENV1/THAILAND/2002/00644/02,THAILAND,THAILAND,DENV1,2002,THAILAND,ASIA/OCEANIA,THAILAND,DENV1-I,set1
A/00650/02,DENV1/THAILAND/2002/00650/02,THAILAND,THAILAND,DENV1,2002,THAILAND,ASIA/OCEANIA,THAILAND,DENV1-I,NA
A/00731/02,DENV1/THAILAND/2002/00731/02,THAILAND,THAILAND,DENV1,2002,THAILAND,ASIA/OCEANIA,THAILAND,DENV1-I,set1
A/00995/02,DENV1/THAILAND/2002/00995/02,THAILAND,THAILAND,DENV1,2002,THAILAND,ASIA/OCEANIA,THAILAND,DENV1-I,NA
A/01048/02,DENV1/THAILAND/2002/01048/02,THAILAND,THAILAND,DENV1,2002,THAILAND,ASIA/OCEANIA,THAILAND,DENV1-I,NA
A/01091/02,DENV1/THAILAND/2002/01091/02,THAILAND,THAILAND,DENV1,2002,THAILAND,ASIA/OCEANIA,THAILAND,DENV1-I,NA
A/01117/02,DENV1/THAILAND/2002/01117/02,THAILAND,THAILAND,DENV1,2002,THAILAND,ASIA/OCEANIA,THAILAND,DENV1-I,NA
A/01393/02,DENV1/THAILAND/2002/01393/02,THAILAND,THAILAND,DENV1,2002,THAILAND,ASIA/OCEANIA,THAILAND,DENV1-I,NA
A/01443/02,DENV1/THAILAND/2002/01443/02,THAILAND,THAILAND,DENV1,2002,THAILAND,ASIA/OCEANIA,THAILAND,DENV1-I,NA
A/01459/02,DENV1/THAILAND/2002/01459/02,THAILAND,THAILAND,DENV1,2002,THAILAND,ASIA/OCEANIA,THAILAND,DENV1-I,set1
A/01462/02,DENV1/THAILAND/2002/01462/02,THAILAND,THAILAND,DENV1,2002,THAILAND,ASIA/OCEANIA,THAILAND,DENV1-I,NA
A/01473/02,DENV1/THAILAND/2002/01473/02,THAILAND,THAILAND,DENV1,2002,THAILAND,ASIA/OCEANIA,THAILAND,DENV1-I,NA
A/01579/02,DENV1/THAILAND/2002/01579/02,THAILAND,THAILAND,DENV1,2002,THAILAND,ASIA/OCEANIA,THAILAND,DENV1-I,NA
A/01813/02,DENV1/THAILAND/2002/01813/02,THAILAND,THAILAND,DENV1,2002,THAILAND,ASIA/OCEANIA,THAILAND,DENV1-I,NA
A/01819/02,DENV1/THAILAND/2002/01819/02,THAILAND,THAILAND,DENV1,2002,THAILAND,ASIA/OCEANIA,THAILAND,DENV1-I,NA
A/01821/02,DENV1/THAILAND/2002/01821/02,THAILAND,THAILAND,DENV1,2002,THAILAND,ASIA/OCEANIA,THAILAND,DENV1-I,NA
A/01893/02,DENV1/THAILAND/2002/01893/02,THAILAND,THAILAND,DENV1,2002,THAILAND,ASIA/OCEANIA,THAILAND,DENV1-I,NA
A/02110/02,DENV1/THAILAND/2002/02110/02,THAILAND,THAILAND,DENV1,2002,THAILAND,ASIA/OCEANIA,THAILAND,DENV1-I,NA
A/02168/02,DENV1/THAILAND/2002/02168/02,THAILAND,THAILAND,DENV1,2002,THAILAND,ASIA/OCEANIA,THAILAND,DENV1-I,NA
A/02557/02,DENV1/THAILAND/2002/02557/02,THAILAND,THAILAND,DENV1,2002,THAILAND,ASIA/OCEANIA,THAILAND,DENV1-I,NA
A/02630/02,DENV1/THAILAND/2002/02630/02,THAILAND,THAILAND,DENV1,2002,THAILAND,ASIA/OCEANIA,THAILAND,DENV1-I,NA
A/02860/02,DENV1/THAILAND/2002/02860/02,THAILAND,THAILAND,DENV1,2002,THAILAND,ASIA/OCEANIA,THAILAND,DENV1-I,NA
A/02894/02,DENV1/THAILAND/2002/02894/02,THAILAND,THAILAND,DENV1,2002,THAILAND,ASIA/OCEANIA,THAILAND,DENV1-I,NA
A/02908/02,DENV1/THAILAND/2002/02908/02,THAILAND,THAILAND,DENV1,2002,THAILAND,ASIA/OCEANIA,THAILAND,DENV1-I,NA
A/02912/02,DENV1/THAILAND/2002/02912/02,THAILAND,THAILAND,DENV1,2002,THAILAND,ASIA/OCEANIA,THAILAND,DENV1-I,NA
A/02913/02,DENV1/THAILAND/2002/02913/02,THAILAND,THAILAND,DENV1,2002,THAILAND,ASIA/OCEANIA,THAILAND,DENV1-I,NA
A/02928/02,DENV1/THAILAND/2002/02928/02,THAILAND,THAILAND,DENV1,2002,THAILAND,ASIA/OCEANIA,THAILAND,DENV1-I,NA
A/02986/02,DENV1/THAILAND/2002/02986/02,THAILAND,THAILAND,DENV1,2002,THAILAND,ASIA/OCEANIA,THAILAND,DENV1-I,NA
A/03029/02,DENV1/THAILAND/2002/03029/02,THAILAND,THAILAND,DENV1,2002,THAILAND,ASIA/OCEANIA,THAILAND,DENV1-I,NA
A/03030/02,DENV1/THAILAND/2002/03030/02,THAILAND,THAILAND,DENV1,2002,THAILAND,ASIA/OCEANIA,THAILAND,DENV1-I,set1
A/03161/02,DENV1/THAILAND/2002/03161/02,THAILAND,THAILAND,DENV1,2002,THAILAND,ASIA/OCEANIA,THAILAND,DENV1-I,NA
A/03162/02,DENV1/THAILAND/2002/03162/02,THAILAND,THAILAND,DENV1,2002,THAILAND,ASIA/OCEANIA,THAILAND,DENV1-I,NA
A/03163/02,DENV1/THAILAND/2002/03163/02,THAILAND,THAILAND,DENV1,2002,THAILAND,ASIA/OCEANIA,THAILAND,DENV1-I,NA
A/00170/03,DENV1/THAILAND/2003/00170/03,THAILAND,THAILAND,DENV1,2003,THAILAND,ASIA/OCEANIA,THAILAND,DENV1-I,NA
A/00275/03,DENV1/THAILAND/2003/00275/03,THAILAND,THAILAND,DENV1,2003,THAILAND,ASIA/OCEANIA,THAILAND,DENV1-I,NA
A/00311/03,DENV1/THAILAND/2003/00311/03,THAILAND,THAILAND,DENV1,2003,THAILAND,ASIA/OCEANIA,THAILAND,DENV1-I,NA
A/00348/03,DENV1/THAILAND/2003/00348/03,THAILAND,THAILAND,DENV1,2003,THAILAND,ASIA/OCEANIA,THAILAND,DENV1-I,NA
A/00349/03,DENV1/THAILAND/2003/00349/03,THAILAND,THAILAND,DENV1,2003,THAILAND,ASIA/OCEANIA,THAILAND,DENV1-I,NA
A/00373/03,DENV1/THAILAND/2003/00373/03,THAILAND,THAILAND,DENV1,2003,THAILAND,ASIA/OCEANIA,THAILAND,DENV1-I,NA
A/00427/03,DENV1/THAILAND/2003/00427/03,THAILAND,THAILAND,DENV1,2003,THAILAND,ASIA/OCEANIA,THAILAND,DENV1-I,NA
A/00496/03,DENV1/THAILAND/2003/00496/03,THAILAND,THAILAND,DENV1,2003,THAILAND,ASIA/OCEANIA,THAILAND,DENV1-I,NA
A/00537/03,DENV1/THAILAND/2003/00537/03,THAILAND,THAILAND,DENV1,2003,THAILAND,ASIA/OCEANIA,THAILAND,DENV1-I,NA
A/00543/03,DENV1/THAILAND/2003/00543/03,THAILAND,THAILAND,DENV1,2003,THAILAND,ASIA/OCEANIA,THAILAND,DENV1-I,NA
A/00596/03,DENV1/THAILAND/2003/00596/03,THAILAND,THAILAND,DENV1,2003,THAILAND,ASIA/OCEANIA,THAILAND,DENV1-I,NA
A/00598/03,DENV1/THAILAND/2003/00598/03,THAILAND,THAILAND,DENV1,2003,THAILAND,ASIA/OCEANIA,THAILAND,DENV1-I,NA
A/00697/03,DENV1/THAILAND/2003/00697/03,THAILAND,THAILAND,DENV1,2003,THAILAND,ASIA/OCEANIA,THAILAND,DENV1-I,NA
A/00961/03,DENV1/THAILAND/2003/00961/03,THAILAND,THAILAND,DENV1,2003,THAILAND,ASIA/OCEANIA,THAILAND,DENV1-I,NA
A/01023/03,DENV1/THAILAND/2003/01023/03,THAILAND,THAILAND,DENV1,2003,THAILAND,ASIA/OCEANIA,THAILAND,DENV1-I,NA
A/01203/03,DENV1/THAILAND/2003/01203/03,THAILAND,THAILAND,DENV1,2003,THAILAND,ASIA/OCEANIA,THAILAND,DENV1-I,NA
A/01373/03,DENV1/THAILAND/2003/01373/03,THAILAND,THAILAND,DENV1,2003,THAILAND,ASIA/OCEANIA,THAILAND,DENV1-I,NA
A/01555/03,DENV1/THAILAND/2003/01555/03,THAILAND,THAILAND,DENV1,2003,THAILAND,ASIA/OCEANIA,THAILAND,DENV1-I,NA
A/01815/03,DENV1/THAILAND/2003/01815/03,THAILAND,THAILAND,DENV1,2003,THAILAND,ASIA/OCEANIA,THAILAND,DENV1-I,NA
A/01849/03,DENV1/THAILAND/2003/01849/03,THAILAND,THAILAND,DENV1,2003,THAILAND,ASIA/OCEANIA,THAILAND,DENV1-I,NA
A/01851/03,DENV1/THAILAND/2003/01851/03,THAILAND,THAILAND,DENV1,2003,THAILAND,ASIA/OCEANIA,THAILAND,DENV1-I,NA
A/01982/03,DENV1/THAILAND/2003/01982/03,THAILAND,THAILAND,DENV1,2003,THAILAND,ASIA/OCEANIA,THAILAND,DENV1-I,NA
A/02031/03,DENV1/THAILAND/2003/02031/03,THAILAND,THAILAND,DENV1,2003,THAILAND,ASIA/OCEANIA,THAILAND,DENV1-I,NA
A/02150/03,DENV1/THAILAND/2003/02150/03,THAILAND,THAILAND,DENV1,2003,THAILAND,ASIA/OCEANIA,THAILAND,DENV1-I,NA
A/02371/03,DENV1/THAILAND/2003/02371/03,THAILAND,THAILAND,DENV1,2003,THAILAND,ASIA/OCEANIA,THAILAND,DENV1-I,NA
A/00062/04,DENV1/THAILAND/2004/00062/04,THAILAND,THAILAND,DENV1,2004,THAILAND,ASIA/OCEANIA,THAILAND,DENV1-I,NA
A/00068/04,DENV1/THAILAND/2004/00068/04,THAILAND,THAILAND,DENV1,2004,THAILAND,ASIA/OCEANIA,THAILAND,DENV1-I,set1
A/00088/04,DENV1/THAILAND/2004/00088/04,THAILAND,THAILAND,DENV1,2004,THAILAND,ASIA/OCEANIA,THAILAND,DENV1-I,set4
A/00223/04,DENV1/THAILAND/2004/00223/04,THAILAND,THAILAND,DENV1,2004,THAILAND,ASIA/OCEANIA,THAILAND,DENV1-I,NA
A/00259/04,DENV1/THAILAND/2004/00259/04,THAILAND,THAILAND,DENV1,2004,THAILAND,ASIA/OCEANIA,THAILAND,DENV1-I,NA
A/00369/04,DENV1/THAILAND/2004/00369/04,THAILAND,THAILAND,DENV1,2004,THAILAND,ASIA/OCEANIA,THAILAND,DENV1-I,NA
A/00436/04,DENV1/THAILAND/2004/00436/04,THAILAND,THAILAND,DENV1,2004,THAILAND,ASIA/OCEANIA,THAILAND,DENV1-I,NA
A/00477/04,DENV1/THAILAND/2004/00477/04,THAILAND,THAILAND,DENV1,2004,THAILAND,ASIA/OCEANIA,THAILAND,DENV1-I,set2
A/00479/04,DENV1/THAILAND/2004/00479/04,THAILAND,THAILAND,DENV1,2004,THAILAND,ASIA/OCEANIA,THAILAND,DENV1-I,set4
A/00493/04,DENV1/THAILAND/2004/00493/04,THAILAND,THAILAND,DENV1,2004,THAILAND,ASIA/OCEANIA,THAILAND,DENV1-I,NA
A/00532/04,DENV1/THAILAND/2004/00532/04,THAILAND,THAILAND,DENV1,2004,THAILAND,ASIA/OCEANIA,THAILAND,DENV1-I,NA
A/00725/04,DENV1/THAILAND/2004/00725/04,THAILAND,THAILAND,DENV1,2004,THAILAND,ASIA/OCEANIA,THAILAND,DENV1-I,set1
A/00758/04,DENV1/THAILAND/2004/00758/04,THAILAND,THAILAND,DENV1,2004,THAILAND,ASIA/OCEANIA,THAILAND,DENV1-I,set1
A/00793/04,DENV1/THAILAND/2004/00793/04,THAILAND,THAILAND,DENV1,2004,THAILAND,ASIA/OCEANIA,THAILAND,DENV1-I,NA
A/00878/04,DENV1/THAILAND/2004/00878/04,THAILAND,THAILAND,DENV1,2004,THAILAND,ASIA/OCEANIA,THAILAND,DENV1-I,NA
A/00975/04,DENV1/THAILAND/2004/00975/04,THAILAND,THAILAND,DENV1,2004,THAILAND,ASIA/OCEANIA,THAILAND,DENV1-I,set4
A/01038/04,DENV1/THAILAND/2004/01038/04,THAILAND,THAILAND,DENV1,2004,THAILAND,ASIA/OCEANIA,THAILAND,DENV1-I,NA
A/01274/04,DENV1/THAILAND/2004/01274/04,THAILAND,THAILAND,DENV1,2004,THAILAND,ASIA/OCEANIA,THAILAND,DENV1-I,NA
A/01309/04,DENV1/THAILAND/2004/01309/04,THAILAND,THAILAND,DENV1,2004,THAILAND,ASIA/OCEANIA,THAILAND,DENV1-I,NA
A/01313/04,DENV1/THAILAND/2004/01313/04,THAILAND,THAILAND,DENV1,2004,THAILAND,ASIA/OCEANIA,THAILAND,DENV1-I,NA
A/01411/04,DENV1/THAILAND/2004/01411/04,THAILAND,THAILAND,DENV1,2004,THAILAND,ASIA/OCEANIA,THAILAND,DENV1-I,NA
A/01416/04,DENV1/THAILAND/2004/01416/04,THAILAND,THAILAND,DENV1,2004,THAILAND,ASIA/OCEANIA,THAILAND,DENV1-I,NA
A/01420/04,DENV1/THAILAND/2004/01420/04,THAILAND,THAILAND,DENV1,2004,THAILAND,ASIA/OCEANIA,THAILAND,DENV1-I,set1
A/01425/04,DENV1/THAILAND/2004/01425/04,THAILAND,THAILAND,DENV1,2004,THAILAND,ASIA/OCEANIA,THAILAND,DENV1-I,NA
A/01530/04,DENV1/THAILAND/2004/01530/04,THAILAND,THAILAND,DENV1,2004,THAILAND,ASIA/OCEANIA,THAILAND,DENV1-I,NA
A/01604/04,DENV1/THAILAND/2004/01604/04,THAILAND,THAILAND,DENV1,2004,THAILAND,ASIA/OCEANIA,THAILAND,DENV1-I,set4
A/01640/04,DENV1/THAILAND/2004/01640/04,THAILAND,THAILAND,DENV1,2004,THAILAND,ASIA/OCEANIA,THAILAND,DENV1-I,NA
A/01692/04,DENV1/THAILAND/2004/01692/04,THAILAND,THAILAND,DENV1,2004,THAILAND,ASIA/OCEANIA,THAILAND,DENV1-I,NA
A/01764/04,DENV1/THAILAND/2004/01764/04,THAILAND,THAILAND,DENV1,2004,THAILAND,ASIA/OCEANIA,THAILAND,DENV1-I,NA
A/00109/05,DENV1/THAILAND/2005/00109/05,THAILAND,THAILAND,DENV1,2005,THAILAND,ASIA/OCEANIA,THAILAND,DENV1-I,NA
A/00186/05,DENV1/THAILAND/2005/00186/05,THAILAND,THAILAND,DENV1,2005,THAILAND,ASIA/OCEANIA,THAILAND,DENV1-I,NA
A/00208/05,DENV1/THAILAND/2005/00208/05,THAILAND,THAILAND,DENV1,2005,THAILAND,ASIA/OCEANIA,THAILAND,DENV1-I,NA
A/00210/05,DENV1/THAILAND/2005/00210/05,THAILAND,THAILAND,DENV1,2005,THAILAND,ASIA/OCEANIA,THAILAND,DENV1-I,NA
A/00211/05,DENV1/THAILAND/2005/00211/05,THAILAND,THAILAND,DENV1,2005,THAILAND,ASIA/OCEANIA,THAILAND,DENV1-I,NA
A/00258/05,DENV1/THAILAND/2005/00258/05,THAILAND,THAILAND,DENV1,2005,THAILAND,ASIA/OCEANIA,THAILAND,DENV1-I,NA
A/00306/05,DENV1/THAILAND/2005/00306/05,THAILAND,THAILAND,DENV1,2005,THAILAND,ASIA/OCEANIA,THAILAND,DENV1-I,NA
A/00479/05,DENV1/THAILAND/2005/00479/05,THAILAND,THAILAND,DENV1,2005,THAILAND,ASIA/OCEANIA,THAILAND,DENV1-I,NA
A/00617/05,DENV1/THAILAND/2005/00617/05,THAILAND,THAILAND,DENV1,2005,THAILAND,ASIA/OCEANIA,THAILAND,DENV1-I,NA
A/00647/05,DENV1/THAILAND/2005/00647/05,THAILAND,THAILAND,DENV1,2005,THAILAND,ASIA/OCEANIA,THAILAND,DENV1-I,NA
A/00667/05,DENV1/THAILAND/2005/00667/05,THAILAND,THAILAND,DENV1,2005,THAILAND,ASIA/OCEANIA,THAILAND,DENV1-I,NA
A/00743/05,DENV1/THAILAND/2005/00743/05,THAILAND,THAILAND,DENV1,2005,THAILAND,ASIA/OCEANIA,THAILAND,DENV1-I,set4
A/00744/05,DENV1/THAILAND/2005/00744/05,THAILAND,THAILAND,DENV1,2005,THAILAND,ASIA/OCEANIA,THAILAND,DENV1-I,set3
A/01040/05,DENV1/THAILAND/2005/01040/05,THAILAND,THAILAND,DENV1,2005,THAILAND,ASIA/OCEANIA,THAILAND,DENV1-I,set3
A/01147/05,DENV1/THAILAND/2005/01147/05,THAILAND,THAILAND,DENV1,2005,THAILAND,ASIA/OCEANIA,THAILAND,DENV1-I,NA
A/01331/05,DENV1/THAILAND/2005/01331/05,THAILAND,THAILAND,DENV1,2005,THAILAND,ASIA/OCEANIA,THAILAND,DENV1-I,NA
A/01383/05,DENV1/THAILAND/2005/01383/05,THAILAND,THAILAND,DENV1,2005,THAILAND,ASIA/OCEANIA,THAILAND,DENV1-I,NA
A/01567/05,DENV1/THAILAND/2005/01567/05,THAILAND,THAILAND,DENV1,2005,THAILAND,ASIA/OCEANIA,THAILAND,DENV1-I,NA
A/01578/05,DENV1/THAILAND/2005/01578/05,THAILAND,THAILAND,DENV1,2005,THAILAND,ASIA/OCEANIA,THAILAND,DENV1-I,NA
A/01591/05,DENV1/THAILAND/2005/01591/05,THAILAND,THAILAND,DENV1,2005,THAILAND,ASIA/OCEANIA,THAILAND,DENV1-I,NA
A/01616/05,DENV1/THAILAND/2005/01616/05,THAILAND,THAILAND,DENV1,2005,THAILAND,ASIA/OCEANIA,THAILAND,DENV1-I,NA
A/01651/05,DENV1/THAILAND/2005/01651/05,THAILAND,THAILAND,DENV1,2005,THAILAND,ASIA/OCEANIA,THAILAND,DENV1-I,NA
A/00002/06,DENV1/THAILAND/2006/00002/06,THAILAND,THAILAND,DENV1,2006,THAILAND,ASIA/OCEANIA,THAILAND,DENV1-I,NA
A/00003/06,DENV1/THAILAND/2006/00003/06,THAILAND,THAILAND,DENV1,2006,THAILAND,ASIA/OCEANIA,THAILAND,DENV1-I,NA
A/00004/06,DENV1/THAILAND/2006/00004/06,THAILAND,THAILAND,DENV1,2006,THAILAND,ASIA/OCEANIA,THAILAND,DENV1-I,NA
A/00006/06,DENV1/THAILAND/2006/00006/06,THAILAND,THAILAND,DENV1,2006,THAILAND,ASIA/OCEANIA,THAILAND,DENV1-I,NA
A/00007/06,DENV1/THAILAND/2006/00007/06,THAILAND,THAILAND,DENV1,2006,THAILAND,ASIA/OCEANIA,THAILAND,DENV1-I,set2
A/00010/06,DENV1/THAILAND/2006/00010/06,THAILAND,THAILAND,DENV1,2006,THAILAND,ASIA/OCEANIA,THAILAND,DENV1-I,NA
A/00030/06,DENV1/THAILAND/2006/00030/06,THAILAND,THAILAND,DENV1,2006,THAILAND,ASIA/OCEANIA,THAILAND,DENV1-I,NA
A/00048/06,DENV1/THAILAND/2006/00048/06,THAILAND,THAILAND,DENV1,2006,THAILAND,ASIA/OCEANIA,THAILAND,DENV1-I,NA
A/00068/06,DENV1/THAILAND/2006/00068/06,THAILAND,THAILAND,DENV1,2006,THAILAND,ASIA/OCEANIA,THAILAND,DENV1-I,NA
A/00069/06,DENV1/THAILAND/2006/00069/06,THAILAND,THAILAND,DENV1,2006,THAILAND,ASIA/OCEANIA,THAILAND,DENV1-I,NA
A/00074/06,DENV1/THAILAND/2006/00074/06,THAILAND,THAILAND,DENV1,2006,THAILAND,ASIA/OCEANIA,THAILAND,DENV1-I,NA
A/00080/06,DENV1/THAILAND/2006/00080/06,THAILAND,THAILAND,DENV1,2006,THAILAND,ASIA/OCEANIA,THAILAND,DENV1-I,NA
A/00113/06,DENV1/THAILAND/2006/00113/06,THAILAND,THAILAND,DENV1,2006,THAILAND,ASIA/OCEANIA,THAILAND,DENV1-I,set4
A/00172/06,DENV1/THAILAND/2006/00172/06,THAILAND,THAILAND,DENV1,2006,THAILAND,ASIA/OCEANIA,THAILAND,DENV1-I,NA
A/00188/06,DENV1/THAILAND/2006/00188/06,THAILAND,THAILAND,DENV1,2006,THAILAND,ASIA/OCEANIA,THAILAND,DENV1-I,NA
A/00201/06,DENV1/THAILAND/2006/00201/06,THAILAND,THAILAND,DENV1,2006,THAILAND,ASIA/OCEANIA,THAILAND,DENV1-I,NA
A/00209/06,DENV1/THAILAND/2006/00209/06,THAILAND,THAILAND,DENV1,2006,THAILAND,ASIA/OCEANIA,THAILAND,DENV1-I,NA
A/00211/06,DENV1/THAILAND/2006/00211/06,THAILAND,THAILAND,DENV1,2006,THAILAND,ASIA/OCEANIA,THAILAND,DENV1-I,NA
A/00213/06,DENV1/THAILAND/2006/00213/06,THAILAND,THAILAND,DENV1,2006,THAILAND,ASIA/OCEANIA,THAILAND,DENV1-I,NA
A/00228/06,DENV1/THAILAND/2006/00228/06,THAILAND,THAILAND,DENV1,2006,THAILAND,ASIA/OCEANIA,THAILAND,DENV1-I,NA
A/00231/06,DENV1/THAILAND/2006/00231/06,THAILAND,THAILAND,DENV1,2006,THAILAND,ASIA/OCEANIA,THAILAND,DENV1-I,NA
A/00232/06,DENV1/THAILAND/2006/00232/06,THAILAND,THAILAND,DENV1,2006,THAILAND,ASIA/OCEANIA,THAILAND,DENV1-I,NA
A/00248/06,DENV1/THAILAND/2006/00248/06,THAILAND,THAILAND,DENV1,2006,THAILAND,ASIA/OCEANIA,THAILAND,DENV1-I,NA
A/00265/06,DENV1/THAILAND/2006/00265/06,THAILAND,THAILAND,DENV1,2006,THAILAND,ASIA/OCEANIA,THAILAND,DENV1-I,NA
A/00287/06,DENV1/THAILAND/2006/00287/06,THAILAND,THAILAND,DENV1,2006,THAILAND,ASIA/OCEANIA,THAILAND,DENV1-I,NA
A/00318/06,DENV1/THAILAND/2006/00318/06,THAILAND,THAILAND,DENV1,2006,THAILAND,ASIA/OCEANIA,THAILAND,DENV1-I,NA
A/00326/06,DENV1/THAILAND/2006/00326/06,THAILAND,THAILAND,DENV1,2006,THAILAND,ASIA/OCEANIA,THAILAND,DENV1-I,NA
A/00332/06,DENV1/THAILAND/2006/00332/06,THAILAND,THAILAND,DENV1,2006,THAILAND,ASIA/OCEANIA,THAILAND,DENV1-I,NA
A/00334/06,DENV1/THAILAND/2006/00334/06,THAILAND,THAILAND,DENV1,2006,THAILAND,ASIA/OCEANIA,THAILAND,DENV1-I,NA
A/00365/06,DENV1/THAILAND/2006/00365/06,THAILAND,THAILAND,DENV1,2006,THAILAND,ASIA/OCEANIA,THAILAND,DENV1-I,NA
A/00369/06,DENV1/THAILAND/2006/00369/06,THAILAND,THAILAND,DENV1,2006,THAILAND,ASIA/OCEANIA,THAILAND,DENV1-I,set4
A/00371/06,DENV1/THAILAND/2006/00371/06,THAILAND,THAILAND,DENV1,2006,THAILAND,ASIA/OCEANIA,THAILAND,DENV1-I,set4
A/00392/06,DENV1/THAILAND/2006/00392/06,THAILAND,THAILAND,DENV1,2006,THAILAND,ASIA/OCEANIA,THAILAND,DENV1-I,NA
A/00398/06,DENV1/THAILAND/2006/00398/06,THAILAND,THAILAND,DENV1,2006,THAILAND,ASIA/OCEANIA,THAILAND,DENV1-I,NA
A/00411/06,DENV1/THAILAND/2006/00411/06,THAILAND,THAILAND,DENV1,2006,THAILAND,ASIA/OCEANIA,THAILAND,DENV1-I,set2
A/00418/06,DENV1/THAILAND/2006/00418/06,THAILAND,THAILAND,DENV1,2006,THAILAND,ASIA/OCEANIA,THAILAND,DENV1-I,set2
A/00437/06,DENV1/THAILAND/2006/00437/06,THAILAND,THAILAND,DENV1,2006,THAILAND,ASIA/OCEANIA,THAILAND,DENV1-I,NA
A/00438/06,DENV1/THAILAND/2006/00438/06,THAILAND,THAILAND,DENV1,2006,THAILAND,ASIA/OCEANIA,THAILAND,DENV1-I,NA
A/00443/06,DENV1/THAILAND/2006/00443/06,THAILAND,THAILAND,DENV1,2006,THAILAND,ASIA/OCEANIA,THAILAND,DENV1-I,NA
A/00458/06,DENV1/THAILAND/2006/00458/06,THAILAND,THAILAND,DENV1,2006,THAILAND,ASIA/OCEANIA,THAILAND,DENV1-I,NA
A/00462/06,DENV1/THAILAND/2006/00462/06,THAILAND,THAILAND,DENV1,2006,THAILAND,ASIA/OCEANIA,THAILAND,DENV1-I,NA
A/00482/06,DENV1/THAILAND/2006/00482/06,THAILAND,THAILAND,DENV1,2006,THAILAND,ASIA/OCEANIA,THAILAND,DENV1-I,set4
A/00490/06,DENV1/THAILAND/2006/00490/06,THAILAND,THAILAND,DENV1,2006,THAILAND,ASIA/OCEANIA,THAILAND,DENV1-I,NA
A/00492/06,DENV1/THAILAND/2006/00492/06,THAILAND,THAILAND,DENV1,2006,THAILAND,ASIA/OCEANIA,THAILAND,DENV1-I,NA
A/00498/06,DENV1/THAILAND/2006/00498/06,THAILAND,THAILAND,DENV1,2006,THAILAND,ASIA/OCEANIA,THAILAND,DENV1-I,NA
A/00514/06,DENV1/THAILAND/2006/00514/06,THAILAND,THAILAND,DENV1,2006,THAILAND,ASIA/OCEANIA,THAILAND,DENV1-I,NA
A/00527/06,DENV1/THAILAND/2006/00527/06,THAILAND,THAILAND,DENV1,2006,THAILAND,ASIA/OCEANIA,THAILAND,DENV1-I,NA
A/00551/06,DENV1/THAILAND/2006/00551/06,THAILAND,THAILAND,DENV1,2006,THAILAND,ASIA/OCEANIA,THAILAND,DENV1-I,NA
A/00555/06,DENV1/THAILAND/2006/00555/06,THAILAND,THAILAND,DENV1,2006,THAILAND,ASIA/OCEANIA,THAILAND,DENV1-I,set2
A/00577/06,DENV1/THAILAND/2006/00577/06,THAILAND,THAILAND,DENV1,2006,THAILAND,ASIA/OCEANIA,THAILAND,DENV1-I,NA
A/00616/06,DENV1/THAILAND/2006/00616/06,THAILAND,THAILAND,DENV1,2006,THAILAND,ASIA/OCEANIA,THAILAND,DENV1-I,NA
A/00631/06,DENV1/THAILAND/2006/00631/06,THAILAND,THAILAND,DENV1,2006,THAILAND,ASIA/OCEANIA,THAILAND,DENV1-I,NA
A/00674/06,DENV1/THAILAND/2006/00674/06,THAILAND,THAILAND,DENV1,2006,THAILAND,ASIA/OCEANIA,THAILAND,DENV1-I,NA
A/00690/06,DENV1/THAILAND/2006/00690/06,THAILAND,THAILAND,DENV1,2006,THAILAND,ASIA/OCEANIA,THAILAND,DENV1-I,NA
A/00698/06,DENV1/THAILAND/2006/00698/06,THAILAND,THAILAND,DENV1,2006,THAILAND,ASIA/OCEANIA,THAILAND,DENV1-I,NA
A/00709/06,DENV1/THAILAND/2006/00709/06,THAILAND,THAILAND,DENV1,2006,THAILAND,ASIA/OCEANIA,THAILAND,DENV1-I,NA
A/00713/06,DENV1/THAILAND/2006/00713/06,THAILAND,THAILAND,DENV1,2006,THAILAND,ASIA/OCEANIA,THAILAND,DENV1-I,NA
A/00728/06,DENV1/THAILAND/2006/00728/06,THAILAND,THAILAND,DENV1,2006,THAILAND,ASIA/OCEANIA,THAILAND,DENV1-I,NA
A/00761/06,DENV1/THAILAND/2006/00761/06,THAILAND,THAILAND,DENV1,2006,THAILAND,ASIA/OCEANIA,THAILAND,DENV1-I,NA
A/00817/06,DENV1/THAILAND/2006/00817/06,THAILAND,THAILAND,DENV1,2006,THAILAND,ASIA/OCEANIA,THAILAND,DENV1-I,NA
A/00825/06,DENV1/THAILAND/2006/00825/06,THAILAND,THAILAND,DENV1,2006,THAILAND,ASIA/OCEANIA,THAILAND,DENV1-I,NA
A/00833/06,DENV1/THAILAND/2006/00833/06,THAILAND,THAILAND,DENV1,2006,THAILAND,ASIA/OCEANIA,THAILAND,DENV1-I,NA
A/00841/06,DENV1/THAILAND/2006/00841/06,THAILAND,THAILAND,DENV1,2006,THAILAND,ASIA/OCEANIA,THAILAND,DENV1-I,NA
A/00921/06,DENV1/THAILAND/2006/00921/06,THAILAND,THAILAND,DENV1,2006,THAILAND,ASIA/OCEANIA,THAILAND,DENV1-I,NA
A/00966/06,DENV1/THAILAND/2006/00966/06,THAILAND,THAILAND,DENV1,2006,THAILAND,ASIA/OCEANIA,THAILAND,DENV1-I,NA
A/01001/06,DENV1/THAILAND/2006/01001/06,THAILAND,THAILAND,DENV1,2006,THAILAND,ASIA/OCEANIA,THAILAND,DENV1-I,set2
A/01014/06,DENV1/THAILAND/2006/01014/06,THAILAND,THAILAND,DENV1,2006,THAILAND,ASIA/OCEANIA,THAILAND,DENV1-I,NA
A/01038/06,DENV1/THAILAND/2006/01038/06,THAILAND,THAILAND,DENV1,2006,THAILAND,ASIA/OCEANIA,THAILAND,DENV1-I,set1
A/01057/06,DENV1/THAILAND/2006/01057/06,THAILAND,THAILAND,DENV1,2006,THAILAND,ASIA/OCEANIA,THAILAND,DENV1-I,NA
A/01089/06,DENV1/THAILAND/2006/01089/06,THAILAND,THAILAND,DENV1,2006,THAILAND,ASIA/OCEANIA,THAILAND,DENV1-I,NA
A/01093/06,DENV1/THAILAND/2006/01093/06,THAILAND,THAILAND,DENV1,2006,THAILAND,ASIA/OCEANIA,THAILAND,DENV1-I,NA
A/01096/06,DENV1/THAILAND/2006/01096/06,THAILAND,THAILAND,DENV1,2006,THAILAND,ASIA/OCEANIA,THAILAND,DENV1-I,NA
A/01104/06,DENV1/THAILAND/2006/01104/06,THAILAND,THAILAND,DENV1,2006,THAILAND,ASIA/OCEANIA,THAILAND,DENV1-I,NA
A/01108/06,DENV1/THAILAND/2006/01108/06,THAILAND,THAILAND,DENV1,2006,THAILAND,ASIA/OCEANIA,THAILAND,DENV1-I,NA
A/01140/06,DENV1/THAILAND/2006/01140/06,THAILAND,THAILAND,DENV1,2006,THAILAND,ASIA/OCEANIA,THAILAND,DENV1-I,NA
A/01141/06,DENV1/THAILAND/2006/01141/06,THAILAND,THAILAND,DENV1,2006,THAILAND,ASIA/OCEANIA,THAILAND,DENV1-I,NA
A/01143/06,DENV1/THAILAND/2006/01143/06,THAILAND,THAILAND,DENV1,2006,THAILAND,ASIA/OCEANIA,THAILAND,DENV1-I,NA
A/01145/06,DENV1/THAILAND/2006/01145/06,THAILAND,THAILAND,DENV1,2006,THAILAND,ASIA/OCEANIA,THAILAND,DENV1-I,NA
A/01170/06,DENV1/THAILAND/2006/01170/06,THAILAND,THAILAND,DENV1,2006,THAILAND,ASIA/OCEANIA,THAILAND,DENV1-I,set4
A/01211/06,DENV1/THAILAND/2006/01211/06,THAILAND,THAILAND,DENV1,2006,THAILAND,ASIA/OCEANIA,THAILAND,DENV1-I,NA
A/01214/06,DENV1/THAILAND/2006/01214/06,THAILAND,THAILAND,DENV1,2006,THAILAND,ASIA/OCEANIA,THAILAND,DENV1-I,NA
A/01229/06,DENV1/THAILAND/2006/01229/06,THAILAND,THAILAND,DENV1,2006,THAILAND,ASIA/OCEANIA,THAILAND,DENV1-I,NA
A/01241/06,DENV1/THAILAND/2006/01241/06,THAILAND,THAILAND,DENV1,2006,THAILAND,ASIA/OCEANIA,THAILAND,DENV1-I,NA
A/01242/06,DENV1/THAILAND/2006/01242/06,THAILAND,THAILAND,DENV1,2006,THAILAND,ASIA/OCEANIA,THAILAND,DENV1-I,NA
A/01273/06,DENV1/THAILAND/2006/01273/06,THAILAND,THAILAND,DENV1,2006,THAILAND,ASIA/OCEANIA,THAILAND,DENV1-I,NA
A/01277/06,DENV1/THAILAND/2006/01277/06,THAILAND,THAILAND,DENV1,2006,THAILAND,ASIA/OCEANIA,THAILAND,DENV1-I,NA
A/01330/06,DENV1/THAILAND/2006/01330/06,THAILAND,THAILAND,DENV1,2006,THAILAND,ASIA/OCEANIA,THAILAND,DENV1-I,NA
A/01332/06,DENV1/THAILAND/2006/01332/06,THAILAND,THAILAND,DENV1,2006,THAILAND,ASIA/OCEANIA,THAILAND,DENV1-I,set2
A/01334/06,DENV1/THAILAND/2006/01334/06,THAILAND,THAILAND,DENV1,2006,THAILAND,ASIA/OCEANIA,THAILAND,DENV1-I,NA
A/01335/06,DENV1/THAILAND/2006/01335/06,THAILAND,THAILAND,DENV1,2006,THAILAND,ASIA/OCEANIA,THAILAND,DENV1-I,NA
A/01376/06,DENV1/THAILAND/2006/01376/06,THAILAND,THAILAND,DENV1,2006,THAILAND,ASIA/OCEANIA,THAILAND,DENV1-I,NA
A/01377/06,DENV1/THAILAND/2006/01377/06,THAILAND,THAILAND,DENV1,2006,THAILAND,ASIA/OCEANIA,THAILAND,DENV1-I,NA
A/01380/06,DENV1/THAILAND/2006/01380/06,THAILAND,THAILAND,DENV1,2006,THAILAND,ASIA/OCEANIA,THAILAND,DENV1-I,NA
A/01381/06,DENV1/THAILAND/2006/01381/06,THAILAND,THAILAND,DENV1,2006,THAILAND,ASIA/OCEANIA,THAILAND,DENV1-I,NA
A/01383/06,DENV1/THAILAND/2006/01383/06,THAILAND,THAILAND,DENV1,2006,THAILAND,ASIA/OCEANIA,THAILAND,DENV1-I,NA
A/01386/06,DENV1/THAILAND/2006/01386/06,THAILAND,THAILAND,DENV1,2006,THAILAND,ASIA/OCEANIA,THAILAND,DENV1-I,NA
A/01402/06,DENV1/THAILAND/2006/01402/06,THAILAND,THAILAND,DENV1,2006,THAILAND,ASIA/OCEANIA,THAILAND,DENV1-I,NA
A/01444/06,DENV1/THAILAND/2006/01444/06,THAILAND,THAILAND,DENV1,2006,THAILAND,ASIA/OCEANIA,THAILAND,DENV1-I,NA
A/01448/06,DENV1/THAILAND/2006/01448/06,THAILAND,THAILAND,DENV1,2006,THAILAND,ASIA/OCEANIA,THAILAND,DENV1-I,set2
A/01453/06,DENV1/THAILAND/2006/01453/06,THAILAND,THAILAND,DENV1,2006,THAILAND,ASIA/OCEANIA,THAILAND,DENV1-I,NA
A/01483/06,DENV1/THAILAND/2006/01483/06,THAILAND,THAILAND,DENV1,2006,THAILAND,ASIA/OCEANIA,THAILAND,DENV1-I,NA
A/01499/06,DENV1/THAILAND/2006/01499/06,THAILAND,THAILAND,DENV1,2006,THAILAND,ASIA/OCEANIA,THAILAND,DENV1-I,NA
A/01505/06,DENV1/THAILAND/2006/01505/06,THAILAND,THAILAND,DENV1,2006,THAILAND,ASIA/OCEANIA,THAILAND,DENV1-I,NA
A/01511/06,DENV1/THAILAND/2006/01511/06,THAILAND,THAILAND,DENV1,2006,THAILAND,ASIA/OCEANIA,THAILAND,DENV1-I,NA
A/01512/06,DENV1/THAILAND/2006/01512/06,THAILAND,THAILAND,DENV1,2006,THAILAND,ASIA/OCEANIA,THAILAND,DENV1-I,NA
A/01528/06,DENV1/THAILAND/2006/01528/06,THAILAND,THAILAND,DENV1,2006,THAILAND,ASIA/OCEANIA,THAILAND,DENV1-I,NA
A/01529/06,DENV1/THAILAND/2006/01529/06,THAILAND,THAILAND,DENV1,2006,THAILAND,ASIA/OCEANIA,THAILAND,DENV1-I,NA
A/01530/06,DENV1/THAILAND/2006/01530/06,THAILAND,THAILAND,DENV1,2006,THAILAND,ASIA/OCEANIA,THAILAND,DENV1-I,NA
A/01535/06,DENV1/THAILAND/2006/01535/06,THAILAND,THAILAND,DENV1,2006,THAILAND,ASIA/OCEANIA,THAILAND,DENV1-I,NA
A/01538/06,DENV1/THAILAND/2006/01538/06,THAILAND,THAILAND,DENV1,2006,THAILAND,ASIA/OCEANIA,THAILAND,DENV1-I,NA
A/01561/06,DENV1/THAILAND/2006/01561/06,THAILAND,THAILAND,DENV1,2006,THAILAND,ASIA/OCEANIA,THAILAND,DENV1-I,NA
A/01563/06,DENV1/THAILAND/2006/01563/06,THAILAND,THAILAND,DENV1,2006,THAILAND,ASIA/OCEANIA,THAILAND,DENV1-I,NA
A/01573/06,DENV1/THAILAND/2006/01573/06,THAILAND,THAILAND,DENV1,2006,THAILAND,ASIA/OCEANIA,THAILAND,DENV1-I,NA
A/01595/06,DENV1/THAILAND/2006/01595/06,THAILAND,THAILAND,DENV1,2006,THAILAND,ASIA/OCEANIA,THAILAND,DENV1-I,NA
A/01635/06,DENV1/THAILAND/2006/01635/06,THAILAND,THAILAND,DENV1,2006,THAILAND,ASIA/OCEANIA,THAILAND,DENV1-I,NA
A/01650/06,DENV1/THAILAND/2006/01650/06,THAILAND,THAILAND,DENV1,2006,THAILAND,ASIA/OCEANIA,THAILAND,DENV1-I,NA
A/01678/06,DENV1/THAILAND/2006/01678/06,THAILAND,THAILAND,DENV1,2006,THAILAND,ASIA/OCEANIA,THAILAND,DENV1-I,NA
A/01690/06,DENV1/THAILAND/2006/01690/06,THAILAND,THAILAND,DENV1,2006,THAILAND,ASIA/OCEANIA,THAILAND,DENV1-I,NA
A/01710/06,DENV1/THAILAND/2006/01710/06,THAILAND,THAILAND,DENV1,2006,THAILAND,ASIA/OCEANIA,THAILAND,DENV1-I,NA
A/01774/06,DENV1/THAILAND/2006/01774/06,THAILAND,THAILAND,DENV1,2006,THAILAND,ASIA/OCEANIA,THAILAND,DENV1-I,NA
A/01820/06,DENV1/THAILAND/2006/01820/06,THAILAND,THAILAND,DENV1,2006,THAILAND,ASIA/OCEANIA,THAILAND,DENV1-I,NA
A/01823/06,DENV1/THAILAND/2006/01823/06,THAILAND,THAILAND,DENV1,2006,THAILAND,ASIA/OCEANIA,THAILAND,DENV1-I,NA
A/01830/06,DENV1/THAILAND/2006/01830/06,THAILAND,THAILAND,DENV1,2006,THAILAND,ASIA/OCEANIA,THAILAND,DENV1-I,NA
A/01831/06,DENV1/THAILAND/2006/01831/06,THAILAND,THAILAND,DENV1,2006,THAILAND,ASIA/OCEANIA,THAILAND,DENV1-I,set1
A/01858/06,DENV1/THAILAND/2006/01858/06,THAILAND,THAILAND,DENV1,2006,THAILAND,ASIA/OCEANIA,THAILAND,DENV1-I,NA
A/01931/06,DENV1/THAILAND/2006/01931/06,THAILAND,THAILAND,DENV1,2006,THAILAND,ASIA/OCEANIA,THAILAND,DENV1-I,NA
A/01932/06,DENV1/THAILAND/2006/01932/06,THAILAND,THAILAND,DENV1,2006,THAILAND,ASIA/OCEANIA,THAILAND,DENV1-I,set4
A/01934/06,DENV1/THAILAND/2006/01934/06,THAILAND,THAILAND,DENV1,2006,THAILAND,ASIA/OCEANIA,THAILAND,DENV1-I,set1
A/01936/06,DENV1/THAILAND/2006/01936/06,THAILAND,THAILAND,DENV1,2006,THAILAND,ASIA/OCEANIA,THAILAND,DENV1-I,NA
A/01937/06,DENV1/THAILAND/2006/01937/06,THAILAND,THAILAND,DENV1,2006,THAILAND,ASIA/OCEANIA,THAILAND,DENV1-I,NA
A/02000/06,DENV1/THAILAND/2006/02000/06,THAILAND,THAILAND,DENV1,2006,THAILAND,ASIA/OCEANIA,THAILAND,DENV1-I,NA
A/02035/06,DENV1/THAILAND/2006/02035/06,THAILAND,THAILAND,DENV1,2006,THAILAND,ASIA/OCEANIA,THAILAND,DENV1-I,NA
A/02046/06,DENV1/THAILAND/2006/02046/06,THAILAND,THAILAND,DENV1,2006,THAILAND,ASIA/OCEANIA,THAILAND,DENV1-I,NA
A/02050/06,DENV1/THAILAND/2006/02050/06,THAILAND,THAILAND,DENV1,2006,THAILAND,ASIA/OCEANIA,THAILAND,DENV1-I,set2
A/02076/06,DENV1/THAILAND/2006/02076/06,THAILAND,THAILAND,DENV1,2006,THAILAND,ASIA/OCEANIA,THAILAND,DENV1-I,NA
A/02079/06,DENV1/THAILAND/2006/02079/06,THAILAND,THAILAND,DENV1,2006,THAILAND,ASIA/OCEANIA,THAILAND,DENV1-I,NA
A/02080/06,DENV1/THAILAND/2006/02080/06,THAILAND,THAILAND,DENV1,2006,THAILAND,ASIA/OCEANIA,THAILAND,DENV1-I,NA
A/02114/06,DENV1/THAILAND/2006/02114/06,THAILAND,THAILAND,DENV1,2006,THAILAND,ASIA/OCEANIA,THAILAND,DENV1-I,NA
A/02116/06,DENV1/THAILAND/2006/02116/06,THAILAND,THAILAND,DENV1,2006,THAILAND,ASIA/OCEANIA,THAILAND,DENV1-I,NA
A/02118/06,DENV1/THAILAND/2006/02118/06,THAILAND,THAILAND,DENV1,2006,THAILAND,ASIA/OCEANIA,THAILAND,DENV1-I,NA
A/02122/06,DENV1/THAILAND/2006/02122/06,THAILAND,THAILAND,DENV1,2006,THAILAND,ASIA/OCEANIA,THAILAND,DENV1-I,NA
A/02127/06,DENV1/THAILAND/2006/02127/06,THAILAND,THAILAND,DENV1,2006,THAILAND,ASIA/OCEANIA,THAILAND,DENV1-I,NA
A/02129/06,DENV1/THAILAND/2006/02129/06,THAILAND,THAILAND,DENV1,2006,THAILAND,ASIA/OCEANIA,THAILAND,DENV1-I,NA
A/02131/06,DENV1/THAILAND/2006/02131/06,THAILAND,THAILAND,DENV1,2006,THAILAND,ASIA/OCEANIA,THAILAND,DENV1-I,NA
A/02193/06,DENV1/THAILAND/2006/02193/06,THAILAND,THAILAND,DENV1,2006,THAILAND,ASIA/OCEANIA,THAILAND,DENV1-I,set1
A/02196/06,DENV1/THAILAND/2006/02196/06,THAILAND,THAILAND,DENV1,2006,THAILAND,ASIA/OCEANIA,THAILAND,DENV1-I,NA
A/02239/06,DENV1/THAILAND/2006/02239/06,THAILAND,THAILAND,DENV1,2006,THAILAND,ASIA/OCEANIA,THAILAND,DENV1-I,NA
A/02270/06,DENV1/THAILAND/2006/02270/06,THAILAND,THAILAND,DENV1,2006,THAILAND,ASIA/OCEANIA,THAILAND,DENV1-I,NA
A/02296/06,DENV1/THAILAND/2006/02296/06,THAILAND,THAILAND,DENV1,2006,THAILAND,ASIA/OCEANIA,THAILAND,DENV1-I,NA
A/02333/06,DENV1/THAILAND/2006/02333/06,THAILAND,THAILAND,DENV1,2006,THAILAND,ASIA/OCEANIA,THAILAND,DENV1-I,NA
A/02340/06,DENV1/THAILAND/2006/02340/06,THAILAND,THAILAND,DENV1,2006,THAILAND,ASIA/OCEANIA,THAILAND,DENV1-I,set4
A/02344/06,DENV1/THAILAND/2006/02344/06,THAILAND,THAILAND,DENV1,2006,THAILAND,ASIA/OCEANIA,THAILAND,DENV1-I,NA
A/02356/06,DENV1/THAILAND/2006/02356/06,THAILAND,THAILAND,DENV1,2006,THAILAND,ASIA/OCEANIA,THAILAND,DENV1-I,NA
A/02358/06,DENV1/THAILAND/2006/02358/06,THAILAND,THAILAND,DENV1,2006,THAILAND,ASIA/OCEANIA,THAILAND,DENV1-I,NA
A/02361/06,DENV1/THAILAND/2006/02361/06,THAILAND,THAILAND,DENV1,2006,THAILAND,ASIA/OCEANIA,THAILAND,DENV1-I,NA
A/02395/06,DENV1/THAILAND/2006/02395/06,THAILAND,THAILAND,DENV1,2006,THAILAND,ASIA/OCEANIA,THAILAND,DENV1-I,NA
A/02424/06,DENV1/THAILAND/2006/02424/06,THAILAND,THAILAND,DENV1,2006,THAILAND,ASIA/OCEANIA,THAILAND,DENV1-I,NA
A/02433/06,DENV1/THAILAND/2006/02433/06,THAILAND,THAILAND,DENV1,2006,THAILAND,ASIA/OCEANIA,THAILAND,DENV1-I,NA
A/02454/06,DENV1/THAILAND/2006/02454/06,THAILAND,THAILAND,DENV1,2006,THAILAND,ASIA/OCEANIA,THAILAND,DENV1-I,NA
A/02459/06,DENV1/THAILAND/2006/02459/06,THAILAND,THAILAND,DENV1,2006,THAILAND,ASIA/OCEANIA,THAILAND,DENV1-I,NA
A/02499/06,DENV1/THAILAND/2006/02499/06,THAILAND,THAILAND,DENV1,2006,THAILAND,ASIA/OCEANIA,THAILAND,DENV1-I,NA
A/02508/06,DENV1/THAILAND/2006/02508/06,THAILAND,THAILAND,DENV1,2006,THAILAND,ASIA/OCEANIA,THAILAND,DENV1-I,NA
A/02509/06,DENV1/THAILAND/2006/02509/06,THAILAND,THAILAND,DENV1,2006,THAILAND,ASIA/OCEANIA,THAILAND,DENV1-I,set4
A/02511/06,DENV1/THAILAND/2006/02511/06,THAILAND,THAILAND,DENV1,2006,THAILAND,ASIA/OCEANIA,THAILAND,DENV1-I,NA
A/02539/06,DENV1/THAILAND/2006/02539/06,THAILAND,THAILAND,DENV1,2006,THAILAND,ASIA/OCEANIA,THAILAND,DENV1-I,NA
A/02547/06,DENV1/THAILAND/2006/02547/06,THAILAND,THAILAND,DENV1,2006,THAILAND,ASIA/OCEANIA,THAILAND,DENV1-I,NA
A/02548/06,DENV1/THAILAND/2006/02548/06,THAILAND,THAILAND,DENV1,2006,THAILAND,ASIA/OCEANIA,THAILAND,DENV1-I,NA
A/02549/06,DENV1/THAILAND/2006/02549/06,THAILAND,THAILAND,DENV1,2006,THAILAND,ASIA/OCEANIA,THAILAND,DENV1-I,NA
A/02553/06,DENV1/THAILAND/2006/02553/06,THAILAND,THAILAND,DENV1,2006,THAILAND,ASIA/OCEANIA,THAILAND,DENV1-I,NA
A/02554/06,DENV1/THAILAND/2006/02554/06,THAILAND,THAILAND,DENV1,2006,THAILAND,ASIA/OCEANIA,THAILAND,DENV1-I,NA
A/02583/06,DENV1/THAILAND/2006/02583/06,THAILAND,THAILAND,DENV1,2006,THAILAND,ASIA/OCEANIA,THAILAND,DENV1-I,NA
A/02584/06,DENV1/THAILAND/2006/02584/06,THAILAND,THAILAND,DENV1,2006,THAILAND,ASIA/OCEANIA,THAILAND,DENV1-I,NA
A/02585/06,DENV1/THAILAND/2006/02585/06,THAILAND,THAILAND,DENV1,2006,THAILAND,ASIA/OCEANIA,THAILAND,DENV1-I,NA
A/02588/06,DENV1/THAILAND/2006/02588/06,THAILAND,THAILAND,DENV1,2006,THAILAND,ASIA/OCEANIA,THAILAND,DENV1-I,NA
A/02592/06,DENV1/THAILAND/2006/02592/06,THAILAND,THAILAND,DENV1,2006,THAILAND,ASIA/OCEANIA,THAILAND,DENV1-I,NA
A/02595/06,DENV1/THAILAND/2006/02595/06,THAILAND,THAILAND,DENV1,2006,THAILAND,ASIA/OCEANIA,THAILAND,DENV1-I,NA
A/02615/06,DENV1/THAILAND/2006/02615/06,THAILAND,THAILAND,DENV1,2006,THAILAND,ASIA/OCEANIA,THAILAND,DENV1-I,NA
A/02634/06,DENV1/THAILAND/2006/02634/06,THAILAND,THAILAND,DENV1,2006,THAILAND,ASIA/OCEANIA,THAILAND,DENV1-I,NA
A/02648/06,DENV1/THAILAND/2006/02648/06,THAILAND,THAILAND,DENV1,2006,THAILAND,ASIA/OCEANIA,THAILAND,DENV1-I,NA
A/02653/06,DENV1/THAILAND/2006/02653/06,THAILAND,THAILAND,DENV1,2006,THAILAND,ASIA/OCEANIA,THAILAND,DENV1-I,NA
A/02657/06,DENV1/THAILAND/2006/02657/06,THAILAND,THAILAND,DENV1,2006,THAILAND,ASIA/OCEANIA,THAILAND,DENV1-I,NA
A/02673/06,DENV1/THAILAND/2006/02673/06,THAILAND,THAILAND,DENV1,2006,THAILAND,ASIA/OCEANIA,THAILAND,DENV1-I,NA
A/02676/06,DENV1/THAILAND/2006/02676/06,THAILAND,THAILAND,DENV1,2006,THAILAND,ASIA/OCEANIA,THAILAND,DENV1-I,NA
A/02677/06,DENV1/THAILAND/2006/02677/06,THAILAND,THAILAND,DENV1,2006,THAILAND,ASIA/OCEANIA,THAILAND,DENV1-I,NA
A/02679/06,DENV1/THAILAND/2006/02679/06,THAILAND,THAILAND,DENV1,2006,THAILAND,ASIA/OCEANIA,THAILAND,DENV1-I,NA
A/02681/06,DENV1/THAILAND/2006/02681/06,THAILAND,THAILAND,DENV1,2006,THAILAND,ASIA/OCEANIA,THAILAND,DENV1-I,NA
A/02717/06,DENV1/THAILAND/2006/02717/06,THAILAND,THAILAND,DENV1,2006,THAILAND,ASIA/OCEANIA,THAILAND,DENV1-I,NA
A/02718/06,DENV1/THAILAND/2006/02718/06,THAILAND,THAILAND,DENV1,2006,THAILAND,ASIA/OCEANIA,THAILAND,DENV1-I,NA
A/02719/06,DENV1/THAILAND/2006/02719/06,THAILAND,THAILAND,DENV1,2006,THAILAND,ASIA/OCEANIA,THAILAND,DENV1-I,NA
A/02723/06,DENV1/THAILAND/2006/02723/06,THAILAND,THAILAND,DENV1,2006,THAILAND,ASIA/OCEANIA,THAILAND,DENV1-I,NA
A/02725/06,DENV1/THAILAND/2006/02725/06,THAILAND,THAILAND,DENV1,2006,THAILAND,ASIA/OCEANIA,THAILAND,DENV1-I,NA
A/02729/06,DENV1/THAILAND/2006/02729/06,THAILAND,THAILAND,DENV1,2006,THAILAND,ASIA/OCEANIA,THAILAND,DENV1-I,NA
A/02730/06,DENV1/THAILAND/2006/02730/06,THAILAND,THAILAND,DENV1,2006,THAILAND,ASIA/OCEANIA,THAILAND,DENV1-I,NA
A/02776/06,DENV1/THAILAND/2006/02776/06,THAILAND,THAILAND,DENV1,2006,THAILAND,ASIA/OCEANIA,THAILAND,DENV1-I,NA
A/02789/06,DENV1/THAILAND/2006/02789/06,THAILAND,THAILAND,DENV1,2006,THAILAND,ASIA/OCEANIA,THAILAND,DENV1-I,NA
A/02808/06,DENV1/THAILAND/2006/02808/06,THAILAND,THAILAND,DENV1,2006,THAILAND,ASIA/OCEANIA,THAILAND,DENV1-I,NA
A/02815/06,DENV1/THAILAND/2006/02815/06,THAILAND,THAILAND,DENV1,2006,THAILAND,ASIA/OCEANIA,THAILAND,DENV1-I,NA
A/02817/06,DENV1/THAILAND/2006/02817/06,THAILAND,THAILAND,DENV1,2006,THAILAND,ASIA/OCEANIA,THAILAND,DENV1-I,NA
A/02834/06,DENV1/THAILAND/2006/02834/06,THAILAND,THAILAND,DENV1,2006,THAILAND,ASIA/OCEANIA,THAILAND,DENV1-I,NA
A/02835/06,DENV1/THAILAND/2006/02835/06,THAILAND,THAILAND,DENV1,2006,THAILAND,ASIA/OCEANIA,THAILAND,DENV1-I,NA
A/02847/06,DENV1/THAILAND/2006/02847/06,THAILAND,THAILAND,DENV1,2006,THAILAND,ASIA/OCEANIA,THAILAND,DENV1-I,NA
A/02848/06,DENV1/THAILAND/2006/02848/06,THAILAND,THAILAND,DENV1,2006,THAILAND,ASIA/OCEANIA,THAILAND,DENV1-I,NA
A/01479/07,DENV1/THAILAND/2007/01479/07,THAILAND.post,THAILAND,DENV1,2007,THAILAND,ASIA/OCEANIA,THAILAND,DENV1-I,set6
A/00792/10,DENV1/THAILAND/2010/00792/10,THAILAND.post,THAILAND,DENV1,2010,THAILAND,ASIA/OCEANIA,THAILAND,DENV1-I,set6
A/00887/10,DENV1/THAILAND/2010/00887/10,THAILAND.post,THAILAND,DENV1,2010,THAILAND,ASIA/OCEANIA,THAILAND,DENV1-I,NA
A/01040/10,DENV1/THAILAND/2010/01040/10,THAILAND.post,THAILAND,DENV1,2010,THAILAND,ASIA/OCEANIA,THAILAND,DENV1-I,NA
A/01044/10,DENV1/THAILAND/2010/01044/10,THAILAND.post,THAILAND,DENV1,2010,THAILAND,ASIA/OCEANIA,THAILAND,DENV1-I,NA
A/01175/10,DENV1/THAILAND/2010/01175/10,THAILAND.post,THAILAND,DENV1,2010,THAILAND,ASIA/OCEANIA,THAILAND,DENV1-I,NA
A/01302/10,DENV1/THAILAND/2010/01302/10,THAILAND.post,THAILAND,DENV1,2010,THAILAND,ASIA/OCEANIA,THAILAND,DENV1-I,NA
A/01327/10,DENV1/THAILAND/2010/01327/10,THAILAND.post,THAILAND,DENV1,2010,THAILAND,ASIA/OCEANIA,THAILAND,DENV1-I,set5
A/01381/10,DENV1/THAILAND/2010/01381/10,THAILAND.post,THAILAND,DENV1,2010,THAILAND,ASIA/OCEANIA,THAILAND,DENV1-I,NA
A/01436/10,DENV1/THAILAND/2010/01436/10,THAILAND.post,THAILAND,DENV1,2010,THAILAND,ASIA/OCEANIA,THAILAND,DENV1-I,NA
A/01446/10,DENV1/THAILAND/2010/01446/10,THAILAND.post,THAILAND,DENV1,2010,THAILAND,ASIA/OCEANIA,THAILAND,DENV1-I,NA
A/01447/10,DENV1/THAILAND/2010/01447/10,THAILAND.post,THAILAND,DENV1,2010,THAILAND,ASIA/OCEANIA,THAILAND,DENV1-I,NA
A/01510/10,DENV1/THAILAND/2010/01510/10,THAILAND.post,THAILAND,DENV1,2010,THAILAND,ASIA/OCEANIA,THAILAND,DENV1-I,set6
A/01518/10,DENV1/THAILAND/2010/01518/10,THAILAND.post,THAILAND,DENV1,2010,THAILAND,ASIA/OCEANIA,THAILAND,DENV1-I,set6
A/01521/10,DENV1/THAILAND/2010/01521/10,THAILAND.post,THAILAND,DENV1,2010,THAILAND,ASIA/OCEANIA,THAILAND,DENV1-I,NA
A/01600/10,DENV1/THAILAND/2010/01600/10,THAILAND.post,THAILAND,DENV1,2010,THAILAND,ASIA/OCEANIA,THAILAND,DENV1-I,NA
A/00002/11,DENV1/THAILAND/2011/00002/11,THAILAND.post,THAILAND,DENV1,2011,THAILAND,ASIA/OCEANIA,THAILAND,DENV1-I,NA
A/00046/11,DENV1/THAILAND/2011/00046/11,THAILAND.post,THAILAND,DENV1,2011,THAILAND,ASIA/OCEANIA,THAILAND,DENV1-I,NA
A/00055/11,DENV1/THAILAND/2011/00055/11,THAILAND.post,THAILAND,DENV1,2011,THAILAND,ASIA/OCEANIA,THAILAND,DENV1-I,NA
A/00272/11,DENV1/THAILAND/2011/00272/11,THAILAND.post,THAILAND,DENV1,2011,THAILAND,ASIA/OCEANIA,THAILAND,DENV1-I,NA
A/00330/11,DENV1/THAILAND/2011/00330/11,THAILAND.post,THAILAND,DENV1,2011,THAILAND,ASIA/OCEANIA,THAILAND,DENV1-I,set6
A/00349/11,DENV1/THAILAND/2011/00349/11,THAILAND.post,THAILAND,DENV1,2011,THAILAND,ASIA/OCEANIA,THAILAND,DENV1-I,NA
A/00358/11,DENV1/THAILAND/2011/00358/11,THAILAND.post,THAILAND,DENV1,2011,THAILAND,ASIA/OCEANIA,THAILAND,DENV1-I,NA
A/00432/11,DENV1/THAILAND/2011/00432/11,THAILAND.post,THAILAND,DENV1,2011,THAILAND,ASIA/OCEANIA,THAILAND,DENV1-I,NA
A/00493/11,DENV1/THAILAND/2011/00493/11,THAILAND.post,THAILAND,DENV1,2011,THAILAND,ASIA/OCEANIA,THAILAND,DENV1-I,NA
A/00577/11,DENV1/THAILAND/2011/00577/11,THAILAND.post,THAILAND,DENV1,2011,THAILAND,ASIA/OCEANIA,THAILAND,DENV1-I,set6
A/00626/11,DENV1/THAILAND/2011/00626/11,THAILAND.post,THAILAND,DENV1,2011,THAILAND,ASIA/OCEANIA,THAILAND,DENV1-I,NA
A/00750/11,DENV1/THAILAND/2011/00750/11,THAILAND.post,THAILAND,DENV1,2011,THAILAND,ASIA/OCEANIA,THAILAND,DENV1-I,NA
A/00757/11,DENV1/THAILAND/2011/00757/11,THAILAND.post,THAILAND,DENV1,2011,THAILAND,ASIA/OCEANIA,THAILAND,DENV1-I,NA
A/00785/11,DENV1/THAILAND/2011/00785/11,THAILAND.post,THAILAND,DENV1,2011,THAILAND,ASIA/OCEANIA,THAILAND,DENV1-I,NA
A/00938/11,DENV1/THAILAND/2011/00938/11,THAILAND.post,THAILAND,DENV1,2011,THAILAND,ASIA/OCEANIA,THAILAND,DENV1-I,NA
A/01202/11,DENV1/THAILAND/2011/01202/11,THAILAND.post,THAILAND,DENV1,2011,THAILAND,ASIA/OCEANIA,THAILAND,DENV1-I,NA
A/01259/11,DENV1/THAILAND/2011/01259/11,THAILAND.post,THAILAND,DENV1,2011,THAILAND,ASIA/OCEANIA,THAILAND,DENV1-I,NA
A/01302/11,DENV1/THAILAND/2011/01302/11,THAILAND.post,THAILAND,DENV1,2011,THAILAND,ASIA/OCEANIA,THAILAND,DENV1-I,NA
A/01392/11,DENV1/THAILAND/2011/01392/11,THAILAND.post,THAILAND,DENV1,2011,THAILAND,ASIA/OCEANIA,THAILAND,DENV1-I,set5
A/01450/11,DENV1/THAILAND/2011/01450/11,THAILAND.post,THAILAND,DENV1,2011,THAILAND,ASIA/OCEANIA,THAILAND,DENV1-I,set6
A/01453/11,DENV1/THAILAND/2011/01453/11,THAILAND.post,THAILAND,DENV1,2011,THAILAND,ASIA/OCEANIA,THAILAND,DENV1-I,NA
A/00305/12,DENV1/THAILAND/2012/00305/12,THAILAND.post,THAILAND,DENV1,2012,THAILAND,ASIA/OCEANIA,THAILAND,DENV1-I,NA
A/00346/12,DENV1/THAILAND/2012/00346/12,THAILAND.post,THAILAND,DENV1,2012,THAILAND,ASIA/OCEANIA,THAILAND,DENV1-I,NA
A/00358/12,DENV1/THAILAND/2012/00358/12,THAILAND.post,THAILAND,DENV1,2012,THAILAND,ASIA/OCEANIA,THAILAND,DENV1-I,NA
A/00511/12,DENV1/THAILAND/2012/00511/12,THAILAND.post,THAILAND,DENV1,2012,THAILAND,ASIA/OCEANIA,THAILAND,DENV1-I,set6
A/00543/12,DENV1/THAILAND/2012/00543/12,THAILAND.post,THAILAND,DENV1,2012,THAILAND,ASIA/OCEANIA,THAILAND,DENV1-I,NA
A/00580/12,DENV1/THAILAND/2012/00580/12,THAILAND.post,THAILAND,DENV1,2012,THAILAND,ASIA/OCEANIA,THAILAND,DENV1-I,NA
A/00763/12,DENV1/THAILAND/2012/00763/12,THAILAND.post,THAILAND,DENV1,2012,THAILAND,ASIA/OCEANIA,THAILAND,DENV1-I,NA
A/00777/12,DENV1/THAILAND/2012/00777/12,THAILAND.post,THAILAND,DENV1,2012,THAILAND,ASIA/OCEANIA,THAILAND,DENV1-I,set6
A/00807/12,DENV1/THAILAND/2012/00807/12,THAILAND.post,THAILAND,DENV1,2012,THAILAND,ASIA/OCEANIA,THAILAND,DENV1-I,NA
A/00809/12,DENV1/THAILAND/2012/00809/12,THAILAND.post,THAILAND,DENV1,2012,THAILAND,ASIA/OCEANIA,THAILAND,DENV1-I,NA
A/00829/12,DENV1/THAILAND/2012/00829/12,THAILAND.post,THAILAND,DENV1,2012,THAILAND,ASIA/OCEANIA,THAILAND,DENV1-I,set6
A/00840/12,DENV1/THAILAND/2012/00840/12,THAILAND.post,THAILAND,DENV1,2012,THAILAND,ASIA/OCEANIA,THAILAND,DENV1-I,NA
A/00878/12,DENV1/THAILAND/2012/00878/12,THAILAND.post,THAILAND,DENV1,2012,THAILAND,ASIA/OCEANIA,THAILAND,DENV1-I,NA
A/00943/12,DENV1/THAILAND/2012/00943/12,THAILAND.post,THAILAND,DENV1,2012,THAILAND,ASIA/OCEANIA,THAILAND,DENV1-I,NA
A/01006/12,DENV1/THAILAND/2012/01006/12,THAILAND.post,THAILAND,DENV1,2012,THAILAND,ASIA/OCEANIA,THAILAND,DENV1-I,NA
A/01133/12,DENV1/THAILAND/2012/01133/12,THAILAND.post,THAILAND,DENV1,2012,THAILAND,ASIA/OCEANIA,THAILAND,DENV1-I,set5
A/00059/13,DENV1/THAILAND/2013/00059/13,THAILAND.post,THAILAND,DENV1,2013,THAILAND,ASIA/OCEANIA,THAILAND,DENV1-I,NA
A/00062/13,DENV1/THAILAND/2013/00062/13,THAILAND.post,THAILAND,DENV1,2013,THAILAND,ASIA/OCEANIA,THAILAND,DENV1-I,NA
A/00090/13,DENV1/THAILAND/2013/00090/13,THAILAND.post,THAILAND,DENV1,2013,THAILAND,ASIA/OCEANIA,THAILAND,DENV1-I,set6
A/00192/13,DENV1/THAILAND/2013/00192/13,THAILAND.post,THAILAND,DENV1,2013,THAILAND,ASIA/OCEANIA,THAILAND,DENV1-I,NA
A/00270/13,DENV1/THAILAND/2013/00270/13,THAILAND.post,THAILAND,DENV1,2013,THAILAND,ASIA/OCEANIA,THAILAND,DENV1-I,NA
A/00297/13,DENV1/THAILAND/2013/00297/13,THAILAND.post,THAILAND,DENV1,2013,THAILAND,ASIA/OCEANIA,THAILAND,DENV1-I,set6
A/00343/13,DENV1/THAILAND/2013/00343/13,THAILAND.post,THAILAND,DENV1,2013,THAILAND,ASIA/OCEANIA,THAILAND,DENV1-I,set6
A/00456/13,DENV1/THAILAND/2013/00456/13,THAILAND.post,THAILAND,DENV1,2013,THAILAND,ASIA/OCEANIA,THAILAND,DENV1-I,NA
A/00485/13,DENV1/THAILAND/2013/00485/13,THAILAND.post,THAILAND,DENV1,2013,THAILAND,ASIA/OCEANIA,THAILAND,DENV1-I,set5
A/00607/13,DENV1/THAILAND/2013/00607/13,THAILAND.post,THAILAND,DENV1,2013,THAILAND,ASIA/OCEANIA,THAILAND,DENV1-I,NA
A/01031/13,DENV1/THAILAND/2013/01031/13,THAILAND.post,THAILAND,DENV1,2013,THAILAND,ASIA/OCEANIA,THAILAND,DENV1-I,NA
A/01060/13,DENV1/THAILAND/2013/01060/13,THAILAND.post,THAILAND,DENV1,2013,THAILAND,ASIA/OCEANIA,THAILAND,DENV1-I,NA
A/01143/13,DENV1/THAILAND/2013/01143/13,THAILAND.post,THAILAND,DENV1,2013,THAILAND,ASIA/OCEANIA,THAILAND,DENV1-I,NA
A/01152/13,DENV1/THAILAND/2013/01152/13,THAILAND.post,THAILAND,DENV1,2013,THAILAND,ASIA/OCEANIA,THAILAND,DENV1-I,NA
A/01570/13,DENV1/THAILAND/2013/01570/13,THAILAND.post,THAILAND,DENV1,2013,THAILAND,ASIA/OCEANIA,THAILAND,DENV1-I,NA
A/00213/14,DENV1/THAILAND/2014/00213/14,THAILAND.post,THAILAND,DENV1,2014,THAILAND,ASIA/OCEANIA,THAILAND,DENV1-I,NA
A/00444/14,DENV1/THAILAND/2014/00444/14,THAILAND.post,THAILAND,DENV1,2014,THAILAND,ASIA/OCEANIA,THAILAND,DENV1-I,set5
A/00485/14,DENV1/THAILAND/2014/00485/14,THAILAND.post,THAILAND,DENV1,2014,THAILAND,ASIA/OCEANIA,THAILAND,DENV1-I,set6
A/00554/14,DENV1/THAILAND/2014/00554/14,THAILAND.post,THAILAND,DENV1,2014,THAILAND,ASIA/OCEANIA,THAILAND,DENV1-I,set6
A/00559/14,DENV1/THAILAND/2014/00559/14,THAILAND.post,THAILAND,DENV1,2014,THAILAND,ASIA/OCEANIA,THAILAND,DENV1-I,NA
A/00572/14,DENV1/THAILAND/2014/00572/14,THAILAND.post,THAILAND,DENV1,2014,THAILAND,ASIA/OCEANIA,THAILAND,DENV1-I,NA
A/00624/14,DENV1/THAILAND/2014/00624/14,THAILAND.post,THAILAND,DENV1,2014,THAILAND,ASIA/OCEANIA,THAILAND,DENV1-I,NA
A/00634/14,DENV1/THAILAND/2014/00634/14,THAILAND.post,THAILAND,DENV1,2014,THAILAND,ASIA/OCEANIA,THAILAND,DENV1-I,NA
A/00725/14,DENV1/THAILAND/2014/00725/14,THAILAND.post,THAILAND,DENV1,2014,THAILAND,ASIA/OCEANIA,THAILAND,DENV1-I,set6
A/00738/14,DENV1/THAILAND/2014/00738/14,THAILAND.post,THAILAND,DENV1,2014,THAILAND,ASIA/OCEANIA,THAILAND,DENV1-I,NA
A/00758/14,DENV1/THAILAND/2014/00758/14,THAILAND.post,THAILAND,DENV1,2014,THAILAND,ASIA/OCEANIA,THAILAND,DENV1-I,NA
d2ngc44,DENV2/NEWGUINEA/1944/NEWGUINEAC,GLOBAL,GLOBAL,DENV2,1944,NEWGUINEA,ASIA/OCEANIA,ASIA/OCEANIA,DENV2-Asian II,NA
d2sylv03,DENV2/SENEGAL/1970/SENDAK-HD-10674,GLOBAL,GLOBAL,DENV2,1970,SENEGAL,AMERICAS/AFRICA,AMERICAS/AFRICA,DENV2-Sylvatic,set2
d2india74,DENV2/INDIA/1974/POONA-742295,GLOBAL,GLOBAL,DENV2,1974,INDIA,ASIA/OCEANIA,ASIA/OCEANIA,DENV2-Cosmopolitan,NA
d2tonga74,DENV2/TONGA/1974/TONGA-74,GLOBAL,GLOBAL,DENV2,1974,TONGA,ASIA/OCEANIA,ASIA/OCEANIA,DENV2-American,NA
d2peru96,DENV2/PERU/1996/IQT2913,GLOBAL,GLOBAL,DENV2,1996,PERU,AMERICAS/AFRICA,AMERICAS/AFRICA,DENV2-American,NA
d2guy00,DENV2/GUYANA/2000/CAREC-00-08221,GLOBAL,GLOBAL,DENV2,2000,GUYANA,ASIA/OCEANIA,ASIA/OCEANIA,DENV2-Asian/American,NA
d2vn178,DENV2/VIETNAM/2003/AC21,GLOBAL,GLOBAL,DENV2,2003,VIETNAM,ASIA/OCEANIA,ASIA/OCEANIA,DENV2-Asian/American,set1
d2vn670,DENV2/VIETNAM/2003/DF670-AC20,GLOBAL,GLOBAL,DENV2,2003,VIETNAM,ASIA/OCEANIA,ASIA/OCEANIA,DENV2-Asian/American,NA
d2br04,DENV2/BRAZIL/2004/BR-161,GLOBAL,GLOBAL,DENV2,2004,BRAZIL,AMERICAS/AFRICA,AMERICAS/AFRICA,DENV2-Asian/American,NA
d2ni05,DENV2/NICARAGUA/2005/BID-V533,GLOBAL,GLOBAL,DENV2,2005,NICARAGUA,AMERICAS/AFRICA,AMERICAS/AFRICA,DENV2-Asian/American,NA
d2ni06,DENV2/NICARAGUA/2006/BID-V571,GLOBAL,GLOBAL,DENV2,2006,NICARAGUA,AMERICAS/AFRICA,AMERICAS/AFRICA,DENV2-Asian/American,NA
d2vn135,DENV2/VIETNAM/2006/32-135,GLOBAL,GLOBAL,DENV2,2006,VIETNAM,ASIA/OCEANIA,ASIA/OCEANIA,DENV2-Cosmopolitan,NA
d2mal08,DENV2/MALAYSIA/2008/DKD-811,GLOBAL,GLOBAL,DENV2,2008,MALAYSIA,ASIA/OCEANIA,ASIA/OCEANIA,DENV2-Sylvatic,NA
d2cam703,DENV2/CAMBODIA/2003/FJ639703,CAMBODIA,CAMBODIA,DENV2,2003,CAMBODIA,ASIA/OCEANIA,ASIA/OCEANIA,DENV2-Asian/American,NA
d2cam192,DENV2/CAMBODIA/2003/D2N0619192_KH03_KAN,CAMBODIA,CAMBODIA,DENV2,2003,CAMBODIA,ASIA/OCEANIA,ASIA/OCEANIA,DENV2-Asian/American,NA
d2cam219,DENV2/CAMBODIA/2004/D2O0816219_KH04_PHP,CAMBODIA,CAMBODIA,DENV2,2004,CAMBODIA,ASIA/OCEANIA,ASIA/OCEANIA,DENV2-Asian I,set4
d2cam261,DENV2/CAMBODIA/2005/D2P0823261_KH05_PHP,CAMBODIA,CAMBODIA,DENV2,2005,CAMBODIA,ASIA/OCEANIA,ASIA/OCEANIA,DENV2-Asian I,NA
d2cam150,DENV2/CAMBODIA/2006/D2Q0612150_KH06_PHP,CAMBODIA,CAMBODIA,DENV2,2006,CAMBODIA,ASIA/OCEANIA,ASIA/OCEANIA,DENV2-Asian I,NA
d2cam717,DENV2/CAMBODIA/2007/FJ639717,CAMBODIA,CAMBODIA,DENV2,2007,CAMBODIA,ASIA/OCEANIA,ASIA/OCEANIA,DENV2-Asian I,set4
d2cam927,DENV2/CAMBODIA/2007/GU131927,CAMBODIA,CAMBODIA,DENV2,2007,CAMBODIA,ASIA/OCEANIA,ASIA/OCEANIA,DENV2-Asian I,set1
d2cam38,DENV2/CAMBODIA/2008/GQ868638,CAMBODIA,CAMBODIA,DENV2,2008,CAMBODIA,ASIA/OCEANIA,ASIA/OCEANIA,DENV2-Asian I,NA
d2cam1085,DENV2/CAMBODIA/2009/D2T0601085-KH09-KSP,CAMBODIA,CAMBODIA,DENV2,2009,CAMBODIA,ASIA/OCEANIA,ASIA/OCEANIA,DENV2-Asian I,NA
d2cam203,DENV2/CAMBODIA/2009/D2T0610203_KH09_PHP,CAMBODIA,CAMBODIA,DENV2,2009,CAMBODIA,ASIA/OCEANIA,ASIA/OCEANIA,DENV2-Asian I,NA
d2cam072,DENV2/CAMBODIA/2010/U0612072,CAMBODIA,CAMBODIA,DENV2,2010,CAMBODIA,ASIA/OCEANIA,ASIA/OCEANIA,DENV2-Asian I,NA
d2cam264,DENV2/CAMBODIA/2010/U0616264,CAMBODIA,CAMBODIA,DENV2,2010,CAMBODIA,ASIA/OCEANIA,ASIA/OCEANIA,DENV2-Asian I,NA
d2cam301,DENV2/CAMBODIA/2011/V0122301,CAMBODIA,CAMBODIA,DENV2,2011,CAMBODIA,ASIA/OCEANIA,ASIA/OCEANIA,DENV2-Asian I,NA
d2cam304,DENV2/CAMBODIA/2011/V0524304,CAMBODIA,CAMBODIA,DENV2,2011,CAMBODIA,ASIA/OCEANIA,ASIA/OCEANIA,DENV2-Asian I,NA
B/05470/88,DENV2/THAILAND/1988/05470/88,THAILAND.pre,THAILAND,DENV2,1988,THAILAND,ASIA/OCEANIA,THAILAND,DENV2-Asian/American,set2
B/00126/94,DENV2/THAILAND/1994/00126/94,THAILAND,THAILAND,DENV2,1994,THAILAND,ASIA/OCEANIA,THAILAND,DENV2-Asian I,set4
B/00327/94,DENV2/THAILAND/1994/00327/94,THAILAND,THAILAND,DENV2,1994,THAILAND,ASIA/OCEANIA,THAILAND,DENV2-Asian I,set3
B/00489/94,DENV2/THAILAND/1994/00489/94,THAILAND,THAILAND,DENV2,1994,THAILAND,ASIA/OCEANIA,THAILAND,DENV2-Asian I,NA
B/00523/94,DENV2/THAILAND/1994/00523/94,THAILAND,THAILAND,DENV2,1994,THAILAND,ASIA/OCEANIA,THAILAND,DENV2-Asian I,set3
B/00612/94,DENV2/THAILAND/1994/00612/94,THAILAND,THAILAND,DENV2,1994,THAILAND,ASIA/OCEANIA,THAILAND,DENV2-Asian I,NA
B/00637/94,DENV2/THAILAND/1994/00637/94,THAILAND,THAILAND,DENV2,1994,THAILAND,ASIA/OCEANIA,THAILAND,DENV2-Asian I,NA
B/00662/94,DENV2/THAILAND/1994/00662/94,THAILAND,THAILAND,DENV2,1994,THAILAND,ASIA/OCEANIA,THAILAND,DENV2-Asian I,NA
B/00706/94,DENV2/THAILAND/1994/00706/94,THAILAND,THAILAND,DENV2,1994,THAILAND,ASIA/OCEANIA,THAILAND,DENV2-Asian I,NA
B/00849/94,DENV2/THAILAND/1994/00849/94,THAILAND,THAILAND,DENV2,1994,THAILAND,ASIA/OCEANIA,THAILAND,DENV2-Asian I,NA
B/00921/94,DENV2/THAILAND/1994/00921/94,THAILAND,THAILAND,DENV2,1994,THAILAND,ASIA/OCEANIA,THAILAND,DENV2-Asian I,NA
B/00937/94,DENV2/THAILAND/1994/00937/94,THAILAND,THAILAND,DENV2,1994,THAILAND,ASIA/OCEANIA,THAILAND,DENV2-Asian I,NA
B/00997/94,DENV2/THAILAND/1994/00997/94,THAILAND,THAILAND,DENV2,1994,THAILAND,ASIA/OCEANIA,THAILAND,DENV2-Asian I,NA
B/01034/94,DENV2/THAILAND/1994/01034/94,THAILAND,THAILAND,DENV2,1994,THAILAND,ASIA/OCEANIA,THAILAND,DENV2-Asian I,NA
B/01414/94,DENV2/THAILAND/1994/01414/94,THAILAND,THAILAND,DENV2,1994,THAILAND,ASIA/OCEANIA,THAILAND,DENV2-Asian I,set4
B/01429/94,DENV2/THAILAND/1994/01429/94,THAILAND,THAILAND,DENV2,1994,THAILAND,ASIA/OCEANIA,THAILAND,DENV2-Asian I,NA
B/01430/94,DENV2/THAILAND/1994/01430/94,THAILAND,THAILAND,DENV2,1994,THAILAND,ASIA/OCEANIA,THAILAND,DENV2-Asian I,NA
B/01458/94,DENV2/THAILAND/1994/01458/94,THAILAND,THAILAND,DENV2,1994,THAILAND,ASIA/OCEANIA,THAILAND,DENV2-Asian I,NA
B/01488/94,DENV2/THAILAND/1994/01488/94,THAILAND,THAILAND,DENV2,1994,THAILAND,ASIA/OCEANIA,THAILAND,DENV2-Asian I,NA
B/01497/94,DENV2/THAILAND/1994/01497/94,THAILAND,THAILAND,DENV2,1994,THAILAND,ASIA/OCEANIA,THAILAND,DENV2-Asian I,NA
B/01536/94,DENV2/THAILAND/1994/01536/94,THAILAND,THAILAND,DENV2,1994,THAILAND,ASIA/OCEANIA,THAILAND,DENV2-Asian I,NA
B/00033/95,DENV2/THAILAND/1995/00033/95,THAILAND,THAILAND,DENV2,1995,THAILAND,ASIA/OCEANIA,THAILAND,DENV2-Asian I,NA
B/00233/95,DENV2/THAILAND/1995/00233/95,THAILAND,THAILAND,DENV2,1995,THAILAND,ASIA/OCEANIA,THAILAND,DENV2-Asian I,NA
B/00234/95,DENV2/THAILAND/1995/00234/95,THAILAND,THAILAND,DENV2,1995,THAILAND,ASIA/OCEANIA,THAILAND,DENV2-Asian I,NA
B/00298/95,DENV2/THAILAND/1995/00298/95,THAILAND,THAILAND,DENV2,1995,THAILAND,ASIA/OCEANIA,THAILAND,DENV2-Asian I,NA
B/00309/95,DENV2/THAILAND/1995/00309/95,THAILAND,THAILAND,DENV2,1995,THAILAND,ASIA/OCEANIA,THAILAND,DENV2-Asian I,NA
B/00436/95,DENV2/THAILAND/1995/00436/95,THAILAND,THAILAND,DENV2,1995,THAILAND,ASIA/OCEANIA,THAILAND,DENV2-Asian I,NA
B/00589/95,DENV2/THAILAND/1995/00589/95,THAILAND,THAILAND,DENV2,1995,THAILAND,ASIA/OCEANIA,THAILAND,DENV2-Asian I,NA
B/00656/95,DENV2/THAILAND/1995/00656/95,THAILAND,THAILAND,DENV2,1995,THAILAND,ASIA/OCEANIA,THAILAND,DENV2-Asian I,NA
B/00672/95,DENV2/THAILAND/1995/00672/95,THAILAND,THAILAND,DENV2,1995,THAILAND,ASIA/OCEANIA,THAILAND,DENV2-Asian I,NA
B/00759/95,DENV2/THAILAND/1995/00759/95,THAILAND,THAILAND,DENV2,1995,THAILAND,ASIA/OCEANIA,THAILAND,DENV2-Asian I,NA
B/00760/95,DENV2/THAILAND/1995/00760/95,THAILAND,THAILAND,DENV2,1995,THAILAND,ASIA/OCEANIA,THAILAND,DENV2-Asian I,NA
B/00773/95,DENV2/THAILAND/1995/00773/95,THAILAND,THAILAND,DENV2,1995,THAILAND,ASIA/OCEANIA,THAILAND,DENV2-Asian I,set1
B/00775/95,DENV2/THAILAND/1995/00775/95,THAILAND,THAILAND,DENV2,1995,THAILAND,ASIA/OCEANIA,THAILAND,DENV2-Asian I,set4
B/00777/95,DENV2/THAILAND/1995/00777/95,THAILAND,THAILAND,DENV2,1995,THAILAND,ASIA/OCEANIA,THAILAND,DENV2-Asian I,NA
B/00856/95,DENV2/THAILAND/1995/00856/95,THAILAND,THAILAND,DENV2,1995,THAILAND,ASIA/OCEANIA,THAILAND,DENV2-Asian I,NA
B/00895/95,DENV2/THAILAND/1995/00895/95,THAILAND,THAILAND,DENV2,1995,THAILAND,ASIA/OCEANIA,THAILAND,DENV2-Asian I,NA
B/00925/95,DENV2/THAILAND/1995/00925/95,THAILAND,THAILAND,DENV2,1995,THAILAND,ASIA/OCEANIA,THAILAND,DENV2-Asian I,NA
B/00976/95,DENV2/THAILAND/1995/00976/95,THAILAND,THAILAND,DENV2,1995,THAILAND,ASIA/OCEANIA,THAILAND,DENV2-Asian I,set1
B/00991/95,DENV2/THAILAND/1995/00991/95,THAILAND,THAILAND,DENV2,1995,THAILAND,ASIA/OCEANIA,THAILAND,DENV2-Asian I,NA
B/01001/95,DENV2/THAILAND/1995/01001/95,THAILAND,THAILAND,DENV2,1995,THAILAND,ASIA/OCEANIA,THAILAND,DENV2-Asian I,NA
B/01019/95,DENV2/THAILAND/1995/01019/95,THAILAND,THAILAND,DENV2,1995,THAILAND,ASIA/OCEANIA,THAILAND,DENV2-Asian I,NA
B/01082/95,DENV2/THAILAND/1995/01082/95,THAILAND,THAILAND,DENV2,1995,THAILAND,ASIA/OCEANIA,THAILAND,DENV2-Asian I,NA
B/01088/95,DENV2/THAILAND/1995/01088/95,THAILAND,THAILAND,DENV2,1995,THAILAND,ASIA/OCEANIA,THAILAND,DENV2-Asian I,NA
B/01241/95,DENV2/THAILAND/1995/01241/95,THAILAND,THAILAND,DENV2,1995,THAILAND,ASIA/OCEANIA,THAILAND,DENV2-Asian I,NA
B/01261/95,DENV2/THAILAND/1995/01261/95,THAILAND,THAILAND,DENV2,1995,THAILAND,ASIA/OCEANIA,THAILAND,DENV2-Asian I,NA
B/01281/95,DENV2/THAILAND/1995/01281/95,THAILAND,THAILAND,DENV2,1995,THAILAND,ASIA/OCEANIA,THAILAND,DENV2-Asian I,NA
B/01619/95,DENV2/THAILAND/1995/01619/95,THAILAND,THAILAND,DENV2,1995,THAILAND,ASIA/OCEANIA,THAILAND,DENV2-Asian I,NA
B/01636/95,DENV2/THAILAND/1995/01636/95,THAILAND,THAILAND,DENV2,1995,THAILAND,ASIA/OCEANIA,THAILAND,DENV2-Asian I,NA
B/01656/95,DENV2/THAILAND/1995/01656/95,THAILAND,THAILAND,DENV2,1995,THAILAND,ASIA/OCEANIA,THAILAND,DENV2-Asian I,set1
B/01800/95,DENV2/THAILAND/1995/01800/95,THAILAND,THAILAND,DENV2,1995,THAILAND,ASIA/OCEANIA,THAILAND,DENV2-Asian I,set1
B/00020/96,DENV2/THAILAND/1996/00020/96,THAILAND,THAILAND,DENV2,1996,THAILAND,ASIA/OCEANIA,THAILAND,DENV2-Asian I,NA
B/00024/96,DENV2/THAILAND/1996/00024/96,THAILAND,THAILAND,DENV2,1996,THAILAND,ASIA/OCEANIA,THAILAND,DENV2-Asian I,set4
B/00043/96,DENV2/THAILAND/1996/00043/96,THAILAND,THAILAND,DENV2,1996,THAILAND,ASIA/OCEANIA,THAILAND,DENV2-Asian I,NA
B/00742/96,DENV2/THAILAND/1996/00742/96,THAILAND,THAILAND,DENV2,1996,THAILAND,ASIA/OCEANIA,THAILAND,DENV2-Asian I,NA
B/00788/96,DENV2/THAILAND/1996/00788/96,THAILAND,THAILAND,DENV2,1996,THAILAND,ASIA/OCEANIA,THAILAND,DENV2-Asian I,NA
B/00945/96,DENV2/THAILAND/1996/00945/96,THAILAND,THAILAND,DENV2,1996,THAILAND,ASIA/OCEANIA,THAILAND,DENV2-Asian I,NA
B/00974/96,DENV2/THAILAND/1996/00974/96,THAILAND,THAILAND,DENV2,1996,THAILAND,ASIA/OCEANIA,THAILAND,DENV2-Asian I,NA
B/00996/96,DENV2/THAILAND/1996/00996/96,THAILAND,THAILAND,DENV2,1996,THAILAND,ASIA/OCEANIA,THAILAND,DENV2-Asian I,NA
B/01163/96,DENV2/THAILAND/1996/01163/96,THAILAND,THAILAND,DENV2,1996,THAILAND,ASIA/OCEANIA,THAILAND,DENV2-Asian I,set3
B/01175/96,DENV2/THAILAND/1996/01175/96,THAILAND,THAILAND,DENV2,1996,THAILAND,ASIA/OCEANIA,THAILAND,DENV2-Asian I,set3
B/01181/96,DENV2/THAILAND/1996/01181/96,THAILAND,THAILAND,DENV2,1996,THAILAND,ASIA/OCEANIA,THAILAND,DENV2-Asian I,NA
B/01182/96,DENV2/THAILAND/1996/01182/96,THAILAND,THAILAND,DENV2,1996,THAILAND,ASIA/OCEANIA,THAILAND,DENV2-Asian I,NA
B/01309/96,DENV2/THAILAND/1996/01309/96,THAILAND,THAILAND,DENV2,1996,THAILAND,ASIA/OCEANIA,THAILAND,DENV2-Asian I,set4
B/01315/96,DENV2/THAILAND/1996/01315/96,THAILAND,THAILAND,DENV2,1996,THAILAND,ASIA/OCEANIA,THAILAND,DENV2-Asian I,NA
B/01431/96,DENV2/THAILAND/1996/01431/96,THAILAND,THAILAND,DENV2,1996,THAILAND,ASIA/OCEANIA,THAILAND,DENV2-Asian I,NA
B/01816/96,DENV2/THAILAND/1996/01816/96,THAILAND,THAILAND,DENV2,1996,THAILAND,ASIA/OCEANIA,THAILAND,DENV2-Asian I,NA
B/01865/96,DENV2/THAILAND/1996/01865/96,THAILAND,THAILAND,DENV2,1996,THAILAND,ASIA/OCEANIA,THAILAND,DENV2-Asian I,NA
B/01940/96,DENV2/THAILAND/1996/01940/96,THAILAND,THAILAND,DENV2,1996,THAILAND,ASIA/OCEANIA,THAILAND,DENV2-Asian I,NA
B/02118/96,DENV2/THAILAND/1996/02118/96,THAILAND,THAILAND,DENV2,1996,THAILAND,ASIA/OCEANIA,THAILAND,DENV2-Asian I,NA
B/02119/96,DENV2/THAILAND/1996/02119/96,THAILAND,THAILAND,DENV2,1996,THAILAND,ASIA/OCEANIA,THAILAND,DENV2-Asian I,NA
B/02126/96,DENV2/THAILAND/1996/02126/96,THAILAND,THAILAND,DENV2,1996,THAILAND,ASIA/OCEANIA,THAILAND,DENV2-Asian I,NA
B/02136/96,DENV2/THAILAND/1996/02136/96,THAILAND,THAILAND,DENV2,1996,THAILAND,ASIA/OCEANIA,THAILAND,DENV2-Asian I,NA
B/02199/96,DENV2/THAILAND/1996/02199/96,THAILAND,THAILAND,DENV2,1996,THAILAND,ASIA/OCEANIA,THAILAND,DENV2-Asian I,NA
B/02234/96,DENV2/THAILAND/1996/02234/96,THAILAND,THAILAND,DENV2,1996,THAILAND,ASIA/OCEANIA,THAILAND,DENV2-Asian I,NA
B/02561/96,DENV2/THAILAND/1996/02561/96,THAILAND,THAILAND,DENV2,1996,THAILAND,ASIA/OCEANIA,THAILAND,DENV2-Asian I,set4
B/00084/97,DENV2/THAILAND/1997/00084/97,THAILAND,THAILAND,DENV2,1997,THAILAND,ASIA/OCEANIA,THAILAND,DENV2-Asian I,NA
B/00112/97,DENV2/THAILAND/1997/00112/97,THAILAND,THAILAND,DENV2,1997,THAILAND,ASIA/OCEANIA,THAILAND,DENV2-Asian I,NA
B/00494/97,DENV2/THAILAND/1997/00494/97,THAILAND,THAILAND,DENV2,1997,THAILAND,ASIA/OCEANIA,THAILAND,DENV2-Asian I,NA
B/00760/97,DENV2/THAILAND/1997/00760/97,THAILAND,THAILAND,DENV2,1997,THAILAND,ASIA/OCEANIA,THAILAND,DENV2-Asian I,NA
B/00774/97,DENV2/THAILAND/1997/00774/97,THAILAND,THAILAND,DENV2,1997,THAILAND,ASIA/OCEANIA,THAILAND,DENV2-Asian I,NA
B/00809/97,DENV2/THAILAND/1997/00809/97,THAILAND,THAILAND,DENV2,1997,THAILAND,ASIA/OCEANIA,THAILAND,DENV2-Asian I,NA
B/02158/97,DENV2/THAILAND/1997/02158/97,THAILAND,THAILAND,DENV2,1997,THAILAND,ASIA/OCEANIA,THAILAND,DENV2-Asian I,NA
B/02174/97,DENV2/THAILAND/1997/02174/97,THAILAND,THAILAND,DENV2,1997,THAILAND,ASIA/OCEANIA,THAILAND,DENV2-Asian I,NA
B/02206/97,DENV2/THAILAND/1997/02206/97,THAILAND,THAILAND,DENV2,1997,THAILAND,ASIA/OCEANIA,THAILAND,DENV2-Asian I,NA
B/03060/97,DENV2/THAILAND/1997/03060/97,THAILAND,THAILAND,DENV2,1997,THAILAND,ASIA/OCEANIA,THAILAND,DENV2-Asian I,NA
B/03064/97,DENV2/THAILAND/1997/03064/97,THAILAND,THAILAND,DENV2,1997,THAILAND,ASIA/OCEANIA,THAILAND,DENV2-Asian I,NA
B/03066/97,DENV2/THAILAND/1997/03066/97,THAILAND,THAILAND,DENV2,1997,THAILAND,ASIA/OCEANIA,THAILAND,DENV2-Asian I,NA
B/03412/97,DENV2/THAILAND/1997/03412/97,THAILAND,THAILAND,DENV2,1997,THAILAND,ASIA/OCEANIA,THAILAND,DENV2-Asian I,NA
B/04732/97,DENV2/THAILAND/1997/04732/97,THAILAND,THAILAND,DENV2,1997,THAILAND,ASIA/OCEANIA,THAILAND,DENV2-Asian I,NA
B/04952/97,DENV2/THAILAND/1997/04952/97,THAILAND,THAILAND,DENV2,1997,THAILAND,ASIA/OCEANIA,THAILAND,DENV2-Asian I,NA
B/05107/97,DENV2/THAILAND/1997/05107/97,THAILAND,THAILAND,DENV2,1997,THAILAND,ASIA/OCEANIA,THAILAND,DENV2-Asian I,set3
B/05157/97,DENV2/THAILAND/1997/05157/97,THAILAND,THAILAND,DENV2,1997,THAILAND,ASIA/OCEANIA,THAILAND,DENV2-Asian I,NA
B/05493/97,DENV2/THAILAND/1997/05493/97,THAILAND,THAILAND,DENV2,1997,THAILAND,ASIA/OCEANIA,THAILAND,DENV2-Asian I,NA
B/05925/97,DENV2/THAILAND/1997/05925/97,THAILAND,THAILAND,DENV2,1997,THAILAND,ASIA/OCEANIA,THAILAND,DENV2-Asian I,NA
B/06036/97,DENV2/THAILAND/1997/06036/97,THAILAND,THAILAND,DENV2,1997,THAILAND,ASIA/OCEANIA,THAILAND,DENV2-Asian I,NA
B/07130/97,DENV2/THAILAND/1997/07130/97,THAILAND,THAILAND,DENV2,1997,THAILAND,ASIA/OCEANIA,THAILAND,DENV2-Asian I,NA
B/07161/97,DENV2/THAILAND/1997/07161/97,THAILAND,THAILAND,DENV2,1997,THAILAND,ASIA/OCEANIA,THAILAND,DENV2-Asian I,NA
B/07537/97,DENV2/THAILAND/1997/07537/97,THAILAND,THAILAND,DENV2,1997,THAILAND,ASIA/OCEANIA,THAILAND,DENV2-Asian I,NA
B/07718/97,DENV2/THAILAND/1997/07718/97,THAILAND,THAILAND,DENV2,1997,THAILAND,ASIA/OCEANIA,THAILAND,DENV2-Asian I,NA
B/07854/97,DENV2/THAILAND/1997/07854/97,THAILAND,THAILAND,DENV2,1997,THAILAND,ASIA/OCEANIA,THAILAND,DENV2-Asian I,NA
B/00295/98,DENV2/THAILAND/1998/00295/98,THAILAND,THAILAND,DENV2,1998,THAILAND,ASIA/OCEANIA,THAILAND,DENV2-Asian I,NA
B/00309/98,DENV2/THAILAND/1998/00309/98,THAILAND,THAILAND,DENV2,1998,THAILAND,ASIA/OCEANIA,THAILAND,DENV2-Asian I,set1
B/00425/98,DENV2/THAILAND/1998/00425/98,THAILAND,THAILAND,DENV2,1998,THAILAND,ASIA/OCEANIA,THAILAND,DENV2-Asian I,NA
B/00441/98,DENV2/THAILAND/1998/00441/98,THAILAND,THAILAND,DENV2,1998,THAILAND,ASIA/OCEANIA,THAILAND,DENV2-Asian I,set1
B/00443/98,DENV2/THAILAND/1998/00443/98,THAILAND,THAILAND,DENV2,1998,THAILAND,ASIA/OCEANIA,THAILAND,DENV2-Asian I,NA
B/00458/98,DENV2/THAILAND/1998/00458/98,THAILAND,THAILAND,DENV2,1998,THAILAND,ASIA/OCEANIA,THAILAND,DENV2-Asian I,NA
B/00554/98,DENV2/THAILAND/1998/00554/98,THAILAND,THAILAND,DENV2,1998,THAILAND,ASIA/OCEANIA,THAILAND,DENV2-Asian I,set1
B/00672/98,DENV2/THAILAND/1998/00672/98,THAILAND,THAILAND,DENV2,1998,THAILAND,ASIA/OCEANIA,THAILAND,DENV2-Asian I,NA
B/00800/98,DENV2/THAILAND/1998/00800/98,THAILAND,THAILAND,DENV2,1998,THAILAND,ASIA/OCEANIA,THAILAND,DENV2-Asian I,NA
B/01199/98,DENV2/THAILAND/1998/01199/98,THAILAND,THAILAND,DENV2,1998,THAILAND,ASIA/OCEANIA,THAILAND,DENV2-Asian I,NA
B/01344/98,DENV2/THAILAND/1998/01344/98,THAILAND,THAILAND,DENV2,1998,THAILAND,ASIA/OCEANIA,THAILAND,DENV2-Asian I,NA
B/01376/98,DENV2/THAILAND/1998/01376/98,THAILAND,THAILAND,DENV2,1998,THAILAND,ASIA/OCEANIA,THAILAND,DENV2-Asian I,NA
B/01550/98,DENV2/THAILAND/1998/01550/98,THAILAND,THAILAND,DENV2,1998,THAILAND,ASIA/OCEANIA,THAILAND,DENV2-Asian I,NA
B/01565/98,DENV2/THAILAND/1998/01565/98,THAILAND,THAILAND,DENV2,1998,THAILAND,ASIA/OCEANIA,THAILAND,DENV2-Asian I,NA
B/01718/98,DENV2/THAILAND/1998/01718/98,THAILAND,THAILAND,DENV2,1998,THAILAND,ASIA/OCEANIA,THAILAND,DENV2-Asian I,set2
B/01787/98,DENV2/THAILAND/1998/01787/98,THAILAND,THAILAND,DENV2,1998,THAILAND,ASIA/OCEANIA,THAILAND,DENV2-Asian I,NA
B/02459/98,DENV2/THAILAND/1998/02459/98,THAILAND,THAILAND,DENV2,1998,THAILAND,ASIA/OCEANIA,THAILAND,DENV2-Asian I,NA
B/02918/98,DENV2/THAILAND/1998/02918/98,THAILAND,THAILAND,DENV2,1998,THAILAND,ASIA/OCEANIA,THAILAND,DENV2-Asian I,NA
B/03042/98,DENV2/THAILAND/1998/03042/98,THAILAND,THAILAND,DENV2,1998,THAILAND,ASIA/OCEANIA,THAILAND,DENV2-Asian I,NA
B/04334/98,DENV2/THAILAND/1998/04334/98,THAILAND,THAILAND,DENV2,1998,THAILAND,ASIA/OCEANIA,THAILAND,DENV2-Asian I,NA
B/04648/98,DENV2/THAILAND/1998/04648/98,THAILAND,THAILAND,DENV2,1998,THAILAND,ASIA/OCEANIA,THAILAND,DENV2-Asian I,set2
B/04726/98,DENV2/THAILAND/1998/04726/98,THAILAND,THAILAND,DENV2,1998,THAILAND,ASIA/OCEANIA,THAILAND,DENV2-Asian I,NA
B/06160/98,DENV2/THAILAND/1998/06160/98,THAILAND,THAILAND,DENV2,1998,THAILAND,ASIA/OCEANIA,THAILAND,DENV2-Asian I,set4
B/06328/98,DENV2/THAILAND/1998/06328/98,THAILAND,THAILAND,DENV2,1998,THAILAND,ASIA/OCEANIA,THAILAND,DENV2-Asian I,NA
B/06341/98,DENV2/THAILAND/1998/06341/98,THAILAND,THAILAND,DENV2,1998,THAILAND,ASIA/OCEANIA,THAILAND,DENV2-Asian I,NA
B/06650/98,DENV2/THAILAND/1998/06650/98,THAILAND,THAILAND,DENV2,1998,THAILAND,ASIA/OCEANIA,THAILAND,DENV2-Asian I,NA
B/06668/98,DENV2/THAILAND/1998/06668/98,THAILAND,THAILAND,DENV2,1998,THAILAND,ASIA/OCEANIA,THAILAND,DENV2-Asian I,NA
B/06771/98,DENV2/THAILAND/1998/06771/98,THAILAND,THAILAND,DENV2,1998,THAILAND,ASIA/OCEANIA,THAILAND,DENV2-Asian I,NA
B/06814/98,DENV2/THAILAND/1998/06814/98,THAILAND,THAILAND,DENV2,1998,THAILAND,ASIA/OCEANIA,THAILAND,DENV2-Asian I,NA
B/06895/98,DENV2/THAILAND/1998/06895/98,THAILAND,THAILAND,DENV2,1998,THAILAND,ASIA/OCEANIA,THAILAND,DENV2-Asian I,set1
B/06902/98,DENV2/THAILAND/1998/06902/98,THAILAND,THAILAND,DENV2,1998,THAILAND,ASIA/OCEANIA,THAILAND,DENV2-Asian I,NA
B/06903/98,DENV2/THAILAND/1998/06903/98,THAILAND,THAILAND,DENV2,1998,THAILAND,ASIA/OCEANIA,THAILAND,DENV2-Asian I,NA
B/07035/98,DENV2/THAILAND/1998/07035/98,THAILAND,THAILAND,DENV2,1998,THAILAND,ASIA/OCEANIA,THAILAND,DENV2-Asian I,NA
B/00015/99,DENV2/THAILAND/1999/00015/99,THAILAND,THAILAND,DENV2,1999,THAILAND,ASIA/OCEANIA,THAILAND,DENV2-Asian I,NA
B/00185/99,DENV2/THAILAND/1999/00185/99,THAILAND,THAILAND,DENV2,1999,THAILAND,ASIA/OCEANIA,THAILAND,DENV2-Asian I,NA
B/00364/99,DENV2/THAILAND/1999/00364/99,THAILAND,THAILAND,DENV2,1999,THAILAND,ASIA/OCEANIA,THAILAND,DENV2-Asian I,NA
B/02816/99,DENV2/THAILAND/1999/02816/99,THAILAND,THAILAND,DENV2,1999,THAILAND,ASIA/OCEANIA,THAILAND,DENV2-Asian I,NA
B/02866/99,DENV2/THAILAND/1999/02866/99,THAILAND,THAILAND,DENV2,1999,THAILAND,ASIA/OCEANIA,THAILAND,DENV2-Asian I,NA
B/02947/99,DENV2/THAILAND/1999/02947/99,THAILAND,THAILAND,DENV2,1999,THAILAND,ASIA/OCEANIA,THAILAND,DENV2-Asian I,NA
B/03093/99,DENV2/THAILAND/1999/03093/99,THAILAND,THAILAND,DENV2,1999,THAILAND,ASIA/OCEANIA,THAILAND,DENV2-Asian I,NA
B/03333/99,DENV2/THAILAND/1999/03333/99,THAILAND,THAILAND,DENV2,1999,THAILAND,ASIA/OCEANIA,THAILAND,DENV2-Asian I,NA
B/03510/99,DENV2/THAILAND/1999/03510/99,THAILAND,THAILAND,DENV2,1999,THAILAND,ASIA/OCEANIA,THAILAND,DENV2-Asian I,NA
B/03579/99,DENV2/THAILAND/1999/03579/99,THAILAND,THAILAND,DENV2,1999,THAILAND,ASIA/OCEANIA,THAILAND,DENV2-Asian I,NA
B/03657/99,DENV2/THAILAND/1999/03657/99,THAILAND,THAILAND,DENV2,1999,THAILAND,ASIA/OCEANIA,THAILAND,DENV2-Asian I,NA
B/03658/99,DENV2/THAILAND/1999/03658/99,THAILAND,THAILAND,DENV2,1999,THAILAND,ASIA/OCEANIA,THAILAND,DENV2-Asian I,NA
B/03680/99,DENV2/THAILAND/1999/03680/99,THAILAND,THAILAND,DENV2,1999,THAILAND,ASIA/OCEANIA,THAILAND,DENV2-Asian I,NA
B/03684/99,DENV2/THAILAND/1999/03684/99,THAILAND,THAILAND,DENV2,1999,THAILAND,ASIA/OCEANIA,THAILAND,DENV2-Asian I,NA
B/03844/99,DENV2/THAILAND/1999/03844/99,THAILAND,THAILAND,DENV2,1999,THAILAND,ASIA/OCEANIA,THAILAND,DENV2-Asian I,NA
B/04031/99,DENV2/THAILAND/1999/04031/99,THAILAND,THAILAND,DENV2,1999,THAILAND,ASIA/OCEANIA,THAILAND,DENV2-Asian I,NA
B/04056/99,DENV2/THAILAND/1999/04056/99,THAILAND,THAILAND,DENV2,1999,THAILAND,ASIA/OCEANIA,THAILAND,DENV2-Asian I,NA
B/04156/99,DENV2/THAILAND/1999/04156/99,THAILAND,THAILAND,DENV2,1999,THAILAND,ASIA/OCEANIA,THAILAND,DENV2-Asian I,NA
B/04177/99,DENV2/THAILAND/1999/04177/99,THAILAND,THAILAND,DENV2,1999,THAILAND,ASIA/OCEANIA,THAILAND,DENV2-Asian I,set3
B/04373/99,DENV2/THAILAND/1999/04373/99,THAILAND,THAILAND,DENV2,1999,THAILAND,ASIA/OCEANIA,THAILAND,DENV2-Asian I,NA
B/04539/99,DENV2/THAILAND/1999/04539/99,THAILAND,THAILAND,DENV2,1999,THAILAND,ASIA/OCEANIA,THAILAND,DENV2-Asian I,NA
B/04790/99,DENV2/THAILAND/1999/04790/99,THAILAND,THAILAND,DENV2,1999,THAILAND,ASIA/OCEANIA,THAILAND,DENV2-Asian I,NA
B/05342/99,DENV2/THAILAND/1999/05342/99,THAILAND,THAILAND,DENV2,1999,THAILAND,ASIA/OCEANIA,THAILAND,DENV2-Asian I,NA
B/05512/99,DENV2/THAILAND/1999/05512/99,THAILAND,THAILAND,DENV2,1999,THAILAND,ASIA/OCEANIA,THAILAND,DENV2-Asian I,NA
B/05539/99,DENV2/THAILAND/1999/05539/99,THAILAND,THAILAND,DENV2,1999,THAILAND,ASIA/OCEANIA,THAILAND,DENV2-Asian I,NA
B/00077/00,DENV2/THAILAND/2000/00077/00,THAILAND,THAILAND,DENV2,2000,THAILAND,ASIA/OCEANIA,THAILAND,DENV2-Asian I,NA
B/00188/00,DENV2/THAILAND/2000/00188/00,THAILAND,THAILAND,DENV2,2000,THAILAND,ASIA/OCEANIA,THAILAND,DENV2-Asian I,NA
B/00333/00,DENV2/THAILAND/2000/00333/00,THAILAND,THAILAND,DENV2,2000,THAILAND,ASIA/OCEANIA,THAILAND,DENV2-Asian I,NA
B/00342/00,DENV2/THAILAND/2000/00342/00,THAILAND,THAILAND,DENV2,2000,THAILAND,ASIA/OCEANIA,THAILAND,DENV2-Asian I,set2
B/00380/00,DENV2/THAILAND/2000/00380/00,THAILAND,THAILAND,DENV2,2000,THAILAND,ASIA/OCEANIA,THAILAND,DENV2-Asian I,NA
B/00430/00,DENV2/THAILAND/2000/00430/00,THAILAND,THAILAND,DENV2,2000,THAILAND,ASIA/OCEANIA,THAILAND,DENV2-Asian I,NA
B/01249/00,DENV2/THAILAND/2000/01249/00,THAILAND,THAILAND,DENV2,2000,THAILAND,ASIA/OCEANIA,THAILAND,DENV2-Asian I,NA
B/01326/00,DENV2/THAILAND/2000/01326/00,THAILAND,THAILAND,DENV2,2000,THAILAND,ASIA/OCEANIA,THAILAND,DENV2-Asian I,NA
B/01368/00,DENV2/THAILAND/2000/01368/00,THAILAND,THAILAND,DENV2,2000,THAILAND,ASIA/OCEANIA,THAILAND,DENV2-Asian I,NA
B/01559/00,DENV2/THAILAND/2000/01559/00,THAILAND,THAILAND,DENV2,2000,THAILAND,ASIA/OCEANIA,THAILAND,DENV2-Asian I,NA
B/01636/00,DENV2/THAILAND/2000/01636/00,THAILAND,THAILAND,DENV2,2000,THAILAND,ASIA/OCEANIA,THAILAND,DENV2-Asian I,NA
B/01667/00,DENV2/THAILAND/2000/01667/00,THAILAND,THAILAND,DENV2,2000,THAILAND,ASIA/OCEANIA,THAILAND,DENV2-Asian I,NA
B/01695/00,DENV2/THAILAND/2000/01695/00,THAILAND,THAILAND,DENV2,2000,THAILAND,ASIA/OCEANIA,THAILAND,DENV2-Asian I,set2
B/01754/00,DENV2/THAILAND/2000/01754/00,THAILAND,THAILAND,DENV2,2000,THAILAND,ASIA/OCEANIA,THAILAND,DENV2-Asian I,set1
B/01899/00,DENV2/THAILAND/2000/01899/00,THAILAND,THAILAND,DENV2,2000,THAILAND,ASIA/OCEANIA,THAILAND,DENV2-Asian I,NA
B/02022/00,DENV2/THAILAND/2000/02022/00,THAILAND,THAILAND,DENV2,2000,THAILAND,ASIA/OCEANIA,THAILAND,DENV2-Asian I,NA
B/02113/00,DENV2/THAILAND/2000/02113/00,THAILAND,THAILAND,DENV2,2000,THAILAND,ASIA/OCEANIA,THAILAND,DENV2-Asian I,NA
B/02164/00,DENV2/THAILAND/2000/02164/00,THAILAND,THAILAND,DENV2,2000,THAILAND,ASIA/OCEANIA,THAILAND,DENV2-Asian I,NA
B/02180/00,DENV2/THAILAND/2000/02180/00,THAILAND,THAILAND,DENV2,2000,THAILAND,ASIA/OCEANIA,THAILAND,DENV2-Asian I,NA
B/02212/00,DENV2/THAILAND/2000/02212/00,THAILAND,THAILAND,DENV2,2000,THAILAND,ASIA/OCEANIA,THAILAND,DENV2-Asian I,NA
B/02247/00,DENV2/THAILAND/2000/02247/00,THAILAND,THAILAND,DENV2,2000,THAILAND,ASIA/OCEANIA,THAILAND,DENV2-Asian I,NA
B/04842/00,DENV2/THAILAND/2000/04842/00,THAILAND,THAILAND,DENV2,2000,THAILAND,ASIA/OCEANIA,THAILAND,DENV2-Asian I,NA
B/05492/00,DENV2/THAILAND/2000/05492/00,THAILAND,THAILAND,DENV2,2000,THAILAND,ASIA/OCEANIA,THAILAND,DENV2-Asian I,NA
B/05493/00,DENV2/THAILAND/2000/05493/00,THAILAND,THAILAND,DENV2,2000,THAILAND,ASIA/OCEANIA,THAILAND,DENV2-Asian I,NA
B/05511/00,DENV2/THAILAND/2000/05511/00,THAILAND,THAILAND,DENV2,2000,THAILAND,ASIA/OCEANIA,THAILAND,DENV2-Asian I,NA
B/05512/00,DENV2/THAILAND/2000/05512/00,THAILAND,THAILAND,DENV2,2000,THAILAND,ASIA/OCEANIA,THAILAND,DENV2-Asian I,set1
B/05529/00,DENV2/THAILAND/2000/05529/00,THAILAND,THAILAND,DENV2,2000,THAILAND,ASIA/OCEANIA,THAILAND,DENV2-Asian I,set1
B/05692/00,DENV2/THAILAND/2000/05692/00,THAILAND,THAILAND,DENV2,2000,THAILAND,ASIA/OCEANIA,THAILAND,DENV2-Asian I,NA
B/05855/00,DENV2/THAILAND/2000/05855/00,THAILAND,THAILAND,DENV2,2000,THAILAND,ASIA/OCEANIA,THAILAND,DENV2-Asian I,set4
B/05882/00,DENV2/THAILAND/2000/05882/00,THAILAND,THAILAND,DENV2,2000,THAILAND,ASIA/OCEANIA,THAILAND,DENV2-Asian I,NA
B/05888/00,DENV2/THAILAND/2000/05888/00,THAILAND,THAILAND,DENV2,2000,THAILAND,ASIA/OCEANIA,THAILAND,DENV2-Asian I,NA
B/05894/00,DENV2/THAILAND/2000/05894/00,THAILAND,THAILAND,DENV2,2000,THAILAND,ASIA/OCEANIA,THAILAND,DENV2-Asian I,NA
B/06009/00,DENV2/THAILAND/2000/06009/00,THAILAND,THAILAND,DENV2,2000,THAILAND,ASIA/OCEANIA,THAILAND,DENV2-Asian I,NA
B/06013/00,DENV2/THAILAND/2000/06013/00,THAILAND,THAILAND,DENV2,2000,THAILAND,ASIA/OCEANIA,THAILAND,DENV2-Asian I,set1
B/06060/00,DENV2/THAILAND/2000/06060/00,THAILAND,THAILAND,DENV2,2000,THAILAND,ASIA/OCEANIA,THAILAND,DENV2-Asian I,NA
B/06109/00,DENV2/THAILAND/2000/06109/00,THAILAND,THAILAND,DENV2,2000,THAILAND,ASIA/OCEANIA,THAILAND,DENV2-Asian I,NA
B/00017/01,DENV2/THAILAND/2001/00017/01,THAILAND,THAILAND,DENV2,2001,THAILAND,ASIA/OCEANIA,THAILAND,DENV2-Asian I,NA
B/00135/01,DENV2/THAILAND/2001/00135/01,THAILAND,THAILAND,DENV2,2001,THAILAND,ASIA/OCEANIA,THAILAND,DENV2-Asian I,NA
B/00193/01,DENV2/THAILAND/2001/00193/01,THAILAND,THAILAND,DENV2,2001,THAILAND,ASIA/OCEANIA,THAILAND,DENV2-Asian I,NA
B/00285/01,DENV2/THAILAND/2001/00285/01,THAILAND,THAILAND,DENV2,2001,THAILAND,ASIA/OCEANIA,THAILAND,DENV2-Asian I,NA
B/00345/01,DENV2/THAILAND/2001/00345/01,THAILAND,THAILAND,DENV2,2001,THAILAND,ASIA/OCEANIA,THAILAND,DENV2-Asian I,NA
B/00615/01,DENV2/THAILAND/2001/00615/01,THAILAND,THAILAND,DENV2,2001,THAILAND,ASIA/OCEANIA,THAILAND,DENV2-Asian I,NA
B/00721/01,DENV2/THAILAND/2001/00721/01,THAILAND,THAILAND,DENV2,2001,THAILAND,ASIA/OCEANIA,THAILAND,DENV2-Asian I,NA
B/01026/01,DENV2/THAILAND/2001/01026/01,THAILAND,THAILAND,DENV2,2001,THAILAND,ASIA/OCEANIA,THAILAND,DENV2-Asian I,NA
B/02860/01,DENV2/THAILAND/2001/02860/01,THAILAND,THAILAND,DENV2,2001,THAILAND,ASIA/OCEANIA,THAILAND,DENV2-Asian I,set2
B/02900/01,DENV2/THAILAND/2001/02900/01,THAILAND,THAILAND,DENV2,2001,THAILAND,ASIA/OCEANIA,THAILAND,DENV2-Asian I,set1
B/02913/01,DENV2/THAILAND/2001/02913/01,THAILAND,THAILAND,DENV2,2001,THAILAND,ASIA/OCEANIA,THAILAND,DENV2-Asian I,NA
B/03244/01,DENV2/THAILAND/2001/03244/01,THAILAND,THAILAND,DENV2,2001,THAILAND,ASIA/OCEANIA,THAILAND,DENV2-Asian I,set1
B/03564/01,DENV2/THAILAND/2001/03564/01,THAILAND,THAILAND,DENV2,2001,THAILAND,ASIA/OCEANIA,THAILAND,DENV2-Asian I,NA
B/03600/01,DENV2/THAILAND/2001/03600/01,THAILAND,THAILAND,DENV2,2001,THAILAND,ASIA/OCEANIA,THAILAND,DENV2-Asian I,NA
B/03693/01,DENV2/THAILAND/2001/03693/01,THAILAND,THAILAND,DENV2,2001,THAILAND,ASIA/OCEANIA,THAILAND,DENV2-Asian I,set1
B/03876/01,DENV2/THAILAND/2001/03876/01,THAILAND,THAILAND,DENV2,2001,THAILAND,ASIA/OCEANIA,THAILAND,DENV2-Asian I,NA
B/03921/01,DENV2/THAILAND/2001/03921/01,THAILAND,THAILAND,DENV2,2001,THAILAND,ASIA/OCEANIA,THAILAND,DENV2-Asian I,NA
B/03993/01,DENV2/THAILAND/2001/03993/01,THAILAND,THAILAND,DENV2,2001,THAILAND,ASIA/OCEANIA,THAILAND,DENV2-Asian I,NA
B/04089/01,DENV2/THAILAND/2001/04089/01,THAILAND,THAILAND,DENV2,2001,THAILAND,ASIA/OCEANIA,THAILAND,DENV2-Asian I,NA
B/04221/01,DENV2/THAILAND/2001/04221/01,THAILAND,THAILAND,DENV2,2001,THAILAND,ASIA/OCEANIA,THAILAND,DENV2-Asian I,NA
B/04225/01,DENV2/THAILAND/2001/04225/01,THAILAND,THAILAND,DENV2,2001,THAILAND,ASIA/OCEANIA,THAILAND,DENV2-Asian I,NA
B/04451/01,DENV2/THAILAND/2001/04451/01,THAILAND,THAILAND,DENV2,2001,THAILAND,ASIA/OCEANIA,THAILAND,DENV2-Asian I,NA
B/04493/01,DENV2/THAILAND/2001/04493/01,THAILAND,THAILAND,DENV2,2001,THAILAND,ASIA/OCEANIA,THAILAND,DENV2-Asian I,NA
B/04759/01,DENV2/THAILAND/2001/04759/01,THAILAND,THAILAND,DENV2,2001,THAILAND,ASIA/OCEANIA,THAILAND,DENV2-Asian I,NA
B/04834/01,DENV2/THAILAND/2001/04834/01,THAILAND,THAILAND,DENV2,2001,THAILAND,ASIA/OCEANIA,THAILAND,DENV2-Asian I,NA
B/04839/01,DENV2/THAILAND/2001/04839/01,THAILAND,THAILAND,DENV2,2001,THAILAND,ASIA/OCEANIA,THAILAND,DENV2-Asian I,NA
B/04897/01,DENV2/THAILAND/2001/04897/01,THAILAND,THAILAND,DENV2,2001,THAILAND,ASIA/OCEANIA,THAILAND,DENV2-Asian I,NA
B/04957/01,DENV2/THAILAND/2001/04957/01,THAILAND,THAILAND,DENV2,2001,THAILAND,ASIA/OCEANIA,THAILAND,DENV2-Asian I,NA
B/05012/01,DENV2/THAILAND/2001/05012/01,THAILAND,THAILAND,DENV2,2001,THAILAND,ASIA/OCEANIA,THAILAND,DENV2-Asian I,NA
B/05015/01,DENV2/THAILAND/2001/05015/01,THAILAND,THAILAND,DENV2,2001,THAILAND,ASIA/OCEANIA,THAILAND,DENV2-Asian I,NA
B/05042/01,DENV2/THAILAND/2001/05042/01,THAILAND,THAILAND,DENV2,2001,THAILAND,ASIA/OCEANIA,THAILAND,DENV2-Asian I,NA
B/05353/01,DENV2/THAILAND/2001/05353/01,THAILAND,THAILAND,DENV2,2001,THAILAND,ASIA/OCEANIA,THAILAND,DENV2-Asian I,NA
B/05695/01,DENV2/THAILAND/2001/05695/01,THAILAND,THAILAND,DENV2,2001,THAILAND,ASIA/OCEANIA,THAILAND,DENV2-Asian I,NA
B/05819/01,DENV2/THAILAND/2001/05819/01,THAILAND,THAILAND,DENV2,2001,THAILAND,ASIA/OCEANIA,THAILAND,DENV2-Asian I,NA
B/05885/01,DENV2/THAILAND/2001/05885/01,THAILAND,THAILAND,DENV2,2001,THAILAND,ASIA/OCEANIA,THAILAND,DENV2-Asian I,NA
B/06096/01,DENV2/THAILAND/2001/06096/01,THAILAND,THAILAND,DENV2,2001,THAILAND,ASIA/OCEANIA,THAILAND,DENV2-Asian I,set1
B/06281/01,DENV2/THAILAND/2001/06281/01,THAILAND,THAILAND,DENV2,2001,THAILAND,ASIA/OCEANIA,THAILAND,DENV2-Asian I,NA
B/06383/01,DENV2/THAILAND/2001/06383/01,THAILAND,THAILAND,DENV2,2001,THAILAND,ASIA/OCEANIA,THAILAND,DENV2-Asian I,NA
B/06627/01,DENV2/THAILAND/2001/06627/01,THAILAND,THAILAND,DENV2,2001,THAILAND,ASIA/OCEANIA,THAILAND,DENV2-Asian I,NA
B/06793/01,DENV2/THAILAND/2001/06793/01,THAILAND,THAILAND,DENV2,2001,THAILAND,ASIA/OCEANIA,THAILAND,DENV2-Asian I,NA
B/06834/01,DENV2/THAILAND/2001/06834/01,THAILAND,THAILAND,DENV2,2001,THAILAND,ASIA/OCEANIA,THAILAND,DENV2-Asian I,NA
B/00035/02,DENV2/THAILAND/2002/00035/02,THAILAND,THAILAND,DENV2,2002,THAILAND,ASIA/OCEANIA,THAILAND,DENV2-Asian I,NA
B/00060/02,DENV2/THAILAND/2002/00060/02,THAILAND,THAILAND,DENV2,2002,THAILAND,ASIA/OCEANIA,THAILAND,DENV2-Asian I,set1
B/00074/02,DENV2/THAILAND/2002/00074/02,THAILAND,THAILAND,DENV2,2002,THAILAND,ASIA/OCEANIA,THAILAND,DENV2-Asian I,NA
B/00118/02,DENV2/THAILAND/2002/00118/02,THAILAND,THAILAND,DENV2,2002,THAILAND,ASIA/OCEANIA,THAILAND,DENV2-Asian I,NA
B/00444/02,DENV2/THAILAND/2002/00444/02,THAILAND,THAILAND,DENV2,2002,THAILAND,ASIA/OCEANIA,THAILAND,DENV2-Asian I,NA
B/00569/02,DENV2/THAILAND/2002/00569/02,THAILAND,THAILAND,DENV2,2002,THAILAND,ASIA/OCEANIA,THAILAND,DENV2-Asian I,NA
B/00590/02,DENV2/THAILAND/2002/00590/02,THAILAND,THAILAND,DENV2,2002,THAILAND,ASIA/OCEANIA,THAILAND,DENV2-Asian I,NA
B/00675/02,DENV2/THAILAND/2002/00675/02,THAILAND,THAILAND,DENV2,2002,THAILAND,ASIA/OCEANIA,THAILAND,DENV2-Asian I,NA
B/00750/02,DENV2/THAILAND/2002/00750/02,THAILAND,THAILAND,DENV2,2002,THAILAND,ASIA/OCEANIA,THAILAND,DENV2-Asian I,NA
B/00786/02,DENV2/THAILAND/2002/00786/02,THAILAND,THAILAND,DENV2,2002,THAILAND,ASIA/OCEANIA,THAILAND,DENV2-Asian I,NA
B/01005/02,DENV2/THAILAND/2002/01005/02,THAILAND,THAILAND,DENV2,2002,THAILAND,ASIA/OCEANIA,THAILAND,DENV2-Asian I,NA
B/01009/02,DENV2/THAILAND/2002/01009/02,THAILAND,THAILAND,DENV2,2002,THAILAND,ASIA/OCEANIA,THAILAND,DENV2-Asian I,NA
B/01024/02,DENV2/THAILAND/2002/01024/02,THAILAND,THAILAND,DENV2,2002,THAILAND,ASIA/OCEANIA,THAILAND,DENV2-Asian I,NA
B/01050/02,DENV2/THAILAND/2002/01050/02,THAILAND,THAILAND,DENV2,2002,THAILAND,ASIA/OCEANIA,THAILAND,DENV2-Asian I,set1
B/01209/02,DENV2/THAILAND/2002/01209/02,THAILAND,THAILAND,DENV2,2002,THAILAND,ASIA/OCEANIA,THAILAND,DENV2-Asian I,NA
B/01314/02,DENV2/THAILAND/2002/01314/02,THAILAND,THAILAND,DENV2,2002,THAILAND,ASIA/OCEANIA,THAILAND,DENV2-Asian I,NA
B/01318/02,DENV2/THAILAND/2002/01318/02,THAILAND,THAILAND,DENV2,2002,THAILAND,ASIA/OCEANIA,THAILAND,DENV2-Asian I,NA
B/01468/02,DENV2/THAILAND/2002/01468/02,THAILAND,THAILAND,DENV2,2002,THAILAND,ASIA/OCEANIA,THAILAND,DENV2-Asian I,NA
B/01636/02,DENV2/THAILAND/2002/01636/02,THAILAND,THAILAND,DENV2,2002,THAILAND,ASIA/OCEANIA,THAILAND,DENV2-Asian I,NA
B/01770/02,DENV2/THAILAND/2002/01770/02,THAILAND,THAILAND,DENV2,2002,THAILAND,ASIA/OCEANIA,THAILAND,DENV2-Asian I,NA
B/01899/02,DENV2/THAILAND/2002/01899/02,THAILAND,THAILAND,DENV2,2002,THAILAND,ASIA/OCEANIA,THAILAND,DENV2-Asian I,NA
B/02094/02,DENV2/THAILAND/2002/02094/02,THAILAND,THAILAND,DENV2,2002,THAILAND,ASIA/OCEANIA,THAILAND,DENV2-Asian I,NA
B/02321/02,DENV2/THAILAND/2002/02321/02,THAILAND,THAILAND,DENV2,2002,THAILAND,ASIA/OCEANIA,THAILAND,DENV2-Asian I,NA
B/02461/02,DENV2/THAILAND/2002/02461/02,THAILAND,THAILAND,DENV2,2002,THAILAND,ASIA/OCEANIA,THAILAND,DENV2-Asian I,NA
B/02484/02,DENV2/THAILAND/2002/02484/02,THAILAND,THAILAND,DENV2,2002,THAILAND,ASIA/OCEANIA,THAILAND,DENV2-Asian I,NA
B/02667/02,DENV2/THAILAND/2002/02667/02,THAILAND,THAILAND,DENV2,2002,THAILAND,ASIA/OCEANIA,THAILAND,DENV2-Asian I,NA
B/02678/02,DENV2/THAILAND/2002/02678/02,THAILAND,THAILAND,DENV2,2002,THAILAND,ASIA/OCEANIA,THAILAND,DENV2-Asian I,set1
B/02933/02,DENV2/THAILAND/2002/02933/02,THAILAND,THAILAND,DENV2,2002,THAILAND,ASIA/OCEANIA,THAILAND,DENV2-Asian I,NA
B/02934/02,DENV2/THAILAND/2002/02934/02,THAILAND,THAILAND,DENV2,2002,THAILAND,ASIA/OCEANIA,THAILAND,DENV2-Asian I,set1
B/02935/02,DENV2/THAILAND/2002/02935/02,THAILAND,THAILAND,DENV2,2002,THAILAND,ASIA/OCEANIA,THAILAND,DENV2-Asian I,NA
B/02971/02,DENV2/THAILAND/2002/02971/02,THAILAND,THAILAND,DENV2,2002,THAILAND,ASIA/OCEANIA,THAILAND,DENV2-Asian I,NA
B/03090/02,DENV2/THAILAND/2002/03090/02,THAILAND,THAILAND,DENV2,2002,THAILAND,ASIA/OCEANIA,THAILAND,DENV2-Asian I,NA
B/03130/02,DENV2/THAILAND/2002/03130/02,THAILAND,THAILAND,DENV2,2002,THAILAND,ASIA/OCEANIA,THAILAND,DENV2-Asian I,NA
B/03165/02,DENV2/THAILAND/2002/03165/02,THAILAND,THAILAND,DENV2,2002,THAILAND,ASIA/OCEANIA,THAILAND,DENV2-Asian I,NA
B/00035/03,DENV2/THAILAND/2003/00035/03,THAILAND,THAILAND,DENV2,2003,THAILAND,ASIA/OCEANIA,THAILAND,DENV2-Asian I,NA
B/00050/03,DENV2/THAILAND/2003/00050/03,THAILAND,THAILAND,DENV2,2003,THAILAND,ASIA/OCEANIA,THAILAND,DENV2-Asian I,NA
B/00070/03,DENV2/THAILAND/2003/00070/03,THAILAND,THAILAND,DENV2,2003,THAILAND,ASIA/OCEANIA,THAILAND,DENV2-Asian I,NA
B/00139/03,DENV2/THAILAND/2003/00139/03,THAILAND,THAILAND,DENV2,2003,THAILAND,ASIA/OCEANIA,THAILAND,DENV2-Asian I,NA
B/00207/03,DENV2/THAILAND/2003/00207/03,THAILAND,THAILAND,DENV2,2003,THAILAND,ASIA/OCEANIA,THAILAND,DENV2-Asian I,NA
B/00227/03,DENV2/THAILAND/2003/00227/03,THAILAND,THAILAND,DENV2,2003,THAILAND,ASIA/OCEANIA,THAILAND,DENV2-Asian I,NA
B/00270/03,DENV2/THAILAND/2003/00270/03,THAILAND,THAILAND,DENV2,2003,THAILAND,ASIA/OCEANIA,THAILAND,DENV2-Asian I,NA
B/00449/03,DENV2/THAILAND/2003/00449/03,THAILAND,THAILAND,DENV2,2003,THAILAND,ASIA/OCEANIA,THAILAND,DENV2-Asian I,NA
B/00499/03,DENV2/THAILAND/2003/00499/03,THAILAND,THAILAND,DENV2,2003,THAILAND,ASIA/OCEANIA,THAILAND,DENV2-Asian I,NA
B/00605/03,DENV2/THAILAND/2003/00605/03,THAILAND,THAILAND,DENV2,2003,THAILAND,ASIA/OCEANIA,THAILAND,DENV2-Asian I,NA
B/00977/03,DENV2/THAILAND/2003/00977/03,THAILAND,THAILAND,DENV2,2003,THAILAND,ASIA/OCEANIA,THAILAND,DENV2-Asian I,NA
B/01082/03,DENV2/THAILAND/2003/01082/03,THAILAND,THAILAND,DENV2,2003,THAILAND,ASIA/OCEANIA,THAILAND,DENV2-Asian I,set4
B/01268/03,DENV2/THAILAND/2003/01268/03,THAILAND,THAILAND,DENV2,2003,THAILAND,ASIA/OCEANIA,THAILAND,DENV2-Asian I,NA
B/01549/03,DENV2/THAILAND/2003/01549/03,THAILAND,THAILAND,DENV2,2003,THAILAND,ASIA/OCEANIA,THAILAND,DENV2-Asian I,NA
B/01693/03,DENV2/THAILAND/2003/01693/03,THAILAND,THAILAND,DENV2,2003,THAILAND,ASIA/OCEANIA,THAILAND,DENV2-Asian I,NA
B/01707/03,DENV2/THAILAND/2003/01707/03,THAILAND,THAILAND,DENV2,2003,THAILAND,ASIA/OCEANIA,THAILAND,DENV2-Asian I,NA
B/01888/03,DENV2/THAILAND/2003/01888/03,THAILAND,THAILAND,DENV2,2003,THAILAND,ASIA/OCEANIA,THAILAND,DENV2-Asian I,NA
B/01968/03,DENV2/THAILAND/2003/01968/03,THAILAND,THAILAND,DENV2,2003,THAILAND,ASIA/OCEANIA,THAILAND,DENV2-Asian I,NA
B/02148/03,DENV2/THAILAND/2003/02148/03,THAILAND,THAILAND,DENV2,2003,THAILAND,ASIA/OCEANIA,THAILAND,DENV2-Asian I,NA
B/02322/03,DENV2/THAILAND/2003/02322/03,THAILAND,THAILAND,DENV2,2003,THAILAND,ASIA/OCEANIA,THAILAND,DENV2-Asian I,NA
B/02339/03,DENV2/THAILAND/2003/02339/03,THAILAND,THAILAND,DENV2,2003,THAILAND,ASIA/OCEANIA,THAILAND,DENV2-Asian I,NA
B/02365/03,DENV2/THAILAND/2003/02365/03,THAILAND,THAILAND,DENV2,2003,THAILAND,ASIA/OCEANIA,THAILAND,DENV2-Asian I,NA
B/02455/03,DENV2/THAILAND/2003/02455/03,THAILAND,THAILAND,DENV2,2003,THAILAND,ASIA/OCEANIA,THAILAND,DENV2-Asian I,NA
B/00004/04,DENV2/THAILAND/2004/00004/04,THAILAND,THAILAND,DENV2,2004,THAILAND,ASIA/OCEANIA,THAILAND,DENV2-Asian I,NA
B/00037/04,DENV2/THAILAND/2004/00037/04,THAILAND,THAILAND,DENV2,2004,THAILAND,ASIA/OCEANIA,THAILAND,DENV2-Asian I,NA
B/00098/04,DENV2/THAILAND/2004/00098/04,THAILAND,THAILAND,DENV2,2004,THAILAND,ASIA/OCEANIA,THAILAND,DENV2-Asian I,NA
B/00159/04,DENV2/THAILAND/2004/00159/04,THAILAND,THAILAND,DENV2,2004,THAILAND,ASIA/OCEANIA,THAILAND,DENV2-Asian I,set2
B/00205/04,DENV2/THAILAND/2004/00205/04,THAILAND,THAILAND,DENV2,2004,THAILAND,ASIA/OCEANIA,THAILAND,DENV2-Asian I,NA
B/00213/04,DENV2/THAILAND/2004/00213/04,THAILAND,THAILAND,DENV2,2004,THAILAND,ASIA/OCEANIA,THAILAND,DENV2-Asian I,NA
B/00242/04,DENV2/THAILAND/2004/00242/04,THAILAND,THAILAND,DENV2,2004,THAILAND,ASIA/OCEANIA,THAILAND,DENV2-Asian I,NA
B/00248/04,DENV2/THAILAND/2004/00248/04,THAILAND,THAILAND,DENV2,2004,THAILAND,ASIA/OCEANIA,THAILAND,DENV2-Asian I,set1
B/00290/04,DENV2/THAILAND/2004/00290/04,THAILAND,THAILAND,DENV2,2004,THAILAND,ASIA/OCEANIA,THAILAND,DENV2-Asian I,NA
B/00560/04,DENV2/THAILAND/2004/00560/04,THAILAND,THAILAND,DENV2,2004,THAILAND,ASIA/OCEANIA,THAILAND,DENV2-Asian I,set2
B/00617/04,DENV2/THAILAND/2004/00617/04,THAILAND,THAILAND,DENV2,2004,THAILAND,ASIA/OCEANIA,THAILAND,DENV2-Asian I,set1
B/00630/04,DENV2/THAILAND/2004/00630/04,THAILAND,THAILAND,DENV2,2004,THAILAND,ASIA/OCEANIA,THAILAND,DENV2-Asian I,NA
B/00664/04,DENV2/THAILAND/2004/00664/04,THAILAND,THAILAND,DENV2,2004,THAILAND,ASIA/OCEANIA,THAILAND,DENV2-Asian I,NA
B/00673/04,DENV2/THAILAND/2004/00673/04,THAILAND,THAILAND,DENV2,2004,THAILAND,ASIA/OCEANIA,THAILAND,DENV2-Asian I,NA
B/00709/04,DENV2/THAILAND/2004/00709/04,THAILAND,THAILAND,DENV2,2004,THAILAND,ASIA/OCEANIA,THAILAND,DENV2-Asian I,NA
B/00740/04,DENV2/THAILAND/2004/00740/04,THAILAND,THAILAND,DENV2,2004,THAILAND,ASIA/OCEANIA,THAILAND,DENV2-Asian I,NA
B/01006/04,DENV2/THAILAND/2004/01006/04,THAILAND,THAILAND,DENV2,2004,THAILAND,ASIA/OCEANIA,THAILAND,DENV2-Asian I,NA
B/01007/04,DENV2/THAILAND/2004/01007/04,THAILAND,THAILAND,DENV2,2004,THAILAND,ASIA/OCEANIA,THAILAND,DENV2-Asian I,NA
B/01084/04,DENV2/THAILAND/2004/01084/04,THAILAND,THAILAND,DENV2,2004,THAILAND,ASIA/OCEANIA,THAILAND,DENV2-Asian I,NA
B/01109/04,DENV2/THAILAND/2004/01109/04,THAILAND,THAILAND,DENV2,2004,THAILAND,ASIA/OCEANIA,THAILAND,DENV2-Asian I,NA
B/01145/04,DENV2/THAILAND/2004/01145/04,THAILAND,THAILAND,DENV2,2004,THAILAND,ASIA/OCEANIA,THAILAND,DENV2-Asian I,NA
B/01177/04,DENV2/THAILAND/2004/01177/04,THAILAND,THAILAND,DENV2,2004,THAILAND,ASIA/OCEANIA,THAILAND,DENV2-Asian I,NA
B/01185/04,DENV2/THAILAND/2004/01185/04,THAILAND,THAILAND,DENV2,2004,THAILAND,ASIA/OCEANIA,THAILAND,DENV2-Asian I,NA
B/01218/04,DENV2/THAILAND/2004/01218/04,THAILAND,THAILAND,DENV2,2004,THAILAND,ASIA/OCEANIA,THAILAND,DENV2-Asian I,NA
B/01224/04,DENV2/THAILAND/2004/01224/04,THAILAND,THAILAND,DENV2,2004,THAILAND,ASIA/OCEANIA,THAILAND,DENV2-Asian I,set2
B/01256/04,DENV2/THAILAND/2004/01256/04,THAILAND,THAILAND,DENV2,2004,THAILAND,ASIA/OCEANIA,THAILAND,DENV2-Asian I,NA
B/01316/04,DENV2/THAILAND/2004/01316/04,THAILAND,THAILAND,DENV2,2004,THAILAND,ASIA/OCEANIA,THAILAND,DENV2-Asian I,NA
B/01462/04,DENV2/THAILAND/2004/01462/04,THAILAND,THAILAND,DENV2,2004,THAILAND,ASIA/OCEANIA,THAILAND,DENV2-Asian I,set4
B/01646/04,DENV2/THAILAND/2004/01646/04,THAILAND,THAILAND,DENV2,2004,THAILAND,ASIA/OCEANIA,THAILAND,DENV2-Asian I,set1
B/01666/04,DENV2/THAILAND/2004/01666/04,THAILAND,THAILAND,DENV2,2004,THAILAND,ASIA/OCEANIA,THAILAND,DENV2-Asian I,set1
B/00420/05,DENV2/THAILAND/2005/00420/05,THAILAND,THAILAND,DENV2,2005,THAILAND,ASIA/OCEANIA,THAILAND,DENV2-Asian I,NA
B/00901/05,DENV2/THAILAND/2005/00901/05,THAILAND,THAILAND,DENV2,2005,THAILAND,ASIA/OCEANIA,THAILAND,DENV2-Asian I,NA
B/00903/05,DENV2/THAILAND/2005/00903/05,THAILAND,THAILAND,DENV2,2005,THAILAND,ASIA/OCEANIA,THAILAND,DENV2-Asian I,NA
B/00953/05,DENV2/THAILAND/2005/00953/05,THAILAND,THAILAND,DENV2,2005,THAILAND,ASIA/OCEANIA,THAILAND,DENV2-Asian I,NA
B/01171/05,DENV2/THAILAND/2005/01171/05,THAILAND,THAILAND,DENV2,2005,THAILAND,ASIA/OCEANIA,THAILAND,DENV2-Asian I,NA
B/01291/05,DENV2/THAILAND/2005/01291/05,THAILAND,THAILAND,DENV2,2005,THAILAND,ASIA/OCEANIA,THAILAND,DENV2-Asian I,NA
B/01334/05,DENV2/THAILAND/2005/01334/05,THAILAND,THAILAND,DENV2,2005,THAILAND,ASIA/OCEANIA,THAILAND,DENV2-Asian I,NA
B/01381/05,DENV2/THAILAND/2005/01381/05,THAILAND,THAILAND,DENV2,2005,THAILAND,ASIA/OCEANIA,THAILAND,DENV2-Asian I,NA
B/01441/05,DENV2/THAILAND/2005/01441/05,THAILAND,THAILAND,DENV2,2005,THAILAND,ASIA/OCEANIA,THAILAND,DENV2-Asian I,NA
B/01465/05,DENV2/THAILAND/2005/01465/05,THAILAND,THAILAND,DENV2,2005,THAILAND,ASIA/OCEANIA,THAILAND,DENV2-Asian I,NA
B/01495/05,DENV2/THAILAND/2005/01495/05,THAILAND,THAILAND,DENV2,2005,THAILAND,ASIA/OCEANIA,THAILAND,DENV2-Asian I,set3
B/01534/05,DENV2/THAILAND/2005/01534/05,THAILAND,THAILAND,DENV2,2005,THAILAND,ASIA/OCEANIA,THAILAND,DENV2-Asian I,NA
B/01574/05,DENV2/THAILAND/2005/01574/05,THAILAND,THAILAND,DENV2,2005,THAILAND,ASIA/OCEANIA,THAILAND,DENV2-Asian I,set4
B/01594/05,DENV2/THAILAND/2005/01594/05,THAILAND,THAILAND,DENV2,2005,THAILAND,ASIA/OCEANIA,THAILAND,DENV2-Asian I,NA
B/00016/06,DENV2/THAILAND/2006/00016/06,THAILAND,THAILAND,DENV2,2006,THAILAND,ASIA/OCEANIA,THAILAND,DENV2-Asian I,NA
B/00036/06,DENV2/THAILAND/2006/00036/06,THAILAND,THAILAND,DENV2,2006,THAILAND,ASIA/OCEANIA,THAILAND,DENV2-Asian I,set1
B/00051/06,DENV2/THAILAND/2006/00051/06,THAILAND,THAILAND,DENV2,2006,THAILAND,ASIA/OCEANIA,THAILAND,DENV2-Asian I,NA
B/00111/06,DENV2/THAILAND/2006/00111/06,THAILAND,THAILAND,DENV2,2006,THAILAND,ASIA/OCEANIA,THAILAND,DENV2-Asian I,NA
B/00127/06,DENV2/THAILAND/2006/00127/06,THAILAND,THAILAND,DENV2,2006,THAILAND,ASIA/OCEANIA,THAILAND,DENV2-Asian I,set2
B/00289/06,DENV2/THAILAND/2006/00289/06,THAILAND,THAILAND,DENV2,2006,THAILAND,ASIA/OCEANIA,THAILAND,DENV2-Asian I,NA
B/00291/06,DENV2/THAILAND/2006/00291/06,THAILAND,THAILAND,DENV2,2006,THAILAND,ASIA/OCEANIA,THAILAND,DENV2-Asian I,NA
B/00390/06,DENV2/THAILAND/2006/00390/06,THAILAND,THAILAND,DENV2,2006,THAILAND,ASIA/OCEANIA,THAILAND,DENV2-Asian I,NA
B/00444/06,DENV2/THAILAND/2006/00444/06,THAILAND,THAILAND,DENV2,2006,THAILAND,ASIA/OCEANIA,THAILAND,DENV2-Asian I,set1
B/00495/06,DENV2/THAILAND/2006/00495/06,THAILAND,THAILAND,DENV2,2006,THAILAND,ASIA/OCEANIA,THAILAND,DENV2-Asian I,NA
B/00525/06,DENV2/THAILAND/2006/00525/06,THAILAND,THAILAND,DENV2,2006,THAILAND,ASIA/OCEANIA,THAILAND,DENV2-Asian I,set1
B/00586/06,DENV2/THAILAND/2006/00586/06,THAILAND,THAILAND,DENV2,2006,THAILAND,ASIA/OCEANIA,THAILAND,DENV2-Asian I,set2
B/00647/06,DENV2/THAILAND/2006/00647/06,THAILAND,THAILAND,DENV2,2006,THAILAND,ASIA/OCEANIA,THAILAND,DENV2-Asian I,NA
B/00678/06,DENV2/THAILAND/2006/00678/06,THAILAND,THAILAND,DENV2,2006,THAILAND,ASIA/OCEANIA,THAILAND,DENV2-Asian I,NA
B/00695/06,DENV2/THAILAND/2006/00695/06,THAILAND,THAILAND,DENV2,2006,THAILAND,ASIA/OCEANIA,THAILAND,DENV2-Asian I,NA
B/00697/06,DENV2/THAILAND/2006/00697/06,THAILAND,THAILAND,DENV2,2006,THAILAND,ASIA/OCEANIA,THAILAND,DENV2-Asian I,set4
B/00720/06,DENV2/THAILAND/2006/00720/06,THAILAND,THAILAND,DENV2,2006,THAILAND,ASIA/OCEANIA,THAILAND,DENV2-Asian I,NA
B/01212/06,DENV2/THAILAND/2006/01212/06,THAILAND,THAILAND,DENV2,2006,THAILAND,ASIA/OCEANIA,THAILAND,DENV2-Asian I,NA
B/01597/06,DENV2/THAILAND/2006/01597/06,THAILAND,THAILAND,DENV2,2006,THAILAND,ASIA/OCEANIA,THAILAND,DENV2-Asian I,NA
B/01625/06,DENV2/THAILAND/2006/01625/06,THAILAND,THAILAND,DENV2,2006,THAILAND,ASIA/OCEANIA,THAILAND,DENV2-Asian I,NA
B/01644/06,DENV2/THAILAND/2006/01644/06,THAILAND,THAILAND,DENV2,2006,THAILAND,ASIA/OCEANIA,THAILAND,DENV2-Asian I,NA
B/01841/06,DENV2/THAILAND/2006/01841/06,THAILAND,THAILAND,DENV2,2006,THAILAND,ASIA/OCEANIA,THAILAND,DENV2-Asian I,NA
B/01929/06,DENV2/THAILAND/2006/01929/06,THAILAND,THAILAND,DENV2,2006,THAILAND,ASIA/OCEANIA,THAILAND,DENV2-Asian I,NA
B/02182/06,DENV2/THAILAND/2006/02182/06,THAILAND,THAILAND,DENV2,2006,THAILAND,ASIA/OCEANIA,THAILAND,DENV2-Asian I,NA
B/02337/06,DENV2/THAILAND/2006/02337/06,THAILAND,THAILAND,DENV2,2006,THAILAND,ASIA/OCEANIA,THAILAND,DENV2-Asian I,set1
B/02391/06,DENV2/THAILAND/2006/02391/06,THAILAND,THAILAND,DENV2,2006,THAILAND,ASIA/OCEANIA,THAILAND,DENV2-Asian I,NA
B/02393/06,DENV2/THAILAND/2006/02393/06,THAILAND,THAILAND,DENV2,2006,THAILAND,ASIA/OCEANIA,THAILAND,DENV2-Asian I,NA
B/02398/06,DENV2/THAILAND/2006/02398/06,THAILAND,THAILAND,DENV2,2006,THAILAND,ASIA/OCEANIA,THAILAND,DENV2-Asian I,NA
B/02518/06,DENV2/THAILAND/2006/02518/06,THAILAND,THAILAND,DENV2,2006,THAILAND,ASIA/OCEANIA,THAILAND,DENV2-Asian I,NA
B/02617/06,DENV2/THAILAND/2006/02617/06,THAILAND,THAILAND,DENV2,2006,THAILAND,ASIA/OCEANIA,THAILAND,DENV2-Asian I,NA
B/02660/06,DENV2/THAILAND/2006/02660/06,THAILAND,THAILAND,DENV2,2006,THAILAND,ASIA/OCEANIA,THAILAND,DENV2-Asian I,NA
B/00045/07,DENV2/THAILAND/2007/00045/07,THAILAND.post,THAILAND,DENV2,2007,THAILAND,ASIA/OCEANIA,THAILAND,DENV2-Asian I,NA
B/00335/07,DENV2/THAILAND/2007/00335/07,THAILAND.post,THAILAND,DENV2,2007,THAILAND,ASIA/OCEANIA,THAILAND,DENV2-Asian I,NA
B/00408/07,DENV2/THAILAND/2007/00408/07,THAILAND.post,THAILAND,DENV2,2007,THAILAND,ASIA/OCEANIA,THAILAND,DENV2-Cosmopolitan,set4
B/00496/07,DENV2/THAILAND/2007/00496/07,THAILAND.post,THAILAND,DENV2,2007,THAILAND,ASIA/OCEANIA,THAILAND,DENV2-Asian I,set6
B/00511/07,DENV2/THAILAND/2007/00511/07,THAILAND.post,THAILAND,DENV2,2007,THAILAND,ASIA/OCEANIA,THAILAND,DENV2-Asian I,set6
B/00538/07,DENV2/THAILAND/2007/00538/07,THAILAND.post,THAILAND,DENV2,2007,THAILAND,ASIA/OCEANIA,THAILAND,DENV2-Asian I,NA
B/00569/07,DENV2/THAILAND/2007/00569/07,THAILAND.post,THAILAND,DENV2,2007,THAILAND,ASIA/OCEANIA,THAILAND,DENV2-Asian I,NA
B/00576/07,DENV2/THAILAND/2007/00576/07,THAILAND.post,THAILAND,DENV2,2007,THAILAND,ASIA/OCEANIA,THAILAND,DENV2-Asian I,NA
B/00938/07,DENV2/THAILAND/2007/00938/07,THAILAND.post,THAILAND,DENV2,2007,THAILAND,ASIA/OCEANIA,THAILAND,DENV2-Asian I,NA
B/01496/07,DENV2/THAILAND/2007/01496/07,THAILAND.post,THAILAND,DENV2,2007,THAILAND,ASIA/OCEANIA,THAILAND,DENV2-Asian I,NA
B/01726/07,DENV2/THAILAND/2007/01726/07,THAILAND.post,THAILAND,DENV2,2007,THAILAND,ASIA/OCEANIA,THAILAND,DENV2-Asian I,NA
B/01836/07,DENV2/THAILAND/2007/01836/07,THAILAND.post,THAILAND,DENV2,2007,THAILAND,ASIA/OCEANIA,THAILAND,DENV2-Asian I,NA
B/01849/07,DENV2/THAILAND/2007/01849/07,THAILAND.post,THAILAND,DENV2,2007,THAILAND,ASIA/OCEANIA,THAILAND,DENV2-Asian I,NA
B/02039/07,DENV2/THAILAND/2007/02039/07,THAILAND.post,THAILAND,DENV2,2007,THAILAND,ASIA/OCEANIA,THAILAND,DENV2-Cosmopolitan,set4
B/02071/07,DENV2/THAILAND/2007/02071/07,THAILAND.post,THAILAND,DENV2,2007,THAILAND,ASIA/OCEANIA,THAILAND,DENV2-Asian I,set6
B/02108/07,DENV2/THAILAND/2007/02108/07,THAILAND.post,THAILAND,DENV2,2007,THAILAND,ASIA/OCEANIA,THAILAND,DENV2-Asian I,NA
B/02195/07,DENV2/THAILAND/2007/02195/07,THAILAND.post,THAILAND,DENV2,2007,THAILAND,ASIA/OCEANIA,THAILAND,DENV2-Asian I,NA
B/00791/10,DENV2/THAILAND/2010/00791/10,THAILAND.post,THAILAND,DENV2,2010,THAILAND,ASIA/OCEANIA,THAILAND,DENV2-Asian I,set6
B/00911/10,DENV2/THAILAND/2010/00911/10,THAILAND.post,THAILAND,DENV2,2010,THAILAND,ASIA/OCEANIA,THAILAND,DENV2-Asian I,NA
B/01066/10,DENV2/THAILAND/2010/01066/10,THAILAND.post,THAILAND,DENV2,2010,THAILAND,ASIA/OCEANIA,THAILAND,DENV2-Asian I,set6
B/01109/10,DENV2/THAILAND/2010/01109/10,THAILAND.post,THAILAND,DENV2,2010,THAILAND,ASIA/OCEANIA,THAILAND,DENV2-Asian I,NA
B/01206/10,DENV2/THAILAND/2010/01206/10,THAILAND.post,THAILAND,DENV2,2010,THAILAND,ASIA/OCEANIA,THAILAND,DENV2-Asian I,NA
B/01340/10,DENV2/THAILAND/2010/01340/10,THAILAND.post,THAILAND,DENV2,2010,THAILAND,ASIA/OCEANIA,THAILAND,DENV2-Asian I,NA
B/01363/10,DENV2/THAILAND/2010/01363/10,THAILAND.post,THAILAND,DENV2,2010,THAILAND,ASIA/OCEANIA,THAILAND,DENV2-Asian I,set6
B/01384/10,DENV2/THAILAND/2010/01384/10,THAILAND.post,THAILAND,DENV2,2010,THAILAND,ASIA/OCEANIA,THAILAND,DENV2-Asian I,NA
B/01449/10,DENV2/THAILAND/2010/01449/10,THAILAND.post,THAILAND,DENV2,2010,THAILAND,ASIA/OCEANIA,THAILAND,DENV2-Asian I,NA
B/01549/10,DENV2/THAILAND/2010/01549/10,THAILAND.post,THAILAND,DENV2,2010,THAILAND,ASIA/OCEANIA,THAILAND,DENV2-Asian I,set5
B/01624/10,DENV2/THAILAND/2010/01624/10,THAILAND.post,THAILAND,DENV2,2010,THAILAND,ASIA/OCEANIA,THAILAND,DENV2-Asian I,NA
B/00045/11,DENV2/THAILAND/2011/00045/11,THAILAND.post,THAILAND,DENV2,2011,THAILAND,ASIA/OCEANIA,THAILAND,DENV2-Asian I,NA
B/00206/11,DENV2/THAILAND/2011/00206/11,THAILAND.post,THAILAND,DENV2,2011,THAILAND,ASIA/OCEANIA,THAILAND,DENV2-Asian I,NA
B/00220/11,DENV2/THAILAND/2011/00220/11,THAILAND.post,THAILAND,DENV2,2011,THAILAND,ASIA/OCEANIA,THAILAND,DENV2-Asian I,set6
B/00322/11,DENV2/THAILAND/2011/00322/11,THAILAND.post,THAILAND,DENV2,2011,THAILAND,ASIA/OCEANIA,THAILAND,DENV2-Asian I,set5
B/00331/11,DENV2/THAILAND/2011/00331/11,THAILAND.post,THAILAND,DENV2,2011,THAILAND,ASIA/OCEANIA,THAILAND,DENV2-Asian I,NA
B/00381/11,DENV2/THAILAND/2011/00381/11,THAILAND.post,THAILAND,DENV2,2011,THAILAND,ASIA/OCEANIA,THAILAND,DENV2-Asian I,NA
B/00556/11,DENV2/THAILAND/2011/00556/11,THAILAND.post,THAILAND,DENV2,2011,THAILAND,ASIA/OCEANIA,THAILAND,DENV2-Asian I,set6
B/00606/11,DENV2/THAILAND/2011/00606/11,THAILAND.post,THAILAND,DENV2,2011,THAILAND,ASIA/OCEANIA,THAILAND,DENV2-Asian I,NA
B/00647/11,DENV2/THAILAND/2011/00647/11,THAILAND.post,THAILAND,DENV2,2011,THAILAND,ASIA/OCEANIA,THAILAND,DENV2-Asian I,NA
B/00753/11,DENV2/THAILAND/2011/00753/11,THAILAND.post,THAILAND,DENV2,2011,THAILAND,ASIA/OCEANIA,THAILAND,DENV2-Asian I,NA
B/00825/11,DENV2/THAILAND/2011/00825/11,THAILAND.post,THAILAND,DENV2,2011,THAILAND,ASIA/OCEANIA,THAILAND,DENV2-Asian I,NA
B/00828/11,DENV2/THAILAND/2011/00828/11,THAILAND.post,THAILAND,DENV2,2011,THAILAND,ASIA/OCEANIA,THAILAND,DENV2-Asian I,NA
B/01220/11,DENV2/THAILAND/2011/01220/11,THAILAND.post,THAILAND,DENV2,2011,THAILAND,ASIA/OCEANIA,THAILAND,DENV2-Asian I,set6
B/01298/11,DENV2/THAILAND/2011/01298/11,THAILAND.post,THAILAND,DENV2,2011,THAILAND,ASIA/OCEANIA,THAILAND,DENV2-Asian I,NA
B/01429/11,DENV2/THAILAND/2011/01429/11,THAILAND.post,THAILAND,DENV2,2011,THAILAND,ASIA/OCEANIA,THAILAND,DENV2-Asian I,NA
B/01454/11,DENV2/THAILAND/2011/01454/11,THAILAND.post,THAILAND,DENV2,2011,THAILAND,ASIA/OCEANIA,THAILAND,DENV2-Asian I,NA
B/00009/12,DENV2/THAILAND/2012/00009/12,THAILAND.post,THAILAND,DENV2,2012,THAILAND,ASIA/OCEANIA,THAILAND,DENV2-Asian I,NA
B/00118/12,DENV2/THAILAND/2012/00118/12,THAILAND.post,THAILAND,DENV2,2012,THAILAND,ASIA/OCEANIA,THAILAND,DENV2-Asian I,NA
B/00144/12,DENV2/THAILAND/2012/00144/12,THAILAND.post,THAILAND,DENV2,2012,THAILAND,ASIA/OCEANIA,THAILAND,DENV2-Asian I,set5
B/00258/12,DENV2/THAILAND/2012/00258/12,THAILAND.post,THAILAND,DENV2,2012,THAILAND,ASIA/OCEANIA,THAILAND,DENV2-Asian I,set6
B/00273/12,DENV2/THAILAND/2012/00273/12,THAILAND.post,THAILAND,DENV2,2012,THAILAND,ASIA/OCEANIA,THAILAND,DENV2-Asian I,NA
B/00334/12,DENV2/THAILAND/2012/00334/12,THAILAND.post,THAILAND,DENV2,2012,THAILAND,ASIA/OCEANIA,THAILAND,DENV2-Asian I,NA
B/00342/12,DENV2/THAILAND/2012/00342/12,THAILAND.post,THAILAND,DENV2,2012,THAILAND,ASIA/OCEANIA,THAILAND,DENV2-Asian I,NA
B/00376/12,DENV2/THAILAND/2012/00376/12,THAILAND.post,THAILAND,DENV2,2012,THAILAND,ASIA/OCEANIA,THAILAND,DENV2-Asian I,NA
B/00478/12,DENV2/THAILAND/2012/00478/12,THAILAND.post,THAILAND,DENV2,2012,THAILAND,ASIA/OCEANIA,THAILAND,DENV2-Asian I,NA
B/00669/12,DENV2/THAILAND/2012/00669/12,THAILAND.post,THAILAND,DENV2,2012,THAILAND,ASIA/OCEANIA,THAILAND,DENV2-Asian I,NA
B/00741/12,DENV2/THAILAND/2012/00741/12,THAILAND.post,THAILAND,DENV2,2012,THAILAND,ASIA/OCEANIA,THAILAND,DENV2-Asian I,NA
B/00795/12,DENV2/THAILAND/2012/00795/12,THAILAND.post,THAILAND,DENV2,2012,THAILAND,ASIA/OCEANIA,THAILAND,DENV2-Asian I,NA
B/00826/12,DENV2/THAILAND/2012/00826/12,THAILAND.post,THAILAND,DENV2,2012,THAILAND,ASIA/OCEANIA,THAILAND,DENV2-Asian I,NA
B/00907/12,DENV2/THAILAND/2012/00907/12,THAILAND.post,THAILAND,DENV2,2012,THAILAND,ASIA/OCEANIA,THAILAND,DENV2-Asian I,NA
B/01090/12,DENV2/THAILAND/2012/01090/12,THAILAND.post,THAILAND,DENV2,2012,THAILAND,ASIA/OCEANIA,THAILAND,DENV2-Asian I,set6
B/01092/12,DENV2/THAILAND/2012/01092/12,THAILAND.post,THAILAND,DENV2,2012,THAILAND,ASIA/OCEANIA,THAILAND,DENV2-Asian I,NA
B/01113/12,DENV2/THAILAND/2012/01113/12,THAILAND.post,THAILAND,DENV2,2012,THAILAND,ASIA/OCEANIA,THAILAND,DENV2-Asian I,set6
B/00058/13,DENV2/THAILAND/2013/00058/13,THAILAND.post,THAILAND,DENV2,2013,THAILAND,ASIA/OCEANIA,THAILAND,DENV2-Asian I,set6
B/00078/13,DENV2/THAILAND/2013/00078/13,THAILAND.post,THAILAND,DENV2,2013,THAILAND,ASIA/OCEANIA,THAILAND,DENV2-Asian I,NA
B/00225/13,DENV2/THAILAND/2013/00225/13,THAILAND.post,THAILAND,DENV2,2013,THAILAND,ASIA/OCEANIA,THAILAND,DENV2-Asian I,NA
B/00269/13,DENV2/THAILAND/2013/00269/13,THAILAND.post,THAILAND,DENV2,2013,THAILAND,ASIA/OCEANIA,THAILAND,DENV2-Asian I,NA
B/00280/13,DENV2/THAILAND/2013/00280/13,THAILAND.post,THAILAND,DENV2,2013,THAILAND,ASIA/OCEANIA,THAILAND,DENV2-Asian I,set6
B/00662/13,DENV2/THAILAND/2013/00662/13,THAILAND.post,THAILAND,DENV2,2013,THAILAND,ASIA/OCEANIA,THAILAND,DENV2-Asian I,set5
B/00696/13,DENV2/THAILAND/2013/00696/13,THAILAND.post,THAILAND,DENV2,2013,THAILAND,ASIA/OCEANIA,THAILAND,DENV2-Asian I,set6
B/00838/13,DENV2/THAILAND/2013/00838/13,THAILAND.post,THAILAND,DENV2,2013,THAILAND,ASIA/OCEANIA,THAILAND,DENV2-Asian I,NA
B/01726/13,DENV2/THAILAND/2013/01726/13,THAILAND.post,THAILAND,DENV2,2013,THAILAND,ASIA/OCEANIA,THAILAND,DENV2-Asian I,NA
B/00016/14,DENV2/THAILAND/2014/00016/14,THAILAND.post,THAILAND,DENV2,2014,THAILAND,ASIA/OCEANIA,THAILAND,DENV2-Asian I,set5
B/00740/14,DENV2/THAILAND/2014/00740/14,THAILAND.post,THAILAND,DENV2,2014,THAILAND,ASIA/OCEANIA,THAILAND,DENV2-Asian I,set6
d3pr63,DENV3/PUERTO-RICO/1963/PRS-228762-AC27,GLOBAL,GLOBAL,DENV3,1963,PUERTORICO,AMERICAS/AFRICA,AMERICAS/AFRICA,DENV3-IV,NA
d3sleman,DENV3/INDONESIA/1978/SLEMAN-1280-AC25,GLOBAL,GLOBAL,DENV3,1978,INDONESIA,ASIA/OCEANIA,ASIA/OCEANIA,DENV3-I,NA
d3fiji,DENV3/FIJI/1992/29472-L11422-I,GLOBAL,GLOBAL,DENV3,1992,FIJI,ASIA/OCEANIA,ASIA/OCEANIA,DENV3-I,NA
d3pr06,DENV3/PUERTORICO/2006/429965,GLOBAL,GLOBAL,DENV3,2006,PUERTORICO,AMERICAS/AFRICA,AMERICAS/AFRICA,DENV3-III,NA
d3vn06,DENV3/VIETNAM/2006/BID-V1329,GLOBAL,GLOBAL,DENV3,2006,VIETNAM,ASIA/OCEANIA,ASIA/OCEANIA,DENV3-II,set1
d3vn07,DENV3/VIETNAM/2007/BID-V1817,GLOBAL,GLOBAL,DENV3,2007,VIETNAM,ASIA/OCEANIA,ASIA/OCEANIA,DENV3-II,NA
d3burma08,DENV3/MYANMAR/2008/80931,GLOBAL,GLOBAL,DENV3,2008,MYANMAR,ASIA/OCEANIA,ASIA/OCEANIA,DENV3-II,NA
d3ni09,DENV3/NICARAGUA/2009/BID-V4753,GLOBAL,GLOBAL,DENV3,2009,NICARAGUA,AMERICAS/AFRICA,AMERICAS/AFRICA,DENV3-III,NA
d3cam719,DENV3/CAMBODIA/2000/FJ639719,CAMBODIA,CAMBODIA,DENV3,2000,CAMBODIA,ASIA/OCEANIA,ASIA/OCEANIA,DENV3-II,NA
d3cam720,DENV3/CAMBODIA/2001/FJ639720,CAMBODIA,CAMBODIA,DENV3,2001,CAMBODIA,ASIA/OCEANIA,ASIA/OCEANIA,DENV3-II,NA
d3cam721,DENV3/CAMBODIA/2002/FJ639721,CAMBODIA,CAMBODIA,DENV3,2002,CAMBODIA,ASIA/OCEANIA,ASIA/OCEANIA,DENV3-II,NA
d3cam627,DENV3/CAMBODIA/2002/GQ868627,CAMBODIA,CAMBODIA,DENV3,2002,CAMBODIA,ASIA/OCEANIA,ASIA/OCEANIA,DENV3-II,NA
d3cam713,DENV3/CAMBODIA/2007/FJ639713,CAMBODIA,CAMBODIA,DENV3,2007,CAMBODIA,ASIA/OCEANIA,ASIA/OCEANIA,DENV3-II,NA
d3cam714,DENV3/CAMBODIA/2007/FJ639714,CAMBODIA,CAMBODIA,DENV3,2007,CAMBODIA,ASIA/OCEANIA,ASIA/OCEANIA,DENV3-II,set4
d3cam731,DENV3/CAMBODIA/2007/FJ639731,CAMBODIA,CAMBODIA,DENV3,2007,CAMBODIA,ASIA/OCEANIA,ASIA/OCEANIA,DENV3-II,set4
d3cam716,DENV3/CAMBODIA/2008/FJ639716,CAMBODIA,CAMBODIA,DENV3,2008,CAMBODIA,ASIA/OCEANIA,ASIA/OCEANIA,DENV3-II,set2
d3cam905,DENV3/CAMBODIA/2008/GU131905,CAMBODIA,CAMBODIA,DENV3,2008,CAMBODIA,ASIA/OCEANIA,ASIA/OCEANIA,DENV3-II,set4
d3cam854,DENV3/CAMBODIA/2008/HM631854,CAMBODIA,CAMBODIA,DENV3,2008,CAMBODIA,ASIA/OCEANIA,ASIA/OCEANIA,DENV3-II,NA
d3cam306,DENV3/CAMBODIA/2010/U0723306,CAMBODIA,CAMBODIA,DENV3,2010,CAMBODIA,ASIA/OCEANIA,ASIA/OCEANIA,NA,NA
d3cam330,DENV3/CAMBODIA/2011/V0907330,CAMBODIA,CAMBODIA,DENV3,2011,CAMBODIA,ASIA/OCEANIA,ASIA/OCEANIA,DENV3-III,set1
C/00092/94,DENV3/THAILAND/1994/00092/94,THAILAND,THAILAND,DENV3,1994,THAILAND,ASIA/OCEANIA,THAILAND,DENV3-II,NA
C/00098/94,DENV3/THAILAND/1994/00098/94,THAILAND,THAILAND,DENV3,1994,THAILAND,ASIA/OCEANIA,THAILAND,DENV3-II,NA
C/00125/94,DENV3/THAILAND/1994/00125/94,THAILAND,THAILAND,DENV3,1994,THAILAND,ASIA/OCEANIA,THAILAND,DENV3-II,NA
C/00128/94,DENV3/THAILAND/1994/00128/94,THAILAND,THAILAND,DENV3,1994,THAILAND,ASIA/OCEANIA,THAILAND,DENV3-II,set3
C/00130/94,DENV3/THAILAND/1994/00130/94,THAILAND,THAILAND,DENV3,1994,THAILAND,ASIA/OCEANIA,THAILAND,DENV3-II,NA
C/00255/94,DENV3/THAILAND/1994/00255/94,THAILAND,THAILAND,DENV3,1994,THAILAND,ASIA/OCEANIA,THAILAND,DENV3-II,set3
C/00515/94,DENV3/THAILAND/1994/00515/94,THAILAND,THAILAND,DENV3,1994,THAILAND,ASIA/OCEANIA,THAILAND,DENV3-II,NA
C/00705/94,DENV3/THAILAND/1994/00705/94,THAILAND,THAILAND,DENV3,1994,THAILAND,ASIA/OCEANIA,THAILAND,DENV3-II,NA
C/00715/94,DENV3/THAILAND/1994/00715/94,THAILAND,THAILAND,DENV3,1994,THAILAND,ASIA/OCEANIA,THAILAND,DENV3-II,NA
C/00800/94,DENV3/THAILAND/1994/00800/94,THAILAND,THAILAND,DENV3,1994,THAILAND,ASIA/OCEANIA,THAILAND,DENV3-II,NA
C/00831/94,DENV3/THAILAND/1994/00831/94,THAILAND,THAILAND,DENV3,1994,THAILAND,ASIA/OCEANIA,THAILAND,DENV3-II,set3
C/00907/94,DENV3/THAILAND/1994/00907/94,THAILAND,THAILAND,DENV3,1994,THAILAND,ASIA/OCEANIA,THAILAND,DENV3-II,NA
C/00913/94,DENV3/THAILAND/1994/00913/94,THAILAND,THAILAND,DENV3,1994,THAILAND,ASIA/OCEANIA,THAILAND,DENV3-II,NA
C/00950/94,DENV3/THAILAND/1994/00950/94,THAILAND,THAILAND,DENV3,1994,THAILAND,ASIA/OCEANIA,THAILAND,DENV3-II,NA
C/01096/94,DENV3/THAILAND/1994/01096/94,THAILAND,THAILAND,DENV3,1994,THAILAND,ASIA/OCEANIA,THAILAND,DENV3-II,NA
C/01146/94,DENV3/THAILAND/1994/01146/94,THAILAND,THAILAND,DENV3,1994,THAILAND,ASIA/OCEANIA,THAILAND,DENV3-II,NA
C/01311/94,DENV3/THAILAND/1994/01311/94,THAILAND,THAILAND,DENV3,1994,THAILAND,ASIA/OCEANIA,THAILAND,DENV3-II,set4
C/01388/94,DENV3/THAILAND/1994/01388/94,THAILAND,THAILAND,DENV3,1994,THAILAND,ASIA/OCEANIA,THAILAND,DENV3-II,NA
C/01494/94,DENV3/THAILAND/1994/01494/94,THAILAND,THAILAND,DENV3,1994,THAILAND,ASIA/OCEANIA,THAILAND,DENV3-II,NA
C/01530/94,DENV3/THAILAND/1994/01530/94,THAILAND,THAILAND,DENV3,1994,THAILAND,ASIA/OCEANIA,THAILAND,DENV3-II,NA
C/30017/94,DENV3/THAILAND/1994/30017/94,THAILAND,THAILAND,DENV3,1994,THAILAND,ASIA/OCEANIA,THAILAND,DENV3-II,NA
C/30055/94,DENV3/THAILAND/1994/30055/94,THAILAND,THAILAND,DENV3,1994,THAILAND,ASIA/OCEANIA,THAILAND,DENV3-II,NA
C/30060/94,DENV3/THAILAND/1994/30060/94,THAILAND,THAILAND,DENV3,1994,THAILAND,ASIA/OCEANIA,THAILAND,DENV3-II,NA
C/30301/94,DENV3/THAILAND/1994/30301/94,THAILAND,THAILAND,DENV3,1994,THAILAND,ASIA/OCEANIA,THAILAND,DENV3-II,NA
C/30334/94,DENV3/THAILAND/1994/30334/94,THAILAND,THAILAND,DENV3,1994,THAILAND,ASIA/OCEANIA,THAILAND,DENV3-II,NA
C/30362/94,DENV3/THAILAND/1994/30362/94,THAILAND,THAILAND,DENV3,1994,THAILAND,ASIA/OCEANIA,THAILAND,DENV3-II,NA
C/30520/94,DENV3/THAILAND/1994/30520/94,THAILAND,THAILAND,DENV3,1994,THAILAND,ASIA/OCEANIA,THAILAND,DENV3-II,NA
C/30551/94,DENV3/THAILAND/1994/30551/94,THAILAND,THAILAND,DENV3,1994,THAILAND,ASIA/OCEANIA,THAILAND,DENV3-II,NA
C/30590/94,DENV3/THAILAND/1994/30590/94,THAILAND,THAILAND,DENV3,1994,THAILAND,ASIA/OCEANIA,THAILAND,DENV3-II,NA
C/30621/94,DENV3/THAILAND/1994/30621/94,THAILAND,THAILAND,DENV3,1994,THAILAND,ASIA/OCEANIA,THAILAND,DENV3-II,NA
C/30677/94,DENV3/THAILAND/1994/30677/94,THAILAND,THAILAND,DENV3,1994,THAILAND,ASIA/OCEANIA,THAILAND,DENV3-II,NA
C/00031/95,DENV3/THAILAND/1995/00031/95,THAILAND,THAILAND,DENV3,1995,THAILAND,ASIA/OCEANIA,THAILAND,DENV3-II,NA
C/00081/95,DENV3/THAILAND/1995/00081/95,THAILAND,THAILAND,DENV3,1995,THAILAND,ASIA/OCEANIA,THAILAND,DENV3-II,NA
C/00247/95,DENV3/THAILAND/1995/00247/95,THAILAND,THAILAND,DENV3,1995,THAILAND,ASIA/OCEANIA,THAILAND,DENV3-II,set1
C/00344/95,DENV3/THAILAND/1995/00344/95,THAILAND,THAILAND,DENV3,1995,THAILAND,ASIA/OCEANIA,THAILAND,DENV3-II,NA
C/00422/95,DENV3/THAILAND/1995/00422/95,THAILAND,THAILAND,DENV3,1995,THAILAND,ASIA/OCEANIA,THAILAND,DENV3-II,NA
C/00520/95,DENV3/THAILAND/1995/00520/95,THAILAND,THAILAND,DENV3,1995,THAILAND,ASIA/OCEANIA,THAILAND,DENV3-II,NA
C/00530/95,DENV3/THAILAND/1995/00530/95,THAILAND,THAILAND,DENV3,1995,THAILAND,ASIA/OCEANIA,THAILAND,DENV3-II,NA
C/00541/95,DENV3/THAILAND/1995/00541/95,THAILAND,THAILAND,DENV3,1995,THAILAND,ASIA/OCEANIA,THAILAND,DENV3-II,NA
C/00617/95,DENV3/THAILAND/1995/00617/95,THAILAND,THAILAND,DENV3,1995,THAILAND,ASIA/OCEANIA,THAILAND,DENV3-II,NA
C/00631/95,DENV3/THAILAND/1995/00631/95,THAILAND,THAILAND,DENV3,1995,THAILAND,ASIA/OCEANIA,THAILAND,DENV3-II,set4
C/00657/95,DENV3/THAILAND/1995/00657/95,THAILAND,THAILAND,DENV3,1995,THAILAND,ASIA/OCEANIA,THAILAND,DENV3-II,NA
C/00772/95,DENV3/THAILAND/1995/00772/95,THAILAND,THAILAND,DENV3,1995,THAILAND,ASIA/OCEANIA,THAILAND,DENV3-II,NA
C/00780/95,DENV3/THAILAND/1995/00780/95,THAILAND,THAILAND,DENV3,1995,THAILAND,ASIA/OCEANIA,THAILAND,DENV3-II,set1
C/00965/95,DENV3/THAILAND/1995/00965/95,THAILAND,THAILAND,DENV3,1995,THAILAND,ASIA/OCEANIA,THAILAND,DENV3-II,NA
C/01042/95,DENV3/THAILAND/1995/01042/95,THAILAND,THAILAND,DENV3,1995,THAILAND,ASIA/OCEANIA,THAILAND,DENV3-II,NA
C/01179/95,DENV3/THAILAND/1995/01179/95,THAILAND,THAILAND,DENV3,1995,THAILAND,ASIA/OCEANIA,THAILAND,DENV3-II,NA
C/01260/95,DENV3/THAILAND/1995/01260/95,THAILAND,THAILAND,DENV3,1995,THAILAND,ASIA/OCEANIA,THAILAND,DENV3-II,NA
C/01296/95,DENV3/THAILAND/1995/01296/95,THAILAND,THAILAND,DENV3,1995,THAILAND,ASIA/OCEANIA,THAILAND,DENV3-II,set1
C/01317/95,DENV3/THAILAND/1995/01317/95,THAILAND,THAILAND,DENV3,1995,THAILAND,ASIA/OCEANIA,THAILAND,DENV3-II,NA
C/01367/95,DENV3/THAILAND/1995/01367/95,THAILAND,THAILAND,DENV3,1995,THAILAND,ASIA/OCEANIA,THAILAND,DENV3-II,NA
C/01486/95,DENV3/THAILAND/1995/01486/95,THAILAND,THAILAND,DENV3,1995,THAILAND,ASIA/OCEANIA,THAILAND,DENV3-II,NA
C/01509/95,DENV3/THAILAND/1995/01509/95,THAILAND,THAILAND,DENV3,1995,THAILAND,ASIA/OCEANIA,THAILAND,DENV3-II,NA
C/01658/95,DENV3/THAILAND/1995/01658/95,THAILAND,THAILAND,DENV3,1995,THAILAND,ASIA/OCEANIA,THAILAND,DENV3-II,set1
C/01753/95,DENV3/THAILAND/1995/01753/95,THAILAND,THAILAND,DENV3,1995,THAILAND,ASIA/OCEANIA,THAILAND,DENV3-II,NA
C/30071/95,DENV3/THAILAND/1995/30071/95,THAILAND,THAILAND,DENV3,1995,THAILAND,ASIA/OCEANIA,THAILAND,DENV3-II,NA
C/30110/95,DENV3/THAILAND/1995/30110/95,THAILAND,THAILAND,DENV3,1995,THAILAND,ASIA/OCEANIA,THAILAND,DENV3-II,NA
C/30125/95,DENV3/THAILAND/1995/30125/95,THAILAND,THAILAND,DENV3,1995,THAILAND,ASIA/OCEANIA,THAILAND,DENV3-II,NA
C/30175/95,DENV3/THAILAND/1995/30175/95,THAILAND,THAILAND,DENV3,1995,THAILAND,ASIA/OCEANIA,THAILAND,DENV3-II,NA
C/30195/95,DENV3/THAILAND/1995/30195/95,THAILAND,THAILAND,DENV3,1995,THAILAND,ASIA/OCEANIA,THAILAND,DENV3-II,NA
C/30246/95,DENV3/THAILAND/1995/30246/95,THAILAND,THAILAND,DENV3,1995,THAILAND,ASIA/OCEANIA,THAILAND,DENV3-II,NA
C/30317/95,DENV3/THAILAND/1995/30317/95,THAILAND,THAILAND,DENV3,1995,THAILAND,ASIA/OCEANIA,THAILAND,DENV3-II,NA
C/30457/95,DENV3/THAILAND/1995/30457/95,THAILAND,THAILAND,DENV3,1995,THAILAND,ASIA/OCEANIA,THAILAND,DENV3-II,NA
C/30460/95,DENV3/THAILAND/1995/30460/95,THAILAND,THAILAND,DENV3,1995,THAILAND,ASIA/OCEANIA,THAILAND,DENV3-II,NA
C/00011/96,DENV3/THAILAND/1996/00011/96,THAILAND,THAILAND,DENV3,1996,THAILAND,ASIA/OCEANIA,THAILAND,DENV3-II,NA
C/00037/96,DENV3/THAILAND/1996/00037/96,THAILAND,THAILAND,DENV3,1996,THAILAND,ASIA/OCEANIA,THAILAND,DENV3-II,NA
C/00753/96,DENV3/THAILAND/1996/00753/96,THAILAND,THAILAND,DENV3,1996,THAILAND,ASIA/OCEANIA,THAILAND,DENV3-II,NA
C/00833/96,DENV3/THAILAND/1996/00833/96,THAILAND,THAILAND,DENV3,1996,THAILAND,ASIA/OCEANIA,THAILAND,DENV3-II,set3
C/00975/96,DENV3/THAILAND/1996/00975/96,THAILAND,THAILAND,DENV3,1996,THAILAND,ASIA/OCEANIA,THAILAND,DENV3-II,NA
C/01037/96,DENV3/THAILAND/1996/01037/96,THAILAND,THAILAND,DENV3,1996,THAILAND,ASIA/OCEANIA,THAILAND,DENV3-II,NA
C/01171/96,DENV3/THAILAND/1996/01171/96,THAILAND,THAILAND,DENV3,1996,THAILAND,ASIA/OCEANIA,THAILAND,DENV3-II,NA
C/01245/96,DENV3/THAILAND/1996/01245/96,THAILAND,THAILAND,DENV3,1996,THAILAND,ASIA/OCEANIA,THAILAND,DENV3-II,NA
C/01249/96,DENV3/THAILAND/1996/01249/96,THAILAND,THAILAND,DENV3,1996,THAILAND,ASIA/OCEANIA,THAILAND,DENV3-II,NA
C/01318/96,DENV3/THAILAND/1996/01318/96,THAILAND,THAILAND,DENV3,1996,THAILAND,ASIA/OCEANIA,THAILAND,DENV3-II,NA
C/01421/96,DENV3/THAILAND/1996/01421/96,THAILAND,THAILAND,DENV3,1996,THAILAND,ASIA/OCEANIA,THAILAND,DENV3-II,NA
C/01487/96,DENV3/THAILAND/1996/01487/96,THAILAND,THAILAND,DENV3,1996,THAILAND,ASIA/OCEANIA,THAILAND,DENV3-II,NA
C/01505/96,DENV3/THAILAND/1996/01505/96,THAILAND,THAILAND,DENV3,1996,THAILAND,ASIA/OCEANIA,THAILAND,DENV3-II,NA
C/01528/96,DENV3/THAILAND/1996/01528/96,THAILAND,THAILAND,DENV3,1996,THAILAND,ASIA/OCEANIA,THAILAND,DENV3-II,set4
C/01552/96,DENV3/THAILAND/1996/01552/96,THAILAND,THAILAND,DENV3,1996,THAILAND,ASIA/OCEANIA,THAILAND,DENV3-II,NA
C/01655/96,DENV3/THAILAND/1996/01655/96,THAILAND,THAILAND,DENV3,1996,THAILAND,ASIA/OCEANIA,THAILAND,DENV3-II,NA
C/01697/96,DENV3/THAILAND/1996/01697/96,THAILAND,THAILAND,DENV3,1996,THAILAND,ASIA/OCEANIA,THAILAND,DENV3-II,NA
C/01720/96,DENV3/THAILAND/1996/01720/96,THAILAND,THAILAND,DENV3,1996,THAILAND,ASIA/OCEANIA,THAILAND,DENV3-II,set3
C/01781/96,DENV3/THAILAND/1996/01781/96,THAILAND,THAILAND,DENV3,1996,THAILAND,ASIA/OCEANIA,THAILAND,DENV3-II,NA
C/01828/96,DENV3/THAILAND/1996/01828/96,THAILAND,THAILAND,DENV3,1996,THAILAND,ASIA/OCEANIA,THAILAND,DENV3-II,NA
C/01908/96,DENV3/THAILAND/1996/01908/96,THAILAND,THAILAND,DENV3,1996,THAILAND,ASIA/OCEANIA,THAILAND,DENV3-II,NA
C/01941/96,DENV3/THAILAND/1996/01941/96,THAILAND,THAILAND,DENV3,1996,THAILAND,ASIA/OCEANIA,THAILAND,DENV3-II,set3
C/02161/96,DENV3/THAILAND/1996/02161/96,THAILAND,THAILAND,DENV3,1996,THAILAND,ASIA/OCEANIA,THAILAND,DENV3-II,NA
C/02171/96,DENV3/THAILAND/1996/02171/96,THAILAND,THAILAND,DENV3,1996,THAILAND,ASIA/OCEANIA,THAILAND,DENV3-II,NA
C/02222/96,DENV3/THAILAND/1996/02222/96,THAILAND,THAILAND,DENV3,1996,THAILAND,ASIA/OCEANIA,THAILAND,DENV3-II,NA
C/00495/97,DENV3/THAILAND/1997/00495/97,THAILAND,THAILAND,DENV3,1997,THAILAND,ASIA/OCEANIA,THAILAND,DENV3-II,NA
C/01425/97,DENV3/THAILAND/1997/01425/97,THAILAND,THAILAND,DENV3,1997,THAILAND,ASIA/OCEANIA,THAILAND,DENV3-II,NA
C/01956/97,DENV3/THAILAND/1997/01956/97,THAILAND,THAILAND,DENV3,1997,THAILAND,ASIA/OCEANIA,THAILAND,DENV3-II,NA
C/01976/97,DENV3/THAILAND/1997/01976/97,THAILAND,THAILAND,DENV3,1997,THAILAND,ASIA/OCEANIA,THAILAND,DENV3-II,NA
C/02580/97,DENV3/THAILAND/1997/02580/97,THAILAND,THAILAND,DENV3,1997,THAILAND,ASIA/OCEANIA,THAILAND,DENV3-II,NA
C/02673/97,DENV3/THAILAND/1997/02673/97,THAILAND,THAILAND,DENV3,1997,THAILAND,ASIA/OCEANIA,THAILAND,DENV3-II,NA
C/02906/97,DENV3/THAILAND/1997/02906/97,THAILAND,THAILAND,DENV3,1997,THAILAND,ASIA/OCEANIA,THAILAND,DENV3-II,NA
C/03058/97,DENV3/THAILAND/1997/03058/97,THAILAND,THAILAND,DENV3,1997,THAILAND,ASIA/OCEANIA,THAILAND,DENV3-II,NA
C/03080/97,DENV3/THAILAND/1997/03080/97,THAILAND,THAILAND,DENV3,1997,THAILAND,ASIA/OCEANIA,THAILAND,DENV3-II,set3
C/03353/97,DENV3/THAILAND/1997/03353/97,THAILAND,THAILAND,DENV3,1997,THAILAND,ASIA/OCEANIA,THAILAND,DENV3-II,NA
C/04710/97,DENV3/THAILAND/1997/04710/97,THAILAND,THAILAND,DENV3,1997,THAILAND,ASIA/OCEANIA,THAILAND,DENV3-II,NA
C/04945/97,DENV3/THAILAND/1997/04945/97,THAILAND,THAILAND,DENV3,1997,THAILAND,ASIA/OCEANIA,THAILAND,DENV3-II,NA
C/05100/97,DENV3/THAILAND/1997/05100/97,THAILAND,THAILAND,DENV3,1997,THAILAND,ASIA/OCEANIA,THAILAND,DENV3-II,NA
C/05578/97,DENV3/THAILAND/1997/05578/97,THAILAND,THAILAND,DENV3,1997,THAILAND,ASIA/OCEANIA,THAILAND,DENV3-II,NA
C/05718/97,DENV3/THAILAND/1997/05718/97,THAILAND,THAILAND,DENV3,1997,THAILAND,ASIA/OCEANIA,THAILAND,DENV3-II,NA
C/05746/97,DENV3/THAILAND/1997/05746/97,THAILAND,THAILAND,DENV3,1997,THAILAND,ASIA/OCEANIA,THAILAND,DENV3-II,NA
C/06406/97,DENV3/THAILAND/1997/06406/97,THAILAND,THAILAND,DENV3,1997,THAILAND,ASIA/OCEANIA,THAILAND,DENV3-II,NA
C/06541/97,DENV3/THAILAND/1997/06541/97,THAILAND,THAILAND,DENV3,1997,THAILAND,ASIA/OCEANIA,THAILAND,DENV3-II,NA
C/07176/97,DENV3/THAILAND/1997/07176/97,THAILAND,THAILAND,DENV3,1997,THAILAND,ASIA/OCEANIA,THAILAND,DENV3-II,NA
C/07180/97,DENV3/THAILAND/1997/07180/97,THAILAND,THAILAND,DENV3,1997,THAILAND,ASIA/OCEANIA,THAILAND,DENV3-II,NA
C/07225/97,DENV3/THAILAND/1997/07225/97,THAILAND,THAILAND,DENV3,1997,THAILAND,ASIA/OCEANIA,THAILAND,DENV3-II,NA
C/07234/97,DENV3/THAILAND/1997/07234/97,THAILAND,THAILAND,DENV3,1997,THAILAND,ASIA/OCEANIA,THAILAND,DENV3-II,NA
C/07597/97,DENV3/THAILAND/1997/07597/97,THAILAND,THAILAND,DENV3,1997,THAILAND,ASIA/OCEANIA,THAILAND,DENV3-II,NA
C/07887/97,DENV3/THAILAND/1997/07887/97,THAILAND,THAILAND,DENV3,1997,THAILAND,ASIA/OCEANIA,THAILAND,DENV3-II,NA
C/00190/98,DENV3/THAILAND/1998/00190/98,THAILAND,THAILAND,DENV3,1998,THAILAND,ASIA/OCEANIA,THAILAND,DENV3-II,NA
C/00317/98,DENV3/THAILAND/1998/00317/98,THAILAND,THAILAND,DENV3,1998,THAILAND,ASIA/OCEANIA,THAILAND,DENV3-II,set1
C/00596/98,DENV3/THAILAND/1998/00596/98,THAILAND,THAILAND,DENV3,1998,THAILAND,ASIA/OCEANIA,THAILAND,DENV3-II,set1
C/00637/98,DENV3/THAILAND/1998/00637/98,THAILAND,THAILAND,DENV3,1998,THAILAND,ASIA/OCEANIA,THAILAND,DENV3-II,NA
C/00688/98,DENV3/THAILAND/1998/00688/98,THAILAND,THAILAND,DENV3,1998,THAILAND,ASIA/OCEANIA,THAILAND,DENV3-II,NA
C/01250/98,DENV3/THAILAND/1998/01250/98,THAILAND,THAILAND,DENV3,1998,THAILAND,ASIA/OCEANIA,THAILAND,DENV3-II,NA
C/01293/98,DENV3/THAILAND/1998/01293/98,THAILAND,THAILAND,DENV3,1998,THAILAND,ASIA/OCEANIA,THAILAND,DENV3-II,NA
C/01335/98,DENV3/THAILAND/1998/01335/98,THAILAND,THAILAND,DENV3,1998,THAILAND,ASIA/OCEANIA,THAILAND,DENV3-II,NA
C/01700/98,DENV3/THAILAND/1998/01700/98,THAILAND,THAILAND,DENV3,1998,THAILAND,ASIA/OCEANIA,THAILAND,DENV3-II,NA
C/01716/98,DENV3/THAILAND/1998/01716/98,THAILAND,THAILAND,DENV3,1998,THAILAND,ASIA/OCEANIA,THAILAND,DENV3-II,NA
C/01868/98,DENV3/THAILAND/1998/01868/98,THAILAND,THAILAND,DENV3,1998,THAILAND,ASIA/OCEANIA,THAILAND,DENV3-II,NA
C/02000/98,DENV3/THAILAND/1998/02000/98,THAILAND,THAILAND,DENV3,1998,THAILAND,ASIA/OCEANIA,THAILAND,DENV3-II,NA
C/02016/98,DENV3/THAILAND/1998/02016/98,THAILAND,THAILAND,DENV3,1998,THAILAND,ASIA/OCEANIA,THAILAND,DENV3-II,NA
C/02224/98,DENV3/THAILAND/1998/02224/98,THAILAND,THAILAND,DENV3,1998,THAILAND,ASIA/OCEANIA,THAILAND,DENV3-II,NA
C/02283/98,DENV3/THAILAND/1998/02283/98,THAILAND,THAILAND,DENV3,1998,THAILAND,ASIA/OCEANIA,THAILAND,DENV3-II,NA
C/02434/98,DENV3/THAILAND/1998/02434/98,THAILAND,THAILAND,DENV3,1998,THAILAND,ASIA/OCEANIA,THAILAND,DENV3-II,set1
C/02506/98,DENV3/THAILAND/1998/02506/98,THAILAND,THAILAND,DENV3,1998,THAILAND,ASIA/OCEANIA,THAILAND,DENV3-II,NA
C/02519/98,DENV3/THAILAND/1998/02519/98,THAILAND,THAILAND,DENV3,1998,THAILAND,ASIA/OCEANIA,THAILAND,DENV3-II,NA
C/02551/98,DENV3/THAILAND/1998/02551/98,THAILAND,THAILAND,DENV3,1998,THAILAND,ASIA/OCEANIA,THAILAND,DENV3-II,set4
C/02553/98,DENV3/THAILAND/1998/02553/98,THAILAND,THAILAND,DENV3,1998,THAILAND,ASIA/OCEANIA,THAILAND,DENV3-II,NA
C/02993/98,DENV3/THAILAND/1998/02993/98,THAILAND,THAILAND,DENV3,1998,THAILAND,ASIA/OCEANIA,THAILAND,DENV3-II,NA
C/04187/98,DENV3/THAILAND/1998/04187/98,THAILAND,THAILAND,DENV3,1998,THAILAND,ASIA/OCEANIA,THAILAND,DENV3-II,set2
C/04298/98,DENV3/THAILAND/1998/04298/98,THAILAND,THAILAND,DENV3,1998,THAILAND,ASIA/OCEANIA,THAILAND,DENV3-II,NA
C/04331/98,DENV3/THAILAND/1998/04331/98,THAILAND,THAILAND,DENV3,1998,THAILAND,ASIA/OCEANIA,THAILAND,DENV3-II,set1
C/04378/98,DENV3/THAILAND/1998/04378/98,THAILAND,THAILAND,DENV3,1998,THAILAND,ASIA/OCEANIA,THAILAND,DENV3-II,NA
C/04763/98,DENV3/THAILAND/1998/04763/98,THAILAND,THAILAND,DENV3,1998,THAILAND,ASIA/OCEANIA,THAILAND,DENV3-II,NA
C/04946/98,DENV3/THAILAND/1998/04946/98,THAILAND,THAILAND,DENV3,1998,THAILAND,ASIA/OCEANIA,THAILAND,DENV3-II,set4
C/04996/98,DENV3/THAILAND/1998/04996/98,THAILAND,THAILAND,DENV3,1998,THAILAND,ASIA/OCEANIA,THAILAND,DENV3-II,NA
C/06012/98,DENV3/THAILAND/1998/06012/98,THAILAND,THAILAND,DENV3,1998,THAILAND,ASIA/OCEANIA,THAILAND,DENV3-II,NA
C/06068/98,DENV3/THAILAND/1998/06068/98,THAILAND,THAILAND,DENV3,1998,THAILAND,ASIA/OCEANIA,THAILAND,DENV3-II,NA
C/06070/98,DENV3/THAILAND/1998/06070/98,THAILAND,THAILAND,DENV3,1998,THAILAND,ASIA/OCEANIA,THAILAND,DENV3-II,set4
C/06343/98,DENV3/THAILAND/1998/06343/98,THAILAND,THAILAND,DENV3,1998,THAILAND,ASIA/OCEANIA,THAILAND,DENV3-II,NA
C/06912/98,DENV3/THAILAND/1998/06912/98,THAILAND,THAILAND,DENV3,1998,THAILAND,ASIA/OCEANIA,THAILAND,DENV3-II,NA
C/07042/98,DENV3/THAILAND/1998/07042/98,THAILAND,THAILAND,DENV3,1998,THAILAND,ASIA/OCEANIA,THAILAND,DENV3-II,NA
C/00165/99,DENV3/THAILAND/1999/00165/99,THAILAND,THAILAND,DENV3,1999,THAILAND,ASIA/OCEANIA,THAILAND,DENV3-II,NA
C/00342/99,DENV3/THAILAND/1999/00342/99,THAILAND,THAILAND,DENV3,1999,THAILAND,ASIA/OCEANIA,THAILAND,DENV3-II,NA
C/00557/99,DENV3/THAILAND/1999/00557/99,THAILAND,THAILAND,DENV3,1999,THAILAND,ASIA/OCEANIA,THAILAND,DENV3-II,NA
C/01187/99,DENV3/THAILAND/1999/01187/99,THAILAND,THAILAND,DENV3,1999,THAILAND,ASIA/OCEANIA,THAILAND,DENV3-II,NA
C/01909/99,DENV3/THAILAND/1999/01909/99,THAILAND,THAILAND,DENV3,1999,THAILAND,ASIA/OCEANIA,THAILAND,DENV3-II,NA
C/01982/99,DENV3/THAILAND/1999/01982/99,THAILAND,THAILAND,DENV3,1999,THAILAND,ASIA/OCEANIA,THAILAND,DENV3-II,NA
C/02864/99,DENV3/THAILAND/1999/02864/99,THAILAND,THAILAND,DENV3,1999,THAILAND,ASIA/OCEANIA,THAILAND,DENV3-II,NA
C/02902/99,DENV3/THAILAND/1999/02902/99,THAILAND,THAILAND,DENV3,1999,THAILAND,ASIA/OCEANIA,THAILAND,DENV3-II,NA
C/02972/99,DENV3/THAILAND/1999/02972/99,THAILAND,THAILAND,DENV3,1999,THAILAND,ASIA/OCEANIA,THAILAND,DENV3-II,NA
C/02983/99,DENV3/THAILAND/1999/02983/99,THAILAND,THAILAND,DENV3,1999,THAILAND,ASIA/OCEANIA,THAILAND,DENV3-II,NA
C/03417/99,DENV3/THAILAND/1999/03417/99,THAILAND,THAILAND,DENV3,1999,THAILAND,ASIA/OCEANIA,THAILAND,DENV3-II,NA
C/03565/99,DENV3/THAILAND/1999/03565/99,THAILAND,THAILAND,DENV3,1999,THAILAND,ASIA/OCEANIA,THAILAND,DENV3-II,NA
C/03567/99,DENV3/THAILAND/1999/03567/99,THAILAND,THAILAND,DENV3,1999,THAILAND,ASIA/OCEANIA,THAILAND,DENV3-II,NA
C/03749/99,DENV3/THAILAND/1999/03749/99,THAILAND,THAILAND,DENV3,1999,THAILAND,ASIA/OCEANIA,THAILAND,DENV3-II,NA
C/03767/99,DENV3/THAILAND/1999/03767/99,THAILAND,THAILAND,DENV3,1999,THAILAND,ASIA/OCEANIA,THAILAND,DENV3-II,NA
C/03818/99,DENV3/THAILAND/1999/03818/99,THAILAND,THAILAND,DENV3,1999,THAILAND,ASIA/OCEANIA,THAILAND,DENV3-II,NA
C/04514/99,DENV3/THAILAND/1999/04514/99,THAILAND,THAILAND,DENV3,1999,THAILAND,ASIA/OCEANIA,THAILAND,DENV3-II,NA
C/04557/99,DENV3/THAILAND/1999/04557/99,THAILAND,THAILAND,DENV3,1999,THAILAND,ASIA/OCEANIA,THAILAND,DENV3-II,NA
C/05364/99,DENV3/THAILAND/1999/05364/99,THAILAND,THAILAND,DENV3,1999,THAILAND,ASIA/OCEANIA,THAILAND,DENV3-II,NA
C/05379/99,DENV3/THAILAND/1999/05379/99,THAILAND,THAILAND,DENV3,1999,THAILAND,ASIA/OCEANIA,THAILAND,DENV3-II,NA
C/05480/99,DENV3/THAILAND/1999/05480/99,THAILAND,THAILAND,DENV3,1999,THAILAND,ASIA/OCEANIA,THAILAND,DENV3-II,NA
C/05951/99,DENV3/THAILAND/1999/05951/99,THAILAND,THAILAND,DENV3,1999,THAILAND,ASIA/OCEANIA,THAILAND,DENV3-II,NA
C/05956/99,DENV3/THAILAND/1999/05956/99,THAILAND,THAILAND,DENV3,1999,THAILAND,ASIA/OCEANIA,THAILAND,DENV3-II,NA
C/06047/99,DENV3/THAILAND/1999/06047/99,THAILAND,THAILAND,DENV3,1999,THAILAND,ASIA/OCEANIA,THAILAND,DENV3-II,NA
C/06060/99,DENV3/THAILAND/1999/06060/99,THAILAND,THAILAND,DENV3,1999,THAILAND,ASIA/OCEANIA,THAILAND,DENV3-II,NA
C/00245/00,DENV3/THAILAND/2000/00245/00,THAILAND,THAILAND,DENV3,2000,THAILAND,ASIA/OCEANIA,THAILAND,DENV3-II,NA
C/00246/00,DENV3/THAILAND/2000/00246/00,THAILAND,THAILAND,DENV3,2000,THAILAND,ASIA/OCEANIA,THAILAND,DENV3-II,NA
C/00329/00,DENV3/THAILAND/2000/00329/00,THAILAND,THAILAND,DENV3,2000,THAILAND,ASIA/OCEANIA,THAILAND,DENV3-II,NA
C/00334/00,DENV3/THAILAND/2000/00334/00,THAILAND,THAILAND,DENV3,2000,THAILAND,ASIA/OCEANIA,THAILAND,DENV3-II,NA
C/01330/00,DENV3/THAILAND/2000/01330/00,THAILAND,THAILAND,DENV3,2000,THAILAND,ASIA/OCEANIA,THAILAND,DENV3-II,NA
C/01442/00,DENV3/THAILAND/2000/01442/00,THAILAND,THAILAND,DENV3,2000,THAILAND,ASIA/OCEANIA,THAILAND,DENV3-II,NA
C/01455/00,DENV3/THAILAND/2000/01455/00,THAILAND,THAILAND,DENV3,2000,THAILAND,ASIA/OCEANIA,THAILAND,DENV3-II,NA
C/01654/00,DENV3/THAILAND/2000/01654/00,THAILAND,THAILAND,DENV3,2000,THAILAND,ASIA/OCEANIA,THAILAND,DENV3-II,NA
C/01671/00,DENV3/THAILAND/2000/01671/00,THAILAND,THAILAND,DENV3,2000,THAILAND,ASIA/OCEANIA,THAILAND,DENV3-II,NA
C/01672/00,DENV3/THAILAND/2000/01672/00,THAILAND,THAILAND,DENV3,2000,THAILAND,ASIA/OCEANIA,THAILAND,DENV3-II,NA
C/01720/00,DENV3/THAILAND/2000/01720/00,THAILAND,THAILAND,DENV3,2000,THAILAND,ASIA/OCEANIA,THAILAND,DENV3-II,NA
C/01906/00,DENV3/THAILAND/2000/01906/00,THAILAND,THAILAND,DENV3,2000,THAILAND,ASIA/OCEANIA,THAILAND,DENV3-II,NA
C/01996/00,DENV3/THAILAND/2000/01996/00,THAILAND,THAILAND,DENV3,2000,THAILAND,ASIA/OCEANIA,THAILAND,DENV3-II,NA
C/02029/00,DENV3/THAILAND/2000/02029/00,THAILAND,THAILAND,DENV3,2000,THAILAND,ASIA/OCEANIA,THAILAND,DENV3-II,set2
C/02080/00,DENV3/THAILAND/2000/02080/00,THAILAND,THAILAND,DENV3,2000,THAILAND,ASIA/OCEANIA,THAILAND,DENV3-II,set1
C/02242/00,DENV3/THAILAND/2000/02242/00,THAILAND,THAILAND,DENV3,2000,THAILAND,ASIA/OCEANIA,THAILAND,DENV3-II,set1
C/05420/00,DENV3/THAILAND/2000/05420/00,THAILAND,THAILAND,DENV3,2000,THAILAND,ASIA/OCEANIA,THAILAND,DENV3-II,NA
C/05421/00,DENV3/THAILAND/2000/05421/00,THAILAND,THAILAND,DENV3,2000,THAILAND,ASIA/OCEANIA,THAILAND,DENV3-II,NA
C/05443/00,DENV3/THAILAND/2000/05443/00,THAILAND,THAILAND,DENV3,2000,THAILAND,ASIA/OCEANIA,THAILAND,DENV3-II,set1
C/05456/00,DENV3/THAILAND/2000/05456/00,THAILAND,THAILAND,DENV3,2000,THAILAND,ASIA/OCEANIA,THAILAND,DENV3-II,NA
C/05499/00,DENV3/THAILAND/2000/05499/00,THAILAND,THAILAND,DENV3,2000,THAILAND,ASIA/OCEANIA,THAILAND,DENV3-II,set4
C/05571/00,DENV3/THAILAND/2000/05571/00,THAILAND,THAILAND,DENV3,2000,THAILAND,ASIA/OCEANIA,THAILAND,DENV3-II,NA
C/05632/00,DENV3/THAILAND/2000/05632/00,THAILAND,THAILAND,DENV3,2000,THAILAND,ASIA/OCEANIA,THAILAND,DENV3-II,NA
C/05772/00,DENV3/THAILAND/2000/05772/00,THAILAND,THAILAND,DENV3,2000,THAILAND,ASIA/OCEANIA,THAILAND,DENV3-II,NA
C/05815/00,DENV3/THAILAND/2000/05815/00,THAILAND,THAILAND,DENV3,2000,THAILAND,ASIA/OCEANIA,THAILAND,DENV3-II,set4
C/05884/00,DENV3/THAILAND/2000/05884/00,THAILAND,THAILAND,DENV3,2000,THAILAND,ASIA/OCEANIA,THAILAND,DENV3-II,NA
C/05969/00,DENV3/THAILAND/2000/05969/00,THAILAND,THAILAND,DENV3,2000,THAILAND,ASIA/OCEANIA,THAILAND,DENV3-II,NA
C/06028/00,DENV3/THAILAND/2000/06028/00,THAILAND,THAILAND,DENV3,2000,THAILAND,ASIA/OCEANIA,THAILAND,DENV3-II,NA
C/06135/00,DENV3/THAILAND/2000/06135/00,THAILAND,THAILAND,DENV3,2000,THAILAND,ASIA/OCEANIA,THAILAND,DENV3-II,set1
C/00005/01,DENV3/THAILAND/2001/00005/01,THAILAND,THAILAND,DENV3,2001,THAILAND,ASIA/OCEANIA,THAILAND,DENV3-II,NA
C/00009/01,DENV3/THAILAND/2001/00009/01,THAILAND,THAILAND,DENV3,2001,THAILAND,ASIA/OCEANIA,THAILAND,DENV3-II,NA
C/00023/01,DENV3/THAILAND/2001/00023/01,THAILAND,THAILAND,DENV3,2001,THAILAND,ASIA/OCEANIA,THAILAND,DENV3-II,NA
C/00152/01,DENV3/THAILAND/2001/00152/01,THAILAND,THAILAND,DENV3,2001,THAILAND,ASIA/OCEANIA,THAILAND,DENV3-II,set1
C/00273/01,DENV3/THAILAND/2001/00273/01,THAILAND,THAILAND,DENV3,2001,THAILAND,ASIA/OCEANIA,THAILAND,DENV3-II,NA
C/00679/01,DENV3/THAILAND/2001/00679/01,THAILAND,THAILAND,DENV3,2001,THAILAND,ASIA/OCEANIA,THAILAND,DENV3-II,NA
C/00779/01,DENV3/THAILAND/2001/00779/01,THAILAND,THAILAND,DENV3,2001,THAILAND,ASIA/OCEANIA,THAILAND,DENV3-II,NA
C/00929/01,DENV3/THAILAND/2001/00929/01,THAILAND,THAILAND,DENV3,2001,THAILAND,ASIA/OCEANIA,THAILAND,DENV3-I,set4
C/00936/01,DENV3/THAILAND/2001/00936/01,THAILAND,THAILAND,DENV3,2001,THAILAND,ASIA/OCEANIA,THAILAND,DENV3-II,NA
C/00975/01,DENV3/THAILAND/2001/00975/01,THAILAND,THAILAND,DENV3,2001,THAILAND,ASIA/OCEANIA,THAILAND,DENV3-II,NA
C/00984/01,DENV3/THAILAND/2001/00984/01,THAILAND,THAILAND,DENV3,2001,THAILAND,ASIA/OCEANIA,THAILAND,DENV3-II,set4
C/01022/01,DENV3/THAILAND/2001/01022/01,THAILAND,THAILAND,DENV3,2001,THAILAND,ASIA/OCEANIA,THAILAND,DENV3-II,NA
C/02916/01,DENV3/THAILAND/2001/02916/01,THAILAND,THAILAND,DENV3,2001,THAILAND,ASIA/OCEANIA,THAILAND,DENV3-II,NA
C/03240/01,DENV3/THAILAND/2001/03240/01,THAILAND,THAILAND,DENV3,2001,THAILAND,ASIA/OCEANIA,THAILAND,DENV3-II,NA
C/03291/01,DENV3/THAILAND/2001/03291/01,THAILAND,THAILAND,DENV3,2001,THAILAND,ASIA/OCEANIA,THAILAND,DENV3-II,set1
C/03640/01,DENV3/THAILAND/2001/03640/01,THAILAND,THAILAND,DENV3,2001,THAILAND,ASIA/OCEANIA,THAILAND,DENV3-II,NA
C/03879/01,DENV3/THAILAND/2001/03879/01,THAILAND,THAILAND,DENV3,2001,THAILAND,ASIA/OCEANIA,THAILAND,DENV3-II,NA
C/04045/01,DENV3/THAILAND/2001/04045/01,THAILAND,THAILAND,DENV3,2001,THAILAND,ASIA/OCEANIA,THAILAND,DENV3-II,set2
C/04236/01,DENV3/THAILAND/2001/04236/01,THAILAND,THAILAND,DENV3,2001,THAILAND,ASIA/OCEANIA,THAILAND,DENV3-II,NA
C/04502/01,DENV3/THAILAND/2001/04502/01,THAILAND,THAILAND,DENV3,2001,THAILAND,ASIA/OCEANIA,THAILAND,DENV3-II,NA
C/04526/01,DENV3/THAILAND/2001/04526/01,THAILAND,THAILAND,DENV3,2001,THAILAND,ASIA/OCEANIA,THAILAND,DENV3-II,NA
C/04540/01,DENV3/THAILAND/2001/04540/01,THAILAND,THAILAND,DENV3,2001,THAILAND,ASIA/OCEANIA,THAILAND,DENV3-II,NA
C/04635/01,DENV3/THAILAND/2001/04635/01,THAILAND,THAILAND,DENV3,2001,THAILAND,ASIA/OCEANIA,THAILAND,DENV3-II,NA
C/04680/01,DENV3/THAILAND/2001/04680/01,THAILAND,THAILAND,DENV3,2001,THAILAND,ASIA/OCEANIA,THAILAND,DENV3-II,NA
C/04945/01,DENV3/THAILAND/2001/04945/01,THAILAND,THAILAND,DENV3,2001,THAILAND,ASIA/OCEANIA,THAILAND,DENV3-II,set2
C/05308/01,DENV3/THAILAND/2001/05308/01,THAILAND,THAILAND,DENV3,2001,THAILAND,ASIA/OCEANIA,THAILAND,DENV3-II,NA
C/05611/01,DENV3/THAILAND/2001/05611/01,THAILAND,THAILAND,DENV3,2001,THAILAND,ASIA/OCEANIA,THAILAND,DENV3-II,set1
C/05838/01,DENV3/THAILAND/2001/05838/01,THAILAND,THAILAND,DENV3,2001,THAILAND,ASIA/OCEANIA,THAILAND,DENV3-II,NA
C/06117/01,DENV3/THAILAND/2001/06117/01,THAILAND,THAILAND,DENV3,2001,THAILAND,ASIA/OCEANIA,THAILAND,DENV3-II,NA
C/06123/01,DENV3/THAILAND/2001/06123/01,THAILAND,THAILAND,DENV3,2001,THAILAND,ASIA/OCEANIA,THAILAND,DENV3-II,NA
C/06198/01,DENV3/THAILAND/2001/06198/01,THAILAND,THAILAND,DENV3,2001,THAILAND,ASIA/OCEANIA,THAILAND,DENV3-II,NA
C/06419/01,DENV3/THAILAND/2001/06419/01,THAILAND,THAILAND,DENV3,2001,THAILAND,ASIA/OCEANIA,THAILAND,DENV3-II,NA
C/06503/01,DENV3/THAILAND/2001/06503/01,THAILAND,THAILAND,DENV3,2001,THAILAND,ASIA/OCEANIA,THAILAND,DENV3-II,set1
C/06757/01,DENV3/THAILAND/2001/06757/01,THAILAND,THAILAND,DENV3,2001,THAILAND,ASIA/OCEANIA,THAILAND,DENV3-II,NA
C/00059/02,DENV3/THAILAND/2002/00059/02,THAILAND,THAILAND,DENV3,2002,THAILAND,ASIA/OCEANIA,THAILAND,DENV3-III,set4
C/00073/02,DENV3/THAILAND/2002/00073/02,THAILAND,THAILAND,DENV3,2002,THAILAND,ASIA/OCEANIA,THAILAND,DENV3-II,NA
C/00104/02,DENV3/THAILAND/2002/00104/02,THAILAND,THAILAND,DENV3,2002,THAILAND,ASIA/OCEANIA,THAILAND,DENV3-II,set1
C/00142/02,DENV3/THAILAND/2002/00142/02,THAILAND,THAILAND,DENV3,2002,THAILAND,ASIA/OCEANIA,THAILAND,DENV3-II,NA
C/00145/02,DENV3/THAILAND/2002/00145/02,THAILAND,THAILAND,DENV3,2002,THAILAND,ASIA/OCEANIA,THAILAND,DENV3-II,set4
C/00430/02,DENV3/THAILAND/2002/00430/02,THAILAND,THAILAND,DENV3,2002,THAILAND,ASIA/OCEANIA,THAILAND,DENV3-II,NA
C/00452/02,DENV3/THAILAND/2002/00452/02,THAILAND,THAILAND,DENV3,2002,THAILAND,ASIA/OCEANIA,THAILAND,DENV3-II,NA
C/00501/02,DENV3/THAILAND/2002/00501/02,THAILAND,THAILAND,DENV3,2002,THAILAND,ASIA/OCEANIA,THAILAND,DENV3-II,set2
C/00503/02,DENV3/THAILAND/2002/00503/02,THAILAND,THAILAND,DENV3,2002,THAILAND,ASIA/OCEANIA,THAILAND,DENV3-II,NA
C/00536/02,DENV3/THAILAND/2002/00536/02,THAILAND,THAILAND,DENV3,2002,THAILAND,ASIA/OCEANIA,THAILAND,DENV3-II,set2
C/00669/02,DENV3/THAILAND/2002/00669/02,THAILAND,THAILAND,DENV3,2002,THAILAND,ASIA/OCEANIA,THAILAND,DENV3-II,NA
C/00706/02,DENV3/THAILAND/2002/00706/02,THAILAND,THAILAND,DENV3,2002,THAILAND,ASIA/OCEANIA,THAILAND,DENV3-II,NA
C/00748/02,DENV3/THAILAND/2002/00748/02,THAILAND,THAILAND,DENV3,2002,THAILAND,ASIA/OCEANIA,THAILAND,DENV3-II,NA
C/00767/02,DENV3/THAILAND/2002/00767/02,THAILAND,THAILAND,DENV3,2002,THAILAND,ASIA/OCEANIA,THAILAND,DENV3-II,set1
C/01166/02,DENV3/THAILAND/2002/01166/02,THAILAND,THAILAND,DENV3,2002,THAILAND,ASIA/OCEANIA,THAILAND,DENV3-II,NA
C/01182/02,DENV3/THAILAND/2002/01182/02,THAILAND,THAILAND,DENV3,2002,THAILAND,ASIA/OCEANIA,THAILAND,DENV3-II,NA
C/01262/02,DENV3/THAILAND/2002/01262/02,THAILAND,THAILAND,DENV3,2002,THAILAND,ASIA/OCEANIA,THAILAND,DENV3-II,NA
C/01263/02,DENV3/THAILAND/2002/01263/02,THAILAND,THAILAND,DENV3,2002,THAILAND,ASIA/OCEANIA,THAILAND,DENV3-II,NA
C/01300/02,DENV3/THAILAND/2002/01300/02,THAILAND,THAILAND,DENV3,2002,THAILAND,ASIA/OCEANIA,THAILAND,DENV3-II,NA
C/01313/02,DENV3/THAILAND/2002/01313/02,THAILAND,THAILAND,DENV3,2002,THAILAND,ASIA/OCEANIA,THAILAND,DENV3-II,NA
C/01472/02,DENV3/THAILAND/2002/01472/02,THAILAND,THAILAND,DENV3,2002,THAILAND,ASIA/OCEANIA,THAILAND,DENV3-II,NA
C/01537/02,DENV3/THAILAND/2002/01537/02,THAILAND,THAILAND,DENV3,2002,THAILAND,ASIA/OCEANIA,THAILAND,DENV3-II,NA
C/01802/02,DENV3/THAILAND/2002/01802/02,THAILAND,THAILAND,DENV3,2002,THAILAND,ASIA/OCEANIA,THAILAND,DENV3-II,NA
C/02006/02,DENV3/THAILAND/2002/02006/02,THAILAND,THAILAND,DENV3,2002,THAILAND,ASIA/OCEANIA,THAILAND,DENV3-II,NA
C/02173/02,DENV3/THAILAND/2002/02173/02,THAILAND,THAILAND,DENV3,2002,THAILAND,ASIA/OCEANIA,THAILAND,DENV3-II,set1
C/02251/02,DENV3/THAILAND/2002/02251/02,THAILAND,THAILAND,DENV3,2002,THAILAND,ASIA/OCEANIA,THAILAND,DENV3-II,NA
C/03135/02,DENV3/THAILAND/2002/03135/02,THAILAND,THAILAND,DENV3,2002,THAILAND,ASIA/OCEANIA,THAILAND,DENV3-II,set1
C/00072/03,DENV3/THAILAND/2003/00072/03,THAILAND,THAILAND,DENV3,2003,THAILAND,ASIA/OCEANIA,THAILAND,DENV3-II,NA
C/00317/03,DENV3/THAILAND/2003/00317/03,THAILAND,THAILAND,DENV3,2003,THAILAND,ASIA/OCEANIA,THAILAND,DENV3-II,NA
C/00466/03,DENV3/THAILAND/2003/00466/03,THAILAND,THAILAND,DENV3,2003,THAILAND,ASIA/OCEANIA,THAILAND,DENV3-II,NA
C/00523/03,DENV3/THAILAND/2003/00523/03,THAILAND,THAILAND,DENV3,2003,THAILAND,ASIA/OCEANIA,THAILAND,DENV3-II,NA
C/00566/03,DENV3/THAILAND/2003/00566/03,THAILAND,THAILAND,DENV3,2003,THAILAND,ASIA/OCEANIA,THAILAND,DENV3-II,NA
C/00567/03,DENV3/THAILAND/2003/00567/03,THAILAND,THAILAND,DENV3,2003,THAILAND,ASIA/OCEANIA,THAILAND,DENV3-II,NA
C/00576/03,DENV3/THAILAND/2003/00576/03,THAILAND,THAILAND,DENV3,2003,THAILAND,ASIA/OCEANIA,THAILAND,DENV3-II,NA
C/00664/03,DENV3/THAILAND/2003/00664/03,THAILAND,THAILAND,DENV3,2003,THAILAND,ASIA/OCEANIA,THAILAND,DENV3-II,NA
C/00708/03,DENV3/THAILAND/2003/00708/03,THAILAND,THAILAND,DENV3,2003,THAILAND,ASIA/OCEANIA,THAILAND,DENV3-II,NA
C/00873/03,DENV3/THAILAND/2003/00873/03,THAILAND,THAILAND,DENV3,2003,THAILAND,ASIA/OCEANIA,THAILAND,DENV3-II,NA
C/01085/03,DENV3/THAILAND/2003/01085/03,THAILAND,THAILAND,DENV3,2003,THAILAND,ASIA/OCEANIA,THAILAND,DENV3-II,NA
C/01393/03,DENV3/THAILAND/2003/01393/03,THAILAND,THAILAND,DENV3,2003,THAILAND,ASIA/OCEANIA,THAILAND,DENV3-II,NA
C/01468/03,DENV3/THAILAND/2003/01468/03,THAILAND,THAILAND,DENV3,2003,THAILAND,ASIA/OCEANIA,THAILAND,DENV3-II,NA
C/01619/03,DENV3/THAILAND/2003/01619/03,THAILAND,THAILAND,DENV3,2003,THAILAND,ASIA/OCEANIA,THAILAND,DENV3-II,set3
C/01651/03,DENV3/THAILAND/2003/01651/03,THAILAND,THAILAND,DENV3,2003,THAILAND,ASIA/OCEANIA,THAILAND,DENV3-II,NA
C/01837/03,DENV3/THAILAND/2003/01837/03,THAILAND,THAILAND,DENV3,2003,THAILAND,ASIA/OCEANIA,THAILAND,DENV3-II,NA
C/01847/03,DENV3/THAILAND/2003/01847/03,THAILAND,THAILAND,DENV3,2003,THAILAND,ASIA/OCEANIA,THAILAND,DENV3-II,NA
C/01967/03,DENV3/THAILAND/2003/01967/03,THAILAND,THAILAND,DENV3,2003,THAILAND,ASIA/OCEANIA,THAILAND,DENV3-II,NA
C/01979/03,DENV3/THAILAND/2003/01979/03,THAILAND,THAILAND,DENV3,2003,THAILAND,ASIA/OCEANIA,THAILAND,DENV3-II,NA
C/02035/03,DENV3/THAILAND/2003/02035/03,THAILAND,THAILAND,DENV3,2003,THAILAND,ASIA/OCEANIA,THAILAND,DENV3-II,NA
C/02141/03,DENV3/THAILAND/2003/02141/03,THAILAND,THAILAND,DENV3,2003,THAILAND,ASIA/OCEANIA,THAILAND,DENV3-II,NA
C/02208/03,DENV3/THAILAND/2003/02208/03,THAILAND,THAILAND,DENV3,2003,THAILAND,ASIA/OCEANIA,THAILAND,DENV3-II,set3
C/02213/03,DENV3/THAILAND/2003/02213/03,THAILAND,THAILAND,DENV3,2003,THAILAND,ASIA/OCEANIA,THAILAND,DENV3-II,NA
C/02234/03,DENV3/THAILAND/2003/02234/03,THAILAND,THAILAND,DENV3,2003,THAILAND,ASIA/OCEANIA,THAILAND,DENV3-II,NA
C/00055/04,DENV3/THAILAND/2004/00055/04,THAILAND,THAILAND,DENV3,2004,THAILAND,ASIA/OCEANIA,THAILAND,DENV3-II,NA
C/00317/04,DENV3/THAILAND/2004/00317/04,THAILAND,THAILAND,DENV3,2004,THAILAND,ASIA/OCEANIA,THAILAND,DENV3-II,NA
C/00441/04,DENV3/THAILAND/2004/00441/04,THAILAND,THAILAND,DENV3,2004,THAILAND,ASIA/OCEANIA,THAILAND,DENV3-II,set2
C/00602/04,DENV3/THAILAND/2004/00602/04,THAILAND,THAILAND,DENV3,2004,THAILAND,ASIA/OCEANIA,THAILAND,DENV3-II,set1
C/00979/04,DENV3/THAILAND/2004/00979/04,THAILAND,THAILAND,DENV3,2004,THAILAND,ASIA/OCEANIA,THAILAND,DENV3-II,NA
C/00991/04,DENV3/THAILAND/2004/00991/04,THAILAND,THAILAND,DENV3,2004,THAILAND,ASIA/OCEANIA,THAILAND,DENV3-II,set1
C/01144/04,DENV3/THAILAND/2004/01144/04,THAILAND,THAILAND,DENV3,2004,THAILAND,ASIA/OCEANIA,THAILAND,DENV3-II,set1
C/01184/04,DENV3/THAILAND/2004/01184/04,THAILAND,THAILAND,DENV3,2004,THAILAND,ASIA/OCEANIA,THAILAND,DENV3-II,set1
C/01393/04,DENV3/THAILAND/2004/01393/04,THAILAND,THAILAND,DENV3,2004,THAILAND,ASIA/OCEANIA,THAILAND,DENV3-II,set2
C/00159/05,DENV3/THAILAND/2005/00159/05,THAILAND,THAILAND,DENV3,2005,THAILAND,ASIA/OCEANIA,THAILAND,DENV3-II,NA
C/00654/05,DENV3/THAILAND/2005/00654/05,THAILAND,THAILAND,DENV3,2005,THAILAND,ASIA/OCEANIA,THAILAND,DENV3-II,NA
C/00739/05,DENV3/THAILAND/2005/00739/05,THAILAND,THAILAND,DENV3,2005,THAILAND,ASIA/OCEANIA,THAILAND,DENV3-II,NA
C/00806/05,DENV3/THAILAND/2005/00806/05,THAILAND,THAILAND,DENV3,2005,THAILAND,ASIA/OCEANIA,THAILAND,DENV3-II,set3
C/00846/05,DENV3/THAILAND/2005/00846/05,THAILAND,THAILAND,DENV3,2005,THAILAND,ASIA/OCEANIA,THAILAND,DENV3-II,NA
C/00852/05,DENV3/THAILAND/2005/00852/05,THAILAND,THAILAND,DENV3,2005,THAILAND,ASIA/OCEANIA,THAILAND,DENV3-II,NA
C/00872/05,DENV3/THAILAND/2005/00872/05,THAILAND,THAILAND,DENV3,2005,THAILAND,ASIA/OCEANIA,THAILAND,DENV3-II,NA
C/00980/05,DENV3/THAILAND/2005/00980/05,THAILAND,THAILAND,DENV3,2005,THAILAND,ASIA/OCEANIA,THAILAND,DENV3-II,NA
C/01387/05,DENV3/THAILAND/2005/01387/05,THAILAND,THAILAND,DENV3,2005,THAILAND,ASIA/OCEANIA,THAILAND,DENV3-II,NA
C/01400/05,DENV3/THAILAND/2005/01400/05,THAILAND,THAILAND,DENV3,2005,THAILAND,ASIA/OCEANIA,THAILAND,DENV3-II,NA
C/01404/05,DENV3/THAILAND/2005/01404/05,THAILAND,THAILAND,DENV3,2005,THAILAND,ASIA/OCEANIA,THAILAND,DENV3-II,NA
C/01491/05,DENV3/THAILAND/2005/01491/05,THAILAND,THAILAND,DENV3,2005,THAILAND,ASIA/OCEANIA,THAILAND,DENV3-II,set3
C/01530/05,DENV3/THAILAND/2005/01530/05,THAILAND,THAILAND,DENV3,2005,THAILAND,ASIA/OCEANIA,THAILAND,DENV3-II,NA
C/01565/05,DENV3/THAILAND/2005/01565/05,THAILAND,THAILAND,DENV3,2005,THAILAND,ASIA/OCEANIA,THAILAND,DENV3-II,NA
C/01569/05,DENV3/THAILAND/2005/01569/05,THAILAND,THAILAND,DENV3,2005,THAILAND,ASIA/OCEANIA,THAILAND,DENV3-II,NA
C/00008/06,DENV3/THAILAND/2006/00008/06,THAILAND,THAILAND,DENV3,2006,THAILAND,ASIA/OCEANIA,THAILAND,DENV3-II,NA
C/00018/06,DENV3/THAILAND/2006/00018/06,THAILAND,THAILAND,DENV3,2006,THAILAND,ASIA/OCEANIA,THAILAND,DENV3-II,set1
C/00112/06,DENV3/THAILAND/2006/00112/06,THAILAND,THAILAND,DENV3,2006,THAILAND,ASIA/OCEANIA,THAILAND,DENV3-II,NA
C/00156/06,DENV3/THAILAND/2006/00156/06,THAILAND,THAILAND,DENV3,2006,THAILAND,ASIA/OCEANIA,THAILAND,DENV3-II,NA
C/00253/06,DENV3/THAILAND/2006/00253/06,THAILAND,THAILAND,DENV3,2006,THAILAND,ASIA/OCEANIA,THAILAND,DENV3-II,NA
C/00288/06,DENV3/THAILAND/2006/00288/06,THAILAND,THAILAND,DENV3,2006,THAILAND,ASIA/OCEANIA,THAILAND,DENV3-II,NA
C/00293/06,DENV3/THAILAND/2006/00293/06,THAILAND,THAILAND,DENV3,2006,THAILAND,ASIA/OCEANIA,THAILAND,DENV3-II,NA
C/00295/06,DENV3/THAILAND/2006/00295/06,THAILAND,THAILAND,DENV3,2006,THAILAND,ASIA/OCEANIA,THAILAND,DENV3-II,NA
C/00372/06,DENV3/THAILAND/2006/00372/06,THAILAND,THAILAND,DENV3,2006,THAILAND,ASIA/OCEANIA,THAILAND,DENV3-II,NA
C/00460/06,DENV3/THAILAND/2006/00460/06,THAILAND,THAILAND,DENV3,2006,THAILAND,ASIA/OCEANIA,THAILAND,DENV3-II,NA
C/00557/06,DENV3/THAILAND/2006/00557/06,THAILAND,THAILAND,DENV3,2006,THAILAND,ASIA/OCEANIA,THAILAND,DENV3-II,NA
C/00583/06,DENV3/THAILAND/2006/00583/06,THAILAND,THAILAND,DENV3,2006,THAILAND,ASIA/OCEANIA,THAILAND,DENV3-II,NA
C/00588/06,DENV3/THAILAND/2006/00588/06,THAILAND,THAILAND,DENV3,2006,THAILAND,ASIA/OCEANIA,THAILAND,DENV3-III,set4
C/00618/06,DENV3/THAILAND/2006/00618/06,THAILAND,THAILAND,DENV3,2006,THAILAND,ASIA/OCEANIA,THAILAND,DENV3-II,NA
C/00633/06,DENV3/THAILAND/2006/00633/06,THAILAND,THAILAND,DENV3,2006,THAILAND,ASIA/OCEANIA,THAILAND,DENV3-II,NA
C/00651/06,DENV3/THAILAND/2006/00651/06,THAILAND,THAILAND,DENV3,2006,THAILAND,ASIA/OCEANIA,THAILAND,DENV3-II,NA
C/00676/06,DENV3/THAILAND/2006/00676/06,THAILAND,THAILAND,DENV3,2006,THAILAND,ASIA/OCEANIA,THAILAND,DENV3-II,NA
C/00708/06,DENV3/THAILAND/2006/00708/06,THAILAND,THAILAND,DENV3,2006,THAILAND,ASIA/OCEANIA,THAILAND,DENV3-II,NA
C/00710/06,DENV3/THAILAND/2006/00710/06,THAILAND,THAILAND,DENV3,2006,THAILAND,ASIA/OCEANIA,THAILAND,DENV3-II,NA
C/00717/06,DENV3/THAILAND/2006/00717/06,THAILAND,THAILAND,DENV3,2006,THAILAND,ASIA/OCEANIA,THAILAND,DENV3-II,NA
C/00778/06,DENV3/THAILAND/2006/00778/06,THAILAND,THAILAND,DENV3,2006,THAILAND,ASIA/OCEANIA,THAILAND,DENV3-II,NA
C/00819/06,DENV3/THAILAND/2006/00819/06,THAILAND,THAILAND,DENV3,2006,THAILAND,ASIA/OCEANIA,THAILAND,DENV3-II,NA
C/00831/06,DENV3/THAILAND/2006/00831/06,THAILAND,THAILAND,DENV3,2006,THAILAND,ASIA/OCEANIA,THAILAND,DENV3-II,NA
C/00997/06,DENV3/THAILAND/2006/00997/06,THAILAND,THAILAND,DENV3,2006,THAILAND,ASIA/OCEANIA,THAILAND,DENV3-II,NA
C/01041/06,DENV3/THAILAND/2006/01041/06,THAILAND,THAILAND,DENV3,2006,THAILAND,ASIA/OCEANIA,THAILAND,DENV3-II,NA
C/01045/06,DENV3/THAILAND/2006/01045/06,THAILAND,THAILAND,DENV3,2006,THAILAND,ASIA/OCEANIA,THAILAND,DENV3-II,NA
C/01062/06,DENV3/THAILAND/2006/01062/06,THAILAND,THAILAND,DENV3,2006,THAILAND,ASIA/OCEANIA,THAILAND,DENV3-II,NA
C/01067/06,DENV3/THAILAND/2006/01067/06,THAILAND,THAILAND,DENV3,2006,THAILAND,ASIA/OCEANIA,THAILAND,DENV3-II,set2
C/01128/06,DENV3/THAILAND/2006/01128/06,THAILAND,THAILAND,DENV3,2006,THAILAND,ASIA/OCEANIA,THAILAND,DENV3-II,set1
C/01177/06,DENV3/THAILAND/2006/01177/06,THAILAND,THAILAND,DENV3,2006,THAILAND,ASIA/OCEANIA,THAILAND,DENV3-II,NA
C/01251/06,DENV3/THAILAND/2006/01251/06,THAILAND,THAILAND,DENV3,2006,THAILAND,ASIA/OCEANIA,THAILAND,DENV3-II,NA
C/01253/06,DENV3/THAILAND/2006/01253/06,THAILAND,THAILAND,DENV3,2006,THAILAND,ASIA/OCEANIA,THAILAND,DENV3-II,NA
C/01257/06,DENV3/THAILAND/2006/01257/06,THAILAND,THAILAND,DENV3,2006,THAILAND,ASIA/OCEANIA,THAILAND,DENV3-II,NA
C/01262/06,DENV3/THAILAND/2006/01262/06,THAILAND,THAILAND,DENV3,2006,THAILAND,ASIA/OCEANIA,THAILAND,DENV3-II,NA
C/01276/06,DENV3/THAILAND/2006/01276/06,THAILAND,THAILAND,DENV3,2006,THAILAND,ASIA/OCEANIA,THAILAND,DENV3-II,NA
C/01284/06,DENV3/THAILAND/2006/01284/06,THAILAND,THAILAND,DENV3,2006,THAILAND,ASIA/OCEANIA,THAILAND,DENV3-II,NA
C/01285/06,DENV3/THAILAND/2006/01285/06,THAILAND,THAILAND,DENV3,2006,THAILAND,ASIA/OCEANIA,THAILAND,DENV3-II,NA
C/01333/06,DENV3/THAILAND/2006/01333/06,THAILAND,THAILAND,DENV3,2006,THAILAND,ASIA/OCEANIA,THAILAND,DENV3-II,NA
C/01369/06,DENV3/THAILAND/2006/01369/06,THAILAND,THAILAND,DENV3,2006,THAILAND,ASIA/OCEANIA,THAILAND,DENV3-II,NA
C/01372/06,DENV3/THAILAND/2006/01372/06,THAILAND,THAILAND,DENV3,2006,THAILAND,ASIA/OCEANIA,THAILAND,DENV3-II,NA
C/01373/06,DENV3/THAILAND/2006/01373/06,THAILAND,THAILAND,DENV3,2006,THAILAND,ASIA/OCEANIA,THAILAND,DENV3-II,set2
C/01375/06,DENV3/THAILAND/2006/01375/06,THAILAND,THAILAND,DENV3,2006,THAILAND,ASIA/OCEANIA,THAILAND,DENV3-II,set4
C/01379/06,DENV3/THAILAND/2006/01379/06,THAILAND,THAILAND,DENV3,2006,THAILAND,ASIA/OCEANIA,THAILAND,DENV3-II,NA
C/01423/06,DENV3/THAILAND/2006/01423/06,THAILAND,THAILAND,DENV3,2006,THAILAND,ASIA/OCEANIA,THAILAND,DENV3-II,NA
C/01536/06,DENV3/THAILAND/2006/01536/06,THAILAND,THAILAND,DENV3,2006,THAILAND,ASIA/OCEANIA,THAILAND,DENV3-II,NA
C/01559/06,DENV3/THAILAND/2006/01559/06,THAILAND,THAILAND,DENV3,2006,THAILAND,ASIA/OCEANIA,THAILAND,DENV3-II,NA
C/01651/06,DENV3/THAILAND/2006/01651/06,THAILAND,THAILAND,DENV3,2006,THAILAND,ASIA/OCEANIA,THAILAND,DENV3-II,NA
C/01691/06,DENV3/THAILAND/2006/01691/06,THAILAND,THAILAND,DENV3,2006,THAILAND,ASIA/OCEANIA,THAILAND,DENV3-II,NA
C/01781/06,DENV3/THAILAND/2006/01781/06,THAILAND,THAILAND,DENV3,2006,THAILAND,ASIA/OCEANIA,THAILAND,DENV3-II,NA
C/01933/06,DENV3/THAILAND/2006/01933/06,THAILAND,THAILAND,DENV3,2006,THAILAND,ASIA/OCEANIA,THAILAND,DENV3-II,NA
C/01935/06,DENV3/THAILAND/2006/01935/06,THAILAND,THAILAND,DENV3,2006,THAILAND,ASIA/OCEANIA,THAILAND,DENV3-II,NA
C/02038/06,DENV3/THAILAND/2006/02038/06,THAILAND,THAILAND,DENV3,2006,THAILAND,ASIA/OCEANIA,THAILAND,DENV3-II,NA
C/02042/06,DENV3/THAILAND/2006/02042/06,THAILAND,THAILAND,DENV3,2006,THAILAND,ASIA/OCEANIA,THAILAND,DENV3-II,set2
C/02051/06,DENV3/THAILAND/2006/02051/06,THAILAND,THAILAND,DENV3,2006,THAILAND,ASIA/OCEANIA,THAILAND,DENV3-II,NA
C/02111/06,DENV3/THAILAND/2006/02111/06,THAILAND,THAILAND,DENV3,2006,THAILAND,ASIA/OCEANIA,THAILAND,DENV3-II,NA
C/02117/06,DENV3/THAILAND/2006/02117/06,THAILAND,THAILAND,DENV3,2006,THAILAND,ASIA/OCEANIA,THAILAND,DENV3-II,NA
C/02121/06,DENV3/THAILAND/2006/02121/06,THAILAND,THAILAND,DENV3,2006,THAILAND,ASIA/OCEANIA,THAILAND,DENV3-II,set1
C/02174/06,DENV3/THAILAND/2006/02174/06,THAILAND,THAILAND,DENV3,2006,THAILAND,ASIA/OCEANIA,THAILAND,DENV3-II,NA
C/02185/06,DENV3/THAILAND/2006/02185/06,THAILAND,THAILAND,DENV3,2006,THAILAND,ASIA/OCEANIA,THAILAND,DENV3-II,NA
C/02202/06,DENV3/THAILAND/2006/02202/06,THAILAND,THAILAND,DENV3,2006,THAILAND,ASIA/OCEANIA,THAILAND,DENV3-II,NA
C/02277/06,DENV3/THAILAND/2006/02277/06,THAILAND,THAILAND,DENV3,2006,THAILAND,ASIA/OCEANIA,THAILAND,DENV3-II,NA
C/02292/06,DENV3/THAILAND/2006/02292/06,THAILAND,THAILAND,DENV3,2006,THAILAND,ASIA/OCEANIA,THAILAND,DENV3-II,NA
C/02341/06,DENV3/THAILAND/2006/02341/06,THAILAND,THAILAND,DENV3,2006,THAILAND,ASIA/OCEANIA,THAILAND,DENV3-II,set2
C/02380/06,DENV3/THAILAND/2006/02380/06,THAILAND,THAILAND,DENV3,2006,THAILAND,ASIA/OCEANIA,THAILAND,DENV3-II,NA
C/02384/06,DENV3/THAILAND/2006/02384/06,THAILAND,THAILAND,DENV3,2006,THAILAND,ASIA/OCEANIA,THAILAND,DENV3-II,NA
C/02485/06,DENV3/THAILAND/2006/02485/06,THAILAND,THAILAND,DENV3,2006,THAILAND,ASIA/OCEANIA,THAILAND,DENV3-II,set1
C/02490/06,DENV3/THAILAND/2006/02490/06,THAILAND,THAILAND,DENV3,2006,THAILAND,ASIA/OCEANIA,THAILAND,DENV3-II,NA
C/02515/06,DENV3/THAILAND/2006/02515/06,THAILAND,THAILAND,DENV3,2006,THAILAND,ASIA/OCEANIA,THAILAND,DENV3-II,NA
C/02632/06,DENV3/THAILAND/2006/02632/06,THAILAND,THAILAND,DENV3,2006,THAILAND,ASIA/OCEANIA,THAILAND,DENV3-II,NA
C/02678/06,DENV3/THAILAND/2006/02678/06,THAILAND,THAILAND,DENV3,2006,THAILAND,ASIA/OCEANIA,THAILAND,DENV3-III,set4
C/02701/06,DENV3/THAILAND/2006/02701/06,THAILAND,THAILAND,DENV3,2006,THAILAND,ASIA/OCEANIA,THAILAND,DENV3-II,NA
C/02704/06,DENV3/THAILAND/2006/02704/06,THAILAND,THAILAND,DENV3,2006,THAILAND,ASIA/OCEANIA,THAILAND,DENV3-II,NA
C/02763/06,DENV3/THAILAND/2006/02763/06,THAILAND,THAILAND,DENV3,2006,THAILAND,ASIA/OCEANIA,THAILAND,DENV3-II,NA
C/02784/06,DENV3/THAILAND/2006/02784/06,THAILAND,THAILAND,DENV3,2006,THAILAND,ASIA/OCEANIA,THAILAND,DENV3-II,set4
C/02812/06,DENV3/THAILAND/2006/02812/06,THAILAND,THAILAND,DENV3,2006,THAILAND,ASIA/OCEANIA,THAILAND,DENV3-II,NA
C/02814/06,DENV3/THAILAND/2006/02814/06,THAILAND,THAILAND,DENV3,2006,THAILAND,ASIA/OCEANIA,THAILAND,DENV3-II,NA
C/01398/08,DENV3/THAILAND/2008/01398/08,THAILAND.post,THAILAND,DENV3,2008,THAILAND,ASIA/OCEANIA,THAILAND,DENV3-II,set6
C/00702/09,DENV3/THAILAND/2009/00702/09,THAILAND.post,THAILAND,DENV3,2009,THAILAND,ASIA/OCEANIA,THAILAND,DENV3-II,set6
C/01231/09,DENV3/THAILAND/2009/01231/09,THAILAND.post,THAILAND,DENV3,2009,THAILAND,ASIA/OCEANIA,THAILAND,DENV3-II,set6
C/00075/10,DENV3/THAILAND/2010/00075/10,THAILAND.post,THAILAND,DENV3,2010,THAILAND,ASIA/OCEANIA,THAILAND,DENV3-II,set6
C/01029/10,DENV3/THAILAND/2010/01029/10,THAILAND.post,THAILAND,DENV3,2010,THAILAND,ASIA/OCEANIA,THAILAND,DENV3-II,NA
C/01378/10,DENV3/THAILAND/2010/01378/10,THAILAND.post,THAILAND,DENV3,2010,THAILAND,ASIA/OCEANIA,THAILAND,DENV3-II,NA
C/01385/10,DENV3/THAILAND/2010/01385/10,THAILAND.post,THAILAND,DENV3,2010,THAILAND,ASIA/OCEANIA,THAILAND,DENV3-III,set6
C/01434/10,DENV3/THAILAND/2010/01434/10,THAILAND.post,THAILAND,DENV3,2010,THAILAND,ASIA/OCEANIA,THAILAND,DENV3-III,NA
C/01467/10,DENV3/THAILAND/2010/01467/10,THAILAND.post,THAILAND,DENV3,2010,THAILAND,ASIA/OCEANIA,THAILAND,DENV3-II,NA
C/01508/10,DENV3/THAILAND/2010/01508/10,THAILAND.post,THAILAND,DENV3,2010,THAILAND,ASIA/OCEANIA,THAILAND,DENV3-II,NA
C/01575/10,DENV3/THAILAND/2010/01575/10,THAILAND.post,THAILAND,DENV3,2010,THAILAND,ASIA/OCEANIA,THAILAND,DENV3-II,set6
C/01601/10,DENV3/THAILAND/2010/01601/10,THAILAND.post,THAILAND,DENV3,2010,THAILAND,ASIA/OCEANIA,THAILAND,DENV3-II,set5
C/00007/11,DENV3/THAILAND/2011/00007/11,THAILAND.post,THAILAND,DENV3,2011,THAILAND,ASIA/OCEANIA,THAILAND,DENV3-III,NA
C/00106/11,DENV3/THAILAND/2011/00106/11,THAILAND.post,THAILAND,DENV3,2011,THAILAND,ASIA/OCEANIA,THAILAND,DENV3-III,NA
C/00209/11,DENV3/THAILAND/2011/00209/11,THAILAND.post,THAILAND,DENV3,2011,THAILAND,ASIA/OCEANIA,THAILAND,DENV3-II,set6
C/00323/11,DENV3/THAILAND/2011/00323/11,THAILAND.post,THAILAND,DENV3,2011,THAILAND,ASIA/OCEANIA,THAILAND,DENV3-II,set6
C/00497/11,DENV3/THAILAND/2011/00497/11,THAILAND.post,THAILAND,DENV3,2011,THAILAND,ASIA/OCEANIA,THAILAND,DENV3-II,NA
C/00507/11,DENV3/THAILAND/2011/00507/11,THAILAND.post,THAILAND,DENV3,2011,THAILAND,ASIA/OCEANIA,THAILAND,DENV3-II,NA
C/00509/11,DENV3/THAILAND/2011/00509/11,THAILAND.post,THAILAND,DENV3,2011,THAILAND,ASIA/OCEANIA,THAILAND,DENV3-II,NA
C/00541/11,DENV3/THAILAND/2011/00541/11,THAILAND.post,THAILAND,DENV3,2011,THAILAND,ASIA/OCEANIA,THAILAND,DENV3-II,NA
C/00544/11,DENV3/THAILAND/2011/00544/11,THAILAND.post,THAILAND,DENV3,2011,THAILAND,ASIA/OCEANIA,THAILAND,DENV3-III,NA
C/00838/11,DENV3/THAILAND/2011/00838/11,THAILAND.post,THAILAND,DENV3,2011,THAILAND,ASIA/OCEANIA,THAILAND,DENV3-II,NA
C/00842/11,DENV3/THAILAND/2011/00842/11,THAILAND.post,THAILAND,DENV3,2011,THAILAND,ASIA/OCEANIA,THAILAND,DENV3-II,NA
C/00923/11,DENV3/THAILAND/2011/00923/11,THAILAND.post,THAILAND,DENV3,2011,THAILAND,ASIA/OCEANIA,THAILAND,DENV3-II,NA
C/01035/11,DENV3/THAILAND/2011/01035/11,THAILAND.post,THAILAND,DENV3,2011,THAILAND,ASIA/OCEANIA,THAILAND,DENV3-III,set5
C/01278/11,DENV3/THAILAND/2011/01278/11,THAILAND.post,THAILAND,DENV3,2011,THAILAND,ASIA/OCEANIA,THAILAND,DENV3-II,set6
C/01363/11,DENV3/THAILAND/2011/01363/11,THAILAND.post,THAILAND,DENV3,2011,THAILAND,ASIA/OCEANIA,THAILAND,DENV3-II,NA
C/01445/11,DENV3/THAILAND/2011/01445/11,THAILAND.post,THAILAND,DENV3,2011,THAILAND,ASIA/OCEANIA,THAILAND,DENV3-II,NA
C/00008/12,DENV3/THAILAND/2012/00008/12,THAILAND.post,THAILAND,DENV3,2012,THAILAND,ASIA/OCEANIA,THAILAND,DENV3-II,NA
C/00088/12,DENV3/THAILAND/2012/00088/12,THAILAND.post,THAILAND,DENV3,2012,THAILAND,ASIA/OCEANIA,THAILAND,DENV3-II,NA
C/00266/12,DENV3/THAILAND/2012/00266/12,THAILAND.post,THAILAND,DENV3,2012,THAILAND,ASIA/OCEANIA,THAILAND,DENV3-II,NA
C/00368/12,DENV3/THAILAND/2012/00368/12,THAILAND.post,THAILAND,DENV3,2012,THAILAND,ASIA/OCEANIA,THAILAND,DENV3-II,NA
C/00519/12,DENV3/THAILAND/2012/00519/12,THAILAND.post,THAILAND,DENV3,2012,THAILAND,ASIA/OCEANIA,THAILAND,DENV3-II,NA
C/00608/12,DENV3/THAILAND/2012/00608/12,THAILAND.post,THAILAND,DENV3,2012,THAILAND,ASIA/OCEANIA,THAILAND,DENV3-III,set6
C/00638/12,DENV3/THAILAND/2012/00638/12,THAILAND.post,THAILAND,DENV3,2012,THAILAND,ASIA/OCEANIA,THAILAND,DENV3-II,NA
C/00639/12,DENV3/THAILAND/2012/00639/12,THAILAND.post,THAILAND,DENV3,2012,THAILAND,ASIA/OCEANIA,THAILAND,DENV3-III,NA
C/00749/12,DENV3/THAILAND/2012/00749/12,THAILAND.post,THAILAND,DENV3,2012,THAILAND,ASIA/OCEANIA,THAILAND,DENV3-II,NA
C/00798/12,DENV3/THAILAND/2012/00798/12,THAILAND.post,THAILAND,DENV3,2012,THAILAND,ASIA/OCEANIA,THAILAND,DENV3-II,NA
C/00817/12,DENV3/THAILAND/2012/00817/12,THAILAND.post,THAILAND,DENV3,2012,THAILAND,ASIA/OCEANIA,THAILAND,DENV3-III,set6
C/00833/12,DENV3/THAILAND/2012/00833/12,THAILAND.post,THAILAND,DENV3,2012,THAILAND,ASIA/OCEANIA,THAILAND,DENV3-III,NA
C/00999/12,DENV3/THAILAND/2012/00999/12,THAILAND.post,THAILAND,DENV3,2012,THAILAND,ASIA/OCEANIA,THAILAND,DENV3-III,NA
C/01094/12,DENV3/THAILAND/2012/01094/12,THAILAND.post,THAILAND,DENV3,2012,THAILAND,ASIA/OCEANIA,THAILAND,DENV3-III,set5
C/01106/12,DENV3/THAILAND/2012/01106/12,THAILAND.post,THAILAND,DENV3,2012,THAILAND,ASIA/OCEANIA,THAILAND,DENV3-III,set6
C/01131/12,DENV3/THAILAND/2012/01131/12,THAILAND.post,THAILAND,DENV3,2012,THAILAND,ASIA/OCEANIA,THAILAND,DENV3-II,NA
C/00065/13,DENV3/THAILAND/2013/00065/13,THAILAND.post,THAILAND,DENV3,2013,THAILAND,ASIA/OCEANIA,THAILAND,DENV3-II,set6
C/00693/13,DENV3/THAILAND/2013/00693/13,THAILAND.post,THAILAND,DENV3,2013,THAILAND,ASIA/OCEANIA,THAILAND,DENV3-III,set5
C/00695/13,DENV3/THAILAND/2013/00695/13,THAILAND.post,THAILAND,DENV3,2013,THAILAND,ASIA/OCEANIA,THAILAND,DENV3-III,set6
C/00709/13,DENV3/THAILAND/2013/00709/13,THAILAND.post,THAILAND,DENV3,2013,THAILAND,ASIA/OCEANIA,THAILAND,DENV3-III,NA
C/00715/13,DENV3/THAILAND/2013/00715/13,THAILAND.post,THAILAND,DENV3,2013,THAILAND,ASIA/OCEANIA,THAILAND,DENV3-III,NA
C/00731/13,DENV3/THAILAND/2013/00731/13,THAILAND.post,THAILAND,DENV3,2013,THAILAND,ASIA/OCEANIA,THAILAND,DENV3-III,NA
C/00807/13,DENV3/THAILAND/2013/00807/13,THAILAND.post,THAILAND,DENV3,2013,THAILAND,ASIA/OCEANIA,THAILAND,DENV3-III,NA
C/00910/13,DENV3/THAILAND/2013/00910/13,THAILAND.post,THAILAND,DENV3,2013,THAILAND,ASIA/OCEANIA,THAILAND,DENV3-III,set6
C/00912/13,DENV3/THAILAND/2013/00912/13,THAILAND.post,THAILAND,DENV3,2013,THAILAND,ASIA/OCEANIA,THAILAND,DENV3-II,NA
C/00957/13,DENV3/THAILAND/2013/00957/13,THAILAND.post,THAILAND,DENV3,2013,THAILAND,ASIA/OCEANIA,THAILAND,DENV3-III,NA
C/01401/13,DENV3/THAILAND/2013/01401/13,THAILAND.post,THAILAND,DENV3,2013,THAILAND,ASIA/OCEANIA,THAILAND,DENV3-III,NA
C/00146/14,DENV3/THAILAND/2014/00146/14,THAILAND.post,THAILAND,DENV3,2014,THAILAND,ASIA/OCEANIA,THAILAND,DENV3-III,set6
C/00432/14,DENV3/THAILAND/2014/00432/14,THAILAND.post,THAILAND,DENV3,2014,THAILAND,ASIA/OCEANIA,THAILAND,DENV3-III,NA
C/00507/14,DENV3/THAILAND/2014/00507/14,THAILAND.post,THAILAND,DENV3,2014,THAILAND,ASIA/OCEANIA,THAILAND,DENV3-III,NA
C/00521/14,DENV3/THAILAND/2014/00521/14,THAILAND.post,THAILAND,DENV3,2014,THAILAND,ASIA/OCEANIA,THAILAND,DENV3-III,NA
C/00542/14,DENV3/THAILAND/2014/00542/14,THAILAND.post,THAILAND,DENV3,2014,THAILAND,ASIA/OCEANIA,THAILAND,DENV3-III,NA
C/00560/14,DENV3/THAILAND/2014/00560/14,THAILAND.post,THAILAND,DENV3,2014,THAILAND,ASIA/OCEANIA,THAILAND,DENV3-III,set6
C/00654/14,DENV3/THAILAND/2014/00654/14,THAILAND.post,THAILAND,DENV3,2014,THAILAND,ASIA/OCEANIA,THAILAND,DENV3-III,set5
C/00688/14,DENV3/THAILAND/2014/00688/14,THAILAND.post,THAILAND,DENV3,2014,THAILAND,ASIA/OCEANIA,THAILAND,DENV3-III,NA
C/00705/14,DENV3/THAILAND/2014/00705/14,THAILAND.post,THAILAND,DENV3,2014,THAILAND,ASIA/OCEANIA,THAILAND,DENV3-III,NA
C/00710/14,DENV3/THAILAND/2014/00710/14,THAILAND.post,THAILAND,DENV3,2014,THAILAND,ASIA/OCEANIA,THAILAND,DENV3-III,NA
C/00739/14,DENV3/THAILAND/2014/00739/14,THAILAND.post,THAILAND,DENV3,2014,THAILAND,ASIA/OCEANIA,THAILAND,DENV3-III,set6
C/00749/14,DENV3/THAILAND/2014/00749/14,THAILAND.post,THAILAND,DENV3,2014,THAILAND,ASIA/OCEANIA,THAILAND,DENV3-III,NA
C/00759/14,DENV3/THAILAND/2014/00759/14,THAILAND.post,THAILAND,DENV3,2014,THAILAND,ASIA/OCEANIA,THAILAND,DENV3-III,NA
d4indo73,DENV4/INDONESIA/1973/M30153-AC36,GLOBAL,GLOBAL,DENV4,1973,INDONESIA,ASIA/OCEANIA,ASIA/OCEANIA,DENV4-II,NA
d4sylv73,DENV4/MALAYSIA/1973/P73-1120,GLOBAL,GLOBAL,DENV4,1973,MALAYSIA,ASIA/OCEANIA,ASIA/OCEANIA,DENV4-Sylvatic,NA
d4san,DENV4/INDONESIA/1978/S1228,GLOBAL,GLOBAL,DENV4,1978,INDONESIA,ASIA/OCEANIA,ASIA/OCEANIA,DENV4-II,NA
d4dom81,DENV4/DOMINICA/1981/42A,GLOBAL,GLOBAL,DENV4,1981,DOMINICA,AMERICAS/AFRICA,AMERICAS/AFRICA,DENV4-II,NA
d4thai85,DENV4/THAILAND/1985/D85-052,GLOBAL,GLOBAL,DENV4,1985,THAILAND,ASIA/OCEANIA,ASIA/OCEANIA,DENV4-I,set1
d4pr98,DENV4/PUERTORICO/1998/347751,GLOBAL,GLOBAL,DENV4,1998,PUERTORICO,AMERICAS/AFRICA,AMERICAS/AFRICA,DENV4-II,NA
d4ni99,DENV4/NICARAGUA/1999/703,GLOBAL,GLOBAL,DENV4,1999,NICARAGUA,AMERICAS/AFRICA,AMERICAS/AFRICA,DENV4-II,NA
d4pr99,DENV4/PUERTORICO/1999/BID-V2446,GLOBAL,GLOBAL,DENV4,1999,PUERTORICO,AMERICAS/AFRICA,AMERICAS/AFRICA,DENV4-II,set1
d4burma08,DENV4/MYANMAR/2008/81087,GLOBAL,GLOBAL,DENV4,2008,MYANMAR,ASIA/OCEANIA,ASIA/OCEANIA,DENV4-I,NA
d4brazil12,DENV4/BRAZIL/2012/BR-12,GLOBAL,GLOBAL,DENV4,2012,BRAZIL,AMERICAS/AFRICA,AMERICAS/AFRICA,DENV4-II,set2
d4br2,DENV4/BRAZIL/2012/BR-2,GLOBAL,GLOBAL,DENV4,2012,BRAZIL,AMERICAS/AFRICA,AMERICAS/AFRICA,DENV4-II,set1
d4br23,DENV4/BRAZIL/2012/BR-23,GLOBAL,GLOBAL,DENV4,2012,BRAZIL,AMERICAS/AFRICA,AMERICAS/AFRICA,DENV4-II,set2
d4cam182,DENV4/CAMBODIA/2008/D4S0915182_KH08_PHP,CAMBODIA,CAMBODIA,DENV4,2008,CAMBODIA,ASIA/OCEANIA,ASIA/OCEANIA,DENV4-I,NA
d4cam101,DENV4/CAMBODIA/2008/D4S1215101_KH08_PHP,CAMBODIA,CAMBODIA,DENV4,2008,CAMBODIA,ASIA/OCEANIA,ASIA/OCEANIA,DENV4-I,NA
d4cam172,DENV4/CAMBODIA/2009/D4T0529172_KH09_KCH,CAMBODIA,CAMBODIA,DENV4,2009,CAMBODIA,ASIA/OCEANIA,ASIA/OCEANIA,DENV4-I,NA
d4cam158,DENV4/CAMBODIA/2009/D4T0615158_KH09_KCH,CAMBODIA,CAMBODIA,DENV4,2009,CAMBODIA,ASIA/OCEANIA,ASIA/OCEANIA,DENV4-I,set4
d4cam86,DENV4/CAMBODIA/2010/U0811386,CAMBODIA,CAMBODIA,DENV4,2010,CAMBODIA,ASIA/OCEANIA,ASIA/OCEANIA,DENV4-I,set2
d4cam384,DENV4/CAMBODIA/2010/U0811384,CAMBODIA,CAMBODIA,DENV4,2010,CAMBODIA,ASIA/OCEANIA,ASIA/OCEANIA,DENV4-I,NA
d4cam301,DENV4/CAMBODIA/2011/V0624301,CAMBODIA,CAMBODIA,DENV4,2011,CAMBODIA,ASIA/OCEANIA,ASIA/OCEANIA,DENV4-I,set2
d4cam305,DENV4/CAMBODIA/2011/V0627305,CAMBODIA,CAMBODIA,DENV4,2011,CAMBODIA,ASIA/OCEANIA,ASIA/OCEANIA,DENV4-I,NA
D/02838/93,DENV4/THAILAND/1993/02838/93,THAILAND.pre,THAILAND,DENV4,1993,THAILAND,ASIA/OCEANIA,THAILAND,DENV4-I,NA
D/00095/94,DENV4/THAILAND/1994/00095/94,THAILAND,THAILAND,DENV4,1994,THAILAND,ASIA/OCEANIA,THAILAND,DENV4-I,NA
D/00101/94,DENV4/THAILAND/1994/00101/94,THAILAND,THAILAND,DENV4,1994,THAILAND,ASIA/OCEANIA,THAILAND,DENV4-I,NA
D/00190/94,DENV4/THAILAND/1994/00190/94,THAILAND,THAILAND,DENV4,1994,THAILAND,ASIA/OCEANIA,THAILAND,DENV4-I,NA
D/00307/94,DENV4/THAILAND/1994/00307/94,THAILAND,THAILAND,DENV4,1994,THAILAND,ASIA/OCEANIA,THAILAND,DENV4-I,NA
D/00329/94,DENV4/THAILAND/1994/00329/94,THAILAND,THAILAND,DENV4,1994,THAILAND,ASIA/OCEANIA,THAILAND,DENV4-I,set3
D/00500/94,DENV4/THAILAND/1994/00500/94,THAILAND,THAILAND,DENV4,1994,THAILAND,ASIA/OCEANIA,THAILAND,DENV4-I,NA
D/00506/94,DENV4/THAILAND/1994/00506/94,THAILAND,THAILAND,DENV4,1994,THAILAND,ASIA/OCEANIA,THAILAND,DENV4-I,NA
D/00615/94,DENV4/THAILAND/1994/00615/94,THAILAND,THAILAND,DENV4,1994,THAILAND,ASIA/OCEANIA,THAILAND,DENV4-I,set3
D/00690/94,DENV4/THAILAND/1994/00690/94,THAILAND,THAILAND,DENV4,1994,THAILAND,ASIA/OCEANIA,THAILAND,DENV4-I,NA
D/00719/94,DENV4/THAILAND/1994/00719/94,THAILAND,THAILAND,DENV4,1994,THAILAND,ASIA/OCEANIA,THAILAND,DENV4-I,NA
D/00737/94,DENV4/THAILAND/1994/00737/94,THAILAND,THAILAND,DENV4,1994,THAILAND,ASIA/OCEANIA,THAILAND,DENV4-I,NA
D/00794/94,DENV4/THAILAND/1994/00794/94,THAILAND,THAILAND,DENV4,1994,THAILAND,ASIA/OCEANIA,THAILAND,DENV4-I,NA
D/00846/94,DENV4/THAILAND/1994/00846/94,THAILAND,THAILAND,DENV4,1994,THAILAND,ASIA/OCEANIA,THAILAND,DENV4-I,NA
D/00867/94,DENV4/THAILAND/1994/00867/94,THAILAND,THAILAND,DENV4,1994,THAILAND,ASIA/OCEANIA,THAILAND,DENV4-I,NA
D/00890/94,DENV4/THAILAND/1994/00890/94,THAILAND,THAILAND,DENV4,1994,THAILAND,ASIA/OCEANIA,THAILAND,DENV4-I,NA
D/00900/94,DENV4/THAILAND/1994/00900/94,THAILAND,THAILAND,DENV4,1994,THAILAND,ASIA/OCEANIA,THAILAND,DENV4-I,NA
D/01073/94,DENV4/THAILAND/1994/01073/94,THAILAND,THAILAND,DENV4,1994,THAILAND,ASIA/OCEANIA,THAILAND,DENV4-I,NA
D/01074/94,DENV4/THAILAND/1994/01074/94,THAILAND,THAILAND,DENV4,1994,THAILAND,ASIA/OCEANIA,THAILAND,DENV4-I,NA
D/01124/94,DENV4/THAILAND/1994/01124/94,THAILAND,THAILAND,DENV4,1994,THAILAND,ASIA/OCEANIA,THAILAND,DENV4-I,NA
D/01201/94,DENV4/THAILAND/1994/01201/94,THAILAND,THAILAND,DENV4,1994,THAILAND,ASIA/OCEANIA,THAILAND,DENV4-I,NA
D/01534/94,DENV4/THAILAND/1994/01534/94,THAILAND,THAILAND,DENV4,1994,THAILAND,ASIA/OCEANIA,THAILAND,DENV4-I,NA
D/30071/94,DENV4/THAILAND/1994/30071/94,THAILAND,THAILAND,DENV4,1994,THAILAND,ASIA/OCEANIA,THAILAND,DENV4-I,NA
D/30091/94,DENV4/THAILAND/1994/30091/94,THAILAND,THAILAND,DENV4,1994,THAILAND,ASIA/OCEANIA,THAILAND,DENV4-I,NA
D/30127/94,DENV4/THAILAND/1994/30127/94,THAILAND,THAILAND,DENV4,1994,THAILAND,ASIA/OCEANIA,THAILAND,DENV4-I,NA
D/30158/94,DENV4/THAILAND/1994/30158/94,THAILAND,THAILAND,DENV4,1994,THAILAND,ASIA/OCEANIA,THAILAND,DENV4-I,NA
D/30292/94,DENV4/THAILAND/1994/30292/94,THAILAND,THAILAND,DENV4,1994,THAILAND,ASIA/OCEANIA,THAILAND,DENV4-I,NA
D/30302/94,DENV4/THAILAND/1994/30302/94,THAILAND,THAILAND,DENV4,1994,THAILAND,ASIA/OCEANIA,THAILAND,DENV4-I,NA
D/30324/94,DENV4/THAILAND/1994/30324/94,THAILAND,THAILAND,DENV4,1994,THAILAND,ASIA/OCEANIA,THAILAND,DENV4-I,NA
D/30341/94,DENV4/THAILAND/1994/30341/94,THAILAND,THAILAND,DENV4,1994,THAILAND,ASIA/OCEANIA,THAILAND,DENV4-I,NA
D/30343/94,DENV4/THAILAND/1994/30343/94,THAILAND,THAILAND,DENV4,1994,THAILAND,ASIA/OCEANIA,THAILAND,DENV4-I,NA
D/30344/94,DENV4/THAILAND/1994/30344/94,THAILAND,THAILAND,DENV4,1994,THAILAND,ASIA/OCEANIA,THAILAND,DENV4-I,NA
D/30446/94,DENV4/THAILAND/1994/30446/94,THAILAND,THAILAND,DENV4,1994,THAILAND,ASIA/OCEANIA,THAILAND,DENV4-I,NA
D/30479/94,DENV4/THAILAND/1994/30479/94,THAILAND,THAILAND,DENV4,1994,THAILAND,ASIA/OCEANIA,THAILAND,DENV4-I,NA
D/30540/94,DENV4/THAILAND/1994/30540/94,THAILAND,THAILAND,DENV4,1994,THAILAND,ASIA/OCEANIA,THAILAND,DENV4-I,NA
D/30610/94,DENV4/THAILAND/1994/30610/94,THAILAND,THAILAND,DENV4,1994,THAILAND,ASIA/OCEANIA,THAILAND,DENV4-I,NA
D/00036/95,DENV4/THAILAND/1995/00036/95,THAILAND,THAILAND,DENV4,1995,THAILAND,ASIA/OCEANIA,THAILAND,DENV4-I,set4
D/00241/95,DENV4/THAILAND/1995/00241/95,THAILAND,THAILAND,DENV4,1995,THAILAND,ASIA/OCEANIA,THAILAND,DENV4-I,set1
D/00269/95,DENV4/THAILAND/1995/00269/95,THAILAND,THAILAND,DENV4,1995,THAILAND,ASIA/OCEANIA,THAILAND,DENV4-I,NA
D/00425/95,DENV4/THAILAND/1995/00425/95,THAILAND,THAILAND,DENV4,1995,THAILAND,ASIA/OCEANIA,THAILAND,DENV4-I,set1
D/00458/95,DENV4/THAILAND/1995/00458/95,THAILAND,THAILAND,DENV4,1995,THAILAND,ASIA/OCEANIA,THAILAND,DENV4-I,set1
D/00533/95,DENV4/THAILAND/1995/00533/95,THAILAND,THAILAND,DENV4,1995,THAILAND,ASIA/OCEANIA,THAILAND,DENV4-I,NA
D/00687/95,DENV4/THAILAND/1995/00687/95,THAILAND,THAILAND,DENV4,1995,THAILAND,ASIA/OCEANIA,THAILAND,DENV4-I,NA
D/00877/95,DENV4/THAILAND/1995/00877/95,THAILAND,THAILAND,DENV4,1995,THAILAND,ASIA/OCEANIA,THAILAND,DENV4-I,NA
D/01569/95,DENV4/THAILAND/1995/01569/95,THAILAND,THAILAND,DENV4,1995,THAILAND,ASIA/OCEANIA,THAILAND,DENV4-I,set1
D/01832/95,DENV4/THAILAND/1995/01832/95,THAILAND,THAILAND,DENV4,1995,THAILAND,ASIA/OCEANIA,THAILAND,DENV4-I,NA
D/30035/95,DENV4/THAILAND/1995/30035/95,THAILAND,THAILAND,DENV4,1995,THAILAND,ASIA/OCEANIA,THAILAND,DENV4-I,NA
D/30056/95,DENV4/THAILAND/1995/30056/95,THAILAND,THAILAND,DENV4,1995,THAILAND,ASIA/OCEANIA,THAILAND,DENV4-I,NA
D/00756/96,DENV4/THAILAND/1996/00756/96,THAILAND,THAILAND,DENV4,1996,THAILAND,ASIA/OCEANIA,THAILAND,DENV4-I,NA
D/01129/96,DENV4/THAILAND/1996/01129/96,THAILAND,THAILAND,DENV4,1996,THAILAND,ASIA/OCEANIA,THAILAND,DENV4-I,set3
D/01626/96,DENV4/THAILAND/1996/01626/96,THAILAND,THAILAND,DENV4,1996,THAILAND,ASIA/OCEANIA,THAILAND,DENV4-III,set2
D/00049/97,DENV4/THAILAND/1997/00049/97,THAILAND,THAILAND,DENV4,1997,THAILAND,ASIA/OCEANIA,THAILAND,DENV4-III,set2
D/02739/97,DENV4/THAILAND/1997/02739/97,THAILAND,THAILAND,DENV4,1997,THAILAND,ASIA/OCEANIA,THAILAND,DENV4-III,set2
D/04444/98,DENV4/THAILAND/1998/04444/98,THAILAND,THAILAND,DENV4,1998,THAILAND,ASIA/OCEANIA,THAILAND,DENV4-I,NA
D/04634/98,DENV4/THAILAND/1998/04634/98,THAILAND,THAILAND,DENV4,1998,THAILAND,ASIA/OCEANIA,THAILAND,DENV4-III,set1
D/04786/98,DENV4/THAILAND/1998/04786/98,THAILAND,THAILAND,DENV4,1998,THAILAND,ASIA/OCEANIA,THAILAND,DENV4-III,set2
D/06075/98,DENV4/THAILAND/1998/06075/98,THAILAND,THAILAND,DENV4,1998,THAILAND,ASIA/OCEANIA,THAILAND,DENV4-I,NA
D/06181/98,DENV4/THAILAND/1998/06181/98,THAILAND,THAILAND,DENV4,1998,THAILAND,ASIA/OCEANIA,THAILAND,DENV4-I,set1
D/06523/98,DENV4/THAILAND/1998/06523/98,THAILAND,THAILAND,DENV4,1998,THAILAND,ASIA/OCEANIA,THAILAND,DENV4-I,set1
D/06564/98,DENV4/THAILAND/1998/06564/98,THAILAND,THAILAND,DENV4,1998,THAILAND,ASIA/OCEANIA,THAILAND,DENV4-I,set1
D/00003/99,DENV4/THAILAND/1999/00003/99,THAILAND,THAILAND,DENV4,1999,THAILAND,ASIA/OCEANIA,THAILAND,DENV4-I,NA
D/00027/99,DENV4/THAILAND/1999/00027/99,THAILAND,THAILAND,DENV4,1999,THAILAND,ASIA/OCEANIA,THAILAND,DENV4-I,NA
D/00259/99,DENV4/THAILAND/1999/00259/99,THAILAND,THAILAND,DENV4,1999,THAILAND,ASIA/OCEANIA,THAILAND,DENV4-I,NA
D/00261/99,DENV4/THAILAND/1999/00261/99,THAILAND,THAILAND,DENV4,1999,THAILAND,ASIA/OCEANIA,THAILAND,DENV4-I,NA
D/00336/99,DENV4/THAILAND/1999/00336/99,THAILAND,THAILAND,DENV4,1999,THAILAND,ASIA/OCEANIA,THAILAND,DENV4-I,NA
D/00362/99,DENV4/THAILAND/1999/00362/99,THAILAND,THAILAND,DENV4,1999,THAILAND,ASIA/OCEANIA,THAILAND,DENV4-I,NA
D/00508/99,DENV4/THAILAND/1999/00508/99,THAILAND,THAILAND,DENV4,1999,THAILAND,ASIA/OCEANIA,THAILAND,DENV4-I,NA
D/00984/99,DENV4/THAILAND/1999/00984/99,THAILAND,THAILAND,DENV4,1999,THAILAND,ASIA/OCEANIA,THAILAND,DENV4-I,NA
D/02821/99,DENV4/THAILAND/1999/02821/99,THAILAND,THAILAND,DENV4,1999,THAILAND,ASIA/OCEANIA,THAILAND,DENV4-I,NA
D/02897/99,DENV4/THAILAND/1999/02897/99,THAILAND,THAILAND,DENV4,1999,THAILAND,ASIA/OCEANIA,THAILAND,DENV4-I,NA
D/02966/99,DENV4/THAILAND/1999/02966/99,THAILAND,THAILAND,DENV4,1999,THAILAND,ASIA/OCEANIA,THAILAND,DENV4-I,NA
D/03401/99,DENV4/THAILAND/1999/03401/99,THAILAND,THAILAND,DENV4,1999,THAILAND,ASIA/OCEANIA,THAILAND,DENV4-I,NA
D/03471/99,DENV4/THAILAND/1999/03471/99,THAILAND,THAILAND,DENV4,1999,THAILAND,ASIA/OCEANIA,THAILAND,DENV4-I,NA
D/03494/99,DENV4/THAILAND/1999/03494/99,THAILAND,THAILAND,DENV4,1999,THAILAND,ASIA/OCEANIA,THAILAND,DENV4-I,NA
D/03541/99,DENV4/THAILAND/1999/03541/99,THAILAND,THAILAND,DENV4,1999,THAILAND,ASIA/OCEANIA,THAILAND,DENV4-I,NA
D/04058/99,DENV4/THAILAND/1999/04058/99,THAILAND,THAILAND,DENV4,1999,THAILAND,ASIA/OCEANIA,THAILAND,DENV4-I,NA
D/04390/99,DENV4/THAILAND/1999/04390/99,THAILAND,THAILAND,DENV4,1999,THAILAND,ASIA/OCEANIA,THAILAND,DENV4-III,set4
D/04425/99,DENV4/THAILAND/1999/04425/99,THAILAND,THAILAND,DENV4,1999,THAILAND,ASIA/OCEANIA,THAILAND,DENV4-I,NA
D/05341/99,DENV4/THAILAND/1999/05341/99,THAILAND,THAILAND,DENV4,1999,THAILAND,ASIA/OCEANIA,THAILAND,DENV4-I,NA
D/05475/99,DENV4/THAILAND/1999/05475/99,THAILAND,THAILAND,DENV4,1999,THAILAND,ASIA/OCEANIA,THAILAND,DENV4-I,NA
D/05538/99,DENV4/THAILAND/1999/05538/99,THAILAND,THAILAND,DENV4,1999,THAILAND,ASIA/OCEANIA,THAILAND,DENV4-I,set4
D/00010/00,DENV4/THAILAND/2000/00010/00,THAILAND,THAILAND,DENV4,2000,THAILAND,ASIA/OCEANIA,THAILAND,DENV4-I,NA
D/00235/00,DENV4/THAILAND/2000/00235/00,THAILAND,THAILAND,DENV4,2000,THAILAND,ASIA/OCEANIA,THAILAND,DENV4-I,NA
D/00303/00,DENV4/THAILAND/2000/00303/00,THAILAND,THAILAND,DENV4,2000,THAILAND,ASIA/OCEANIA,THAILAND,DENV4-I,NA
D/00414/00,DENV4/THAILAND/2000/00414/00,THAILAND,THAILAND,DENV4,2000,THAILAND,ASIA/OCEANIA,THAILAND,DENV4-I,NA
D/01232/00,DENV4/THAILAND/2000/01232/00,THAILAND,THAILAND,DENV4,2000,THAILAND,ASIA/OCEANIA,THAILAND,DENV4-I,NA
D/01278/00,DENV4/THAILAND/2000/01278/00,THAILAND,THAILAND,DENV4,2000,THAILAND,ASIA/OCEANIA,THAILAND,DENV4-I,NA
D/01394/00,DENV4/THAILAND/2000/01394/00,THAILAND,THAILAND,DENV4,2000,THAILAND,ASIA/OCEANIA,THAILAND,DENV4-I,NA
D/01441/00,DENV4/THAILAND/2000/01441/00,THAILAND,THAILAND,DENV4,2000,THAILAND,ASIA/OCEANIA,THAILAND,DENV4-I,NA
D/01477/00,DENV4/THAILAND/2000/01477/00,THAILAND,THAILAND,DENV4,2000,THAILAND,ASIA/OCEANIA,THAILAND,DENV4-I,NA
D/01645/00,DENV4/THAILAND/2000/01645/00,THAILAND,THAILAND,DENV4,2000,THAILAND,ASIA/OCEANIA,THAILAND,DENV4-I,NA
D/01702/00,DENV4/THAILAND/2000/01702/00,THAILAND,THAILAND,DENV4,2000,THAILAND,ASIA/OCEANIA,THAILAND,DENV4-I,NA
D/01757/00,DENV4/THAILAND/2000/01757/00,THAILAND,THAILAND,DENV4,2000,THAILAND,ASIA/OCEANIA,THAILAND,DENV4-I,NA
D/02021/00,DENV4/THAILAND/2000/02021/00,THAILAND,THAILAND,DENV4,2000,THAILAND,ASIA/OCEANIA,THAILAND,DENV4-I,set1
D/02098/00,DENV4/THAILAND/2000/02098/00,THAILAND,THAILAND,DENV4,2000,THAILAND,ASIA/OCEANIA,THAILAND,DENV4-I,NA
D/02111/00,DENV4/THAILAND/2000/02111/00,THAILAND,THAILAND,DENV4,2000,THAILAND,ASIA/OCEANIA,THAILAND,DENV4-I,NA
D/02143/00,DENV4/THAILAND/2000/02143/00,THAILAND,THAILAND,DENV4,2000,THAILAND,ASIA/OCEANIA,THAILAND,DENV4-I,set1
D/04784/00,DENV4/THAILAND/2000/04784/00,THAILAND,THAILAND,DENV4,2000,THAILAND,ASIA/OCEANIA,THAILAND,DENV4-I,NA
D/04854/00,DENV4/THAILAND/2000/04854/00,THAILAND,THAILAND,DENV4,2000,THAILAND,ASIA/OCEANIA,THAILAND,DENV4-I,NA
D/05496/00,DENV4/THAILAND/2000/05496/00,THAILAND,THAILAND,DENV4,2000,THAILAND,ASIA/OCEANIA,THAILAND,DENV4-II,set1
D/05548/00,DENV4/THAILAND/2000/05548/00,THAILAND,THAILAND,DENV4,2000,THAILAND,ASIA/OCEANIA,THAILAND,DENV4-I,NA
D/05771/00,DENV4/THAILAND/2000/05771/00,THAILAND,THAILAND,DENV4,2000,THAILAND,ASIA/OCEANIA,THAILAND,DENV4-I,NA
D/05782/00,DENV4/THAILAND/2000/05782/00,THAILAND,THAILAND,DENV4,2000,THAILAND,ASIA/OCEANIA,THAILAND,DENV4-I,NA
D/05984/00,DENV4/THAILAND/2000/05984/00,THAILAND,THAILAND,DENV4,2000,THAILAND,ASIA/OCEANIA,THAILAND,DENV4-I,NA
D/05997/00,DENV4/THAILAND/2000/05997/00,THAILAND,THAILAND,DENV4,2000,THAILAND,ASIA/OCEANIA,THAILAND,DENV4-I,set1
D/00044/01,DENV4/THAILAND/2001/00044/01,THAILAND,THAILAND,DENV4,2001,THAILAND,ASIA/OCEANIA,THAILAND,DENV4-I,NA
D/00103/01,DENV4/THAILAND/2001/00103/01,THAILAND,THAILAND,DENV4,2001,THAILAND,ASIA/OCEANIA,THAILAND,DENV4-I,set1
D/00114/01,DENV4/THAILAND/2001/00114/01,THAILAND,THAILAND,DENV4,2001,THAILAND,ASIA/OCEANIA,THAILAND,DENV4-I,NA
D/00534/01,DENV4/THAILAND/2001/00534/01,THAILAND,THAILAND,DENV4,2001,THAILAND,ASIA/OCEANIA,THAILAND,DENV4-I,NA
D/00565/01,DENV4/THAILAND/2001/00565/01,THAILAND,THAILAND,DENV4,2001,THAILAND,ASIA/OCEANIA,THAILAND,DENV4-I,NA
D/00575/01,DENV4/THAILAND/2001/00575/01,THAILAND,THAILAND,DENV4,2001,THAILAND,ASIA/OCEANIA,THAILAND,DENV4-I,NA
D/00886/01,DENV4/THAILAND/2001/00886/01,THAILAND,THAILAND,DENV4,2001,THAILAND,ASIA/OCEANIA,THAILAND,DENV4-III,set2
D/00887/01,DENV4/THAILAND/2001/00887/01,THAILAND,THAILAND,DENV4,2001,THAILAND,ASIA/OCEANIA,THAILAND,DENV4-I,NA
D/02623/01,DENV4/THAILAND/2001/02623/01,THAILAND,THAILAND,DENV4,2001,THAILAND,ASIA/OCEANIA,THAILAND,DENV4-I,NA
D/02765/01,DENV4/THAILAND/2001/02765/01,THAILAND,THAILAND,DENV4,2001,THAILAND,ASIA/OCEANIA,THAILAND,DENV4-I,NA
D/03081/01,DENV4/THAILAND/2001/03081/01,THAILAND,THAILAND,DENV4,2001,THAILAND,ASIA/OCEANIA,THAILAND,DENV4-I,NA
D/03348/01,DENV4/THAILAND/2001/03348/01,THAILAND,THAILAND,DENV4,2001,THAILAND,ASIA/OCEANIA,THAILAND,DENV4-I,NA
D/03531/01,DENV4/THAILAND/2001/03531/01,THAILAND,THAILAND,DENV4,2001,THAILAND,ASIA/OCEANIA,THAILAND,DENV4-I,NA
D/03643/01,DENV4/THAILAND/2001/03643/01,THAILAND,THAILAND,DENV4,2001,THAILAND,ASIA/OCEANIA,THAILAND,DENV4-I,NA
D/03843/01,DENV4/THAILAND/2001/03843/01,THAILAND,THAILAND,DENV4,2001,THAILAND,ASIA/OCEANIA,THAILAND,DENV4-I,NA
D/04094/01,DENV4/THAILAND/2001/04094/01,THAILAND,THAILAND,DENV4,2001,THAILAND,ASIA/OCEANIA,THAILAND,DENV4-III,set4
D/04134/01,DENV4/THAILAND/2001/04134/01,THAILAND,THAILAND,DENV4,2001,THAILAND,ASIA/OCEANIA,THAILAND,DENV4-I,set1
D/05386/01,DENV4/THAILAND/2001/05386/01,THAILAND,THAILAND,DENV4,2001,THAILAND,ASIA/OCEANIA,THAILAND,DENV4-I,set4
D/05429/01,DENV4/THAILAND/2001/05429/01,THAILAND,THAILAND,DENV4,2001,THAILAND,ASIA/OCEANIA,THAILAND,DENV4-I,NA
D/05432/01,DENV4/THAILAND/2001/05432/01,THAILAND,THAILAND,DENV4,2001,THAILAND,ASIA/OCEANIA,THAILAND,DENV4-I,NA
D/05908/01,DENV4/THAILAND/2001/05908/01,THAILAND,THAILAND,DENV4,2001,THAILAND,ASIA/OCEANIA,THAILAND,DENV4-I,NA
D/06019/01,DENV4/THAILAND/2001/06019/01,THAILAND,THAILAND,DENV4,2001,THAILAND,ASIA/OCEANIA,THAILAND,DENV4-I,set1
D/06122/01,DENV4/THAILAND/2001/06122/01,THAILAND,THAILAND,DENV4,2001,THAILAND,ASIA/OCEANIA,THAILAND,DENV4-I,NA
D/06575/01,DENV4/THAILAND/2001/06575/01,THAILAND,THAILAND,DENV4,2001,THAILAND,ASIA/OCEANIA,THAILAND,DENV4-I,NA
D/06712/01,DENV4/THAILAND/2001/06712/01,THAILAND,THAILAND,DENV4,2001,THAILAND,ASIA/OCEANIA,THAILAND,DENV4-I,NA
D/06949/01,DENV4/THAILAND/2001/06949/01,THAILAND,THAILAND,DENV4,2001,THAILAND,ASIA/OCEANIA,THAILAND,DENV4-I,set1
D/06951/01,DENV4/THAILAND/2001/06951/01,THAILAND,THAILAND,DENV4,2001,THAILAND,ASIA/OCEANIA,THAILAND,DENV4-I,NA
D/01222/02,DENV4/THAILAND/2002/01222/02,THAILAND,THAILAND,DENV4,2002,THAILAND,ASIA/OCEANIA,THAILAND,DENV4-I,set2
D/01227/02,DENV4/THAILAND/2002/01227/02,THAILAND,THAILAND,DENV4,2002,THAILAND,ASIA/OCEANIA,THAILAND,DENV4-I,NA
D/01480/02,DENV4/THAILAND/2002/01480/02,THAILAND,THAILAND,DENV4,2002,THAILAND,ASIA/OCEANIA,THAILAND,DENV4-I,NA
D/01606/02,DENV4/THAILAND/2002/01606/02,THAILAND,THAILAND,DENV4,2002,THAILAND,ASIA/OCEANIA,THAILAND,DENV4-I,NA
D/01648/02,DENV4/THAILAND/2002/01648/02,THAILAND,THAILAND,DENV4,2002,THAILAND,ASIA/OCEANIA,THAILAND,DENV4-I,NA
D/02020/02,DENV4/THAILAND/2002/02020/02,THAILAND,THAILAND,DENV4,2002,THAILAND,ASIA/OCEANIA,THAILAND,DENV4-I,NA
D/02131/02,DENV4/THAILAND/2002/02131/02,THAILAND,THAILAND,DENV4,2002,THAILAND,ASIA/OCEANIA,THAILAND,DENV4-I,NA
D/02269/02,DENV4/THAILAND/2002/02269/02,THAILAND,THAILAND,DENV4,2002,THAILAND,ASIA/OCEANIA,THAILAND,DENV4-I,NA
D/02412/02,DENV4/THAILAND/2002/02412/02,THAILAND,THAILAND,DENV4,2002,THAILAND,ASIA/OCEANIA,THAILAND,DENV4-I,NA
D/02414/02,DENV4/THAILAND/2002/02414/02,THAILAND,THAILAND,DENV4,2002,THAILAND,ASIA/OCEANIA,THAILAND,DENV4-I,NA
D/02572/02,DENV4/THAILAND/2002/02572/02,THAILAND,THAILAND,DENV4,2002,THAILAND,ASIA/OCEANIA,THAILAND,DENV4-I,NA
D/02705/02,DENV4/THAILAND/2002/02705/02,THAILAND,THAILAND,DENV4,2002,THAILAND,ASIA/OCEANIA,THAILAND,DENV4-I,NA
D/02862/02,DENV4/THAILAND/2002/02862/02,THAILAND,THAILAND,DENV4,2002,THAILAND,ASIA/OCEANIA,THAILAND,DENV4-I,NA
D/02899/02,DENV4/THAILAND/2002/02899/02,THAILAND,THAILAND,DENV4,2002,THAILAND,ASIA/OCEANIA,THAILAND,DENV4-I,NA
D/03060/02,DENV4/THAILAND/2002/03060/02,THAILAND,THAILAND,DENV4,2002,THAILAND,ASIA/OCEANIA,THAILAND,DENV4-I,set1
D/03096/02,DENV4/THAILAND/2002/03096/02,THAILAND,THAILAND,DENV4,2002,THAILAND,ASIA/OCEANIA,THAILAND,DENV4-I,set1
D/03113/02,DENV4/THAILAND/2002/03113/02,THAILAND,THAILAND,DENV4,2002,THAILAND,ASIA/OCEANIA,THAILAND,DENV4-I,set1
D/03169/02,DENV4/THAILAND/2002/03169/02,THAILAND,THAILAND,DENV4,2002,THAILAND,ASIA/OCEANIA,THAILAND,DENV4-I,set1
D/00187/03,DENV4/THAILAND/2003/00187/03,THAILAND,THAILAND,DENV4,2003,THAILAND,ASIA/OCEANIA,THAILAND,DENV4-I,NA
D/00205/03,DENV4/THAILAND/2003/00205/03,THAILAND,THAILAND,DENV4,2003,THAILAND,ASIA/OCEANIA,THAILAND,DENV4-I,NA
D/00225/03,DENV4/THAILAND/2003/00225/03,THAILAND,THAILAND,DENV4,2003,THAILAND,ASIA/OCEANIA,THAILAND,DENV4-I,NA
D/00286/03,DENV4/THAILAND/2003/00286/03,THAILAND,THAILAND,DENV4,2003,THAILAND,ASIA/OCEANIA,THAILAND,DENV4-I,NA
D/00498/03,DENV4/THAILAND/2003/00498/03,THAILAND,THAILAND,DENV4,2003,THAILAND,ASIA/OCEANIA,THAILAND,DENV4-I,NA
D/00641/03,DENV4/THAILAND/2003/00641/03,THAILAND,THAILAND,DENV4,2003,THAILAND,ASIA/OCEANIA,THAILAND,DENV4-I,NA
D/00823/03,DENV4/THAILAND/2003/00823/03,THAILAND,THAILAND,DENV4,2003,THAILAND,ASIA/OCEANIA,THAILAND,DENV4-I,NA
D/00875/03,DENV4/THAILAND/2003/00875/03,THAILAND,THAILAND,DENV4,2003,THAILAND,ASIA/OCEANIA,THAILAND,DENV4-I,NA
D/00964/03,DENV4/THAILAND/2003/00964/03,THAILAND,THAILAND,DENV4,2003,THAILAND,ASIA/OCEANIA,THAILAND,DENV4-I,NA
D/00987/03,DENV4/THAILAND/2003/00987/03,THAILAND,THAILAND,DENV4,2003,THAILAND,ASIA/OCEANIA,THAILAND,DENV4-I,NA
D/01216/03,DENV4/THAILAND/2003/01216/03,THAILAND,THAILAND,DENV4,2003,THAILAND,ASIA/OCEANIA,THAILAND,DENV4-I,NA
D/01710/03,DENV4/THAILAND/2003/01710/03,THAILAND,THAILAND,DENV4,2003,THAILAND,ASIA/OCEANIA,THAILAND,DENV4-I,NA
D/01743/03,DENV4/THAILAND/2003/01743/03,THAILAND,THAILAND,DENV4,2003,THAILAND,ASIA/OCEANIA,THAILAND,DENV4-I,NA
D/01798/03,DENV4/THAILAND/2003/01798/03,THAILAND,THAILAND,DENV4,2003,THAILAND,ASIA/OCEANIA,THAILAND,DENV4-I,NA
D/01947/03,DENV4/THAILAND/2003/01947/03,THAILAND,THAILAND,DENV4,2003,THAILAND,ASIA/OCEANIA,THAILAND,DENV4-I,NA
D/02012/03,DENV4/THAILAND/2003/02012/03,THAILAND,THAILAND,DENV4,2003,THAILAND,ASIA/OCEANIA,THAILAND,DENV4-I,NA
D/02090/03,DENV4/THAILAND/2003/02090/03,THAILAND,THAILAND,DENV4,2003,THAILAND,ASIA/OCEANIA,THAILAND,DENV4-I,NA
D/02168/03,DENV4/THAILAND/2003/02168/03,THAILAND,THAILAND,DENV4,2003,THAILAND,ASIA/OCEANIA,THAILAND,DENV4-I,NA
D/02197/03,DENV4/THAILAND/2003/02197/03,THAILAND,THAILAND,DENV4,2003,THAILAND,ASIA/OCEANIA,THAILAND,DENV4-I,NA
D/02198/03,DENV4/THAILAND/2003/02198/03,THAILAND,THAILAND,DENV4,2003,THAILAND,ASIA/OCEANIA,THAILAND,DENV4-I,NA
D/02201/03,DENV4/THAILAND/2003/02201/03,THAILAND,THAILAND,DENV4,2003,THAILAND,ASIA/OCEANIA,THAILAND,DENV4-I,NA
D/02207/03,DENV4/THAILAND/2003/02207/03,THAILAND,THAILAND,DENV4,2003,THAILAND,ASIA/OCEANIA,THAILAND,DENV4-I,set3
D/02373/03,DENV4/THAILAND/2003/02373/03,THAILAND,THAILAND,DENV4,2003,THAILAND,ASIA/OCEANIA,THAILAND,DENV4-I,NA
D/02377/03,DENV4/THAILAND/2003/02377/03,THAILAND,THAILAND,DENV4,2003,THAILAND,ASIA/OCEANIA,THAILAND,DENV4-I,set3
D/02452/03,DENV4/THAILAND/2003/02452/03,THAILAND,THAILAND,DENV4,2003,THAILAND,ASIA/OCEANIA,THAILAND,DENV4-I,NA
D/00097/04,DENV4/THAILAND/2004/00097/04,THAILAND,THAILAND,DENV4,2004,THAILAND,ASIA/OCEANIA,THAILAND,DENV4-I,NA
D/00217/04,DENV4/THAILAND/2004/00217/04,THAILAND,THAILAND,DENV4,2004,THAILAND,ASIA/OCEANIA,THAILAND,DENV4-I,set1
D/00278/04,DENV4/THAILAND/2004/00278/04,THAILAND,THAILAND,DENV4,2004,THAILAND,ASIA/OCEANIA,THAILAND,DENV4-I,NA
D/00395/04,DENV4/THAILAND/2004/00395/04,THAILAND,THAILAND,DENV4,2004,THAILAND,ASIA/OCEANIA,THAILAND,DENV4-I,NA
D/00455/04,DENV4/THAILAND/2004/00455/04,THAILAND,THAILAND,DENV4,2004,THAILAND,ASIA/OCEANIA,THAILAND,DENV4-I,NA
D/00535/04,DENV4/THAILAND/2004/00535/04,THAILAND,THAILAND,DENV4,2004,THAILAND,ASIA/OCEANIA,THAILAND,DENV4-I,NA
D/00564/04,DENV4/THAILAND/2004/00564/04,THAILAND,THAILAND,DENV4,2004,THAILAND,ASIA/OCEANIA,THAILAND,DENV4-I,NA
D/00567/04,DENV4/THAILAND/2004/00567/04,THAILAND,THAILAND,DENV4,2004,THAILAND,ASIA/OCEANIA,THAILAND,DENV4-I,NA
D/00624/04,DENV4/THAILAND/2004/00624/04,THAILAND,THAILAND,DENV4,2004,THAILAND,ASIA/OCEANIA,THAILAND,DENV4-I,set1
D/00641/04,DENV4/THAILAND/2004/00641/04,THAILAND,THAILAND,DENV4,2004,THAILAND,ASIA/OCEANIA,THAILAND,DENV4-I,NA
D/00674/04,DENV4/THAILAND/2004/00674/04,THAILAND,THAILAND,DENV4,2004,THAILAND,ASIA/OCEANIA,THAILAND,DENV4-I,NA
D/00680/04,DENV4/THAILAND/2004/00680/04,THAILAND,THAILAND,DENV4,2004,THAILAND,ASIA/OCEANIA,THAILAND,DENV4-I,NA
D/00717/04,DENV4/THAILAND/2004/00717/04,THAILAND,THAILAND,DENV4,2004,THAILAND,ASIA/OCEANIA,THAILAND,DENV4-I,NA
D/00746/04,DENV4/THAILAND/2004/00746/04,THAILAND,THAILAND,DENV4,2004,THAILAND,ASIA/OCEANIA,THAILAND,DENV4-I,NA
D/00950/04,DENV4/THAILAND/2004/00950/04,THAILAND,THAILAND,DENV4,2004,THAILAND,ASIA/OCEANIA,THAILAND,DENV4-I,NA
D/00965/04,DENV4/THAILAND/2004/00965/04,THAILAND,THAILAND,DENV4,2004,THAILAND,ASIA/OCEANIA,THAILAND,DENV4-I,set2
D/00994/04,DENV4/THAILAND/2004/00994/04,THAILAND,THAILAND,DENV4,2004,THAILAND,ASIA/OCEANIA,THAILAND,DENV4-I,NA
D/01170/04,DENV4/THAILAND/2004/01170/04,THAILAND,THAILAND,DENV4,2004,THAILAND,ASIA/OCEANIA,THAILAND,DENV4-I,NA
D/01234/04,DENV4/THAILAND/2004/01234/04,THAILAND,THAILAND,DENV4,2004,THAILAND,ASIA/OCEANIA,THAILAND,DENV4-I,NA
D/01258/04,DENV4/THAILAND/2004/01258/04,THAILAND,THAILAND,DENV4,2004,THAILAND,ASIA/OCEANIA,THAILAND,DENV4-I,NA
D/01306/04,DENV4/THAILAND/2004/01306/04,THAILAND,THAILAND,DENV4,2004,THAILAND,ASIA/OCEANIA,THAILAND,DENV4-I,NA
D/01315/04,DENV4/THAILAND/2004/01315/04,THAILAND,THAILAND,DENV4,2004,THAILAND,ASIA/OCEANIA,THAILAND,DENV4-I,set1
D/01369/04,DENV4/THAILAND/2004/01369/04,THAILAND,THAILAND,DENV4,2004,THAILAND,ASIA/OCEANIA,THAILAND,DENV4-I,set1
D/01388/04,DENV4/THAILAND/2004/01388/04,THAILAND,THAILAND,DENV4,2004,THAILAND,ASIA/OCEANIA,THAILAND,DENV4-I,NA
D/01515/04,DENV4/THAILAND/2004/01515/04,THAILAND,THAILAND,DENV4,2004,THAILAND,ASIA/OCEANIA,THAILAND,DENV4-I,NA
D/01544/04,DENV4/THAILAND/2004/01544/04,THAILAND,THAILAND,DENV4,2004,THAILAND,ASIA/OCEANIA,THAILAND,DENV4-I,set4
D/01622/04,DENV4/THAILAND/2004/01622/04,THAILAND,THAILAND,DENV4,2004,THAILAND,ASIA/OCEANIA,THAILAND,DENV4-I,NA
D/01639/04,DENV4/THAILAND/2004/01639/04,THAILAND,THAILAND,DENV4,2004,THAILAND,ASIA/OCEANIA,THAILAND,DENV4-I,NA
D/01645/04,DENV4/THAILAND/2004/01645/04,THAILAND,THAILAND,DENV4,2004,THAILAND,ASIA/OCEANIA,THAILAND,DENV4-I,NA
D/01660/04,DENV4/THAILAND/2004/01660/04,THAILAND,THAILAND,DENV4,2004,THAILAND,ASIA/OCEANIA,THAILAND,DENV4-I,NA
D/01719/04,DENV4/THAILAND/2004/01719/04,THAILAND,THAILAND,DENV4,2004,THAILAND,ASIA/OCEANIA,THAILAND,DENV4-I,NA
D/01769/04,DENV4/THAILAND/2004/01769/04,THAILAND,THAILAND,DENV4,2004,THAILAND,ASIA/OCEANIA,THAILAND,DENV4-I,NA
D/00201/05,DENV4/THAILAND/2005/00201/05,THAILAND,THAILAND,DENV4,2005,THAILAND,ASIA/OCEANIA,THAILAND,DENV4-I,set3
D/00460/05,DENV4/THAILAND/2005/00460/05,THAILAND,THAILAND,DENV4,2005,THAILAND,ASIA/OCEANIA,THAILAND,DENV4-I,NA
D/00523/05,DENV4/THAILAND/2005/00523/05,THAILAND,THAILAND,DENV4,2005,THAILAND,ASIA/OCEANIA,THAILAND,DENV4-I,NA
D/00558/05,DENV4/THAILAND/2005/00558/05,THAILAND,THAILAND,DENV4,2005,THAILAND,ASIA/OCEANIA,THAILAND,DENV4-I,NA
D/00581/05,DENV4/THAILAND/2005/00581/05,THAILAND,THAILAND,DENV4,2005,THAILAND,ASIA/OCEANIA,THAILAND,DENV4-I,NA
D/00588/05,DENV4/THAILAND/2005/00588/05,THAILAND,THAILAND,DENV4,2005,THAILAND,ASIA/OCEANIA,THAILAND,DENV4-I,NA
D/00618/05,DENV4/THAILAND/2005/00618/05,THAILAND,THAILAND,DENV4,2005,THAILAND,ASIA/OCEANIA,THAILAND,DENV4-I,NA
D/00646/05,DENV4/THAILAND/2005/00646/05,THAILAND,THAILAND,DENV4,2005,THAILAND,ASIA/OCEANIA,THAILAND,DENV4-III,NA
D/00653/05,DENV4/THAILAND/2005/00653/05,THAILAND,THAILAND,DENV4,2005,THAILAND,ASIA/OCEANIA,THAILAND,DENV4-I,NA
D/00700/05,DENV4/THAILAND/2005/00700/05,THAILAND,THAILAND,DENV4,2005,THAILAND,ASIA/OCEANIA,THAILAND,DENV4-I,NA
D/00714/05,DENV4/THAILAND/2005/00714/05,THAILAND,THAILAND,DENV4,2005,THAILAND,ASIA/OCEANIA,THAILAND,DENV4-I,NA
D/00762/05,DENV4/THAILAND/2005/00762/05,THAILAND,THAILAND,DENV4,2005,THAILAND,ASIA/OCEANIA,THAILAND,DENV4-I,NA
D/00775/05,DENV4/THAILAND/2005/00775/05,THAILAND,THAILAND,DENV4,2005,THAILAND,ASIA/OCEANIA,THAILAND,DENV4-I,NA
D/00820/05,DENV4/THAILAND/2005/00820/05,THAILAND,THAILAND,DENV4,2005,THAILAND,ASIA/OCEANIA,THAILAND,DENV4-I,NA
D/00854/05,DENV4/THAILAND/2005/00854/05,THAILAND,THAILAND,DENV4,2005,THAILAND,ASIA/OCEANIA,THAILAND,DENV4-I,NA
D/00882/05,DENV4/THAILAND/2005/00882/05,THAILAND,THAILAND,DENV4,2005,THAILAND,ASIA/OCEANIA,THAILAND,DENV4-I,NA
D/00943/05,DENV4/THAILAND/2005/00943/05,THAILAND,THAILAND,DENV4,2005,THAILAND,ASIA/OCEANIA,THAILAND,DENV4-I,NA
D/00993/05,DENV4/THAILAND/2005/00993/05,THAILAND,THAILAND,DENV4,2005,THAILAND,ASIA/OCEANIA,THAILAND,DENV4-I,NA
D/01009/05,DENV4/THAILAND/2005/01009/05,THAILAND,THAILAND,DENV4,2005,THAILAND,ASIA/OCEANIA,THAILAND,DENV4-I,NA
D/01055/05,DENV4/THAILAND/2005/01055/05,THAILAND,THAILAND,DENV4,2005,THAILAND,ASIA/OCEANIA,THAILAND,DENV4-I,NA
D/01320/05,DENV4/THAILAND/2005/01320/05,THAILAND,THAILAND,DENV4,2005,THAILAND,ASIA/OCEANIA,THAILAND,DENV4-I,NA
D/01494/05,DENV4/THAILAND/2005/01494/05,THAILAND,THAILAND,DENV4,2005,THAILAND,ASIA/OCEANIA,THAILAND,DENV4-I,NA
D/00047/06,DENV4/THAILAND/2006/00047/06,THAILAND,THAILAND,DENV4,2006,THAILAND,ASIA/OCEANIA,THAILAND,DENV4-I,set2
D/00109/06,DENV4/THAILAND/2006/00109/06,THAILAND,THAILAND,DENV4,2006,THAILAND,ASIA/OCEANIA,THAILAND,DENV4-I,NA
D/00171/06,DENV4/THAILAND/2006/00171/06,THAILAND,THAILAND,DENV4,2006,THAILAND,ASIA/OCEANIA,THAILAND,DENV4-I,NA
D/00176/06,DENV4/THAILAND/2006/00176/06,THAILAND,THAILAND,DENV4,2006,THAILAND,ASIA/OCEANIA,THAILAND,DENV4-I,NA
D/00189/06,DENV4/THAILAND/2006/00189/06,THAILAND,THAILAND,DENV4,2006,THAILAND,ASIA/OCEANIA,THAILAND,DENV4-I,set1
D/00225/06,DENV4/THAILAND/2006/00225/06,THAILAND,THAILAND,DENV4,2006,THAILAND,ASIA/OCEANIA,THAILAND,DENV4-I,NA
D/00234/06,DENV4/THAILAND/2006/00234/06,THAILAND,THAILAND,DENV4,2006,THAILAND,ASIA/OCEANIA,THAILAND,DENV4-I,NA
D/00270/06,DENV4/THAILAND/2006/00270/06,THAILAND,THAILAND,DENV4,2006,THAILAND,ASIA/OCEANIA,THAILAND,DENV4-I,NA
D/00311/06,DENV4/THAILAND/2006/00311/06,THAILAND,THAILAND,DENV4,2006,THAILAND,ASIA/OCEANIA,THAILAND,DENV4-I,NA
D/00356/06,DENV4/THAILAND/2006/00356/06,THAILAND,THAILAND,DENV4,2006,THAILAND,ASIA/OCEANIA,THAILAND,DENV4-I,set1
D/00367/06,DENV4/THAILAND/2006/00367/06,THAILAND,THAILAND,DENV4,2006,THAILAND,ASIA/OCEANIA,THAILAND,DENV4-I,NA
D/00370/06,DENV4/THAILAND/2006/00370/06,THAILAND,THAILAND,DENV4,2006,THAILAND,ASIA/OCEANIA,THAILAND,DENV4-I,NA
D/00394/06,DENV4/THAILAND/2006/00394/06,THAILAND,THAILAND,DENV4,2006,THAILAND,ASIA/OCEANIA,THAILAND,DENV4-I,NA
D/00395/06,DENV4/THAILAND/2006/00395/06,THAILAND,THAILAND,DENV4,2006,THAILAND,ASIA/OCEANIA,THAILAND,DENV4-I,NA
D/00409/06,DENV4/THAILAND/2006/00409/06,THAILAND,THAILAND,DENV4,2006,THAILAND,ASIA/OCEANIA,THAILAND,DENV4-I,NA
D/00410/06,DENV4/THAILAND/2006/00410/06,THAILAND,THAILAND,DENV4,2006,THAILAND,ASIA/OCEANIA,THAILAND,DENV4-I,NA
D/00420/06,DENV4/THAILAND/2006/00420/06,THAILAND,THAILAND,DENV4,2006,THAILAND,ASIA/OCEANIA,THAILAND,DENV4-I,NA
D/00426/06,DENV4/THAILAND/2006/00426/06,THAILAND,THAILAND,DENV4,2006,THAILAND,ASIA/OCEANIA,THAILAND,DENV4-I,NA
D/00464/06,DENV4/THAILAND/2006/00464/06,THAILAND,THAILAND,DENV4,2006,THAILAND,ASIA/OCEANIA,THAILAND,DENV4-I,NA
D/00512/06,DENV4/THAILAND/2006/00512/06,THAILAND,THAILAND,DENV4,2006,THAILAND,ASIA/OCEANIA,THAILAND,DENV4-I,NA
D/00524/06,DENV4/THAILAND/2006/00524/06,THAILAND,THAILAND,DENV4,2006,THAILAND,ASIA/OCEANIA,THAILAND,DENV4-I,NA
D/00532/06,DENV4/THAILAND/2006/00532/06,THAILAND,THAILAND,DENV4,2006,THAILAND,ASIA/OCEANIA,THAILAND,DENV4-I,NA
D/00533/06,DENV4/THAILAND/2006/00533/06,THAILAND,THAILAND,DENV4,2006,THAILAND,ASIA/OCEANIA,THAILAND,DENV4-I,set2
D/00559/06,DENV4/THAILAND/2006/00559/06,THAILAND,THAILAND,DENV4,2006,THAILAND,ASIA/OCEANIA,THAILAND,DENV4-I,NA
D/00578/06,DENV4/THAILAND/2006/00578/06,THAILAND,THAILAND,DENV4,2006,THAILAND,ASIA/OCEANIA,THAILAND,DENV4-I,set2
D/00584/06,DENV4/THAILAND/2006/00584/06,THAILAND,THAILAND,DENV4,2006,THAILAND,ASIA/OCEANIA,THAILAND,DENV4-I,NA
D/00585/06,DENV4/THAILAND/2006/00585/06,THAILAND,THAILAND,DENV4,2006,THAILAND,ASIA/OCEANIA,THAILAND,DENV4-I,NA
D/00599/06,DENV4/THAILAND/2006/00599/06,THAILAND,THAILAND,DENV4,2006,THAILAND,ASIA/OCEANIA,THAILAND,DENV4-I,NA
D/00617/06,DENV4/THAILAND/2006/00617/06,THAILAND,THAILAND,DENV4,2006,THAILAND,ASIA/OCEANIA,THAILAND,DENV4-I,set1
D/00619/06,DENV4/THAILAND/2006/00619/06,THAILAND,THAILAND,DENV4,2006,THAILAND,ASIA/OCEANIA,THAILAND,DENV4-I,NA
D/00632/06,DENV4/THAILAND/2006/00632/06,THAILAND,THAILAND,DENV4,2006,THAILAND,ASIA/OCEANIA,THAILAND,DENV4-I,NA
D/00650/06,DENV4/THAILAND/2006/00650/06,THAILAND,THAILAND,DENV4,2006,THAILAND,ASIA/OCEANIA,THAILAND,DENV4-I,NA
D/00705/06,DENV4/THAILAND/2006/00705/06,THAILAND,THAILAND,DENV4,2006,THAILAND,ASIA/OCEANIA,THAILAND,DENV4-I,NA
D/00759/06,DENV4/THAILAND/2006/00759/06,THAILAND,THAILAND,DENV4,2006,THAILAND,ASIA/OCEANIA,THAILAND,DENV4-I,NA
D/00779/06,DENV4/THAILAND/2006/00779/06,THAILAND,THAILAND,DENV4,2006,THAILAND,ASIA/OCEANIA,THAILAND,DENV4-I,NA
D/00810/06,DENV4/THAILAND/2006/00810/06,THAILAND,THAILAND,DENV4,2006,THAILAND,ASIA/OCEANIA,THAILAND,DENV4-I,NA
D/00837/06,DENV4/THAILAND/2006/00837/06,THAILAND,THAILAND,DENV4,2006,THAILAND,ASIA/OCEANIA,THAILAND,DENV4-I,NA
D/00842/06,DENV4/THAILAND/2006/00842/06,THAILAND,THAILAND,DENV4,2006,THAILAND,ASIA/OCEANIA,THAILAND,DENV4-I,NA
D/01107/06,DENV4/THAILAND/2006/01107/06,THAILAND,THAILAND,DENV4,2006,THAILAND,ASIA/OCEANIA,THAILAND,DENV4-I,NA
D/01174/06,DENV4/THAILAND/2006/01174/06,THAILAND,THAILAND,DENV4,2006,THAILAND,ASIA/OCEANIA,THAILAND,DENV4-I,NA
D/01244/06,DENV4/THAILAND/2006/01244/06,THAILAND,THAILAND,DENV4,2006,THAILAND,ASIA/OCEANIA,THAILAND,DENV4-I,NA
D/01258/06,DENV4/THAILAND/2006/01258/06,THAILAND,THAILAND,DENV4,2006,THAILAND,ASIA/OCEANIA,THAILAND,DENV4-I,NA
D/01261/06,DENV4/THAILAND/2006/01261/06,THAILAND,THAILAND,DENV4,2006,THAILAND,ASIA/OCEANIA,THAILAND,DENV4-I,NA
D/01270/06,DENV4/THAILAND/2006/01270/06,THAILAND,THAILAND,DENV4,2006,THAILAND,ASIA/OCEANIA,THAILAND,DENV4-I,NA
D/01271/06,DENV4/THAILAND/2006/01271/06,THAILAND,THAILAND,DENV4,2006,THAILAND,ASIA/OCEANIA,THAILAND,DENV4-I,NA
D/01278/06,DENV4/THAILAND/2006/01278/06,THAILAND,THAILAND,DENV4,2006,THAILAND,ASIA/OCEANIA,THAILAND,DENV4-I,NA
D/01295/06,DENV4/THAILAND/2006/01295/06,THAILAND,THAILAND,DENV4,2006,THAILAND,ASIA/OCEANIA,THAILAND,DENV4-I,NA
D/01374/06,DENV4/THAILAND/2006/01374/06,THAILAND,THAILAND,DENV4,2006,THAILAND,ASIA/OCEANIA,THAILAND,DENV4-I,NA
D/01382/06,DENV4/THAILAND/2006/01382/06,THAILAND,THAILAND,DENV4,2006,THAILAND,ASIA/OCEANIA,THAILAND,DENV4-I,NA
D/01405/06,DENV4/THAILAND/2006/01405/06,THAILAND,THAILAND,DENV4,2006,THAILAND,ASIA/OCEANIA,THAILAND,DENV4-I,NA
D/01479/06,DENV4/THAILAND/2006/01479/06,THAILAND,THAILAND,DENV4,2006,THAILAND,ASIA/OCEANIA,THAILAND,DENV4-I,NA
D/01579/06,DENV4/THAILAND/2006/01579/06,THAILAND,THAILAND,DENV4,2006,THAILAND,ASIA/OCEANIA,THAILAND,DENV4-I,NA
D/01594/06,DENV4/THAILAND/2006/01594/06,THAILAND,THAILAND,DENV4,2006,THAILAND,ASIA/OCEANIA,THAILAND,DENV4-I,NA
D/01647/06,DENV4/THAILAND/2006/01647/06,THAILAND,THAILAND,DENV4,2006,THAILAND,ASIA/OCEANIA,THAILAND,DENV4-I,NA
D/01711/06,DENV4/THAILAND/2006/01711/06,THAILAND,THAILAND,DENV4,2006,THAILAND,ASIA/OCEANIA,THAILAND,DENV4-I,NA
D/01782/06,DENV4/THAILAND/2006/01782/06,THAILAND,THAILAND,DENV4,2006,THAILAND,ASIA/OCEANIA,THAILAND,DENV4-I,NA
D/01837/06,DENV4/THAILAND/2006/01837/06,THAILAND,THAILAND,DENV4,2006,THAILAND,ASIA/OCEANIA,THAILAND,DENV4-I,NA
D/01862/06,DENV4/THAILAND/2006/01862/06,THAILAND,THAILAND,DENV4,2006,THAILAND,ASIA/OCEANIA,THAILAND,DENV4-I,NA
D/01881/06,DENV4/THAILAND/2006/01881/06,THAILAND,THAILAND,DENV4,2006,THAILAND,ASIA/OCEANIA,THAILAND,DENV4-I,set4
D/01928/06,DENV4/THAILAND/2006/01928/06,THAILAND,THAILAND,DENV4,2006,THAILAND,ASIA/OCEANIA,THAILAND,DENV4-I,NA
D/01938/06,DENV4/THAILAND/2006/01938/06,THAILAND,THAILAND,DENV4,2006,THAILAND,ASIA/OCEANIA,THAILAND,DENV4-I,NA
D/01944/06,DENV4/THAILAND/2006/01944/06,THAILAND,THAILAND,DENV4,2006,THAILAND,ASIA/OCEANIA,THAILAND,DENV4-I,NA
D/02183/06,DENV4/THAILAND/2006/02183/06,THAILAND,THAILAND,DENV4,2006,THAILAND,ASIA/OCEANIA,THAILAND,DENV4-I,NA
D/02187/06,DENV4/THAILAND/2006/02187/06,THAILAND,THAILAND,DENV4,2006,THAILAND,ASIA/OCEANIA,THAILAND,DENV4-I,NA
D/02190/06,DENV4/THAILAND/2006/02190/06,THAILAND,THAILAND,DENV4,2006,THAILAND,ASIA/OCEANIA,THAILAND,DENV4-I,set1
D/02192/06,DENV4/THAILAND/2006/02192/06,THAILAND,THAILAND,DENV4,2006,THAILAND,ASIA/OCEANIA,THAILAND,DENV4-I,NA
D/02194/06,DENV4/THAILAND/2006/02194/06,THAILAND,THAILAND,DENV4,2006,THAILAND,ASIA/OCEANIA,THAILAND,DENV4-I,NA
D/02197/06,DENV4/THAILAND/2006/02197/06,THAILAND,THAILAND,DENV4,2006,THAILAND,ASIA/OCEANIA,THAILAND,DENV4-I,NA
D/02198/06,DENV4/THAILAND/2006/02198/06,THAILAND,THAILAND,DENV4,2006,THAILAND,ASIA/OCEANIA,THAILAND,DENV4-I,NA
D/02286/06,DENV4/THAILAND/2006/02286/06,THAILAND,THAILAND,DENV4,2006,THAILAND,ASIA/OCEANIA,THAILAND,DENV4-I,NA
D/02383/06,DENV4/THAILAND/2006/02383/06,THAILAND,THAILAND,DENV4,2006,THAILAND,ASIA/OCEANIA,THAILAND,DENV4-I,NA
D/02385/06,DENV4/THAILAND/2006/02385/06,THAILAND,THAILAND,DENV4,2006,THAILAND,ASIA/OCEANIA,THAILAND,DENV4-I,NA
D/02456/06,DENV4/THAILAND/2006/02456/06,THAILAND,THAILAND,DENV4,2006,THAILAND,ASIA/OCEANIA,THAILAND,DENV4-I,NA
D/02498/06,DENV4/THAILAND/2006/02498/06,THAILAND,THAILAND,DENV4,2006,THAILAND,ASIA/OCEANIA,THAILAND,DENV4-I,NA
D/02540/06,DENV4/THAILAND/2006/02540/06,THAILAND,THAILAND,DENV4,2006,THAILAND,ASIA/OCEANIA,THAILAND,DENV4-I,set4
D/02586/06,DENV4/THAILAND/2006/02586/06,THAILAND,THAILAND,DENV4,2006,THAILAND,ASIA/OCEANIA,THAILAND,DENV4-I,NA
D/02606/06,DENV4/THAILAND/2006/02606/06,THAILAND,THAILAND,DENV4,2006,THAILAND,ASIA/OCEANIA,THAILAND,DENV4-I,NA
D/02674/06,DENV4/THAILAND/2006/02674/06,THAILAND,THAILAND,DENV4,2006,THAILAND,ASIA/OCEANIA,THAILAND,DENV4-I,NA
D/02700/06,DENV4/THAILAND/2006/02700/06,THAILAND,THAILAND,DENV4,2006,THAILAND,ASIA/OCEANIA,THAILAND,DENV4-I,NA
D/02720/06,DENV4/THAILAND/2006/02720/06,THAILAND,THAILAND,DENV4,2006,THAILAND,ASIA/OCEANIA,THAILAND,DENV4-I,NA
D/02749/06,DENV4/THAILAND/2006/02749/06,THAILAND,THAILAND,DENV4,2006,THAILAND,ASIA/OCEANIA,THAILAND,DENV4-I,NA
D/02852/06,DENV4/THAILAND/2006/02852/06,THAILAND,THAILAND,DENV4,2006,THAILAND,ASIA/OCEANIA,THAILAND,DENV4-I,NA
D/00119/07,DENV4/THAILAND/2007/00119/07,THAILAND.post,THAILAND,DENV4,2007,THAILAND,ASIA/OCEANIA,THAILAND,DENV4-I,set4
D/00307/07,DENV4/THAILAND/2007/00307/07,THAILAND.post,THAILAND,DENV4,2007,THAILAND,ASIA/OCEANIA,THAILAND,DENV4-I,NA
D/00348/07,DENV4/THAILAND/2007/00348/07,THAILAND.post,THAILAND,DENV4,2007,THAILAND,ASIA/OCEANIA,THAILAND,DENV4-I,NA
D/00433/07,DENV4/THAILAND/2007/00433/07,THAILAND.post,THAILAND,DENV4,2007,THAILAND,ASIA/OCEANIA,THAILAND,DENV4-I,NA
D/00504/07,DENV4/THAILAND/2007/00504/07,THAILAND.post,THAILAND,DENV4,2007,THAILAND,ASIA/OCEANIA,THAILAND,DENV4-I,set4
D/00694/07,DENV4/THAILAND/2007/00694/07,THAILAND.post,THAILAND,DENV4,2007,THAILAND,ASIA/OCEANIA,THAILAND,DENV4-I,set4
D/01101/07,DENV4/THAILAND/2007/01101/07,THAILAND.post,THAILAND,DENV4,2007,THAILAND,ASIA/OCEANIA,THAILAND,DENV4-I,set3
D/01118/07,DENV4/THAILAND/2007/01118/07,THAILAND.post,THAILAND,DENV4,2007,THAILAND,ASIA/OCEANIA,THAILAND,DENV4-I,set6
D/01130/07,DENV4/THAILAND/2007/01130/07,THAILAND.post,THAILAND,DENV4,2007,THAILAND,ASIA/OCEANIA,THAILAND,DENV4-I,NA
D/01391/07,DENV4/THAILAND/2007/01391/07,THAILAND.post,THAILAND,DENV4,2007,THAILAND,ASIA/OCEANIA,THAILAND,DENV4-I,set3
D/01402/07,DENV4/THAILAND/2007/01402/07,THAILAND.post,THAILAND,DENV4,2007,THAILAND,ASIA/OCEANIA,THAILAND,DENV4-I,NA
D/01458/07,DENV4/THAILAND/2007/01458/07,THAILAND.post,THAILAND,DENV4,2007,THAILAND,ASIA/OCEANIA,THAILAND,DENV4-I,NA
D/01570/07,DENV4/THAILAND/2007/01570/07,THAILAND.post,THAILAND,DENV4,2007,THAILAND,ASIA/OCEANIA,THAILAND,DENV4-I,NA
D/01840/07,DENV4/THAILAND/2007/01840/07,THAILAND.post,THAILAND,DENV4,2007,THAILAND,ASIA/OCEANIA,THAILAND,DENV4-I,set6
D/01923/07,DENV4/THAILAND/2007/01923/07,THAILAND.post,THAILAND,DENV4,2007,THAILAND,ASIA/OCEANIA,THAILAND,DENV4-I,NA
D/01991/07,DENV4/THAILAND/2007/01991/07,THAILAND.post,THAILAND,DENV4,2007,THAILAND,ASIA/OCEANIA,THAILAND,DENV4-I,set6
D/01993/07,DENV4/THAILAND/2007/01993/07,THAILAND.post,THAILAND,DENV4,2007,THAILAND,ASIA/OCEANIA,THAILAND,DENV4-I,set2
D/02204/07,DENV4/THAILAND/2007/02204/07,THAILAND.post,THAILAND,DENV4,2007,THAILAND,ASIA/OCEANIA,THAILAND,DENV4-I,NA
D/02392/07,DENV4/THAILAND/2007/02392/07,THAILAND.post,THAILAND,DENV4,2007,THAILAND,ASIA/OCEANIA,THAILAND,DENV4-I,set4
D/00274/08,DENV4/THAILAND/2008/00274/08,THAILAND.post,THAILAND,DENV4,2008,THAILAND,ASIA/OCEANIA,THAILAND,DENV4-I,set6
D/00447/08,DENV4/THAILAND/2008/00447/08,THAILAND.post,THAILAND,DENV4,2008,THAILAND,ASIA/OCEANIA,THAILAND,DENV4-I,NA
D/00471/08,DENV4/THAILAND/2008/00471/08,THAILAND.post,THAILAND,DENV4,2008,THAILAND,ASIA/OCEANIA,THAILAND,DENV4-I,set6
D/00744/08,DENV4/THAILAND/2008/00744/08,THAILAND.post,THAILAND,DENV4,2008,THAILAND,ASIA/OCEANIA,THAILAND,DENV4-I,NA
D/01268/08,DENV4/THAILAND/2008/01268/08,THAILAND.post,THAILAND,DENV4,2008,THAILAND,ASIA/OCEANIA,THAILAND,DENV4-I,NA
D/01284/08,DENV4/THAILAND/2008/01284/08,THAILAND.post,THAILAND,DENV4,2008,THAILAND,ASIA/OCEANIA,THAILAND,DENV4-I,NA
D/01380/08,DENV4/THAILAND/2008/01380/08,THAILAND.post,THAILAND,DENV4,2008,THAILAND,ASIA/OCEANIA,THAILAND,DENV4-I,set3
D/01387/08,DENV4/THAILAND/2008/01387/08,THAILAND.post,THAILAND,DENV4,2008,THAILAND,ASIA/OCEANIA,THAILAND,DENV4-I,set2
D/01810/08,DENV4/THAILAND/2008/01810/08,THAILAND.post,THAILAND,DENV4,2008,THAILAND,ASIA/OCEANIA,THAILAND,DENV4-I,NA
D/02023/08,DENV4/THAILAND/2008/02023/08,THAILAND.post,THAILAND,DENV4,2008,THAILAND,ASIA/OCEANIA,THAILAND,DENV4-I,set6
D/00781/09,DENV4/THAILAND/2009/00781/09,THAILAND.post,THAILAND,DENV4,2009,THAILAND,ASIA/OCEANIA,THAILAND,DENV4-I,set6
D/01432/09,DENV4/THAILAND/2009/01432/09,THAILAND.post,THAILAND,DENV4,2009,THAILAND,ASIA/OCEANIA,THAILAND,DENV4-I,set6
D/01559/09,DENV4/THAILAND/2009/01559/09,THAILAND.post,THAILAND,DENV4,2009,THAILAND,ASIA/OCEANIA,THAILAND,DENV4-I,set6
D/00249/10,DENV4/THAILAND/2010/00249/10,THAILAND.post,THAILAND,DENV4,2010,THAILAND,ASIA/OCEANIA,THAILAND,DENV4-I,set4
D/00283/10,DENV4/THAILAND/2010/00283/10,THAILAND.post,THAILAND,DENV4,2010,THAILAND,ASIA/OCEANIA,THAILAND,DENV4-I,set4
D/00780/10,DENV4/THAILAND/2010/00780/10,THAILAND.post,THAILAND,DENV4,2010,THAILAND,ASIA/OCEANIA,THAILAND,DENV4-I,set6
D/01270/10,DENV4/THAILAND/2010/01270/10,THAILAND.post,THAILAND,DENV4,2010,THAILAND,ASIA/OCEANIA,THAILAND,DENV4-I,set6
D/01344/10,DENV4/THAILAND/2010/01344/10,THAILAND.post,THAILAND,DENV4,2010,THAILAND,ASIA/OCEANIA,THAILAND,DENV4-I,NA
D/01386/10,DENV4/THAILAND/2010/01386/10,THAILAND.post,THAILAND,DENV4,2010,THAILAND,ASIA/OCEANIA,THAILAND,DENV4-I,NA
D/01513/10,DENV4/THAILAND/2010/01513/10,THAILAND.post,THAILAND,DENV4,2010,THAILAND,ASIA/OCEANIA,THAILAND,DENV4-I,set5
D/01677/10,DENV4/THAILAND/2010/01677/10,THAILAND.post,THAILAND,DENV4,2010,THAILAND,ASIA/OCEANIA,THAILAND,DENV4-I,set6
D/00116/11,DENV4/THAILAND/2011/00116/11,THAILAND.post,THAILAND,DENV4,2011,THAILAND,ASIA/OCEANIA,THAILAND,DENV4-I,NA
D/00251/11,DENV4/THAILAND/2011/00251/11,THAILAND.post,THAILAND,DENV4,2011,THAILAND,ASIA/OCEANIA,THAILAND,DENV4-I,set6
D/00257/11,DENV4/THAILAND/2011/00257/11,THAILAND.post,THAILAND,DENV4,2011,THAILAND,ASIA/OCEANIA,THAILAND,DENV4-I,set6
D/00369/11,DENV4/THAILAND/2011/00369/11,THAILAND.post,THAILAND,DENV4,2011,THAILAND,ASIA/OCEANIA,THAILAND,DENV4-I,set5
D/00477/11,DENV4/THAILAND/2011/00477/11,THAILAND.post,THAILAND,DENV4,2011,THAILAND,ASIA/OCEANIA,THAILAND,DENV4-I,set6
D/00630/11,DENV4/THAILAND/2011/00630/11,THAILAND.post,THAILAND,DENV4,2011,THAILAND,ASIA/OCEANIA,THAILAND,DENV4-I,NA
D/00697/11,DENV4/THAILAND/2011/00697/11,THAILAND.post,THAILAND,DENV4,2011,THAILAND,ASIA/OCEANIA,THAILAND,DENV4-I,NA
D/00112/12,DENV4/THAILAND/2012/00112/12,THAILAND.post,THAILAND,DENV4,2012,THAILAND,ASIA/OCEANIA,THAILAND,DENV4-I,set6
D/00637/12,DENV4/THAILAND/2012/00637/12,THAILAND.post,THAILAND,DENV4,2012,THAILAND,ASIA/OCEANIA,THAILAND,DENV4-I,set6
D/01104/12,DENV4/THAILAND/2012/01104/12,THAILAND.post,THAILAND,DENV4,2012,THAILAND,ASIA/OCEANIA,THAILAND,DENV4-I,set5
D/00152/13,DENV4/THAILAND/2013/00152/13,THAILAND.post,THAILAND,DENV4,2013,THAILAND,ASIA/OCEANIA,THAILAND,DENV4-I,NA
D/00300/13,DENV4/THAILAND/2013/00300/13,THAILAND.post,THAILAND,DENV4,2013,THAILAND,ASIA/OCEANIA,THAILAND,DENV4-I,set6
D/00691/13,DENV4/THAILAND/2013/00691/13,THAILAND.post,THAILAND,DENV4,2013,THAILAND,ASIA/OCEANIA,THAILAND,DENV4-I,set5
D/00789/13,DENV4/THAILAND/2013/00789/13,THAILAND.post,THAILAND,DENV4,2013,THAILAND,ASIA/OCEANIA,THAILAND,DENV4-I,NA
D/00801/13,DENV4/THAILAND/2013/00801/13,THAILAND.post,THAILAND,DENV4,2013,THAILAND,ASIA/OCEANIA,THAILAND,DENV4-I,set6
D/00835/13,DENV4/THAILAND/2013/00835/13,THAILAND.post,THAILAND,DENV4,2013,THAILAND,ASIA/OCEANIA,THAILAND,DENV4-I,NA
D/01012/13,DENV4/THAILAND/2013/01012/13,THAILAND.post,THAILAND,DENV4,2013,THAILAND,ASIA/OCEANIA,THAILAND,DENV4-I,set6
D/01211/13,DENV4/THAILAND/2013/01211/13,THAILAND.post,THAILAND,DENV4,2013,THAILAND,ASIA/OCEANIA,THAILAND,DENV4-I,NA
D/01389/13,DENV4/THAILAND/2013/01389/13,THAILAND.post,THAILAND,DENV4,2013,THAILAND,ASIA/OCEANIA,THAILAND,DENV4-I,NA
D/00214/14,DENV4/THAILAND/2014/00214/14,THAILAND.post,THAILAND,DENV4,2014,THAILAND,ASIA/OCEANIA,THAILAND,DENV4-I,set5
D/00365/14,DENV4/THAILAND/2014/00365/14,THAILAND.post,THAILAND,DENV4,2014,THAILAND,ASIA/OCEANIA,THAILAND,DENV4-I,NA
D/00385/14,DENV4/THAILAND/2014/00385/14,THAILAND.post,THAILAND,DENV4,2014,THAILAND,ASIA/OCEANIA,THAILAND,DENV4-I,NA
D/00514/14,DENV4/THAILAND/2014/00514/14,THAILAND.post,THAILAND,DENV4,2014,THAILAND,ASIA/OCEANIA,THAILAND,DENV4-I,NA
D/00555/14,DENV4/THAILAND/2014/00555/14,THAILAND.post,THAILAND,DENV4,2014,THAILAND,ASIA/OCEANIA,THAILAND,DENV4-I,set6
D/00575/14,DENV4/THAILAND/2014/00575/14,THAILAND.post,THAILAND,DENV4,2014,THAILAND,ASIA/OCEANIA,THAILAND,DENV4-I,NA
D/00595/14,DENV4/THAILAND/2014/00595/14,THAILAND.post,THAILAND,DENV4,2014,THAILAND,ASIA/OCEANIA,THAILAND,DENV4-I,set6
D/00615/14,DENV4/THAILAND/2014/00615/14,THAILAND.post,THAILAND,DENV4,2014,THAILAND,ASIA/OCEANIA,THAILAND,DENV4-I,set6
D/00685/14,DENV4/THAILAND/2014/00685/14,THAILAND.post,THAILAND,DENV4,2014,THAILAND,ASIA/OCEANIA,THAILAND,DENV4-I,NA
D/00728/14,DENV4/THAILAND/2014/00728/14,THAILAND.post,THAILAND,DENV4,2014,THAILAND,ASIA/OCEANIA,THAILAND,DENV4-I,NA
D/00752/14,DENV4/THAILAND/2014/00752/14,THAILAND.post,THAILAND,DENV4,2014,THAILAND,ASIA/OCEANIA,THAILAND,DENV4-I,NA
D/00777/14,DENV4/THAILAND/2014/00777/14,THAILAND.post,THAILAND,DENV4,2014,THAILAND,ASIA/OCEANIA,THAILAND,DENV4-I,NA
D/00789/14,DENV4/THAILAND/2014/00789/14,THAILAND.post,THAILAND,DENV4,2014,THAILAND,ASIA/OCEANIA,THAILAND,DENV4-I,NA