,DENV1/BOLIVIA/2010/FSB-3363,DENV1/CAMBODIA/2003/FJ639680,DENV1/CAMBODIA/2003/GQ868619,DENV1/CAMBODIA/2006/FJ639687,DENV1/CAMBODIA/2007/FJ639693,DENV1/CAMBODIA/2007/FJ639696,DENV1/MYANMAR/2005/61117,DENV1/NAURU/1974/RDENV1-WP-1A,DENV1/PERU/2000/IQT-6152,DENV1/PUERTORICO/2006/BID-V852,DENV1/THAILAND/1964/16007,DENV1/THAILAND/1980/00633/80,DENV1/THAILAND/1980/01738/80,DENV1/THAILAND/1980/03228/80,DENV1/THAILAND/1982/00437/82,DENV1/THAILAND/1983/00493/83,DENV1/THAILAND/1994/00532/94,DENV1/THAILAND/1994/00817/94,DENV1/THAILAND/1994/01495/94,DENV1/THAILAND/1995/00229/95,DENV1/THAILAND/1995/00257/95,DENV1/THAILAND/1995/00288/95,DENV1/THAILAND/1995/00410/95,DENV1/THAILAND/1996/00942/96,DENV1/THAILAND/1996/01231/96,DENV1/THAILAND/1997/00382/97,DENV1/THAILAND/1997/02080/97,DENV1/THAILAND/1997/02588/97,DENV1/THAILAND/1997/04772/97,DENV1/THAILAND/1998/00141/98,DENV1/THAILAND/1998/00422/98,DENV1/THAILAND/1998/02128/98,DENV1/THAILAND/1998/06810/98,DENV1/THAILAND/1998/06870/98,DENV1/THAILAND/1999/00380/99,DENV1/THAILAND/1999/00692/99,DENV1/THAILAND/1999/03739/99,DENV1/THAILAND/2000/01236/00,DENV1/THAILAND/2000/01349/00,DENV1/THAILAND/2000/02059/00,DENV1/THAILAND/2000/05580/00,DENV1/THAILAND/2000/05899/00,DENV1/THAILAND/2001/00355/01,DENV1/THAILAND/2001/02633/01,DENV1/THAILAND/2001/04601/01,DENV1/THAILAND/2001/04774/01,DENV1/THAILAND/2002/00644/02,DENV1/THAILAND/2002/00731/02,DENV1/THAILAND/2002/01459/02,DENV1/THAILAND/2002/03030/02,DENV1/THAILAND/2004/00068/04,DENV1/THAILAND/2004/00088/04,DENV1/THAILAND/2004/00477/04,DENV1/THAILAND/2004/00479/04,DENV1/THAILAND/2004/00725/04,DENV1/THAILAND/2004/00758/04,DENV1/THAILAND/2004/00975/04,DENV1/THAILAND/2004/01420/04,DENV1/THAILAND/2004/01604/04,DENV1/THAILAND/2005/00743/05,DENV1/THAILAND/2005/00744/05,DENV1/THAILAND/2005/01040/05,DENV1/THAILAND/2006/00007/06,DENV1/THAILAND/2006/00113/06,DENV1/THAILAND/2006/00369/06,DENV1/THAILAND/2006/00371/06,DENV1/THAILAND/2006/00411/06,DENV1/THAILAND/2006/00418/06,DENV1/THAILAND/2006/00482/06,DENV1/THAILAND/2006/00555/06,DENV1/THAILAND/2006/01001/06,DENV1/THAILAND/2006/01038/06,DENV1/THAILAND/2006/01170/06,DENV1/THAILAND/2006/01332/06,DENV1/THAILAND/2006/01448/06,DENV1/THAILAND/2006/01831/06,DENV1/THAILAND/2006/01932/06,DENV1/THAILAND/2006/01934/06,DENV1/THAILAND/2006/02050/06,DENV1/THAILAND/2006/02193/06,DENV1/THAILAND/2006/02340/06,DENV1/THAILAND/2006/02509/06,DENV1/THAILAND/2007/01479/07,DENV1/THAILAND/2010/00792/10,DENV1/THAILAND/2010/01327/10,DENV1/THAILAND/2010/01510/10,DENV1/THAILAND/2010/01518/10,DENV1/THAILAND/2011/00330/11,DENV1/THAILAND/2011/00577/11,DENV1/THAILAND/2011/01392/11,DENV1/THAILAND/2011/01450/11,DENV1/THAILAND/2012/00511/12,DENV1/THAILAND/2012/00777/12,DENV1/THAILAND/2012/00829/12,DENV1/THAILAND/2012/01133/12,DENV1/THAILAND/2013/00090/13,DENV1/THAILAND/2013/00297/13,DENV1/THAILAND/2013/00343/13,DENV1/THAILAND/2013/00485/13,DENV1/THAILAND/2014/00444/14,DENV1/THAILAND/2014/00485/14,DENV1/THAILAND/2014/00554/14,DENV1/THAILAND/2014/00725/14,DENV1/VENEZUELA/2000/OBT-1298,DENV1/VIETNAM/2008/BID-V1937,DENV2/BRAZIL/2004/BR-161,DENV2/CAMBODIA/2007/FJ639717,DENV2/CAMBODIA/2007/GU131927,DENV2/CAMBODIA/2008/GQ868638,DENV2/INDIA/1974/POONA-742295,DENV2/NEWGUINEA/1944/NEWGUINEAC,DENV2/PERU/1996/IQT2913,DENV2/THAILAND/1988/05470/88,DENV2/THAILAND/1994/00126/94,DENV2/THAILAND/1994/00327/94,DENV2/THAILAND/1994/00523/94,DENV2/THAILAND/1994/01414/94,DENV2/THAILAND/1995/00773/95,DENV2/THAILAND/1995/00775/95,DENV2/THAILAND/1995/00976/95,DENV2/THAILAND/1995/01656/95,DENV2/THAILAND/1995/01800/95,DENV2/THAILAND/1996/00024/96,DENV2/THAILAND/1996/01163/96,DENV2/THAILAND/1996/01175/96,DENV2/THAILAND/1996/01309/96,DENV2/THAILAND/1996/02561/96,DENV2/THAILAND/1997/05107/97,DENV2/THAILAND/1998/00309/98,DENV2/THAILAND/1998/00441/98,DENV2/THAILAND/1998/00554/98,DENV2/THAILAND/1998/01718/98,DENV2/THAILAND/1998/04648/98,DENV2/THAILAND/1998/06160/98,DENV2/THAILAND/1998/06895/98,DENV2/THAILAND/1999/04177/99,DENV2/THAILAND/2000/00342/00,DENV2/THAILAND/2000/01695/00,DENV2/THAILAND/2000/01754/00,DENV2/THAILAND/2000/05512/00,DENV2/THAILAND/2000/05529/00,DENV2/THAILAND/2000/05855/00,DENV2/THAILAND/2000/06013/00,DENV2/THAILAND/2001/02860/01,DENV2/THAILAND/2001/02900/01,DENV2/THAILAND/2001/03244/01,DENV2/THAILAND/2001/03693/01,DENV2/THAILAND/2001/06096/01,DENV2/THAILAND/2002/00060/02,DENV2/THAILAND/2002/01050/02,DENV2/THAILAND/2002/02678/02,DENV2/THAILAND/2002/02934/02,DENV2/THAILAND/2003/01082/03,DENV2/THAILAND/2004/00159/04,DENV2/THAILAND/2004/00248/04,DENV2/THAILAND/2004/00560/04,DENV2/THAILAND/2004/00617/04,DENV2/THAILAND/2004/01224/04,DENV2/THAILAND/2004/01462/04,DENV2/THAILAND/2004/01646/04,DENV2/THAILAND/2004/01666/04,DENV2/THAILAND/2005/01495/05,DENV2/THAILAND/2005/01574/05,DENV2/THAILAND/2006/00036/06,DENV2/THAILAND/2006/00127/06,DENV2/THAILAND/2006/00444/06,DENV2/THAILAND/2006/00525/06,DENV2/THAILAND/2006/00586/06,DENV2/THAILAND/2006/00697/06,DENV2/THAILAND/2006/02337/06,DENV2/THAILAND/2007/00496/07,DENV2/THAILAND/2007/00511/07,DENV2/THAILAND/2007/02071/07,DENV2/THAILAND/2010/00791/10,DENV2/THAILAND/2010/01066/10,DENV2/THAILAND/2010/01363/10,DENV2/THAILAND/2010/01549/10,DENV2/THAILAND/2011/00220/11,DENV2/THAILAND/2011/00322/11,DENV2/THAILAND/2011/00556/11,DENV2/THAILAND/2011/01220/11,DENV2/THAILAND/2012/00144/12,DENV2/THAILAND/2012/00258/12,DENV2/THAILAND/2012/01090/12,DENV2/THAILAND/2012/01113/12,DENV2/THAILAND/2013/00058/13,DENV2/THAILAND/2013/00280/13,DENV2/THAILAND/2013/00662/13,DENV2/THAILAND/2013/00696/13,DENV2/THAILAND/2014/00016/14,DENV2/THAILAND/2014/00740/14,DENV3/CAMBODIA/2007/FJ639714,DENV3/CAMBODIA/2007/FJ639731,DENV3/CAMBODIA/2008/FJ639716,DENV3/CAMBODIA/2008/GU131905,DENV3/FIJI/1992/29472-L11422-I,DENV3/INDONESIA/1978/SLEMAN-1280-AC25,DENV3/MYANMAR/2008/80931,DENV3/NICARAGUA/2009/BID-V4753,DENV3/PUERTO-RICO/1963/PRS-228762-AC27,DENV3/PUERTORICO/2006/429965,DENV3/THAILAND/1994/00128/94,DENV3/THAILAND/1994/00255/94,DENV3/THAILAND/1994/00831/94,DENV3/THAILAND/1994/01311/94,DENV3/THAILAND/1995/00247/95,DENV3/THAILAND/1995/00631/95,DENV3/THAILAND/1995/00780/95,DENV3/THAILAND/1995/01296/95,DENV3/THAILAND/1995/01658/95,DENV3/THAILAND/1996/00833/96,DENV3/THAILAND/1996/01528/96,DENV3/THAILAND/1996/01720/96,DENV3/THAILAND/1996/01941/96,DENV3/THAILAND/1997/03080/97,DENV3/THAILAND/1998/00317/98,DENV3/THAILAND/1998/00596/98,DENV3/THAILAND/1998/02434/98,DENV3/THAILAND/1998/02551/98,DENV3/THAILAND/1998/04187/98,DENV3/THAILAND/1998/04331/98,DENV3/THAILAND/1998/04946/98,DENV3/THAILAND/1998/06070/98,DENV3/THAILAND/2000/02029/00,DENV3/THAILAND/2000/02080/00,DENV3/THAILAND/2000/02242/00,DENV3/THAILAND/2000/05443/00,DENV3/THAILAND/2000/05499/00,DENV3/THAILAND/2000/05815/00,DENV3/THAILAND/2000/06135/00,DENV3/THAILAND/2001/00152/01,DENV3/THAILAND/2001/00929/01,DENV3/THAILAND/2001/00984/01,DENV3/THAILAND/2001/03291/01,DENV3/THAILAND/2001/04045/01,DENV3/THAILAND/2001/04945/01,DENV3/THAILAND/2001/05611/01,DENV3/THAILAND/2001/06503/01,DENV3/THAILAND/2002/00059/02,DENV3/THAILAND/2002/00104/02,DENV3/THAILAND/2002/00145/02,DENV3/THAILAND/2002/00501/02,DENV3/THAILAND/2002/00536/02,DENV3/THAILAND/2002/00767/02,DENV3/THAILAND/2002/02173/02,DENV3/THAILAND/2002/03135/02,DENV3/THAILAND/2003/01619/03,DENV3/THAILAND/2003/02208/03,DENV3/THAILAND/2004/00441/04,DENV3/THAILAND/2004/00602/04,DENV3/THAILAND/2004/00991/04,DENV3/THAILAND/2004/01144/04,DENV3/THAILAND/2004/01184/04,DENV3/THAILAND/2004/01393/04,DENV3/THAILAND/2005/00806/05,DENV3/THAILAND/2005/01491/05,DENV3/THAILAND/2006/00018/06,DENV3/THAILAND/2006/00588/06,DENV3/THAILAND/2006/01067/06,DENV3/THAILAND/2006/01128/06,DENV3/THAILAND/2006/01373/06,DENV3/THAILAND/2006/01375/06,DENV3/THAILAND/2006/02042/06,DENV3/THAILAND/2006/02121/06,DENV3/THAILAND/2006/02341/06,DENV3/THAILAND/2006/02485/06,DENV3/THAILAND/2006/02678/06,DENV3/THAILAND/2006/02784/06,DENV3/THAILAND/2008/01398/08,DENV3/THAILAND/2009/00702/09,DENV3/THAILAND/2009/01231/09,DENV3/THAILAND/2010/00075/10,DENV3/THAILAND/2010/01385/10,DENV3/THAILAND/2010/01575/10,DENV3/THAILAND/2010/01601/10,DENV3/THAILAND/2011/00209/11,DENV3/THAILAND/2011/00323/11,DENV3/THAILAND/2011/01035/11,DENV3/THAILAND/2011/01278/11,DENV3/THAILAND/2012/00608/12,DENV3/THAILAND/2012/00817/12,DENV3/THAILAND/2012/01094/12,DENV3/THAILAND/2012/01106/12,DENV3/THAILAND/2013/00065/13,DENV3/THAILAND/2013/00693/13,DENV3/THAILAND/2013/00695/13,DENV3/THAILAND/2013/00910/13,DENV3/THAILAND/2014/00146/14,DENV3/THAILAND/2014/00560/14,DENV3/THAILAND/2014/00654/14,DENV3/THAILAND/2014/00739/14,DENV3/VIETNAM/2006/BID-V1329,DENV3/VIETNAM/2007/BID-V1817,DENV4/DOMINICA/1981/42A,DENV4/INDONESIA/1973/M30153-AC36,DENV4/MALAYSIA/1973/P73-1120,DENV4/MYANMAR/2008/81087,DENV4/NICARAGUA/1999/703,DENV4/THAILAND/1985/D85-052,DENV4/THAILAND/1994/00329/94,DENV4/THAILAND/1994/00615/94,DENV4/THAILAND/1995/00036/95,DENV4/THAILAND/1995/00241/95,DENV4/THAILAND/1995/00425/95,DENV4/THAILAND/1995/00458/95,DENV4/THAILAND/1995/01569/95,DENV4/THAILAND/1996/01129/96,DENV4/THAILAND/1996/01626/96,DENV4/THAILAND/1997/00049/97,DENV4/THAILAND/1997/02739/97,DENV4/THAILAND/1998/04634/98,DENV4/THAILAND/1998/04786/98,DENV4/THAILAND/1998/06181/98,DENV4/THAILAND/1998/06523/98,DENV4/THAILAND/1998/06564/98,DENV4/THAILAND/1999/04390/99,DENV4/THAILAND/2000/02021/00,DENV4/THAILAND/2000/02143/00,DENV4/THAILAND/2000/05997/00,DENV4/THAILAND/2001/00103/01,DENV4/THAILAND/2001/04134/01,DENV4/THAILAND/2001/05386/01,DENV4/THAILAND/2001/06019/01,DENV4/THAILAND/2001/06949/01,DENV4/THAILAND/2002/01222/02,DENV4/THAILAND/2002/03060/02,DENV4/THAILAND/2002/03096/02,DENV4/THAILAND/2002/03113/02,DENV4/THAILAND/2002/03169/02,DENV4/THAILAND/2003/02207/03,DENV4/THAILAND/2003/02377/03,DENV4/THAILAND/2004/00217/04,DENV4/THAILAND/2004/00624/04,DENV4/THAILAND/2004/00965/04,DENV4/THAILAND/2004/01315/04,DENV4/THAILAND/2004/01369/04,DENV4/THAILAND/2004/01544/04,DENV4/THAILAND/2005/00201/05,DENV4/THAILAND/2006/00047/06,DENV4/THAILAND/2006/00189/06,DENV4/THAILAND/2006/00356/06,DENV4/THAILAND/2006/00533/06,DENV4/THAILAND/2006/00578/06,DENV4/THAILAND/2006/00617/06,DENV4/THAILAND/2006/01881/06,DENV4/THAILAND/2006/02190/06,DENV4/THAILAND/2006/02540/06,DENV4/THAILAND/2007/00119/07,DENV4/THAILAND/2007/00504/07,DENV4/THAILAND/2007/00694/07,DENV4/THAILAND/2007/01101/07,DENV4/THAILAND/2007/01118/07,DENV4/THAILAND/2007/01391/07,DENV4/THAILAND/2007/01840/07,DENV4/THAILAND/2007/01991/07,DENV4/THAILAND/2007/01993/07,DENV4/THAILAND/2007/02392/07,DENV4/THAILAND/2008/00274/08,DENV4/THAILAND/2008/00471/08,DENV4/THAILAND/2008/01380/08,DENV4/THAILAND/2008/01387/08,DENV4/THAILAND/2008/02023/08,DENV4/THAILAND/2009/00781/09,DENV4/THAILAND/2009/01432/09,DENV4/THAILAND/2009/01559/09,DENV4/THAILAND/2010/00249/10,DENV4/THAILAND/2010/00283/10,DENV4/THAILAND/2010/00780/10,DENV4/THAILAND/2010/01270/10,DENV4/THAILAND/2010/01513/10,DENV4/THAILAND/2010/01677/10,DENV4/THAILAND/2011/00251/11,DENV4/THAILAND/2011/00257/11,DENV4/THAILAND/2011/00369/11,DENV4/THAILAND/2011/00477/11,DENV4/THAILAND/2012/00112/12,DENV4/THAILAND/2012/00637/12,DENV4/THAILAND/2012/01104/12,DENV4/THAILAND/2013/00300/13,DENV4/THAILAND/2013/00691/13,DENV4/THAILAND/2013/00801/13,DENV4/THAILAND/2013/01012/13,DENV4/THAILAND/2014/00214/14,DENV4/THAILAND/2014/00555/14,DENV4/THAILAND/2014/00595/14,DENV4/THAILAND/2014/00615/14
DenV1/mosquito/Colombia/MAG-CIST-0134/2018,0.0,0.0,0.0,0.0,0.0,0.0,0.0,0.0,0.0,0.0,0.0,12.65625,12.65625,12.65625,0.0,12.65625,0.0,0.0,0.0,0.0,0.0,0.0,0.0,3.59375,0.0,22.65625,0.0,3.59375,3.59375,0.0,0.0,0.0,0.0,0.0,20.625,3.59375,0.0,0.0,3.59375,12.96875,0.0,0.0,3.59375,0.0,0.0,0.0,0.0,0.0,0.0,0.0,0.0,0.0,0.0,0.0,0.0,0.0,0.0,0.0,0.0,0.0,0.0,0.0,0.0,0.0,0.0,0.0,0.0,0.0,0.0,0.0,0.0,0.0,0.0,0.0,0.0,0.0,0.0,0.0,0.0,4.53125,0.0,0.0,0.0,0.0,0.0,0.0,0.0,0.0,0.0,0.0,0.0,0.0,0.0,12.65625,0.0,12.65625,0.0,0.0,0.0,12.65625,0.0,0.0,0.0,0.0,3.28125,207.65625,206.25,206.25,206.25,224.53125,204.84375,191.5625,202.03125,206.25,206.25,206.25,206.25,206.25,206.25,206.25,206.25,206.25,206.25,206.25,206.25,206.25,206.25,206.25,206.25,206.25,206.25,206.25,206.25,206.25,206.25,206.25,206.25,206.25,206.25,206.25,206.25,206.25,206.25,206.25,206.25,206.25,206.25,206.25,206.25,206.25,206.25,206.25,206.25,206.25,206.25,206.25,206.25,206.25,206.25,207.5,206.25,206.25,206.25,206.25,206.25,206.25,206.25,206.25,206.25,206.25,206.25,206.25,206.25,206.25,206.25,206.25,206.25,206.25,206.25,206.25,206.25,206.25,206.25,206.25,206.25,206.25,206.25,206.25,206.25,206.25,206.25,393.4375,393.4375,394.53125,393.4375,407.8125,407.8125,420.3125,386.09375,370.15625,396.875,420.3125,407.34375,420.3125,420.3125,407.34375,407.34375,407.34375,420.3125,420.3125,420.3125,393.4375,407.34375,407.34375,420.3125,407.34375,393.4375,420.3125,416.25,420.3125,407.34375,420.3125,420.3125,407.34375,393.4375,393.4375,407.34375,407.34375,393.4375,393.4375,420.3125,414.0625,407.34375,420.3125,407.34375,407.34375,420.3125,407.34375,396.875,407.34375,407.34375,407.34375,420.3125,407.34375,407.34375,393.4375,393.4375,407.34375,407.34375,393.4375,407.34375,407.34375,393.4375,393.4375,407.34375,407.34375,393.4375,396.875,420.3125,407.34375,416.25,420.3125,420.3125,393.4375,407.34375,393.4375,396.875,416.25,420.3125,407.34375,407.34375,404.21875,392.8125,404.21875,404.21875,407.34375,420.3125,392.8125,404.21875,392.8125,396.875,392.8125,392.8125,404.21875,392.8125,392.8125,392.8125,392.8125,392.8125,392.8125,392.8125,413.59375,407.34375,244.375,244.84375,248.28125,237.8125,244.375,244.84375,244.84375,244.84375,244.84375,244.84375,244.84375,244.84375,244.84375,245.78125,252.96875,252.96875,252.96875,252.96875,252.96875,244.84375,244.84375,237.8125,252.96875,244.84375,244.84375,244.84375,244.84375,244.84375,244.84375,244.84375,244.84375,244.84375,244.84375,244.84375,244.84375,237.8125,237.8125,244.84375,244.84375,244.84375,244.84375,244.84375,244.84375,244.84375,245.78125,244.84375,244.84375,244.84375,244.84375,244.84375,244.84375,244.84375,244.84375,244.84375,244.84375,244.84375,245.78125,249.375,244.84375,244.84375,244.84375,244.84375,244.84375,245.78125,241.875,244.84375,255.0,244.84375,244.84375,244.84375,245.78125,244.84375,244.84375,248.28125,237.8125,244.84375,237.8125,237.8125,237.8125,237.8125,237.8125,237.8125,237.8125,237.8125,244.84375,237.8125,237.8125,244.6875,237.8125,237.8125,237.8125,244.84375,237.8125
DenV1/mosquito/Colombia/MAG-CIST-0151/2018,0.0,0.0,0.0,0.0,0.0,0.0,0.0,0.0,0.0,0.0,0.0,12.65625,12.65625,12.65625,0.0,12.65625,0.0,0.0,0.0,0.0,0.0,0.0,0.0,3.59375,0.0,22.65625,0.0,3.59375,3.59375,0.0,0.0,0.0,0.0,0.0,20.625,3.59375,0.0,0.0,3.59375,12.96875,0.0,0.0,3.59375,0.0,0.0,0.0,0.0,0.0,0.0,0.0,0.0,0.0,0.0,0.0,0.0,0.0,0.0,0.0,0.0,0.0,0.0,0.0,0.0,0.0,0.0,0.0,0.0,0.0,0.0,0.0,0.0,0.0,0.0,0.0,0.0,0.0,0.0,0.0,0.0,4.53125,0.0,0.0,0.0,0.0,0.0,0.0,0.0,0.0,0.0,0.0,0.0,0.0,0.0,12.65625,0.0,12.65625,0.0,0.0,0.0,12.65625,0.0,0.0,0.0,0.0,3.28125,207.65625,206.25,206.25,206.25,224.53125,204.84375,191.5625,202.03125,206.25,206.25,206.25,206.25,206.25,206.25,206.25,206.25,206.25,206.25,206.25,206.25,206.25,206.25,206.25,206.25,206.25,206.25,206.25,206.25,206.25,206.25,206.25,206.25,206.25,206.25,206.25,206.25,206.25,206.25,206.25,206.25,206.25,206.25,206.25,206.25,206.25,206.25,206.25,206.25,206.25,206.25,206.25,206.25,206.25,206.25,207.5,206.25,206.25,206.25,206.25,206.25,206.25,206.25,206.25,206.25,206.25,206.25,206.25,206.25,206.25,206.25,206.25,206.25,206.25,206.25,206.25,206.25,206.25,206.25,206.25,206.25,206.25,206.25,206.25,206.25,206.25,206.25,393.4375,393.4375,394.53125,393.4375,407.8125,407.8125,420.3125,386.09375,370.15625,396.875,420.3125,407.34375,420.3125,420.3125,407.34375,407.34375,407.34375,420.3125,420.3125,420.3125,393.4375,407.34375,407.34375,420.3125,407.34375,393.4375,420.3125,416.25,420.3125,407.34375,420.3125,420.3125,407.34375,393.4375,393.4375,407.34375,407.34375,393.4375,393.4375,420.3125,414.0625,407.34375,420.3125,407.34375,407.34375,420.3125,407.34375,396.875,407.34375,407.34375,407.34375,420.3125,407.34375,407.34375,393.4375,393.4375,407.34375,407.34375,393.4375,407.34375,407.34375,393.4375,393.4375,407.34375,407.34375,393.4375,396.875,420.3125,407.34375,416.25,420.3125,420.3125,393.4375,407.34375,393.4375,396.875,416.25,420.3125,407.34375,407.34375,404.21875,392.8125,404.21875,404.21875,407.34375,420.3125,392.8125,404.21875,392.8125,396.875,392.8125,392.8125,404.21875,392.8125,392.8125,392.8125,392.8125,392.8125,392.8125,392.8125,413.59375,407.34375,244.375,244.84375,248.28125,237.8125,244.375,244.84375,244.84375,244.84375,244.84375,244.84375,244.84375,244.84375,244.84375,245.78125,252.96875,252.96875,252.96875,252.96875,252.96875,244.84375,244.84375,237.8125,252.96875,244.84375,244.84375,244.84375,244.84375,244.84375,244.84375,244.84375,244.84375,244.84375,244.84375,244.84375,244.84375,237.8125,237.8125,244.84375,244.84375,244.84375,244.84375,244.84375,244.84375,244.84375,245.78125,244.84375,244.84375,244.84375,244.84375,244.84375,244.84375,244.84375,244.84375,244.84375,244.84375,244.84375,245.78125,249.375,244.84375,244.84375,244.84375,244.84375,244.84375,245.78125,241.875,244.84375,255.0,244.84375,244.84375,244.84375,245.78125,244.84375,244.84375,248.28125,237.8125,244.84375,237.8125,237.8125,237.8125,237.8125,237.8125,237.8125,237.8125,237.8125,244.84375,237.8125,237.8125,244.6875,237.8125,237.8125,237.8125,244.84375,237.8125
DenV1/un/Colombia/un-UniNorte-1/2001,16.09375,16.09375,16.09375,16.09375,16.09375,16.09375,16.09375,16.09375,16.09375,16.09375,16.09375,28.75,28.75,28.75,16.09375,28.75,16.09375,16.09375,16.09375,16.09375,16.09375,16.09375,16.09375,19.6875,16.09375,38.75,16.09375,19.6875,19.6875,16.09375,16.09375,16.09375,16.09375,16.09375,36.71875,19.6875,16.09375,16.09375,19.6875,29.0625,16.09375,16.09375,19.6875,16.09375,16.09375,16.09375,16.09375,16.09375,16.09375,16.09375,16.09375,16.09375,16.09375,16.09375,16.09375,16.09375,16.09375,16.09375,16.09375,16.09375,16.09375,16.09375,16.09375,16.09375,16.09375,16.09375,16.09375,16.09375,16.09375,16.09375,16.09375,16.09375,16.09375,16.09375,16.09375,16.09375,16.09375,16.09375,16.09375,20.625,16.09375,16.09375,16.09375,16.09375,16.09375,16.09375,16.09375,16.09375,16.09375,16.09375,16.09375,16.09375,16.09375,28.75,16.09375,28.75,16.09375,16.09375,16.09375,28.75,16.09375,16.09375,16.09375,16.09375,19.375,223.75,222.34375,222.34375,222.34375,240.625,220.9375,207.65625,218.125,222.34375,222.34375,222.34375,222.34375,222.34375,222.34375,222.34375,222.34375,222.34375,222.34375,222.34375,222.34375,222.34375,222.34375,222.34375,222.34375,222.34375,222.34375,222.34375,222.34375,222.34375,222.34375,222.34375,222.34375,222.34375,222.34375,222.34375,222.34375,222.34375,222.34375,222.34375,222.34375,222.34375,222.34375,222.34375,222.34375,222.34375,222.34375,222.34375,222.34375,222.34375,222.34375,222.34375,222.34375,222.34375,222.34375,223.59375,222.34375,222.34375,222.34375,222.34375,222.34375,222.34375,222.34375,222.34375,222.34375,222.34375,222.34375,222.34375,222.34375,222.34375,222.34375,222.34375,222.34375,222.34375,222.34375,222.34375,222.34375,222.34375,222.34375,222.34375,222.34375,222.34375,222.34375,222.34375,222.34375,222.34375,222.34375,381.40625,381.40625,382.5,381.40625,395.78125,395.78125,408.28125,374.0625,358.125,384.84375,408.28125,395.3125,408.28125,408.28125,395.3125,395.3125,395.3125,408.28125,408.28125,408.28125,381.40625,395.3125,395.3125,408.28125,395.3125,381.40625,408.28125,404.21875,408.28125,395.3125,408.28125,408.28125,395.3125,381.40625,381.40625,395.3125,395.3125,381.40625,381.40625,408.28125,402.03125,395.3125,408.28125,395.3125,395.3125,408.28125,395.3125,384.84375,395.3125,395.3125,395.3125,408.28125,395.3125,395.3125,381.40625,381.40625,395.3125,395.3125,381.40625,395.3125,395.3125,381.40625,381.40625,395.3125,395.3125,381.40625,384.84375,408.28125,395.3125,404.21875,408.28125,408.28125,381.40625,395.3125,381.40625,384.84375,404.21875,408.28125,395.3125,395.3125,392.1875,380.78125,392.1875,392.1875,395.3125,408.28125,380.78125,392.1875,380.78125,384.84375,380.78125,380.78125,392.1875,380.78125,380.78125,380.78125,380.78125,380.78125,380.78125,380.78125,401.5625,395.3125,260.46875,260.9375,264.375,253.90625,260.46875,260.9375,260.9375,260.9375,260.9375,260.9375,260.9375,260.9375,260.9375,261.875,269.0625,269.0625,269.0625,269.0625,269.0625,260.9375,260.9375,253.90625,269.0625,260.9375,260.9375,260.9375,260.9375,260.9375,260.9375,260.9375,260.9375,260.9375,260.9375,260.9375,260.9375,253.90625,253.90625,260.9375,260.9375,260.9375,260.9375,260.9375,260.9375,260.9375,261.875,260.9375,260.9375,260.9375,260.9375,260.9375,260.9375,260.9375,260.9375,260.9375,260.9375,260.9375,261.875,265.46875,260.9375,260.9375,260.9375,260.9375,260.9375,261.875,257.96875,260.9375,271.09375,260.9375,260.9375,260.9375,261.875,260.9375,260.9375,264.375,253.90625,260.9375,253.90625,253.90625,253.90625,253.90625,253.90625,253.90625,253.90625,253.90625,260.9375,253.90625,253.90625,260.78125,253.90625,253.90625,253.90625,260.9375,253.90625
hDenV1/Colombia/ANT-INS-485061/2016,0.0,0.0,0.0,0.0,0.0,0.0,0.0,0.0,0.0,0.0,0.0,12.65625,12.65625,12.65625,0.0,12.65625,0.0,0.0,0.0,0.0,0.0,0.0,0.0,3.59375,0.0,22.65625,0.0,3.59375,3.59375,0.0,0.0,0.0,0.0,0.0,20.625,3.59375,0.0,0.0,3.59375,12.96875,0.0,0.0,3.59375,0.0,0.0,0.0,0.0,0.0,0.0,0.0,0.0,0.0,0.0,0.0,0.0,0.0,0.0,0.0,0.0,0.0,0.0,0.0,0.0,0.0,0.0,0.0,0.0,0.0,0.0,0.0,0.0,0.0,0.0,0.0,0.0,0.0,0.0,0.0,0.0,4.53125,0.0,0.0,0.0,0.0,0.0,0.0,0.0,0.0,0.0,0.0,0.0,0.0,0.0,12.65625,0.0,12.65625,0.0,0.0,0.0,12.65625,0.0,0.0,0.0,0.0,3.28125,207.65625,206.25,206.25,206.25,224.53125,204.84375,191.5625,202.03125,206.25,206.25,206.25,206.25,206.25,206.25,206.25,206.25,206.25,206.25,206.25,206.25,206.25,206.25,206.25,206.25,206.25,206.25,206.25,206.25,206.25,206.25,206.25,206.25,206.25,206.25,206.25,206.25,206.25,206.25,206.25,206.25,206.25,206.25,206.25,206.25,206.25,206.25,206.25,206.25,206.25,206.25,206.25,206.25,206.25,206.25,207.5,206.25,206.25,206.25,206.25,206.25,206.25,206.25,206.25,206.25,206.25,206.25,206.25,206.25,206.25,206.25,206.25,206.25,206.25,206.25,206.25,206.25,206.25,206.25,206.25,206.25,206.25,206.25,206.25,206.25,206.25,206.25,393.4375,393.4375,394.53125,393.4375,407.8125,407.8125,420.3125,386.09375,370.15625,396.875,420.3125,407.34375,420.3125,420.3125,407.34375,407.34375,407.34375,420.3125,420.3125,420.3125,393.4375,407.34375,407.34375,420.3125,407.34375,393.4375,420.3125,416.25,420.3125,407.34375,420.3125,420.3125,407.34375,393.4375,393.4375,407.34375,407.34375,393.4375,393.4375,420.3125,414.0625,407.34375,420.3125,407.34375,407.34375,420.3125,407.34375,396.875,407.34375,407.34375,407.34375,420.3125,407.34375,407.34375,393.4375,393.4375,407.34375,407.34375,393.4375,407.34375,407.34375,393.4375,393.4375,407.34375,407.34375,393.4375,396.875,420.3125,407.34375,416.25,420.3125,420.3125,393.4375,407.34375,393.4375,396.875,416.25,420.3125,407.34375,407.34375,404.21875,392.8125,404.21875,404.21875,407.34375,420.3125,392.8125,404.21875,392.8125,396.875,392.8125,392.8125,404.21875,392.8125,392.8125,392.8125,392.8125,392.8125,392.8125,392.8125,413.59375,407.34375,244.375,244.84375,248.28125,237.8125,244.375,244.84375,244.84375,244.84375,244.84375,244.84375,244.84375,244.84375,244.84375,245.78125,252.96875,252.96875,252.96875,252.96875,252.96875,244.84375,244.84375,237.8125,252.96875,244.84375,244.84375,244.84375,244.84375,244.84375,244.84375,244.84375,244.84375,244.84375,244.84375,244.84375,244.84375,237.8125,237.8125,244.84375,244.84375,244.84375,244.84375,244.84375,244.84375,244.84375,245.78125,244.84375,244.84375,244.84375,244.84375,244.84375,244.84375,244.84375,244.84375,244.84375,244.84375,244.84375,245.78125,249.375,244.84375,244.84375,244.84375,244.84375,244.84375,245.78125,241.875,244.84375,255.0,244.84375,244.84375,244.84375,245.78125,244.84375,244.84375,248.28125,237.8125,244.84375,237.8125,237.8125,237.8125,237.8125,237.8125,237.8125,237.8125,237.8125,244.84375,237.8125,237.8125,244.6875,237.8125,237.8125,237.8125,244.84375,237.8125
hDenV1/Colombia/ANT-UDEA-COA0053/2021,0.0,0.0,0.0,0.0,0.0,0.0,0.0,0.0,0.0,0.0,0.0,12.65625,12.65625,12.65625,0.0,12.65625,0.0,0.0,0.0,0.0,0.0,0.0,0.0,3.59375,0.0,22.65625,0.0,3.59375,3.59375,0.0,0.0,0.0,0.0,0.0,20.625,3.59375,0.0,0.0,3.59375,12.96875,0.0,0.0,3.59375,0.0,0.0,0.0,0.0,0.0,0.0,0.0,0.0,0.0,0.0,0.0,0.0,0.0,0.0,0.0,0.0,0.0,0.0,0.0,0.0,0.0,0.0,0.0,0.0,0.0,0.0,0.0,0.0,0.0,0.0,0.0,0.0,0.0,0.0,0.0,0.0,4.53125,0.0,0.0,0.0,0.0,0.0,0.0,0.0,0.0,0.0,0.0,0.0,0.0,0.0,12.65625,0.0,12.65625,0.0,0.0,0.0,12.65625,0.0,0.0,0.0,0.0,3.28125,207.65625,206.25,206.25,206.25,224.53125,204.84375,191.5625,202.03125,206.25,206.25,206.25,206.25,206.25,206.25,206.25,206.25,206.25,206.25,206.25,206.25,206.25,206.25,206.25,206.25,206.25,206.25,206.25,206.25,206.25,206.25,206.25,206.25,206.25,206.25,206.25,206.25,206.25,206.25,206.25,206.25,206.25,206.25,206.25,206.25,206.25,206.25,206.25,206.25,206.25,206.25,206.25,206.25,206.25,206.25,207.5,206.25,206.25,206.25,206.25,206.25,206.25,206.25,206.25,206.25,206.25,206.25,206.25,206.25,206.25,206.25,206.25,206.25,206.25,206.25,206.25,206.25,206.25,206.25,206.25,206.25,206.25,206.25,206.25,206.25,206.25,206.25,393.4375,393.4375,394.53125,393.4375,407.8125,407.8125,420.3125,386.09375,370.15625,396.875,420.3125,407.34375,420.3125,420.3125,407.34375,407.34375,407.34375,420.3125,420.3125,420.3125,393.4375,407.34375,407.34375,420.3125,407.34375,393.4375,420.3125,416.25,420.3125,407.34375,420.3125,420.3125,407.34375,393.4375,393.4375,407.34375,407.34375,393.4375,393.4375,420.3125,414.0625,407.34375,420.3125,407.34375,407.34375,420.3125,407.34375,396.875,407.34375,407.34375,407.34375,420.3125,407.34375,407.34375,393.4375,393.4375,407.34375,407.34375,393.4375,407.34375,407.34375,393.4375,393.4375,407.34375,407.34375,393.4375,396.875,420.3125,407.34375,416.25,420.3125,420.3125,393.4375,407.34375,393.4375,396.875,416.25,420.3125,407.34375,407.34375,404.21875,392.8125,404.21875,404.21875,407.34375,420.3125,392.8125,404.21875,392.8125,396.875,392.8125,392.8125,404.21875,392.8125,392.8125,392.8125,392.8125,392.8125,392.8125,392.8125,413.59375,407.34375,244.375,244.84375,248.28125,237.8125,244.375,244.84375,244.84375,244.84375,244.84375,244.84375,244.84375,244.84375,244.84375,245.78125,252.96875,252.96875,252.96875,252.96875,252.96875,244.84375,244.84375,237.8125,252.96875,244.84375,244.84375,244.84375,244.84375,244.84375,244.84375,244.84375,244.84375,244.84375,244.84375,244.84375,244.84375,237.8125,237.8125,244.84375,244.84375,244.84375,244.84375,244.84375,244.84375,244.84375,245.78125,244.84375,244.84375,244.84375,244.84375,244.84375,244.84375,244.84375,244.84375,244.84375,244.84375,244.84375,245.78125,249.375,244.84375,244.84375,244.84375,244.84375,244.84375,245.78125,241.875,244.84375,255.0,244.84375,244.84375,244.84375,245.78125,244.84375,244.84375,248.28125,237.8125,244.84375,237.8125,237.8125,237.8125,237.8125,237.8125,237.8125,237.8125,237.8125,244.84375,237.8125,237.8125,244.6875,237.8125,237.8125,237.8125,244.84375,237.8125
hDenV1/Colombia/ANT-UDEA-COA0214/2022,0.0,0.0,0.0,0.0,0.0,0.0,0.0,0.0,0.0,0.0,0.0,12.65625,12.65625,12.65625,0.0,12.65625,0.0,0.0,0.0,0.0,0.0,0.0,0.0,3.59375,0.0,22.65625,0.0,3.59375,3.59375,0.0,0.0,0.0,0.0,0.0,20.625,3.59375,0.0,0.0,3.59375,12.96875,0.0,0.0,3.59375,0.0,0.0,0.0,0.0,0.0,0.0,0.0,0.0,0.0,0.0,0.0,0.0,0.0,0.0,0.0,0.0,0.0,0.0,0.0,0.0,0.0,0.0,0.0,0.0,0.0,0.0,0.0,0.0,0.0,0.0,0.0,0.0,0.0,0.0,0.0,0.0,4.53125,0.0,0.0,0.0,0.0,0.0,0.0,0.0,0.0,0.0,0.0,0.0,0.0,0.0,12.65625,0.0,12.65625,0.0,0.0,0.0,12.65625,0.0,0.0,0.0,0.0,3.28125,207.65625,206.25,206.25,206.25,224.53125,204.84375,191.5625,202.03125,206.25,206.25,206.25,206.25,206.25,206.25,206.25,206.25,206.25,206.25,206.25,206.25,206.25,206.25,206.25,206.25,206.25,206.25,206.25,206.25,206.25,206.25,206.25,206.25,206.25,206.25,206.25,206.25,206.25,206.25,206.25,206.25,206.25,206.25,206.25,206.25,206.25,206.25,206.25,206.25,206.25,206.25,206.25,206.25,206.25,206.25,207.5,206.25,206.25,206.25,206.25,206.25,206.25,206.25,206.25,206.25,206.25,206.25,206.25,206.25,206.25,206.25,206.25,206.25,206.25,206.25,206.25,206.25,206.25,206.25,206.25,206.25,206.25,206.25,206.25,206.25,206.25,206.25,393.4375,393.4375,394.53125,393.4375,407.8125,407.8125,420.3125,386.09375,370.15625,396.875,420.3125,407.34375,420.3125,420.3125,407.34375,407.34375,407.34375,420.3125,420.3125,420.3125,393.4375,407.34375,407.34375,420.3125,407.34375,393.4375,420.3125,416.25,420.3125,407.34375,420.3125,420.3125,407.34375,393.4375,393.4375,407.34375,407.34375,393.4375,393.4375,420.3125,414.0625,407.34375,420.3125,407.34375,407.34375,420.3125,407.34375,396.875,407.34375,407.34375,407.34375,420.3125,407.34375,407.34375,393.4375,393.4375,407.34375,407.34375,393.4375,407.34375,407.34375,393.4375,393.4375,407.34375,407.34375,393.4375,396.875,420.3125,407.34375,416.25,420.3125,420.3125,393.4375,407.34375,393.4375,396.875,416.25,420.3125,407.34375,407.34375,404.21875,392.8125,404.21875,404.21875,407.34375,420.3125,392.8125,404.21875,392.8125,396.875,392.8125,392.8125,404.21875,392.8125,392.8125,392.8125,392.8125,392.8125,392.8125,392.8125,413.59375,407.34375,244.375,244.84375,248.28125,237.8125,244.375,244.84375,244.84375,244.84375,244.84375,244.84375,244.84375,244.84375,244.84375,245.78125,252.96875,252.96875,252.96875,252.96875,252.96875,244.84375,244.84375,237.8125,252.96875,244.84375,244.84375,244.84375,244.84375,244.84375,244.84375,244.84375,244.84375,244.84375,244.84375,244.84375,244.84375,237.8125,237.8125,244.84375,244.84375,244.84375,244.84375,244.84375,244.84375,244.84375,245.78125,244.84375,244.84375,244.84375,244.84375,244.84375,244.84375,244.84375,244.84375,244.84375,244.84375,244.84375,245.78125,249.375,244.84375,244.84375,244.84375,244.84375,244.84375,245.78125,241.875,244.84375,255.0,244.84375,244.84375,244.84375,245.78125,244.84375,244.84375,248.28125,237.8125,244.84375,237.8125,237.8125,237.8125,237.8125,237.8125,237.8125,237.8125,237.8125,244.84375,237.8125,237.8125,244.6875,237.8125,237.8125,237.8125,244.84375,237.8125
hDenV1/Colombia/ANT-UDEA-COA0234/2022,0.0,0.0,0.0,0.0,0.0,0.0,0.0,0.0,0.0,0.0,0.0,12.65625,12.65625,12.65625,0.0,12.65625,0.0,0.0,0.0,0.0,0.0,0.0,0.0,3.59375,0.0,22.65625,0.0,3.59375,3.59375,0.0,0.0,0.0,0.0,0.0,20.625,3.59375,0.0,0.0,3.59375,12.96875,0.0,0.0,3.59375,0.0,0.0,0.0,0.0,0.0,0.0,0.0,0.0,0.0,0.0,0.0,0.0,0.0,0.0,0.0,0.0,0.0,0.0,0.0,0.0,0.0,0.0,0.0,0.0,0.0,0.0,0.0,0.0,0.0,0.0,0.0,0.0,0.0,0.0,0.0,0.0,4.53125,0.0,0.0,0.0,0.0,0.0,0.0,0.0,0.0,0.0,0.0,0.0,0.0,0.0,12.65625,0.0,12.65625,0.0,0.0,0.0,12.65625,0.0,0.0,0.0,0.0,3.28125,207.65625,206.25,206.25,206.25,224.53125,204.84375,191.5625,202.03125,206.25,206.25,206.25,206.25,206.25,206.25,206.25,206.25,206.25,206.25,206.25,206.25,206.25,206.25,206.25,206.25,206.25,206.25,206.25,206.25,206.25,206.25,206.25,206.25,206.25,206.25,206.25,206.25,206.25,206.25,206.25,206.25,206.25,206.25,206.25,206.25,206.25,206.25,206.25,206.25,206.25,206.25,206.25,206.25,206.25,206.25,207.5,206.25,206.25,206.25,206.25,206.25,206.25,206.25,206.25,206.25,206.25,206.25,206.25,206.25,206.25,206.25,206.25,206.25,206.25,206.25,206.25,206.25,206.25,206.25,206.25,206.25,206.25,206.25,206.25,206.25,206.25,206.25,393.4375,393.4375,394.53125,393.4375,407.8125,407.8125,420.3125,386.09375,370.15625,396.875,420.3125,407.34375,420.3125,420.3125,407.34375,407.34375,407.34375,420.3125,420.3125,420.3125,393.4375,407.34375,407.34375,420.3125,407.34375,393.4375,420.3125,416.25,420.3125,407.34375,420.3125,420.3125,407.34375,393.4375,393.4375,407.34375,407.34375,393.4375,393.4375,420.3125,414.0625,407.34375,420.3125,407.34375,407.34375,420.3125,407.34375,396.875,407.34375,407.34375,407.34375,420.3125,407.34375,407.34375,393.4375,393.4375,407.34375,407.34375,393.4375,407.34375,407.34375,393.4375,393.4375,407.34375,407.34375,393.4375,396.875,420.3125,407.34375,416.25,420.3125,420.3125,393.4375,407.34375,393.4375,396.875,416.25,420.3125,407.34375,407.34375,404.21875,392.8125,404.21875,404.21875,407.34375,420.3125,392.8125,404.21875,392.8125,396.875,392.8125,392.8125,404.21875,392.8125,392.8125,392.8125,392.8125,392.8125,392.8125,392.8125,413.59375,407.34375,244.375,244.84375,248.28125,237.8125,244.375,244.84375,244.84375,244.84375,244.84375,244.84375,244.84375,244.84375,244.84375,245.78125,252.96875,252.96875,252.96875,252.96875,252.96875,244.84375,244.84375,237.8125,252.96875,244.84375,244.84375,244.84375,244.84375,244.84375,244.84375,244.84375,244.84375,244.84375,244.84375,244.84375,244.84375,237.8125,237.8125,244.84375,244.84375,244.84375,244.84375,244.84375,244.84375,244.84375,245.78125,244.84375,244.84375,244.84375,244.84375,244.84375,244.84375,244.84375,244.84375,244.84375,244.84375,244.84375,245.78125,249.375,244.84375,244.84375,244.84375,244.84375,244.84375,245.78125,241.875,244.84375,255.0,244.84375,244.84375,244.84375,245.78125,244.84375,244.84375,248.28125,237.8125,244.84375,237.8125,237.8125,237.8125,237.8125,237.8125,237.8125,237.8125,237.8125,244.84375,237.8125,237.8125,244.6875,237.8125,237.8125,237.8125,244.84375,237.8125
hDenV1/Colombia/ANT-UDEA-COT0011/2023,0.0,0.0,0.0,0.0,0.0,0.0,0.0,0.0,0.0,0.0,0.0,12.65625,12.65625,12.65625,0.0,12.65625,0.0,0.0,0.0,0.0,0.0,0.0,0.0,3.59375,0.0,22.65625,0.0,3.59375,3.59375,0.0,0.0,0.0,0.0,0.0,20.625,3.59375,0.0,0.0,3.59375,12.96875,0.0,0.0,3.59375,0.0,0.0,0.0,0.0,0.0,0.0,0.0,0.0,0.0,0.0,0.0,0.0,0.0,0.0,0.0,0.0,0.0,0.0,0.0,0.0,0.0,0.0,0.0,0.0,0.0,0.0,0.0,0.0,0.0,0.0,0.0,0.0,0.0,0.0,0.0,0.0,4.53125,0.0,0.0,0.0,0.0,0.0,0.0,0.0,0.0,0.0,0.0,0.0,0.0,0.0,12.65625,0.0,12.65625,0.0,0.0,0.0,12.65625,0.0,0.0,0.0,0.0,3.28125,207.65625,206.25,206.25,206.25,224.53125,204.84375,191.5625,202.03125,206.25,206.25,206.25,206.25,206.25,206.25,206.25,206.25,206.25,206.25,206.25,206.25,206.25,206.25,206.25,206.25,206.25,206.25,206.25,206.25,206.25,206.25,206.25,206.25,206.25,206.25,206.25,206.25,206.25,206.25,206.25,206.25,206.25,206.25,206.25,206.25,206.25,206.25,206.25,206.25,206.25,206.25,206.25,206.25,206.25,206.25,207.5,206.25,206.25,206.25,206.25,206.25,206.25,206.25,206.25,206.25,206.25,206.25,206.25,206.25,206.25,206.25,206.25,206.25,206.25,206.25,206.25,206.25,206.25,206.25,206.25,206.25,206.25,206.25,206.25,206.25,206.25,206.25,393.4375,393.4375,394.53125,393.4375,407.8125,407.8125,420.3125,386.09375,370.15625,396.875,420.3125,407.34375,420.3125,420.3125,407.34375,407.34375,407.34375,420.3125,420.3125,420.3125,393.4375,407.34375,407.34375,420.3125,407.34375,393.4375,420.3125,416.25,420.3125,407.34375,420.3125,420.3125,407.34375,393.4375,393.4375,407.34375,407.34375,393.4375,393.4375,420.3125,414.0625,407.34375,420.3125,407.34375,407.34375,420.3125,407.34375,396.875,407.34375,407.34375,407.34375,420.3125,407.34375,407.34375,393.4375,393.4375,407.34375,407.34375,393.4375,407.34375,407.34375,393.4375,393.4375,407.34375,407.34375,393.4375,396.875,420.3125,407.34375,416.25,420.3125,420.3125,393.4375,407.34375,393.4375,396.875,416.25,420.3125,407.34375,407.34375,404.21875,392.8125,404.21875,404.21875,407.34375,420.3125,392.8125,404.21875,392.8125,396.875,392.8125,392.8125,404.21875,392.8125,392.8125,392.8125,392.8125,392.8125,392.8125,392.8125,413.59375,407.34375,244.375,244.84375,248.28125,237.8125,244.375,244.84375,244.84375,244.84375,244.84375,244.84375,244.84375,244.84375,244.84375,245.78125,252.96875,252.96875,252.96875,252.96875,252.96875,244.84375,244.84375,237.8125,252.96875,244.84375,244.84375,244.84375,244.84375,244.84375,244.84375,244.84375,244.84375,244.84375,244.84375,244.84375,244.84375,237.8125,237.8125,244.84375,244.84375,244.84375,244.84375,244.84375,244.84375,244.84375,245.78125,244.84375,244.84375,244.84375,244.84375,244.84375,244.84375,244.84375,244.84375,244.84375,244.84375,244.84375,245.78125,249.375,244.84375,244.84375,244.84375,244.84375,244.84375,245.78125,241.875,244.84375,255.0,244.84375,244.84375,244.84375,245.78125,244.84375,244.84375,248.28125,237.8125,244.84375,237.8125,237.8125,237.8125,237.8125,237.8125,237.8125,237.8125,237.8125,244.84375,237.8125,237.8125,244.6875,237.8125,237.8125,237.8125,244.84375,237.8125
hDenV1/Colombia/ANT-UDEA-COT0012/2023,0.0,0.0,0.0,0.0,0.0,0.0,0.0,0.0,0.0,0.0,0.0,12.65625,12.65625,12.65625,0.0,12.65625,0.0,0.0,0.0,0.0,0.0,0.0,0.0,3.59375,0.0,22.65625,0.0,3.59375,3.59375,0.0,0.0,0.0,0.0,0.0,20.625,3.59375,0.0,0.0,3.59375,12.96875,0.0,0.0,3.59375,0.0,0.0,0.0,0.0,0.0,0.0,0.0,0.0,0.0,0.0,0.0,0.0,0.0,0.0,0.0,0.0,0.0,0.0,0.0,0.0,0.0,0.0,0.0,0.0,0.0,0.0,0.0,0.0,0.0,0.0,0.0,0.0,0.0,0.0,0.0,0.0,4.53125,0.0,0.0,0.0,0.0,0.0,0.0,0.0,0.0,0.0,0.0,0.0,0.0,0.0,12.65625,0.0,12.65625,0.0,0.0,0.0,12.65625,0.0,0.0,0.0,0.0,3.28125,207.65625,206.25,206.25,206.25,224.53125,204.84375,191.5625,202.03125,206.25,206.25,206.25,206.25,206.25,206.25,206.25,206.25,206.25,206.25,206.25,206.25,206.25,206.25,206.25,206.25,206.25,206.25,206.25,206.25,206.25,206.25,206.25,206.25,206.25,206.25,206.25,206.25,206.25,206.25,206.25,206.25,206.25,206.25,206.25,206.25,206.25,206.25,206.25,206.25,206.25,206.25,206.25,206.25,206.25,206.25,207.5,206.25,206.25,206.25,206.25,206.25,206.25,206.25,206.25,206.25,206.25,206.25,206.25,206.25,206.25,206.25,206.25,206.25,206.25,206.25,206.25,206.25,206.25,206.25,206.25,206.25,206.25,206.25,206.25,206.25,206.25,206.25,393.4375,393.4375,394.53125,393.4375,407.8125,407.8125,420.3125,386.09375,370.15625,396.875,420.3125,407.34375,420.3125,420.3125,407.34375,407.34375,407.34375,420.3125,420.3125,420.3125,393.4375,407.34375,407.34375,420.3125,407.34375,393.4375,420.3125,416.25,420.3125,407.34375,420.3125,420.3125,407.34375,393.4375,393.4375,407.34375,407.34375,393.4375,393.4375,420.3125,414.0625,407.34375,420.3125,407.34375,407.34375,420.3125,407.34375,396.875,407.34375,407.34375,407.34375,420.3125,407.34375,407.34375,393.4375,393.4375,407.34375,407.34375,393.4375,407.34375,407.34375,393.4375,393.4375,407.34375,407.34375,393.4375,396.875,420.3125,407.34375,416.25,420.3125,420.3125,393.4375,407.34375,393.4375,396.875,416.25,420.3125,407.34375,407.34375,404.21875,392.8125,404.21875,404.21875,407.34375,420.3125,392.8125,404.21875,392.8125,396.875,392.8125,392.8125,404.21875,392.8125,392.8125,392.8125,392.8125,392.8125,392.8125,392.8125,413.59375,407.34375,244.375,244.84375,248.28125,237.8125,244.375,244.84375,244.84375,244.84375,244.84375,244.84375,244.84375,244.84375,244.84375,245.78125,252.96875,252.96875,252.96875,252.96875,252.96875,244.84375,244.84375,237.8125,252.96875,244.84375,244.84375,244.84375,244.84375,244.84375,244.84375,244.84375,244.84375,244.84375,244.84375,244.84375,244.84375,237.8125,237.8125,244.84375,244.84375,244.84375,244.84375,244.84375,244.84375,244.84375,245.78125,244.84375,244.84375,244.84375,244.84375,244.84375,244.84375,244.84375,244.84375,244.84375,244.84375,244.84375,245.78125,249.375,244.84375,244.84375,244.84375,244.84375,244.84375,245.78125,241.875,244.84375,255.0,244.84375,244.84375,244.84375,245.78125,244.84375,244.84375,248.28125,237.8125,244.84375,237.8125,237.8125,237.8125,237.8125,237.8125,237.8125,237.8125,237.8125,244.84375,237.8125,237.8125,244.6875,237.8125,237.8125,237.8125,244.84375,237.8125
hDenV1/Colombia/ANT-UDEA-COT0017/2023,0.0,0.0,0.0,0.0,0.0,0.0,0.0,0.0,0.0,0.0,0.0,12.65625,12.65625,12.65625,0.0,12.65625,0.0,0.0,0.0,0.0,0.0,0.0,0.0,3.59375,0.0,22.65625,0.0,3.59375,3.59375,0.0,0.0,0.0,0.0,0.0,20.625,3.59375,0.0,0.0,3.59375,12.96875,0.0,0.0,3.59375,0.0,0.0,0.0,0.0,0.0,0.0,0.0,0.0,0.0,0.0,0.0,0.0,0.0,0.0,0.0,0.0,0.0,0.0,0.0,0.0,0.0,0.0,0.0,0.0,0.0,0.0,0.0,0.0,0.0,0.0,0.0,0.0,0.0,0.0,0.0,0.0,4.53125,0.0,0.0,0.0,0.0,0.0,0.0,0.0,0.0,0.0,0.0,0.0,0.0,0.0,12.65625,0.0,12.65625,0.0,0.0,0.0,12.65625,0.0,0.0,0.0,0.0,3.28125,207.65625,206.25,206.25,206.25,224.53125,204.84375,191.5625,202.03125,206.25,206.25,206.25,206.25,206.25,206.25,206.25,206.25,206.25,206.25,206.25,206.25,206.25,206.25,206.25,206.25,206.25,206.25,206.25,206.25,206.25,206.25,206.25,206.25,206.25,206.25,206.25,206.25,206.25,206.25,206.25,206.25,206.25,206.25,206.25,206.25,206.25,206.25,206.25,206.25,206.25,206.25,206.25,206.25,206.25,206.25,207.5,206.25,206.25,206.25,206.25,206.25,206.25,206.25,206.25,206.25,206.25,206.25,206.25,206.25,206.25,206.25,206.25,206.25,206.25,206.25,206.25,206.25,206.25,206.25,206.25,206.25,206.25,206.25,206.25,206.25,206.25,206.25,393.4375,393.4375,394.53125,393.4375,407.8125,407.8125,420.3125,386.09375,370.15625,396.875,420.3125,407.34375,420.3125,420.3125,407.34375,407.34375,407.34375,420.3125,420.3125,420.3125,393.4375,407.34375,407.34375,420.3125,407.34375,393.4375,420.3125,416.25,420.3125,407.34375,420.3125,420.3125,407.34375,393.4375,393.4375,407.34375,407.34375,393.4375,393.4375,420.3125,414.0625,407.34375,420.3125,407.34375,407.34375,420.3125,407.34375,396.875,407.34375,407.34375,407.34375,420.3125,407.34375,407.34375,393.4375,393.4375,407.34375,407.34375,393.4375,407.34375,407.34375,393.4375,393.4375,407.34375,407.34375,393.4375,396.875,420.3125,407.34375,416.25,420.3125,420.3125,393.4375,407.34375,393.4375,396.875,416.25,420.3125,407.34375,407.34375,404.21875,392.8125,404.21875,404.21875,407.34375,420.3125,392.8125,404.21875,392.8125,396.875,392.8125,392.8125,404.21875,392.8125,392.8125,392.8125,392.8125,392.8125,392.8125,392.8125,413.59375,407.34375,244.375,244.84375,248.28125,237.8125,244.375,244.84375,244.84375,244.84375,244.84375,244.84375,244.84375,244.84375,244.84375,245.78125,252.96875,252.96875,252.96875,252.96875,252.96875,244.84375,244.84375,237.8125,252.96875,244.84375,244.84375,244.84375,244.84375,244.84375,244.84375,244.84375,244.84375,244.84375,244.84375,244.84375,244.84375,237.8125,237.8125,244.84375,244.84375,244.84375,244.84375,244.84375,244.84375,244.84375,245.78125,244.84375,244.84375,244.84375,244.84375,244.84375,244.84375,244.84375,244.84375,244.84375,244.84375,244.84375,245.78125,249.375,244.84375,244.84375,244.84375,244.84375,244.84375,245.78125,241.875,244.84375,255.0,244.84375,244.84375,244.84375,245.78125,244.84375,244.84375,248.28125,237.8125,244.84375,237.8125,237.8125,237.8125,237.8125,237.8125,237.8125,237.8125,237.8125,244.84375,237.8125,237.8125,244.6875,237.8125,237.8125,237.8125,244.84375,237.8125
hDenV1/Colombia/ANT-UDEA-COT0026/2023,0.0,0.0,0.0,0.0,0.0,0.0,0.0,0.0,0.0,0.0,0.0,12.65625,12.65625,12.65625,0.0,12.65625,0.0,0.0,0.0,0.0,0.0,0.0,0.0,3.59375,0.0,22.65625,0.0,3.59375,3.59375,0.0,0.0,0.0,0.0,0.0,20.625,3.59375,0.0,0.0,3.59375,12.96875,0.0,0.0,3.59375,0.0,0.0,0.0,0.0,0.0,0.0,0.0,0.0,0.0,0.0,0.0,0.0,0.0,0.0,0.0,0.0,0.0,0.0,0.0,0.0,0.0,0.0,0.0,0.0,0.0,0.0,0.0,0.0,0.0,0.0,0.0,0.0,0.0,0.0,0.0,0.0,4.53125,0.0,0.0,0.0,0.0,0.0,0.0,0.0,0.0,0.0,0.0,0.0,0.0,0.0,12.65625,0.0,12.65625,0.0,0.0,0.0,12.65625,0.0,0.0,0.0,0.0,3.28125,207.65625,206.25,206.25,206.25,224.53125,204.84375,191.5625,202.03125,206.25,206.25,206.25,206.25,206.25,206.25,206.25,206.25,206.25,206.25,206.25,206.25,206.25,206.25,206.25,206.25,206.25,206.25,206.25,206.25,206.25,206.25,206.25,206.25,206.25,206.25,206.25,206.25,206.25,206.25,206.25,206.25,206.25,206.25,206.25,206.25,206.25,206.25,206.25,206.25,206.25,206.25,206.25,206.25,206.25,206.25,207.5,206.25,206.25,206.25,206.25,206.25,206.25,206.25,206.25,206.25,206.25,206.25,206.25,206.25,206.25,206.25,206.25,206.25,206.25,206.25,206.25,206.25,206.25,206.25,206.25,206.25,206.25,206.25,206.25,206.25,206.25,206.25,393.4375,393.4375,394.53125,393.4375,407.8125,407.8125,420.3125,386.09375,370.15625,396.875,420.3125,407.34375,420.3125,420.3125,407.34375,407.34375,407.34375,420.3125,420.3125,420.3125,393.4375,407.34375,407.34375,420.3125,407.34375,393.4375,420.3125,416.25,420.3125,407.34375,420.3125,420.3125,407.34375,393.4375,393.4375,407.34375,407.34375,393.4375,393.4375,420.3125,414.0625,407.34375,420.3125,407.34375,407.34375,420.3125,407.34375,396.875,407.34375,407.34375,407.34375,420.3125,407.34375,407.34375,393.4375,393.4375,407.34375,407.34375,393.4375,407.34375,407.34375,393.4375,393.4375,407.34375,407.34375,393.4375,396.875,420.3125,407.34375,416.25,420.3125,420.3125,393.4375,407.34375,393.4375,396.875,416.25,420.3125,407.34375,407.34375,404.21875,392.8125,404.21875,404.21875,407.34375,420.3125,392.8125,404.21875,392.8125,396.875,392.8125,392.8125,404.21875,392.8125,392.8125,392.8125,392.8125,392.8125,392.8125,392.8125,413.59375,407.34375,244.375,244.84375,248.28125,237.8125,244.375,244.84375,244.84375,244.84375,244.84375,244.84375,244.84375,244.84375,244.84375,245.78125,252.96875,252.96875,252.96875,252.96875,252.96875,244.84375,244.84375,237.8125,252.96875,244.84375,244.84375,244.84375,244.84375,244.84375,244.84375,244.84375,244.84375,244.84375,244.84375,244.84375,244.84375,237.8125,237.8125,244.84375,244.84375,244.84375,244.84375,244.84375,244.84375,244.84375,245.78125,244.84375,244.84375,244.84375,244.84375,244.84375,244.84375,244.84375,244.84375,244.84375,244.84375,244.84375,245.78125,249.375,244.84375,244.84375,244.84375,244.84375,244.84375,245.78125,241.875,244.84375,255.0,244.84375,244.84375,244.84375,245.78125,244.84375,244.84375,248.28125,237.8125,244.84375,237.8125,237.8125,237.8125,237.8125,237.8125,237.8125,237.8125,237.8125,244.84375,237.8125,237.8125,244.6875,237.8125,237.8125,237.8125,244.84375,237.8125
hDenV1/Colombia/ANT-UDEA-COT0028/2023,0.0,0.0,0.0,0.0,0.0,0.0,0.0,0.0,0.0,0.0,0.0,12.65625,12.65625,12.65625,0.0,12.65625,0.0,0.0,0.0,0.0,0.0,0.0,0.0,3.59375,0.0,22.65625,0.0,3.59375,3.59375,0.0,0.0,0.0,0.0,0.0,20.625,3.59375,0.0,0.0,3.59375,12.96875,0.0,0.0,3.59375,0.0,0.0,0.0,0.0,0.0,0.0,0.0,0.0,0.0,0.0,0.0,0.0,0.0,0.0,0.0,0.0,0.0,0.0,0.0,0.0,0.0,0.0,0.0,0.0,0.0,0.0,0.0,0.0,0.0,0.0,0.0,0.0,0.0,0.0,0.0,0.0,4.53125,0.0,0.0,0.0,0.0,0.0,0.0,0.0,0.0,0.0,0.0,0.0,0.0,0.0,12.65625,0.0,12.65625,0.0,0.0,0.0,12.65625,0.0,0.0,0.0,0.0,3.28125,207.65625,206.25,206.25,206.25,224.53125,204.84375,191.5625,202.03125,206.25,206.25,206.25,206.25,206.25,206.25,206.25,206.25,206.25,206.25,206.25,206.25,206.25,206.25,206.25,206.25,206.25,206.25,206.25,206.25,206.25,206.25,206.25,206.25,206.25,206.25,206.25,206.25,206.25,206.25,206.25,206.25,206.25,206.25,206.25,206.25,206.25,206.25,206.25,206.25,206.25,206.25,206.25,206.25,206.25,206.25,207.5,206.25,206.25,206.25,206.25,206.25,206.25,206.25,206.25,206.25,206.25,206.25,206.25,206.25,206.25,206.25,206.25,206.25,206.25,206.25,206.25,206.25,206.25,206.25,206.25,206.25,206.25,206.25,206.25,206.25,206.25,206.25,393.4375,393.4375,394.53125,393.4375,407.8125,407.8125,420.3125,386.09375,370.15625,396.875,420.3125,407.34375,420.3125,420.3125,407.34375,407.34375,407.34375,420.3125,420.3125,420.3125,393.4375,407.34375,407.34375,420.3125,407.34375,393.4375,420.3125,416.25,420.3125,407.34375,420.3125,420.3125,407.34375,393.4375,393.4375,407.34375,407.34375,393.4375,393.4375,420.3125,414.0625,407.34375,420.3125,407.34375,407.34375,420.3125,407.34375,396.875,407.34375,407.34375,407.34375,420.3125,407.34375,407.34375,393.4375,393.4375,407.34375,407.34375,393.4375,407.34375,407.34375,393.4375,393.4375,407.34375,407.34375,393.4375,396.875,420.3125,407.34375,416.25,420.3125,420.3125,393.4375,407.34375,393.4375,396.875,416.25,420.3125,407.34375,407.34375,404.21875,392.8125,404.21875,404.21875,407.34375,420.3125,392.8125,404.21875,392.8125,396.875,392.8125,392.8125,404.21875,392.8125,392.8125,392.8125,392.8125,392.8125,392.8125,392.8125,413.59375,407.34375,244.375,244.84375,248.28125,237.8125,244.375,244.84375,244.84375,244.84375,244.84375,244.84375,244.84375,244.84375,244.84375,245.78125,252.96875,252.96875,252.96875,252.96875,252.96875,244.84375,244.84375,237.8125,252.96875,244.84375,244.84375,244.84375,244.84375,244.84375,244.84375,244.84375,244.84375,244.84375,244.84375,244.84375,244.84375,237.8125,237.8125,244.84375,244.84375,244.84375,244.84375,244.84375,244.84375,244.84375,245.78125,244.84375,244.84375,244.84375,244.84375,244.84375,244.84375,244.84375,244.84375,244.84375,244.84375,244.84375,245.78125,249.375,244.84375,244.84375,244.84375,244.84375,244.84375,245.78125,241.875,244.84375,255.0,244.84375,244.84375,244.84375,245.78125,244.84375,244.84375,248.28125,237.8125,244.84375,237.8125,237.8125,237.8125,237.8125,237.8125,237.8125,237.8125,237.8125,244.84375,237.8125,237.8125,244.6875,237.8125,237.8125,237.8125,244.84375,237.8125
hDenV1/Colombia/ANT-UDEA-COT0221/2023,0.0,0.0,0.0,0.0,0.0,0.0,0.0,0.0,0.0,0.0,0.0,12.65625,12.65625,12.65625,0.0,12.65625,0.0,0.0,0.0,0.0,0.0,0.0,0.0,3.59375,0.0,22.65625,0.0,3.59375,3.59375,0.0,0.0,0.0,0.0,0.0,20.625,3.59375,0.0,0.0,3.59375,12.96875,0.0,0.0,3.59375,0.0,0.0,0.0,0.0,0.0,0.0,0.0,0.0,0.0,0.0,0.0,0.0,0.0,0.0,0.0,0.0,0.0,0.0,0.0,0.0,0.0,0.0,0.0,0.0,0.0,0.0,0.0,0.0,0.0,0.0,0.0,0.0,0.0,0.0,0.0,0.0,4.53125,0.0,0.0,0.0,0.0,0.0,0.0,0.0,0.0,0.0,0.0,0.0,0.0,0.0,12.65625,0.0,12.65625,0.0,0.0,0.0,12.65625,0.0,0.0,0.0,0.0,3.28125,207.65625,206.25,206.25,206.25,224.53125,204.84375,191.5625,202.03125,206.25,206.25,206.25,206.25,206.25,206.25,206.25,206.25,206.25,206.25,206.25,206.25,206.25,206.25,206.25,206.25,206.25,206.25,206.25,206.25,206.25,206.25,206.25,206.25,206.25,206.25,206.25,206.25,206.25,206.25,206.25,206.25,206.25,206.25,206.25,206.25,206.25,206.25,206.25,206.25,206.25,206.25,206.25,206.25,206.25,206.25,207.5,206.25,206.25,206.25,206.25,206.25,206.25,206.25,206.25,206.25,206.25,206.25,206.25,206.25,206.25,206.25,206.25,206.25,206.25,206.25,206.25,206.25,206.25,206.25,206.25,206.25,206.25,206.25,206.25,206.25,206.25,206.25,393.4375,393.4375,394.53125,393.4375,407.8125,407.8125,420.3125,386.09375,370.15625,396.875,420.3125,407.34375,420.3125,420.3125,407.34375,407.34375,407.34375,420.3125,420.3125,420.3125,393.4375,407.34375,407.34375,420.3125,407.34375,393.4375,420.3125,416.25,420.3125,407.34375,420.3125,420.3125,407.34375,393.4375,393.4375,407.34375,407.34375,393.4375,393.4375,420.3125,414.0625,407.34375,420.3125,407.34375,407.34375,420.3125,407.34375,396.875,407.34375,407.34375,407.34375,420.3125,407.34375,407.34375,393.4375,393.4375,407.34375,407.34375,393.4375,407.34375,407.34375,393.4375,393.4375,407.34375,407.34375,393.4375,396.875,420.3125,407.34375,416.25,420.3125,420.3125,393.4375,407.34375,393.4375,396.875,416.25,420.3125,407.34375,407.34375,404.21875,392.8125,404.21875,404.21875,407.34375,420.3125,392.8125,404.21875,392.8125,396.875,392.8125,392.8125,404.21875,392.8125,392.8125,392.8125,392.8125,392.8125,392.8125,392.8125,413.59375,407.34375,244.375,244.84375,248.28125,237.8125,244.375,244.84375,244.84375,244.84375,244.84375,244.84375,244.84375,244.84375,244.84375,245.78125,252.96875,252.96875,252.96875,252.96875,252.96875,244.84375,244.84375,237.8125,252.96875,244.84375,244.84375,244.84375,244.84375,244.84375,244.84375,244.84375,244.84375,244.84375,244.84375,244.84375,244.84375,237.8125,237.8125,244.84375,244.84375,244.84375,244.84375,244.84375,244.84375,244.84375,245.78125,244.84375,244.84375,244.84375,244.84375,244.84375,244.84375,244.84375,244.84375,244.84375,244.84375,244.84375,245.78125,249.375,244.84375,244.84375,244.84375,244.84375,244.84375,245.78125,241.875,244.84375,255.0,244.84375,244.84375,244.84375,245.78125,244.84375,244.84375,248.28125,237.8125,244.84375,237.8125,237.8125,237.8125,237.8125,237.8125,237.8125,237.8125,237.8125,244.84375,237.8125,237.8125,244.6875,237.8125,237.8125,237.8125,244.84375,237.8125
hDenV1/Colombia/ANT-UDS-0746586/2013,0.0,0.0,0.0,0.0,0.0,0.0,0.0,0.0,0.0,0.0,0.0,12.65625,12.65625,12.65625,0.0,12.65625,0.0,0.0,0.0,0.0,0.0,0.0,0.0,3.59375,0.0,22.65625,0.0,3.59375,3.59375,0.0,0.0,0.0,0.0,0.0,20.625,3.59375,0.0,0.0,3.59375,12.96875,0.0,0.0,3.59375,0.0,0.0,0.0,0.0,0.0,0.0,0.0,0.0,0.0,0.0,0.0,0.0,0.0,0.0,0.0,0.0,0.0,0.0,0.0,0.0,0.0,0.0,0.0,0.0,0.0,0.0,0.0,0.0,0.0,0.0,0.0,0.0,0.0,0.0,0.0,0.0,4.53125,0.0,0.0,0.0,0.0,0.0,0.0,0.0,0.0,0.0,0.0,0.0,0.0,0.0,12.65625,0.0,12.65625,0.0,0.0,0.0,12.65625,0.0,0.0,0.0,0.0,3.28125,207.65625,206.25,206.25,206.25,224.53125,204.84375,191.5625,202.03125,206.25,206.25,206.25,206.25,206.25,206.25,206.25,206.25,206.25,206.25,206.25,206.25,206.25,206.25,206.25,206.25,206.25,206.25,206.25,206.25,206.25,206.25,206.25,206.25,206.25,206.25,206.25,206.25,206.25,206.25,206.25,206.25,206.25,206.25,206.25,206.25,206.25,206.25,206.25,206.25,206.25,206.25,206.25,206.25,206.25,206.25,207.5,206.25,206.25,206.25,206.25,206.25,206.25,206.25,206.25,206.25,206.25,206.25,206.25,206.25,206.25,206.25,206.25,206.25,206.25,206.25,206.25,206.25,206.25,206.25,206.25,206.25,206.25,206.25,206.25,206.25,206.25,206.25,393.4375,393.4375,394.53125,393.4375,407.8125,407.8125,420.3125,386.09375,370.15625,396.875,420.3125,407.34375,420.3125,420.3125,407.34375,407.34375,407.34375,420.3125,420.3125,420.3125,393.4375,407.34375,407.34375,420.3125,407.34375,393.4375,420.3125,416.25,420.3125,407.34375,420.3125,420.3125,407.34375,393.4375,393.4375,407.34375,407.34375,393.4375,393.4375,420.3125,414.0625,407.34375,420.3125,407.34375,407.34375,420.3125,407.34375,396.875,407.34375,407.34375,407.34375,420.3125,407.34375,407.34375,393.4375,393.4375,407.34375,407.34375,393.4375,407.34375,407.34375,393.4375,393.4375,407.34375,407.34375,393.4375,396.875,420.3125,407.34375,416.25,420.3125,420.3125,393.4375,407.34375,393.4375,396.875,416.25,420.3125,407.34375,407.34375,404.21875,392.8125,404.21875,404.21875,407.34375,420.3125,392.8125,404.21875,392.8125,396.875,392.8125,392.8125,404.21875,392.8125,392.8125,392.8125,392.8125,392.8125,392.8125,392.8125,413.59375,407.34375,244.375,244.84375,248.28125,237.8125,244.375,244.84375,244.84375,244.84375,244.84375,244.84375,244.84375,244.84375,244.84375,245.78125,252.96875,252.96875,252.96875,252.96875,252.96875,244.84375,244.84375,237.8125,252.96875,244.84375,244.84375,244.84375,244.84375,244.84375,244.84375,244.84375,244.84375,244.84375,244.84375,244.84375,244.84375,237.8125,237.8125,244.84375,244.84375,244.84375,244.84375,244.84375,244.84375,244.84375,245.78125,244.84375,244.84375,244.84375,244.84375,244.84375,244.84375,244.84375,244.84375,244.84375,244.84375,244.84375,245.78125,249.375,244.84375,244.84375,244.84375,244.84375,244.84375,245.78125,241.875,244.84375,255.0,244.84375,244.84375,244.84375,245.78125,244.84375,244.84375,248.28125,237.8125,244.84375,237.8125,237.8125,237.8125,237.8125,237.8125,237.8125,237.8125,237.8125,244.84375,237.8125,237.8125,244.6875,237.8125,237.8125,237.8125,244.84375,237.8125
hDenV1/Colombia/CAU-INS-483718/2016,0.0,0.0,0.0,0.0,0.0,0.0,0.0,0.0,0.0,0.0,0.0,12.65625,12.65625,12.65625,0.0,12.65625,0.0,0.0,0.0,0.0,0.0,0.0,0.0,3.59375,0.0,22.65625,0.0,3.59375,3.59375,0.0,0.0,0.0,0.0,0.0,20.625,3.59375,0.0,0.0,3.59375,12.96875,0.0,0.0,3.59375,0.0,0.0,0.0,0.0,0.0,0.0,0.0,0.0,0.0,0.0,0.0,0.0,0.0,0.0,0.0,0.0,0.0,0.0,0.0,0.0,0.0,0.0,0.0,0.0,0.0,0.0,0.0,0.0,0.0,0.0,0.0,0.0,0.0,0.0,0.0,0.0,4.53125,0.0,0.0,0.0,0.0,0.0,0.0,0.0,0.0,0.0,0.0,0.0,0.0,0.0,12.65625,0.0,12.65625,0.0,0.0,0.0,12.65625,0.0,0.0,0.0,0.0,3.28125,207.65625,206.25,206.25,206.25,224.53125,204.84375,191.5625,202.03125,206.25,206.25,206.25,206.25,206.25,206.25,206.25,206.25,206.25,206.25,206.25,206.25,206.25,206.25,206.25,206.25,206.25,206.25,206.25,206.25,206.25,206.25,206.25,206.25,206.25,206.25,206.25,206.25,206.25,206.25,206.25,206.25,206.25,206.25,206.25,206.25,206.25,206.25,206.25,206.25,206.25,206.25,206.25,206.25,206.25,206.25,207.5,206.25,206.25,206.25,206.25,206.25,206.25,206.25,206.25,206.25,206.25,206.25,206.25,206.25,206.25,206.25,206.25,206.25,206.25,206.25,206.25,206.25,206.25,206.25,206.25,206.25,206.25,206.25,206.25,206.25,206.25,206.25,393.4375,393.4375,394.53125,393.4375,407.8125,407.8125,420.3125,386.09375,370.15625,396.875,420.3125,407.34375,420.3125,420.3125,407.34375,407.34375,407.34375,420.3125,420.3125,420.3125,393.4375,407.34375,407.34375,420.3125,407.34375,393.4375,420.3125,416.25,420.3125,407.34375,420.3125,420.3125,407.34375,393.4375,393.4375,407.34375,407.34375,393.4375,393.4375,420.3125,414.0625,407.34375,420.3125,407.34375,407.34375,420.3125,407.34375,396.875,407.34375,407.34375,407.34375,420.3125,407.34375,407.34375,393.4375,393.4375,407.34375,407.34375,393.4375,407.34375,407.34375,393.4375,393.4375,407.34375,407.34375,393.4375,396.875,420.3125,407.34375,416.25,420.3125,420.3125,393.4375,407.34375,393.4375,396.875,416.25,420.3125,407.34375,407.34375,404.21875,392.8125,404.21875,404.21875,407.34375,420.3125,392.8125,404.21875,392.8125,396.875,392.8125,392.8125,404.21875,392.8125,392.8125,392.8125,392.8125,392.8125,392.8125,392.8125,413.59375,407.34375,244.375,244.84375,248.28125,237.8125,244.375,244.84375,244.84375,244.84375,244.84375,244.84375,244.84375,244.84375,244.84375,245.78125,252.96875,252.96875,252.96875,252.96875,252.96875,244.84375,244.84375,237.8125,252.96875,244.84375,244.84375,244.84375,244.84375,244.84375,244.84375,244.84375,244.84375,244.84375,244.84375,244.84375,244.84375,237.8125,237.8125,244.84375,244.84375,244.84375,244.84375,244.84375,244.84375,244.84375,245.78125,244.84375,244.84375,244.84375,244.84375,244.84375,244.84375,244.84375,244.84375,244.84375,244.84375,244.84375,245.78125,249.375,244.84375,244.84375,244.84375,244.84375,244.84375,245.78125,241.875,244.84375,255.0,244.84375,244.84375,244.84375,245.78125,244.84375,244.84375,248.28125,237.8125,244.84375,237.8125,237.8125,237.8125,237.8125,237.8125,237.8125,237.8125,237.8125,244.84375,237.8125,237.8125,244.6875,237.8125,237.8125,237.8125,244.84375,237.8125
hDenV1/Colombia/CUN-INS-450339/2015,0.0,0.0,0.0,0.0,0.0,0.0,0.0,0.0,0.0,0.0,0.0,12.65625,12.65625,12.65625,0.0,12.65625,0.0,0.0,0.0,0.0,0.0,0.0,0.0,3.59375,0.0,22.65625,0.0,3.59375,3.59375,0.0,0.0,0.0,0.0,0.0,20.625,3.59375,0.0,0.0,3.59375,12.96875,0.0,0.0,3.59375,0.0,0.0,0.0,0.0,0.0,0.0,0.0,0.0,0.0,0.0,0.0,0.0,0.0,0.0,0.0,0.0,0.0,0.0,0.0,0.0,0.0,0.0,0.0,0.0,0.0,0.0,0.0,0.0,0.0,0.0,0.0,0.0,0.0,0.0,0.0,0.0,4.53125,0.0,0.0,0.0,0.0,0.0,0.0,0.0,0.0,0.0,0.0,0.0,0.0,0.0,12.65625,0.0,12.65625,0.0,0.0,0.0,12.65625,0.0,0.0,0.0,0.0,3.28125,207.65625,206.25,206.25,206.25,224.53125,204.84375,191.5625,202.03125,206.25,206.25,206.25,206.25,206.25,206.25,206.25,206.25,206.25,206.25,206.25,206.25,206.25,206.25,206.25,206.25,206.25,206.25,206.25,206.25,206.25,206.25,206.25,206.25,206.25,206.25,206.25,206.25,206.25,206.25,206.25,206.25,206.25,206.25,206.25,206.25,206.25,206.25,206.25,206.25,206.25,206.25,206.25,206.25,206.25,206.25,207.5,206.25,206.25,206.25,206.25,206.25,206.25,206.25,206.25,206.25,206.25,206.25,206.25,206.25,206.25,206.25,206.25,206.25,206.25,206.25,206.25,206.25,206.25,206.25,206.25,206.25,206.25,206.25,206.25,206.25,206.25,206.25,393.4375,393.4375,394.53125,393.4375,407.8125,407.8125,420.3125,386.09375,370.15625,396.875,420.3125,407.34375,420.3125,420.3125,407.34375,407.34375,407.34375,420.3125,420.3125,420.3125,393.4375,407.34375,407.34375,420.3125,407.34375,393.4375,420.3125,416.25,420.3125,407.34375,420.3125,420.3125,407.34375,393.4375,393.4375,407.34375,407.34375,393.4375,393.4375,420.3125,414.0625,407.34375,420.3125,407.34375,407.34375,420.3125,407.34375,396.875,407.34375,407.34375,407.34375,420.3125,407.34375,407.34375,393.4375,393.4375,407.34375,407.34375,393.4375,407.34375,407.34375,393.4375,393.4375,407.34375,407.34375,393.4375,396.875,420.3125,407.34375,416.25,420.3125,420.3125,393.4375,407.34375,393.4375,396.875,416.25,420.3125,407.34375,407.34375,404.21875,392.8125,404.21875,404.21875,407.34375,420.3125,392.8125,404.21875,392.8125,396.875,392.8125,392.8125,404.21875,392.8125,392.8125,392.8125,392.8125,392.8125,392.8125,392.8125,413.59375,407.34375,244.375,244.84375,248.28125,237.8125,244.375,244.84375,244.84375,244.84375,244.84375,244.84375,244.84375,244.84375,244.84375,245.78125,252.96875,252.96875,252.96875,252.96875,252.96875,244.84375,244.84375,237.8125,252.96875,244.84375,244.84375,244.84375,244.84375,244.84375,244.84375,244.84375,244.84375,244.84375,244.84375,244.84375,244.84375,237.8125,237.8125,244.84375,244.84375,244.84375,244.84375,244.84375,244.84375,244.84375,245.78125,244.84375,244.84375,244.84375,244.84375,244.84375,244.84375,244.84375,244.84375,244.84375,244.84375,244.84375,245.78125,249.375,244.84375,244.84375,244.84375,244.84375,244.84375,245.78125,241.875,244.84375,255.0,244.84375,244.84375,244.84375,245.78125,244.84375,244.84375,248.28125,237.8125,244.84375,237.8125,237.8125,237.8125,237.8125,237.8125,237.8125,237.8125,237.8125,244.84375,237.8125,237.8125,244.6875,237.8125,237.8125,237.8125,244.84375,237.8125
hDenV1/Colombia/FUADLA-AFI025_676/2021,0.0,0.0,0.0,0.0,0.0,0.0,0.0,0.0,0.0,0.0,0.0,12.65625,12.65625,12.65625,0.0,12.65625,0.0,0.0,0.0,0.0,0.0,0.0,0.0,3.59375,0.0,22.65625,0.0,3.59375,3.59375,0.0,0.0,0.0,0.0,0.0,20.625,3.59375,0.0,0.0,3.59375,12.96875,0.0,0.0,3.59375,0.0,0.0,0.0,0.0,0.0,0.0,0.0,0.0,0.0,0.0,0.0,0.0,0.0,0.0,0.0,0.0,0.0,0.0,0.0,0.0,0.0,0.0,0.0,0.0,0.0,0.0,0.0,0.0,0.0,0.0,0.0,0.0,0.0,0.0,0.0,0.0,4.53125,0.0,0.0,0.0,0.0,0.0,0.0,0.0,0.0,0.0,0.0,0.0,0.0,0.0,12.65625,0.0,12.65625,0.0,0.0,0.0,12.65625,0.0,0.0,0.0,0.0,3.28125,207.65625,206.25,206.25,206.25,224.53125,204.84375,191.5625,202.03125,206.25,206.25,206.25,206.25,206.25,206.25,206.25,206.25,206.25,206.25,206.25,206.25,206.25,206.25,206.25,206.25,206.25,206.25,206.25,206.25,206.25,206.25,206.25,206.25,206.25,206.25,206.25,206.25,206.25,206.25,206.25,206.25,206.25,206.25,206.25,206.25,206.25,206.25,206.25,206.25,206.25,206.25,206.25,206.25,206.25,206.25,207.5,206.25,206.25,206.25,206.25,206.25,206.25,206.25,206.25,206.25,206.25,206.25,206.25,206.25,206.25,206.25,206.25,206.25,206.25,206.25,206.25,206.25,206.25,206.25,206.25,206.25,206.25,206.25,206.25,206.25,206.25,206.25,393.4375,393.4375,394.53125,393.4375,407.8125,407.8125,420.3125,386.09375,370.15625,396.875,420.3125,407.34375,420.3125,420.3125,407.34375,407.34375,407.34375,420.3125,420.3125,420.3125,393.4375,407.34375,407.34375,420.3125,407.34375,393.4375,420.3125,416.25,420.3125,407.34375,420.3125,420.3125,407.34375,393.4375,393.4375,407.34375,407.34375,393.4375,393.4375,420.3125,414.0625,407.34375,420.3125,407.34375,407.34375,420.3125,407.34375,396.875,407.34375,407.34375,407.34375,420.3125,407.34375,407.34375,393.4375,393.4375,407.34375,407.34375,393.4375,407.34375,407.34375,393.4375,393.4375,407.34375,407.34375,393.4375,396.875,420.3125,407.34375,416.25,420.3125,420.3125,393.4375,407.34375,393.4375,396.875,416.25,420.3125,407.34375,407.34375,404.21875,392.8125,404.21875,404.21875,407.34375,420.3125,392.8125,404.21875,392.8125,396.875,392.8125,392.8125,404.21875,392.8125,392.8125,392.8125,392.8125,392.8125,392.8125,392.8125,413.59375,407.34375,244.375,244.84375,248.28125,237.8125,244.375,244.84375,244.84375,244.84375,244.84375,244.84375,244.84375,244.84375,244.84375,245.78125,252.96875,252.96875,252.96875,252.96875,252.96875,244.84375,244.84375,237.8125,252.96875,244.84375,244.84375,244.84375,244.84375,244.84375,244.84375,244.84375,244.84375,244.84375,244.84375,244.84375,244.84375,237.8125,237.8125,244.84375,244.84375,244.84375,244.84375,244.84375,244.84375,244.84375,245.78125,244.84375,244.84375,244.84375,244.84375,244.84375,244.84375,244.84375,244.84375,244.84375,244.84375,244.84375,245.78125,249.375,244.84375,244.84375,244.84375,244.84375,244.84375,245.78125,241.875,244.84375,255.0,244.84375,244.84375,244.84375,245.78125,244.84375,244.84375,248.28125,237.8125,244.84375,237.8125,237.8125,237.8125,237.8125,237.8125,237.8125,237.8125,237.8125,244.84375,237.8125,237.8125,244.6875,237.8125,237.8125,237.8125,244.84375,237.8125
hDenV1/Colombia/FUADLA-AFI059_677/2021,0.0,0.0,0.0,0.0,0.0,0.0,0.0,0.0,0.0,0.0,0.0,12.65625,12.65625,12.65625,0.0,12.65625,0.0,0.0,0.0,0.0,0.0,0.0,0.0,3.59375,0.0,22.65625,0.0,3.59375,3.59375,0.0,0.0,0.0,0.0,0.0,20.625,3.59375,0.0,0.0,3.59375,12.96875,0.0,0.0,3.59375,0.0,0.0,0.0,0.0,0.0,0.0,0.0,0.0,0.0,0.0,0.0,0.0,0.0,0.0,0.0,0.0,0.0,0.0,0.0,0.0,0.0,0.0,0.0,0.0,0.0,0.0,0.0,0.0,0.0,0.0,0.0,0.0,0.0,0.0,0.0,0.0,4.53125,0.0,0.0,0.0,0.0,0.0,0.0,0.0,0.0,0.0,0.0,0.0,0.0,0.0,12.65625,0.0,12.65625,0.0,0.0,0.0,12.65625,0.0,0.0,0.0,0.0,3.28125,207.65625,206.25,206.25,206.25,224.53125,204.84375,191.5625,202.03125,206.25,206.25,206.25,206.25,206.25,206.25,206.25,206.25,206.25,206.25,206.25,206.25,206.25,206.25,206.25,206.25,206.25,206.25,206.25,206.25,206.25,206.25,206.25,206.25,206.25,206.25,206.25,206.25,206.25,206.25,206.25,206.25,206.25,206.25,206.25,206.25,206.25,206.25,206.25,206.25,206.25,206.25,206.25,206.25,206.25,206.25,207.5,206.25,206.25,206.25,206.25,206.25,206.25,206.25,206.25,206.25,206.25,206.25,206.25,206.25,206.25,206.25,206.25,206.25,206.25,206.25,206.25,206.25,206.25,206.25,206.25,206.25,206.25,206.25,206.25,206.25,206.25,206.25,393.4375,393.4375,394.53125,393.4375,407.8125,407.8125,420.3125,386.09375,370.15625,396.875,420.3125,407.34375,420.3125,420.3125,407.34375,407.34375,407.34375,420.3125,420.3125,420.3125,393.4375,407.34375,407.34375,420.3125,407.34375,393.4375,420.3125,416.25,420.3125,407.34375,420.3125,420.3125,407.34375,393.4375,393.4375,407.34375,407.34375,393.4375,393.4375,420.3125,414.0625,407.34375,420.3125,407.34375,407.34375,420.3125,407.34375,396.875,407.34375,407.34375,407.34375,420.3125,407.34375,407.34375,393.4375,393.4375,407.34375,407.34375,393.4375,407.34375,407.34375,393.4375,393.4375,407.34375,407.34375,393.4375,396.875,420.3125,407.34375,416.25,420.3125,420.3125,393.4375,407.34375,393.4375,396.875,416.25,420.3125,407.34375,407.34375,404.21875,392.8125,404.21875,404.21875,407.34375,420.3125,392.8125,404.21875,392.8125,396.875,392.8125,392.8125,404.21875,392.8125,392.8125,392.8125,392.8125,392.8125,392.8125,392.8125,413.59375,407.34375,244.375,244.84375,248.28125,237.8125,244.375,244.84375,244.84375,244.84375,244.84375,244.84375,244.84375,244.84375,244.84375,245.78125,252.96875,252.96875,252.96875,252.96875,252.96875,244.84375,244.84375,237.8125,252.96875,244.84375,244.84375,244.84375,244.84375,244.84375,244.84375,244.84375,244.84375,244.84375,244.84375,244.84375,244.84375,237.8125,237.8125,244.84375,244.84375,244.84375,244.84375,244.84375,244.84375,244.84375,245.78125,244.84375,244.84375,244.84375,244.84375,244.84375,244.84375,244.84375,244.84375,244.84375,244.84375,244.84375,245.78125,249.375,244.84375,244.84375,244.84375,244.84375,244.84375,245.78125,241.875,244.84375,255.0,244.84375,244.84375,244.84375,245.78125,244.84375,244.84375,248.28125,237.8125,244.84375,237.8125,237.8125,237.8125,237.8125,237.8125,237.8125,237.8125,237.8125,244.84375,237.8125,237.8125,244.6875,237.8125,237.8125,237.8125,244.84375,237.8125
hDenV1/Colombia/HUI-UEB-033/2011,0.0,0.0,0.0,0.0,0.0,0.0,0.0,0.0,0.0,0.0,0.0,12.65625,12.65625,12.65625,0.0,12.65625,0.0,0.0,0.0,0.0,0.0,0.0,0.0,3.59375,0.0,22.65625,0.0,3.59375,3.59375,0.0,0.0,0.0,0.0,0.0,20.625,3.59375,0.0,0.0,3.59375,12.96875,0.0,0.0,3.59375,0.0,0.0,0.0,0.0,0.0,0.0,0.0,0.0,0.0,0.0,0.0,0.0,0.0,0.0,0.0,0.0,0.0,0.0,0.0,0.0,0.0,0.0,0.0,0.0,0.0,0.0,0.0,0.0,0.0,0.0,0.0,0.0,0.0,0.0,0.0,0.0,4.53125,0.0,0.0,0.0,0.0,0.0,0.0,0.0,0.0,0.0,0.0,0.0,0.0,0.0,12.65625,0.0,12.65625,0.0,0.0,0.0,12.65625,0.0,0.0,0.0,0.0,3.28125,207.65625,206.25,206.25,206.25,224.53125,204.84375,191.5625,202.03125,206.25,206.25,206.25,206.25,206.25,206.25,206.25,206.25,206.25,206.25,206.25,206.25,206.25,206.25,206.25,206.25,206.25,206.25,206.25,206.25,206.25,206.25,206.25,206.25,206.25,206.25,206.25,206.25,206.25,206.25,206.25,206.25,206.25,206.25,206.25,206.25,206.25,206.25,206.25,206.25,206.25,206.25,206.25,206.25,206.25,206.25,207.5,206.25,206.25,206.25,206.25,206.25,206.25,206.25,206.25,206.25,206.25,206.25,206.25,206.25,206.25,206.25,206.25,206.25,206.25,206.25,206.25,206.25,206.25,206.25,206.25,206.25,206.25,206.25,206.25,206.25,206.25,206.25,393.4375,393.4375,394.53125,393.4375,407.8125,407.8125,420.3125,386.09375,370.15625,396.875,420.3125,407.34375,420.3125,420.3125,407.34375,407.34375,407.34375,420.3125,420.3125,420.3125,393.4375,407.34375,407.34375,420.3125,407.34375,393.4375,420.3125,416.25,420.3125,407.34375,420.3125,420.3125,407.34375,393.4375,393.4375,407.34375,407.34375,393.4375,393.4375,420.3125,414.0625,407.34375,420.3125,407.34375,407.34375,420.3125,407.34375,396.875,407.34375,407.34375,407.34375,420.3125,407.34375,407.34375,393.4375,393.4375,407.34375,407.34375,393.4375,407.34375,407.34375,393.4375,393.4375,407.34375,407.34375,393.4375,396.875,420.3125,407.34375,416.25,420.3125,420.3125,393.4375,407.34375,393.4375,396.875,416.25,420.3125,407.34375,407.34375,404.21875,392.8125,404.21875,404.21875,407.34375,420.3125,392.8125,404.21875,392.8125,396.875,392.8125,392.8125,404.21875,392.8125,392.8125,392.8125,392.8125,392.8125,392.8125,392.8125,413.59375,407.34375,244.375,244.84375,248.28125,237.8125,244.375,244.84375,244.84375,244.84375,244.84375,244.84375,244.84375,244.84375,244.84375,245.78125,252.96875,252.96875,252.96875,252.96875,252.96875,244.84375,244.84375,237.8125,252.96875,244.84375,244.84375,244.84375,244.84375,244.84375,244.84375,244.84375,244.84375,244.84375,244.84375,244.84375,244.84375,237.8125,237.8125,244.84375,244.84375,244.84375,244.84375,244.84375,244.84375,244.84375,245.78125,244.84375,244.84375,244.84375,244.84375,244.84375,244.84375,244.84375,244.84375,244.84375,244.84375,244.84375,245.78125,249.375,244.84375,244.84375,244.84375,244.84375,244.84375,245.78125,241.875,244.84375,255.0,244.84375,244.84375,244.84375,245.78125,244.84375,244.84375,248.28125,237.8125,244.84375,237.8125,237.8125,237.8125,237.8125,237.8125,237.8125,237.8125,237.8125,244.84375,237.8125,237.8125,244.6875,237.8125,237.8125,237.8125,244.84375,237.8125
hDenV1/Colombia/MET-INS-424735/2013,0.0,0.0,0.0,0.0,0.0,0.0,0.0,0.0,0.0,0.0,0.0,12.65625,12.65625,12.65625,0.0,12.65625,0.0,0.0,0.0,0.0,0.0,0.0,0.0,3.59375,0.0,22.65625,0.0,3.59375,3.59375,0.0,0.0,0.0,0.0,0.0,20.625,3.59375,0.0,0.0,3.59375,12.96875,0.0,0.0,3.59375,0.0,0.0,0.0,0.0,0.0,0.0,0.0,0.0,0.0,0.0,0.0,0.0,0.0,0.0,0.0,0.0,0.0,0.0,0.0,0.0,0.0,0.0,0.0,0.0,0.0,0.0,0.0,0.0,0.0,0.0,0.0,0.0,0.0,0.0,0.0,0.0,4.53125,0.0,0.0,0.0,0.0,0.0,0.0,0.0,0.0,0.0,0.0,0.0,0.0,0.0,12.65625,0.0,12.65625,0.0,0.0,0.0,12.65625,0.0,0.0,0.0,0.0,3.28125,207.65625,206.25,206.25,206.25,224.53125,204.84375,191.5625,202.03125,206.25,206.25,206.25,206.25,206.25,206.25,206.25,206.25,206.25,206.25,206.25,206.25,206.25,206.25,206.25,206.25,206.25,206.25,206.25,206.25,206.25,206.25,206.25,206.25,206.25,206.25,206.25,206.25,206.25,206.25,206.25,206.25,206.25,206.25,206.25,206.25,206.25,206.25,206.25,206.25,206.25,206.25,206.25,206.25,206.25,206.25,207.5,206.25,206.25,206.25,206.25,206.25,206.25,206.25,206.25,206.25,206.25,206.25,206.25,206.25,206.25,206.25,206.25,206.25,206.25,206.25,206.25,206.25,206.25,206.25,206.25,206.25,206.25,206.25,206.25,206.25,206.25,206.25,393.4375,393.4375,394.53125,393.4375,407.8125,407.8125,420.3125,386.09375,370.15625,396.875,420.3125,407.34375,420.3125,420.3125,407.34375,407.34375,407.34375,420.3125,420.3125,420.3125,393.4375,407.34375,407.34375,420.3125,407.34375,393.4375,420.3125,416.25,420.3125,407.34375,420.3125,420.3125,407.34375,393.4375,393.4375,407.34375,407.34375,393.4375,393.4375,420.3125,414.0625,407.34375,420.3125,407.34375,407.34375,420.3125,407.34375,396.875,407.34375,407.34375,407.34375,420.3125,407.34375,407.34375,393.4375,393.4375,407.34375,407.34375,393.4375,407.34375,407.34375,393.4375,393.4375,407.34375,407.34375,393.4375,396.875,420.3125,407.34375,416.25,420.3125,420.3125,393.4375,407.34375,393.4375,396.875,416.25,420.3125,407.34375,407.34375,404.21875,392.8125,404.21875,404.21875,407.34375,420.3125,392.8125,404.21875,392.8125,396.875,392.8125,392.8125,404.21875,392.8125,392.8125,392.8125,392.8125,392.8125,392.8125,392.8125,413.59375,407.34375,244.375,244.84375,248.28125,237.8125,244.375,244.84375,244.84375,244.84375,244.84375,244.84375,244.84375,244.84375,244.84375,245.78125,252.96875,252.96875,252.96875,252.96875,252.96875,244.84375,244.84375,237.8125,252.96875,244.84375,244.84375,244.84375,244.84375,244.84375,244.84375,244.84375,244.84375,244.84375,244.84375,244.84375,244.84375,237.8125,237.8125,244.84375,244.84375,244.84375,244.84375,244.84375,244.84375,244.84375,245.78125,244.84375,244.84375,244.84375,244.84375,244.84375,244.84375,244.84375,244.84375,244.84375,244.84375,244.84375,245.78125,249.375,244.84375,244.84375,244.84375,244.84375,244.84375,245.78125,241.875,244.84375,255.0,244.84375,244.84375,244.84375,245.78125,244.84375,244.84375,248.28125,237.8125,244.84375,237.8125,237.8125,237.8125,237.8125,237.8125,237.8125,237.8125,237.8125,244.84375,237.8125,237.8125,244.6875,237.8125,237.8125,237.8125,244.84375,237.8125
hDenV1/Colombia/NSA-BROAD-0000019/2006,0.0,0.0,0.0,0.0,0.0,0.0,0.0,0.0,0.0,0.0,0.0,12.65625,12.65625,12.65625,0.0,12.65625,0.0,0.0,0.0,0.0,0.0,0.0,0.0,3.59375,0.0,22.65625,0.0,3.59375,3.59375,0.0,0.0,0.0,0.0,0.0,20.625,3.59375,0.0,0.0,3.59375,12.96875,0.0,0.0,3.59375,0.0,0.0,0.0,0.0,0.0,0.0,0.0,0.0,0.0,0.0,0.0,0.0,0.0,0.0,0.0,0.0,0.0,0.0,0.0,0.0,0.0,0.0,0.0,0.0,0.0,0.0,0.0,0.0,0.0,0.0,0.0,0.0,0.0,0.0,0.0,0.0,4.53125,0.0,0.0,0.0,0.0,0.0,0.0,0.0,0.0,0.0,0.0,0.0,0.0,0.0,12.65625,0.0,12.65625,0.0,0.0,0.0,12.65625,0.0,0.0,0.0,0.0,3.28125,207.65625,206.25,206.25,206.25,224.53125,204.84375,191.5625,202.03125,206.25,206.25,206.25,206.25,206.25,206.25,206.25,206.25,206.25,206.25,206.25,206.25,206.25,206.25,206.25,206.25,206.25,206.25,206.25,206.25,206.25,206.25,206.25,206.25,206.25,206.25,206.25,206.25,206.25,206.25,206.25,206.25,206.25,206.25,206.25,206.25,206.25,206.25,206.25,206.25,206.25,206.25,206.25,206.25,206.25,206.25,207.5,206.25,206.25,206.25,206.25,206.25,206.25,206.25,206.25,206.25,206.25,206.25,206.25,206.25,206.25,206.25,206.25,206.25,206.25,206.25,206.25,206.25,206.25,206.25,206.25,206.25,206.25,206.25,206.25,206.25,206.25,206.25,393.4375,393.4375,394.53125,393.4375,407.8125,407.8125,420.3125,386.09375,370.15625,396.875,420.3125,407.34375,420.3125,420.3125,407.34375,407.34375,407.34375,420.3125,420.3125,420.3125,393.4375,407.34375,407.34375,420.3125,407.34375,393.4375,420.3125,416.25,420.3125,407.34375,420.3125,420.3125,407.34375,393.4375,393.4375,407.34375,407.34375,393.4375,393.4375,420.3125,414.0625,407.34375,420.3125,407.34375,407.34375,420.3125,407.34375,396.875,407.34375,407.34375,407.34375,420.3125,407.34375,407.34375,393.4375,393.4375,407.34375,407.34375,393.4375,407.34375,407.34375,393.4375,393.4375,407.34375,407.34375,393.4375,396.875,420.3125,407.34375,416.25,420.3125,420.3125,393.4375,407.34375,393.4375,396.875,416.25,420.3125,407.34375,407.34375,404.21875,392.8125,404.21875,404.21875,407.34375,420.3125,392.8125,404.21875,392.8125,396.875,392.8125,392.8125,404.21875,392.8125,392.8125,392.8125,392.8125,392.8125,392.8125,392.8125,413.59375,407.34375,244.375,244.84375,248.28125,237.8125,244.375,244.84375,244.84375,244.84375,244.84375,244.84375,244.84375,244.84375,244.84375,245.78125,252.96875,252.96875,252.96875,252.96875,252.96875,244.84375,244.84375,237.8125,252.96875,244.84375,244.84375,244.84375,244.84375,244.84375,244.84375,244.84375,244.84375,244.84375,244.84375,244.84375,244.84375,237.8125,237.8125,244.84375,244.84375,244.84375,244.84375,244.84375,244.84375,244.84375,245.78125,244.84375,244.84375,244.84375,244.84375,244.84375,244.84375,244.84375,244.84375,244.84375,244.84375,244.84375,245.78125,249.375,244.84375,244.84375,244.84375,244.84375,244.84375,245.78125,241.875,244.84375,255.0,244.84375,244.84375,244.84375,245.78125,244.84375,244.84375,248.28125,237.8125,244.84375,237.8125,237.8125,237.8125,237.8125,237.8125,237.8125,237.8125,237.8125,244.84375,237.8125,237.8125,244.6875,237.8125,237.8125,237.8125,244.84375,237.8125
hDenV1/Colombia/NSA-BROAD-0000020/2006,0.0,0.0,0.0,0.0,0.0,0.0,0.0,0.0,0.0,0.0,0.0,12.65625,12.65625,12.65625,0.0,12.65625,0.0,0.0,0.0,0.0,0.0,0.0,0.0,3.59375,0.0,22.65625,0.0,3.59375,3.59375,0.0,0.0,0.0,0.0,0.0,20.625,3.59375,0.0,0.0,3.59375,12.96875,0.0,0.0,3.59375,0.0,0.0,0.0,0.0,0.0,0.0,0.0,0.0,0.0,0.0,0.0,0.0,0.0,0.0,0.0,0.0,0.0,0.0,0.0,0.0,0.0,0.0,0.0,0.0,0.0,0.0,0.0,0.0,0.0,0.0,0.0,0.0,0.0,0.0,0.0,0.0,4.53125,0.0,0.0,0.0,0.0,0.0,0.0,0.0,0.0,0.0,0.0,0.0,0.0,0.0,12.65625,0.0,12.65625,0.0,0.0,0.0,12.65625,0.0,0.0,0.0,0.0,3.28125,207.65625,206.25,206.25,206.25,224.53125,204.84375,191.5625,202.03125,206.25,206.25,206.25,206.25,206.25,206.25,206.25,206.25,206.25,206.25,206.25,206.25,206.25,206.25,206.25,206.25,206.25,206.25,206.25,206.25,206.25,206.25,206.25,206.25,206.25,206.25,206.25,206.25,206.25,206.25,206.25,206.25,206.25,206.25,206.25,206.25,206.25,206.25,206.25,206.25,206.25,206.25,206.25,206.25,206.25,206.25,207.5,206.25,206.25,206.25,206.25,206.25,206.25,206.25,206.25,206.25,206.25,206.25,206.25,206.25,206.25,206.25,206.25,206.25,206.25,206.25,206.25,206.25,206.25,206.25,206.25,206.25,206.25,206.25,206.25,206.25,206.25,206.25,393.4375,393.4375,394.53125,393.4375,407.8125,407.8125,420.3125,386.09375,370.15625,396.875,420.3125,407.34375,420.3125,420.3125,407.34375,407.34375,407.34375,420.3125,420.3125,420.3125,393.4375,407.34375,407.34375,420.3125,407.34375,393.4375,420.3125,416.25,420.3125,407.34375,420.3125,420.3125,407.34375,393.4375,393.4375,407.34375,407.34375,393.4375,393.4375,420.3125,414.0625,407.34375,420.3125,407.34375,407.34375,420.3125,407.34375,396.875,407.34375,407.34375,407.34375,420.3125,407.34375,407.34375,393.4375,393.4375,407.34375,407.34375,393.4375,407.34375,407.34375,393.4375,393.4375,407.34375,407.34375,393.4375,396.875,420.3125,407.34375,416.25,420.3125,420.3125,393.4375,407.34375,393.4375,396.875,416.25,420.3125,407.34375,407.34375,404.21875,392.8125,404.21875,404.21875,407.34375,420.3125,392.8125,404.21875,392.8125,396.875,392.8125,392.8125,404.21875,392.8125,392.8125,392.8125,392.8125,392.8125,392.8125,392.8125,413.59375,407.34375,244.375,244.84375,248.28125,237.8125,244.375,244.84375,244.84375,244.84375,244.84375,244.84375,244.84375,244.84375,244.84375,245.78125,252.96875,252.96875,252.96875,252.96875,252.96875,244.84375,244.84375,237.8125,252.96875,244.84375,244.84375,244.84375,244.84375,244.84375,244.84375,244.84375,244.84375,244.84375,244.84375,244.84375,244.84375,237.8125,237.8125,244.84375,244.84375,244.84375,244.84375,244.84375,244.84375,244.84375,245.78125,244.84375,244.84375,244.84375,244.84375,244.84375,244.84375,244.84375,244.84375,244.84375,244.84375,244.84375,245.78125,249.375,244.84375,244.84375,244.84375,244.84375,244.84375,245.78125,241.875,244.84375,255.0,244.84375,244.84375,244.84375,245.78125,244.84375,244.84375,248.28125,237.8125,244.84375,237.8125,237.8125,237.8125,237.8125,237.8125,237.8125,237.8125,237.8125,244.84375,237.8125,237.8125,244.6875,237.8125,237.8125,237.8125,244.84375,237.8125
hDenV1/Colombia/NSA-BROAD-0000023/2006,0.0,0.0,0.0,0.0,0.0,0.0,0.0,0.0,0.0,0.0,0.0,12.65625,12.65625,12.65625,0.0,12.65625,0.0,0.0,0.0,0.0,0.0,0.0,0.0,3.59375,0.0,22.65625,0.0,3.59375,3.59375,0.0,0.0,0.0,0.0,0.0,20.625,3.59375,0.0,0.0,3.59375,12.96875,0.0,0.0,3.59375,0.0,0.0,0.0,0.0,0.0,0.0,0.0,0.0,0.0,0.0,0.0,0.0,0.0,0.0,0.0,0.0,0.0,0.0,0.0,0.0,0.0,0.0,0.0,0.0,0.0,0.0,0.0,0.0,0.0,0.0,0.0,0.0,0.0,0.0,0.0,0.0,4.53125,0.0,0.0,0.0,0.0,0.0,0.0,0.0,0.0,0.0,0.0,0.0,0.0,0.0,12.65625,0.0,12.65625,0.0,0.0,0.0,12.65625,0.0,0.0,0.0,0.0,3.28125,207.65625,206.25,206.25,206.25,224.53125,204.84375,191.5625,202.03125,206.25,206.25,206.25,206.25,206.25,206.25,206.25,206.25,206.25,206.25,206.25,206.25,206.25,206.25,206.25,206.25,206.25,206.25,206.25,206.25,206.25,206.25,206.25,206.25,206.25,206.25,206.25,206.25,206.25,206.25,206.25,206.25,206.25,206.25,206.25,206.25,206.25,206.25,206.25,206.25,206.25,206.25,206.25,206.25,206.25,206.25,207.5,206.25,206.25,206.25,206.25,206.25,206.25,206.25,206.25,206.25,206.25,206.25,206.25,206.25,206.25,206.25,206.25,206.25,206.25,206.25,206.25,206.25,206.25,206.25,206.25,206.25,206.25,206.25,206.25,206.25,206.25,206.25,393.4375,393.4375,394.53125,393.4375,407.8125,407.8125,420.3125,386.09375,370.15625,396.875,420.3125,407.34375,420.3125,420.3125,407.34375,407.34375,407.34375,420.3125,420.3125,420.3125,393.4375,407.34375,407.34375,420.3125,407.34375,393.4375,420.3125,416.25,420.3125,407.34375,420.3125,420.3125,407.34375,393.4375,393.4375,407.34375,407.34375,393.4375,393.4375,420.3125,414.0625,407.34375,420.3125,407.34375,407.34375,420.3125,407.34375,396.875,407.34375,407.34375,407.34375,420.3125,407.34375,407.34375,393.4375,393.4375,407.34375,407.34375,393.4375,407.34375,407.34375,393.4375,393.4375,407.34375,407.34375,393.4375,396.875,420.3125,407.34375,416.25,420.3125,420.3125,393.4375,407.34375,393.4375,396.875,416.25,420.3125,407.34375,407.34375,404.21875,392.8125,404.21875,404.21875,407.34375,420.3125,392.8125,404.21875,392.8125,396.875,392.8125,392.8125,404.21875,392.8125,392.8125,392.8125,392.8125,392.8125,392.8125,392.8125,413.59375,407.34375,244.375,244.84375,248.28125,237.8125,244.375,244.84375,244.84375,244.84375,244.84375,244.84375,244.84375,244.84375,244.84375,245.78125,252.96875,252.96875,252.96875,252.96875,252.96875,244.84375,244.84375,237.8125,252.96875,244.84375,244.84375,244.84375,244.84375,244.84375,244.84375,244.84375,244.84375,244.84375,244.84375,244.84375,244.84375,237.8125,237.8125,244.84375,244.84375,244.84375,244.84375,244.84375,244.84375,244.84375,245.78125,244.84375,244.84375,244.84375,244.84375,244.84375,244.84375,244.84375,244.84375,244.84375,244.84375,244.84375,245.78125,249.375,244.84375,244.84375,244.84375,244.84375,244.84375,245.78125,241.875,244.84375,255.0,244.84375,244.84375,244.84375,245.78125,244.84375,244.84375,248.28125,237.8125,244.84375,237.8125,237.8125,237.8125,237.8125,237.8125,237.8125,237.8125,237.8125,244.84375,237.8125,237.8125,244.6875,237.8125,237.8125,237.8125,244.84375,237.8125
hDenV1/Colombia/NSA-BROAD-0000025/2006,0.0,0.0,0.0,0.0,0.0,0.0,0.0,0.0,0.0,0.0,0.0,12.65625,12.65625,12.65625,0.0,12.65625,0.0,0.0,0.0,0.0,0.0,0.0,0.0,3.59375,0.0,22.65625,0.0,3.59375,3.59375,0.0,0.0,0.0,0.0,0.0,20.625,3.59375,0.0,0.0,3.59375,12.96875,0.0,0.0,3.59375,0.0,0.0,0.0,0.0,0.0,0.0,0.0,0.0,0.0,0.0,0.0,0.0,0.0,0.0,0.0,0.0,0.0,0.0,0.0,0.0,0.0,0.0,0.0,0.0,0.0,0.0,0.0,0.0,0.0,0.0,0.0,0.0,0.0,0.0,0.0,0.0,4.53125,0.0,0.0,0.0,0.0,0.0,0.0,0.0,0.0,0.0,0.0,0.0,0.0,0.0,12.65625,0.0,12.65625,0.0,0.0,0.0,12.65625,0.0,0.0,0.0,0.0,3.28125,207.65625,206.25,206.25,206.25,224.53125,204.84375,191.5625,202.03125,206.25,206.25,206.25,206.25,206.25,206.25,206.25,206.25,206.25,206.25,206.25,206.25,206.25,206.25,206.25,206.25,206.25,206.25,206.25,206.25,206.25,206.25,206.25,206.25,206.25,206.25,206.25,206.25,206.25,206.25,206.25,206.25,206.25,206.25,206.25,206.25,206.25,206.25,206.25,206.25,206.25,206.25,206.25,206.25,206.25,206.25,207.5,206.25,206.25,206.25,206.25,206.25,206.25,206.25,206.25,206.25,206.25,206.25,206.25,206.25,206.25,206.25,206.25,206.25,206.25,206.25,206.25,206.25,206.25,206.25,206.25,206.25,206.25,206.25,206.25,206.25,206.25,206.25,393.4375,393.4375,394.53125,393.4375,407.8125,407.8125,420.3125,386.09375,370.15625,396.875,420.3125,407.34375,420.3125,420.3125,407.34375,407.34375,407.34375,420.3125,420.3125,420.3125,393.4375,407.34375,407.34375,420.3125,407.34375,393.4375,420.3125,416.25,420.3125,407.34375,420.3125,420.3125,407.34375,393.4375,393.4375,407.34375,407.34375,393.4375,393.4375,420.3125,414.0625,407.34375,420.3125,407.34375,407.34375,420.3125,407.34375,396.875,407.34375,407.34375,407.34375,420.3125,407.34375,407.34375,393.4375,393.4375,407.34375,407.34375,393.4375,407.34375,407.34375,393.4375,393.4375,407.34375,407.34375,393.4375,396.875,420.3125,407.34375,416.25,420.3125,420.3125,393.4375,407.34375,393.4375,396.875,416.25,420.3125,407.34375,407.34375,404.21875,392.8125,404.21875,404.21875,407.34375,420.3125,392.8125,404.21875,392.8125,396.875,392.8125,392.8125,404.21875,392.8125,392.8125,392.8125,392.8125,392.8125,392.8125,392.8125,413.59375,407.34375,244.375,244.84375,248.28125,237.8125,244.375,244.84375,244.84375,244.84375,244.84375,244.84375,244.84375,244.84375,244.84375,245.78125,252.96875,252.96875,252.96875,252.96875,252.96875,244.84375,244.84375,237.8125,252.96875,244.84375,244.84375,244.84375,244.84375,244.84375,244.84375,244.84375,244.84375,244.84375,244.84375,244.84375,244.84375,237.8125,237.8125,244.84375,244.84375,244.84375,244.84375,244.84375,244.84375,244.84375,245.78125,244.84375,244.84375,244.84375,244.84375,244.84375,244.84375,244.84375,244.84375,244.84375,244.84375,244.84375,245.78125,249.375,244.84375,244.84375,244.84375,244.84375,244.84375,245.78125,241.875,244.84375,255.0,244.84375,244.84375,244.84375,245.78125,244.84375,244.84375,248.28125,237.8125,244.84375,237.8125,237.8125,237.8125,237.8125,237.8125,237.8125,237.8125,237.8125,244.84375,237.8125,237.8125,244.6875,237.8125,237.8125,237.8125,244.84375,237.8125
hDenV1/Colombia/NSA-UIDS-555/2001,0.0,0.0,0.0,0.0,0.0,0.0,0.0,0.0,0.0,0.0,0.0,12.65625,12.65625,12.65625,0.0,12.65625,0.0,0.0,0.0,0.0,0.0,0.0,0.0,3.59375,0.0,22.65625,0.0,3.59375,3.59375,0.0,0.0,0.0,0.0,0.0,20.625,3.59375,0.0,0.0,3.59375,12.96875,0.0,0.0,3.59375,0.0,0.0,0.0,0.0,0.0,0.0,0.0,0.0,0.0,0.0,0.0,0.0,0.0,0.0,0.0,0.0,0.0,0.0,0.0,0.0,0.0,0.0,0.0,0.0,0.0,0.0,0.0,0.0,0.0,0.0,0.0,0.0,0.0,0.0,0.0,0.0,4.53125,0.0,0.0,0.0,0.0,0.0,0.0,0.0,0.0,0.0,0.0,0.0,0.0,0.0,12.65625,0.0,12.65625,0.0,0.0,0.0,12.65625,0.0,0.0,0.0,0.0,3.28125,207.65625,206.25,206.25,206.25,224.53125,204.84375,191.5625,202.03125,206.25,206.25,206.25,206.25,206.25,206.25,206.25,206.25,206.25,206.25,206.25,206.25,206.25,206.25,206.25,206.25,206.25,206.25,206.25,206.25,206.25,206.25,206.25,206.25,206.25,206.25,206.25,206.25,206.25,206.25,206.25,206.25,206.25,206.25,206.25,206.25,206.25,206.25,206.25,206.25,206.25,206.25,206.25,206.25,206.25,206.25,207.5,206.25,206.25,206.25,206.25,206.25,206.25,206.25,206.25,206.25,206.25,206.25,206.25,206.25,206.25,206.25,206.25,206.25,206.25,206.25,206.25,206.25,206.25,206.25,206.25,206.25,206.25,206.25,206.25,206.25,206.25,206.25,393.4375,393.4375,394.53125,393.4375,407.8125,407.8125,420.3125,386.09375,370.15625,396.875,420.3125,407.34375,420.3125,420.3125,407.34375,407.34375,407.34375,420.3125,420.3125,420.3125,393.4375,407.34375,407.34375,420.3125,407.34375,393.4375,420.3125,416.25,420.3125,407.34375,420.3125,420.3125,407.34375,393.4375,393.4375,407.34375,407.34375,393.4375,393.4375,420.3125,414.0625,407.34375,420.3125,407.34375,407.34375,420.3125,407.34375,396.875,407.34375,407.34375,407.34375,420.3125,407.34375,407.34375,393.4375,393.4375,407.34375,407.34375,393.4375,407.34375,407.34375,393.4375,393.4375,407.34375,407.34375,393.4375,396.875,420.3125,407.34375,416.25,420.3125,420.3125,393.4375,407.34375,393.4375,396.875,416.25,420.3125,407.34375,407.34375,404.21875,392.8125,404.21875,404.21875,407.34375,420.3125,392.8125,404.21875,392.8125,396.875,392.8125,392.8125,404.21875,392.8125,392.8125,392.8125,392.8125,392.8125,392.8125,392.8125,413.59375,407.34375,244.375,244.84375,248.28125,237.8125,244.375,244.84375,244.84375,244.84375,244.84375,244.84375,244.84375,244.84375,244.84375,245.78125,252.96875,252.96875,252.96875,252.96875,252.96875,244.84375,244.84375,237.8125,252.96875,244.84375,244.84375,244.84375,244.84375,244.84375,244.84375,244.84375,244.84375,244.84375,244.84375,244.84375,244.84375,237.8125,237.8125,244.84375,244.84375,244.84375,244.84375,244.84375,244.84375,244.84375,245.78125,244.84375,244.84375,244.84375,244.84375,244.84375,244.84375,244.84375,244.84375,244.84375,244.84375,244.84375,245.78125,249.375,244.84375,244.84375,244.84375,244.84375,244.84375,245.78125,241.875,244.84375,255.0,244.84375,244.84375,244.84375,245.78125,244.84375,244.84375,248.28125,237.8125,244.84375,237.8125,237.8125,237.8125,237.8125,237.8125,237.8125,237.8125,237.8125,244.84375,237.8125,237.8125,244.6875,237.8125,237.8125,237.8125,244.84375,237.8125
hDenV1/Colombia/NSA-UIDS-556/2015,0.0,0.0,0.0,0.0,0.0,0.0,0.0,0.0,0.0,0.0,0.0,12.65625,12.65625,12.65625,0.0,12.65625,0.0,0.0,0.0,0.0,0.0,0.0,0.0,3.59375,0.0,22.65625,0.0,3.59375,3.59375,0.0,0.0,0.0,0.0,0.0,20.625,3.59375,0.0,0.0,3.59375,12.96875,0.0,0.0,3.59375,0.0,0.0,0.0,0.0,0.0,0.0,0.0,0.0,0.0,0.0,0.0,0.0,0.0,0.0,0.0,0.0,0.0,0.0,0.0,0.0,0.0,0.0,0.0,0.0,0.0,0.0,0.0,0.0,0.0,0.0,0.0,0.0,0.0,0.0,0.0,0.0,4.53125,0.0,0.0,0.0,0.0,0.0,0.0,0.0,0.0,0.0,0.0,0.0,0.0,0.0,12.65625,0.0,12.65625,0.0,0.0,0.0,12.65625,0.0,0.0,0.0,0.0,3.28125,207.65625,206.25,206.25,206.25,224.53125,204.84375,191.5625,202.03125,206.25,206.25,206.25,206.25,206.25,206.25,206.25,206.25,206.25,206.25,206.25,206.25,206.25,206.25,206.25,206.25,206.25,206.25,206.25,206.25,206.25,206.25,206.25,206.25,206.25,206.25,206.25,206.25,206.25,206.25,206.25,206.25,206.25,206.25,206.25,206.25,206.25,206.25,206.25,206.25,206.25,206.25,206.25,206.25,206.25,206.25,207.5,206.25,206.25,206.25,206.25,206.25,206.25,206.25,206.25,206.25,206.25,206.25,206.25,206.25,206.25,206.25,206.25,206.25,206.25,206.25,206.25,206.25,206.25,206.25,206.25,206.25,206.25,206.25,206.25,206.25,206.25,206.25,393.4375,393.4375,394.53125,393.4375,407.8125,407.8125,420.3125,386.09375,370.15625,396.875,420.3125,407.34375,420.3125,420.3125,407.34375,407.34375,407.34375,420.3125,420.3125,420.3125,393.4375,407.34375,407.34375,420.3125,407.34375,393.4375,420.3125,416.25,420.3125,407.34375,420.3125,420.3125,407.34375,393.4375,393.4375,407.34375,407.34375,393.4375,393.4375,420.3125,414.0625,407.34375,420.3125,407.34375,407.34375,420.3125,407.34375,396.875,407.34375,407.34375,407.34375,420.3125,407.34375,407.34375,393.4375,393.4375,407.34375,407.34375,393.4375,407.34375,407.34375,393.4375,393.4375,407.34375,407.34375,393.4375,396.875,420.3125,407.34375,416.25,420.3125,420.3125,393.4375,407.34375,393.4375,396.875,416.25,420.3125,407.34375,407.34375,404.21875,392.8125,404.21875,404.21875,407.34375,420.3125,392.8125,404.21875,392.8125,396.875,392.8125,392.8125,404.21875,392.8125,392.8125,392.8125,392.8125,392.8125,392.8125,392.8125,413.59375,407.34375,244.375,244.84375,248.28125,237.8125,244.375,244.84375,244.84375,244.84375,244.84375,244.84375,244.84375,244.84375,244.84375,245.78125,252.96875,252.96875,252.96875,252.96875,252.96875,244.84375,244.84375,237.8125,252.96875,244.84375,244.84375,244.84375,244.84375,244.84375,244.84375,244.84375,244.84375,244.84375,244.84375,244.84375,244.84375,237.8125,237.8125,244.84375,244.84375,244.84375,244.84375,244.84375,244.84375,244.84375,245.78125,244.84375,244.84375,244.84375,244.84375,244.84375,244.84375,244.84375,244.84375,244.84375,244.84375,244.84375,245.78125,249.375,244.84375,244.84375,244.84375,244.84375,244.84375,245.78125,241.875,244.84375,255.0,244.84375,244.84375,244.84375,245.78125,244.84375,244.84375,248.28125,237.8125,244.84375,237.8125,237.8125,237.8125,237.8125,237.8125,237.8125,237.8125,237.8125,244.84375,237.8125,237.8125,244.6875,237.8125,237.8125,237.8125,244.84375,237.8125
hDenV1/Colombia/NSA-UIDS-557/2009,8.75,8.75,8.75,8.75,8.75,8.75,8.75,8.75,8.75,8.75,8.75,21.40625,21.40625,21.40625,8.75,21.40625,8.75,8.75,8.75,8.75,8.75,8.75,8.75,12.34375,8.75,31.40625,8.75,12.34375,12.34375,8.75,8.75,8.75,8.75,8.75,29.375,12.34375,8.75,8.75,12.34375,21.71875,8.75,8.75,12.34375,8.75,8.75,8.75,8.75,8.75,8.75,8.75,8.75,8.75,8.75,8.75,8.75,8.75,8.75,8.75,8.75,8.75,8.75,8.75,8.75,8.75,8.75,8.75,8.75,8.75,8.75,8.75,8.75,8.75,8.75,8.75,8.75,8.75,8.75,8.75,8.75,13.28125,8.75,8.75,8.75,8.75,8.75,8.75,8.75,8.75,8.75,8.75,8.75,8.75,8.75,21.40625,8.75,21.40625,8.75,8.75,8.75,21.40625,8.75,8.75,8.75,8.75,12.03125,204.84375,203.4375,203.4375,203.4375,221.71875,202.03125,188.75,199.21875,203.4375,203.4375,203.4375,203.4375,203.4375,203.4375,203.4375,203.4375,203.4375,203.4375,203.4375,203.4375,203.4375,203.4375,203.4375,203.4375,203.4375,203.4375,203.4375,203.4375,203.4375,203.4375,203.4375,203.4375,203.4375,203.4375,203.4375,203.4375,203.4375,203.4375,203.4375,203.4375,203.4375,203.4375,203.4375,203.4375,203.4375,203.4375,203.4375,203.4375,203.4375,203.4375,203.4375,203.4375,203.4375,203.4375,204.6875,203.4375,203.4375,203.4375,203.4375,203.4375,203.4375,203.4375,203.4375,203.4375,203.4375,203.4375,203.4375,203.4375,203.4375,203.4375,203.4375,203.4375,203.4375,203.4375,203.4375,203.4375,203.4375,203.4375,203.4375,203.4375,203.4375,203.4375,203.4375,203.4375,203.4375,203.4375,392.5,392.5,393.59375,392.5,406.875,406.875,419.375,380.78125,369.21875,391.5625,419.375,406.40625,419.375,419.375,406.40625,406.40625,406.40625,419.375,419.375,419.375,392.5,406.40625,406.40625,419.375,406.40625,392.5,419.375,415.3125,419.375,406.40625,419.375,419.375,406.40625,392.5,392.5,406.40625,406.40625,392.5,392.5,419.375,413.125,406.40625,419.375,406.40625,406.40625,419.375,406.40625,391.5625,406.40625,406.40625,406.40625,419.375,406.40625,406.40625,392.5,392.5,406.40625,406.40625,392.5,406.40625,406.40625,392.5,392.5,406.40625,406.40625,392.5,391.5625,419.375,406.40625,415.3125,419.375,419.375,392.5,406.40625,392.5,391.5625,415.3125,419.375,406.40625,406.40625,403.28125,387.5,403.28125,403.28125,406.40625,419.375,387.5,403.28125,387.5,391.5625,387.5,387.5,403.28125,387.5,387.5,387.5,387.5,387.5,387.5,387.5,412.65625,406.40625,253.125,253.59375,257.03125,246.5625,253.125,253.59375,253.59375,253.59375,253.59375,253.59375,253.59375,253.59375,253.59375,254.53125,261.71875,261.71875,261.71875,261.71875,261.71875,253.59375,253.59375,246.5625,261.71875,253.59375,253.59375,253.59375,253.59375,253.59375,253.59375,253.59375,253.59375,253.59375,253.59375,253.59375,253.59375,246.5625,246.5625,253.59375,253.59375,253.59375,253.59375,253.59375,253.59375,253.59375,254.53125,253.59375,253.59375,253.59375,253.59375,253.59375,253.59375,253.59375,253.59375,253.59375,253.59375,253.59375,254.53125,258.125,253.59375,253.59375,253.59375,253.59375,253.59375,254.53125,250.625,253.59375,263.75,253.59375,253.59375,253.59375,254.53125,253.59375,253.59375,257.03125,246.5625,253.59375,246.5625,246.5625,246.5625,246.5625,246.5625,246.5625,246.5625,246.5625,253.59375,246.5625,246.5625,253.4375,246.5625,246.5625,246.5625,253.59375,246.5625
hDenV1/Colombia/NSA-UIDS-558/2016,0.0,0.0,0.0,0.0,0.0,0.0,0.0,0.0,0.0,0.0,0.0,12.65625,12.65625,12.65625,0.0,12.65625,0.0,0.0,0.0,0.0,0.0,0.0,0.0,3.59375,0.0,22.65625,0.0,3.59375,3.59375,0.0,0.0,0.0,0.0,0.0,20.625,3.59375,0.0,0.0,3.59375,12.96875,0.0,0.0,3.59375,0.0,0.0,0.0,0.0,0.0,0.0,0.0,0.0,0.0,0.0,0.0,0.0,0.0,0.0,0.0,0.0,0.0,0.0,0.0,0.0,0.0,0.0,0.0,0.0,0.0,0.0,0.0,0.0,0.0,0.0,0.0,0.0,0.0,0.0,0.0,0.0,4.53125,0.0,0.0,0.0,0.0,0.0,0.0,0.0,0.0,0.0,0.0,0.0,0.0,0.0,12.65625,0.0,12.65625,0.0,0.0,0.0,12.65625,0.0,0.0,0.0,0.0,3.28125,207.65625,206.25,206.25,206.25,224.53125,204.84375,191.5625,202.03125,206.25,206.25,206.25,206.25,206.25,206.25,206.25,206.25,206.25,206.25,206.25,206.25,206.25,206.25,206.25,206.25,206.25,206.25,206.25,206.25,206.25,206.25,206.25,206.25,206.25,206.25,206.25,206.25,206.25,206.25,206.25,206.25,206.25,206.25,206.25,206.25,206.25,206.25,206.25,206.25,206.25,206.25,206.25,206.25,206.25,206.25,207.5,206.25,206.25,206.25,206.25,206.25,206.25,206.25,206.25,206.25,206.25,206.25,206.25,206.25,206.25,206.25,206.25,206.25,206.25,206.25,206.25,206.25,206.25,206.25,206.25,206.25,206.25,206.25,206.25,206.25,206.25,206.25,393.4375,393.4375,394.53125,393.4375,407.8125,407.8125,420.3125,386.09375,370.15625,396.875,420.3125,407.34375,420.3125,420.3125,407.34375,407.34375,407.34375,420.3125,420.3125,420.3125,393.4375,407.34375,407.34375,420.3125,407.34375,393.4375,420.3125,416.25,420.3125,407.34375,420.3125,420.3125,407.34375,393.4375,393.4375,407.34375,407.34375,393.4375,393.4375,420.3125,414.0625,407.34375,420.3125,407.34375,407.34375,420.3125,407.34375,396.875,407.34375,407.34375,407.34375,420.3125,407.34375,407.34375,393.4375,393.4375,407.34375,407.34375,393.4375,407.34375,407.34375,393.4375,393.4375,407.34375,407.34375,393.4375,396.875,420.3125,407.34375,416.25,420.3125,420.3125,393.4375,407.34375,393.4375,396.875,416.25,420.3125,407.34375,407.34375,404.21875,392.8125,404.21875,404.21875,407.34375,420.3125,392.8125,404.21875,392.8125,396.875,392.8125,392.8125,404.21875,392.8125,392.8125,392.8125,392.8125,392.8125,392.8125,392.8125,413.59375,407.34375,244.375,244.84375,248.28125,237.8125,244.375,244.84375,244.84375,244.84375,244.84375,244.84375,244.84375,244.84375,244.84375,245.78125,252.96875,252.96875,252.96875,252.96875,252.96875,244.84375,244.84375,237.8125,252.96875,244.84375,244.84375,244.84375,244.84375,244.84375,244.84375,244.84375,244.84375,244.84375,244.84375,244.84375,244.84375,237.8125,237.8125,244.84375,244.84375,244.84375,244.84375,244.84375,244.84375,244.84375,245.78125,244.84375,244.84375,244.84375,244.84375,244.84375,244.84375,244.84375,244.84375,244.84375,244.84375,244.84375,245.78125,249.375,244.84375,244.84375,244.84375,244.84375,244.84375,245.78125,241.875,244.84375,255.0,244.84375,244.84375,244.84375,245.78125,244.84375,244.84375,248.28125,237.8125,244.84375,237.8125,237.8125,237.8125,237.8125,237.8125,237.8125,237.8125,237.8125,244.84375,237.8125,237.8125,244.6875,237.8125,237.8125,237.8125,244.84375,237.8125
hDenV1/Colombia/NSA-UIDS-559/2015,0.0,0.0,0.0,0.0,0.0,0.0,0.0,0.0,0.0,0.0,0.0,12.65625,12.65625,12.65625,0.0,12.65625,0.0,0.0,0.0,0.0,0.0,0.0,0.0,3.59375,0.0,22.65625,0.0,3.59375,3.59375,0.0,0.0,0.0,0.0,0.0,20.625,3.59375,0.0,0.0,3.59375,12.96875,0.0,0.0,3.59375,0.0,0.0,0.0,0.0,0.0,0.0,0.0,0.0,0.0,0.0,0.0,0.0,0.0,0.0,0.0,0.0,0.0,0.0,0.0,0.0,0.0,0.0,0.0,0.0,0.0,0.0,0.0,0.0,0.0,0.0,0.0,0.0,0.0,0.0,0.0,0.0,4.53125,0.0,0.0,0.0,0.0,0.0,0.0,0.0,0.0,0.0,0.0,0.0,0.0,0.0,12.65625,0.0,12.65625,0.0,0.0,0.0,12.65625,0.0,0.0,0.0,0.0,3.28125,207.65625,206.25,206.25,206.25,224.53125,204.84375,191.5625,202.03125,206.25,206.25,206.25,206.25,206.25,206.25,206.25,206.25,206.25,206.25,206.25,206.25,206.25,206.25,206.25,206.25,206.25,206.25,206.25,206.25,206.25,206.25,206.25,206.25,206.25,206.25,206.25,206.25,206.25,206.25,206.25,206.25,206.25,206.25,206.25,206.25,206.25,206.25,206.25,206.25,206.25,206.25,206.25,206.25,206.25,206.25,207.5,206.25,206.25,206.25,206.25,206.25,206.25,206.25,206.25,206.25,206.25,206.25,206.25,206.25,206.25,206.25,206.25,206.25,206.25,206.25,206.25,206.25,206.25,206.25,206.25,206.25,206.25,206.25,206.25,206.25,206.25,206.25,393.4375,393.4375,394.53125,393.4375,407.8125,407.8125,420.3125,386.09375,370.15625,396.875,420.3125,407.34375,420.3125,420.3125,407.34375,407.34375,407.34375,420.3125,420.3125,420.3125,393.4375,407.34375,407.34375,420.3125,407.34375,393.4375,420.3125,416.25,420.3125,407.34375,420.3125,420.3125,407.34375,393.4375,393.4375,407.34375,407.34375,393.4375,393.4375,420.3125,414.0625,407.34375,420.3125,407.34375,407.34375,420.3125,407.34375,396.875,407.34375,407.34375,407.34375,420.3125,407.34375,407.34375,393.4375,393.4375,407.34375,407.34375,393.4375,407.34375,407.34375,393.4375,393.4375,407.34375,407.34375,393.4375,396.875,420.3125,407.34375,416.25,420.3125,420.3125,393.4375,407.34375,393.4375,396.875,416.25,420.3125,407.34375,407.34375,404.21875,392.8125,404.21875,404.21875,407.34375,420.3125,392.8125,404.21875,392.8125,396.875,392.8125,392.8125,404.21875,392.8125,392.8125,392.8125,392.8125,392.8125,392.8125,392.8125,413.59375,407.34375,244.375,244.84375,248.28125,237.8125,244.375,244.84375,244.84375,244.84375,244.84375,244.84375,244.84375,244.84375,244.84375,245.78125,252.96875,252.96875,252.96875,252.96875,252.96875,244.84375,244.84375,237.8125,252.96875,244.84375,244.84375,244.84375,244.84375,244.84375,244.84375,244.84375,244.84375,244.84375,244.84375,244.84375,244.84375,237.8125,237.8125,244.84375,244.84375,244.84375,244.84375,244.84375,244.84375,244.84375,245.78125,244.84375,244.84375,244.84375,244.84375,244.84375,244.84375,244.84375,244.84375,244.84375,244.84375,244.84375,245.78125,249.375,244.84375,244.84375,244.84375,244.84375,244.84375,245.78125,241.875,244.84375,255.0,244.84375,244.84375,244.84375,245.78125,244.84375,244.84375,248.28125,237.8125,244.84375,237.8125,237.8125,237.8125,237.8125,237.8125,237.8125,237.8125,237.8125,244.84375,237.8125,237.8125,244.6875,237.8125,237.8125,237.8125,244.84375,237.8125
hDenV1/Colombia/NSA-UIS-00005/2006,0.0,0.0,0.0,0.0,0.0,0.0,0.0,0.0,0.0,0.0,0.0,12.65625,12.65625,12.65625,0.0,12.65625,0.0,0.0,0.0,0.0,0.0,0.0,0.0,3.59375,0.0,22.65625,0.0,3.59375,3.59375,0.0,0.0,0.0,0.0,0.0,20.625,3.59375,0.0,0.0,3.59375,12.96875,0.0,0.0,3.59375,0.0,0.0,0.0,0.0,0.0,0.0,0.0,0.0,0.0,0.0,0.0,0.0,0.0,0.0,0.0,0.0,0.0,0.0,0.0,0.0,0.0,0.0,0.0,0.0,0.0,0.0,0.0,0.0,0.0,0.0,0.0,0.0,0.0,0.0,0.0,0.0,4.53125,0.0,0.0,0.0,0.0,0.0,0.0,0.0,0.0,0.0,0.0,0.0,0.0,0.0,12.65625,0.0,12.65625,0.0,0.0,0.0,12.65625,0.0,0.0,0.0,0.0,3.28125,207.65625,206.25,206.25,206.25,224.53125,204.84375,191.5625,202.03125,206.25,206.25,206.25,206.25,206.25,206.25,206.25,206.25,206.25,206.25,206.25,206.25,206.25,206.25,206.25,206.25,206.25,206.25,206.25,206.25,206.25,206.25,206.25,206.25,206.25,206.25,206.25,206.25,206.25,206.25,206.25,206.25,206.25,206.25,206.25,206.25,206.25,206.25,206.25,206.25,206.25,206.25,206.25,206.25,206.25,206.25,207.5,206.25,206.25,206.25,206.25,206.25,206.25,206.25,206.25,206.25,206.25,206.25,206.25,206.25,206.25,206.25,206.25,206.25,206.25,206.25,206.25,206.25,206.25,206.25,206.25,206.25,206.25,206.25,206.25,206.25,206.25,206.25,393.4375,393.4375,394.53125,393.4375,407.8125,407.8125,420.3125,386.09375,370.15625,396.875,420.3125,407.34375,420.3125,420.3125,407.34375,407.34375,407.34375,420.3125,420.3125,420.3125,393.4375,407.34375,407.34375,420.3125,407.34375,393.4375,420.3125,416.25,420.3125,407.34375,420.3125,420.3125,407.34375,393.4375,393.4375,407.34375,407.34375,393.4375,393.4375,420.3125,414.0625,407.34375,420.3125,407.34375,407.34375,420.3125,407.34375,396.875,407.34375,407.34375,407.34375,420.3125,407.34375,407.34375,393.4375,393.4375,407.34375,407.34375,393.4375,407.34375,407.34375,393.4375,393.4375,407.34375,407.34375,393.4375,396.875,420.3125,407.34375,416.25,420.3125,420.3125,393.4375,407.34375,393.4375,396.875,416.25,420.3125,407.34375,407.34375,404.21875,392.8125,404.21875,404.21875,407.34375,420.3125,392.8125,404.21875,392.8125,396.875,392.8125,392.8125,404.21875,392.8125,392.8125,392.8125,392.8125,392.8125,392.8125,392.8125,413.59375,407.34375,244.375,244.84375,248.28125,237.8125,244.375,244.84375,244.84375,244.84375,244.84375,244.84375,244.84375,244.84375,244.84375,245.78125,252.96875,252.96875,252.96875,252.96875,252.96875,244.84375,244.84375,237.8125,252.96875,244.84375,244.84375,244.84375,244.84375,244.84375,244.84375,244.84375,244.84375,244.84375,244.84375,244.84375,244.84375,237.8125,237.8125,244.84375,244.84375,244.84375,244.84375,244.84375,244.84375,244.84375,245.78125,244.84375,244.84375,244.84375,244.84375,244.84375,244.84375,244.84375,244.84375,244.84375,244.84375,244.84375,245.78125,249.375,244.84375,244.84375,244.84375,244.84375,244.84375,245.78125,241.875,244.84375,255.0,244.84375,244.84375,244.84375,245.78125,244.84375,244.84375,248.28125,237.8125,244.84375,237.8125,237.8125,237.8125,237.8125,237.8125,237.8125,237.8125,237.8125,244.84375,237.8125,237.8125,244.6875,237.8125,237.8125,237.8125,244.84375,237.8125
hDenV1/Colombia/NSA-UIS-00006/2006,0.0,0.0,0.0,0.0,0.0,0.0,0.0,0.0,0.0,0.0,0.0,12.65625,12.65625,12.65625,0.0,12.65625,0.0,0.0,0.0,0.0,0.0,0.0,0.0,3.59375,0.0,22.65625,0.0,3.59375,3.59375,0.0,0.0,0.0,0.0,0.0,20.625,3.59375,0.0,0.0,3.59375,12.96875,0.0,0.0,3.59375,0.0,0.0,0.0,0.0,0.0,0.0,0.0,0.0,0.0,0.0,0.0,0.0,0.0,0.0,0.0,0.0,0.0,0.0,0.0,0.0,0.0,0.0,0.0,0.0,0.0,0.0,0.0,0.0,0.0,0.0,0.0,0.0,0.0,0.0,0.0,0.0,4.53125,0.0,0.0,0.0,0.0,0.0,0.0,0.0,0.0,0.0,0.0,0.0,0.0,0.0,12.65625,0.0,12.65625,0.0,0.0,0.0,12.65625,0.0,0.0,0.0,0.0,3.28125,207.65625,206.25,206.25,206.25,224.53125,204.84375,191.5625,202.03125,206.25,206.25,206.25,206.25,206.25,206.25,206.25,206.25,206.25,206.25,206.25,206.25,206.25,206.25,206.25,206.25,206.25,206.25,206.25,206.25,206.25,206.25,206.25,206.25,206.25,206.25,206.25,206.25,206.25,206.25,206.25,206.25,206.25,206.25,206.25,206.25,206.25,206.25,206.25,206.25,206.25,206.25,206.25,206.25,206.25,206.25,207.5,206.25,206.25,206.25,206.25,206.25,206.25,206.25,206.25,206.25,206.25,206.25,206.25,206.25,206.25,206.25,206.25,206.25,206.25,206.25,206.25,206.25,206.25,206.25,206.25,206.25,206.25,206.25,206.25,206.25,206.25,206.25,393.4375,393.4375,394.53125,393.4375,407.8125,407.8125,420.3125,386.09375,370.15625,396.875,420.3125,407.34375,420.3125,420.3125,407.34375,407.34375,407.34375,420.3125,420.3125,420.3125,393.4375,407.34375,407.34375,420.3125,407.34375,393.4375,420.3125,416.25,420.3125,407.34375,420.3125,420.3125,407.34375,393.4375,393.4375,407.34375,407.34375,393.4375,393.4375,420.3125,414.0625,407.34375,420.3125,407.34375,407.34375,420.3125,407.34375,396.875,407.34375,407.34375,407.34375,420.3125,407.34375,407.34375,393.4375,393.4375,407.34375,407.34375,393.4375,407.34375,407.34375,393.4375,393.4375,407.34375,407.34375,393.4375,396.875,420.3125,407.34375,416.25,420.3125,420.3125,393.4375,407.34375,393.4375,396.875,416.25,420.3125,407.34375,407.34375,404.21875,392.8125,404.21875,404.21875,407.34375,420.3125,392.8125,404.21875,392.8125,396.875,392.8125,392.8125,404.21875,392.8125,392.8125,392.8125,392.8125,392.8125,392.8125,392.8125,413.59375,407.34375,244.375,244.84375,248.28125,237.8125,244.375,244.84375,244.84375,244.84375,244.84375,244.84375,244.84375,244.84375,244.84375,245.78125,252.96875,252.96875,252.96875,252.96875,252.96875,244.84375,244.84375,237.8125,252.96875,244.84375,244.84375,244.84375,244.84375,244.84375,244.84375,244.84375,244.84375,244.84375,244.84375,244.84375,244.84375,237.8125,237.8125,244.84375,244.84375,244.84375,244.84375,244.84375,244.84375,244.84375,245.78125,244.84375,244.84375,244.84375,244.84375,244.84375,244.84375,244.84375,244.84375,244.84375,244.84375,244.84375,245.78125,249.375,244.84375,244.84375,244.84375,244.84375,244.84375,245.78125,241.875,244.84375,255.0,244.84375,244.84375,244.84375,245.78125,244.84375,244.84375,248.28125,237.8125,244.84375,237.8125,237.8125,237.8125,237.8125,237.8125,237.8125,237.8125,237.8125,244.84375,237.8125,237.8125,244.6875,237.8125,237.8125,237.8125,244.84375,237.8125
hDenV1/Colombia/NSA-UIS-00007/2006,0.0,0.0,0.0,0.0,0.0,0.0,0.0,0.0,0.0,0.0,0.0,12.65625,12.65625,12.65625,0.0,12.65625,0.0,0.0,0.0,0.0,0.0,0.0,0.0,3.59375,0.0,22.65625,0.0,3.59375,3.59375,0.0,0.0,0.0,0.0,0.0,20.625,3.59375,0.0,0.0,3.59375,12.96875,0.0,0.0,3.59375,0.0,0.0,0.0,0.0,0.0,0.0,0.0,0.0,0.0,0.0,0.0,0.0,0.0,0.0,0.0,0.0,0.0,0.0,0.0,0.0,0.0,0.0,0.0,0.0,0.0,0.0,0.0,0.0,0.0,0.0,0.0,0.0,0.0,0.0,0.0,0.0,4.53125,0.0,0.0,0.0,0.0,0.0,0.0,0.0,0.0,0.0,0.0,0.0,0.0,0.0,12.65625,0.0,12.65625,0.0,0.0,0.0,12.65625,0.0,0.0,0.0,0.0,3.28125,207.65625,206.25,206.25,206.25,224.53125,204.84375,191.5625,202.03125,206.25,206.25,206.25,206.25,206.25,206.25,206.25,206.25,206.25,206.25,206.25,206.25,206.25,206.25,206.25,206.25,206.25,206.25,206.25,206.25,206.25,206.25,206.25,206.25,206.25,206.25,206.25,206.25,206.25,206.25,206.25,206.25,206.25,206.25,206.25,206.25,206.25,206.25,206.25,206.25,206.25,206.25,206.25,206.25,206.25,206.25,207.5,206.25,206.25,206.25,206.25,206.25,206.25,206.25,206.25,206.25,206.25,206.25,206.25,206.25,206.25,206.25,206.25,206.25,206.25,206.25,206.25,206.25,206.25,206.25,206.25,206.25,206.25,206.25,206.25,206.25,206.25,206.25,393.4375,393.4375,394.53125,393.4375,407.8125,407.8125,420.3125,386.09375,370.15625,396.875,420.3125,407.34375,420.3125,420.3125,407.34375,407.34375,407.34375,420.3125,420.3125,420.3125,393.4375,407.34375,407.34375,420.3125,407.34375,393.4375,420.3125,416.25,420.3125,407.34375,420.3125,420.3125,407.34375,393.4375,393.4375,407.34375,407.34375,393.4375,393.4375,420.3125,414.0625,407.34375,420.3125,407.34375,407.34375,420.3125,407.34375,396.875,407.34375,407.34375,407.34375,420.3125,407.34375,407.34375,393.4375,393.4375,407.34375,407.34375,393.4375,407.34375,407.34375,393.4375,393.4375,407.34375,407.34375,393.4375,396.875,420.3125,407.34375,416.25,420.3125,420.3125,393.4375,407.34375,393.4375,396.875,416.25,420.3125,407.34375,407.34375,404.21875,392.8125,404.21875,404.21875,407.34375,420.3125,392.8125,404.21875,392.8125,396.875,392.8125,392.8125,404.21875,392.8125,392.8125,392.8125,392.8125,392.8125,392.8125,392.8125,413.59375,407.34375,244.375,244.84375,248.28125,237.8125,244.375,244.84375,244.84375,244.84375,244.84375,244.84375,244.84375,244.84375,244.84375,245.78125,252.96875,252.96875,252.96875,252.96875,252.96875,244.84375,244.84375,237.8125,252.96875,244.84375,244.84375,244.84375,244.84375,244.84375,244.84375,244.84375,244.84375,244.84375,244.84375,244.84375,244.84375,237.8125,237.8125,244.84375,244.84375,244.84375,244.84375,244.84375,244.84375,244.84375,245.78125,244.84375,244.84375,244.84375,244.84375,244.84375,244.84375,244.84375,244.84375,244.84375,244.84375,244.84375,245.78125,249.375,244.84375,244.84375,244.84375,244.84375,244.84375,245.78125,241.875,244.84375,255.0,244.84375,244.84375,244.84375,245.78125,244.84375,244.84375,248.28125,237.8125,244.84375,237.8125,237.8125,237.8125,237.8125,237.8125,237.8125,237.8125,237.8125,244.84375,237.8125,237.8125,244.6875,237.8125,237.8125,237.8125,244.84375,237.8125
hDenV1/Colombia/NSA-UIS-00008/2006,0.0,0.0,0.0,0.0,0.0,0.0,0.0,0.0,0.0,0.0,0.0,12.65625,12.65625,12.65625,0.0,12.65625,0.0,0.0,0.0,0.0,0.0,0.0,0.0,3.59375,0.0,22.65625,0.0,3.59375,3.59375,0.0,0.0,0.0,0.0,0.0,20.625,3.59375,0.0,0.0,3.59375,12.96875,0.0,0.0,3.59375,0.0,0.0,0.0,0.0,0.0,0.0,0.0,0.0,0.0,0.0,0.0,0.0,0.0,0.0,0.0,0.0,0.0,0.0,0.0,0.0,0.0,0.0,0.0,0.0,0.0,0.0,0.0,0.0,0.0,0.0,0.0,0.0,0.0,0.0,0.0,0.0,4.53125,0.0,0.0,0.0,0.0,0.0,0.0,0.0,0.0,0.0,0.0,0.0,0.0,0.0,12.65625,0.0,12.65625,0.0,0.0,0.0,12.65625,0.0,0.0,0.0,0.0,3.28125,207.65625,206.25,206.25,206.25,224.53125,204.84375,191.5625,202.03125,206.25,206.25,206.25,206.25,206.25,206.25,206.25,206.25,206.25,206.25,206.25,206.25,206.25,206.25,206.25,206.25,206.25,206.25,206.25,206.25,206.25,206.25,206.25,206.25,206.25,206.25,206.25,206.25,206.25,206.25,206.25,206.25,206.25,206.25,206.25,206.25,206.25,206.25,206.25,206.25,206.25,206.25,206.25,206.25,206.25,206.25,207.5,206.25,206.25,206.25,206.25,206.25,206.25,206.25,206.25,206.25,206.25,206.25,206.25,206.25,206.25,206.25,206.25,206.25,206.25,206.25,206.25,206.25,206.25,206.25,206.25,206.25,206.25,206.25,206.25,206.25,206.25,206.25,393.4375,393.4375,394.53125,393.4375,407.8125,407.8125,420.3125,386.09375,370.15625,396.875,420.3125,407.34375,420.3125,420.3125,407.34375,407.34375,407.34375,420.3125,420.3125,420.3125,393.4375,407.34375,407.34375,420.3125,407.34375,393.4375,420.3125,416.25,420.3125,407.34375,420.3125,420.3125,407.34375,393.4375,393.4375,407.34375,407.34375,393.4375,393.4375,420.3125,414.0625,407.34375,420.3125,407.34375,407.34375,420.3125,407.34375,396.875,407.34375,407.34375,407.34375,420.3125,407.34375,407.34375,393.4375,393.4375,407.34375,407.34375,393.4375,407.34375,407.34375,393.4375,393.4375,407.34375,407.34375,393.4375,396.875,420.3125,407.34375,416.25,420.3125,420.3125,393.4375,407.34375,393.4375,396.875,416.25,420.3125,407.34375,407.34375,404.21875,392.8125,404.21875,404.21875,407.34375,420.3125,392.8125,404.21875,392.8125,396.875,392.8125,392.8125,404.21875,392.8125,392.8125,392.8125,392.8125,392.8125,392.8125,392.8125,413.59375,407.34375,244.375,244.84375,248.28125,237.8125,244.375,244.84375,244.84375,244.84375,244.84375,244.84375,244.84375,244.84375,244.84375,245.78125,252.96875,252.96875,252.96875,252.96875,252.96875,244.84375,244.84375,237.8125,252.96875,244.84375,244.84375,244.84375,244.84375,244.84375,244.84375,244.84375,244.84375,244.84375,244.84375,244.84375,244.84375,237.8125,237.8125,244.84375,244.84375,244.84375,244.84375,244.84375,244.84375,244.84375,245.78125,244.84375,244.84375,244.84375,244.84375,244.84375,244.84375,244.84375,244.84375,244.84375,244.84375,244.84375,245.78125,249.375,244.84375,244.84375,244.84375,244.84375,244.84375,245.78125,241.875,244.84375,255.0,244.84375,244.84375,244.84375,245.78125,244.84375,244.84375,248.28125,237.8125,244.84375,237.8125,237.8125,237.8125,237.8125,237.8125,237.8125,237.8125,237.8125,244.84375,237.8125,237.8125,244.6875,237.8125,237.8125,237.8125,244.84375,237.8125
hDenV1/Colombia/NSA-UIS-00009/2006,0.0,0.0,0.0,0.0,0.0,0.0,0.0,0.0,0.0,0.0,0.0,12.65625,12.65625,12.65625,0.0,12.65625,0.0,0.0,0.0,0.0,0.0,0.0,0.0,3.59375,0.0,22.65625,0.0,3.59375,3.59375,0.0,0.0,0.0,0.0,0.0,20.625,3.59375,0.0,0.0,3.59375,12.96875,0.0,0.0,3.59375,0.0,0.0,0.0,0.0,0.0,0.0,0.0,0.0,0.0,0.0,0.0,0.0,0.0,0.0,0.0,0.0,0.0,0.0,0.0,0.0,0.0,0.0,0.0,0.0,0.0,0.0,0.0,0.0,0.0,0.0,0.0,0.0,0.0,0.0,0.0,0.0,4.53125,0.0,0.0,0.0,0.0,0.0,0.0,0.0,0.0,0.0,0.0,0.0,0.0,0.0,12.65625,0.0,12.65625,0.0,0.0,0.0,12.65625,0.0,0.0,0.0,0.0,3.28125,207.65625,206.25,206.25,206.25,224.53125,204.84375,191.5625,202.03125,206.25,206.25,206.25,206.25,206.25,206.25,206.25,206.25,206.25,206.25,206.25,206.25,206.25,206.25,206.25,206.25,206.25,206.25,206.25,206.25,206.25,206.25,206.25,206.25,206.25,206.25,206.25,206.25,206.25,206.25,206.25,206.25,206.25,206.25,206.25,206.25,206.25,206.25,206.25,206.25,206.25,206.25,206.25,206.25,206.25,206.25,207.5,206.25,206.25,206.25,206.25,206.25,206.25,206.25,206.25,206.25,206.25,206.25,206.25,206.25,206.25,206.25,206.25,206.25,206.25,206.25,206.25,206.25,206.25,206.25,206.25,206.25,206.25,206.25,206.25,206.25,206.25,206.25,393.4375,393.4375,394.53125,393.4375,407.8125,407.8125,420.3125,386.09375,370.15625,396.875,420.3125,407.34375,420.3125,420.3125,407.34375,407.34375,407.34375,420.3125,420.3125,420.3125,393.4375,407.34375,407.34375,420.3125,407.34375,393.4375,420.3125,416.25,420.3125,407.34375,420.3125,420.3125,407.34375,393.4375,393.4375,407.34375,407.34375,393.4375,393.4375,420.3125,414.0625,407.34375,420.3125,407.34375,407.34375,420.3125,407.34375,396.875,407.34375,407.34375,407.34375,420.3125,407.34375,407.34375,393.4375,393.4375,407.34375,407.34375,393.4375,407.34375,407.34375,393.4375,393.4375,407.34375,407.34375,393.4375,396.875,420.3125,407.34375,416.25,420.3125,420.3125,393.4375,407.34375,393.4375,396.875,416.25,420.3125,407.34375,407.34375,404.21875,392.8125,404.21875,404.21875,407.34375,420.3125,392.8125,404.21875,392.8125,396.875,392.8125,392.8125,404.21875,392.8125,392.8125,392.8125,392.8125,392.8125,392.8125,392.8125,413.59375,407.34375,244.375,244.84375,248.28125,237.8125,244.375,244.84375,244.84375,244.84375,244.84375,244.84375,244.84375,244.84375,244.84375,245.78125,252.96875,252.96875,252.96875,252.96875,252.96875,244.84375,244.84375,237.8125,252.96875,244.84375,244.84375,244.84375,244.84375,244.84375,244.84375,244.84375,244.84375,244.84375,244.84375,244.84375,244.84375,237.8125,237.8125,244.84375,244.84375,244.84375,244.84375,244.84375,244.84375,244.84375,245.78125,244.84375,244.84375,244.84375,244.84375,244.84375,244.84375,244.84375,244.84375,244.84375,244.84375,244.84375,245.78125,249.375,244.84375,244.84375,244.84375,244.84375,244.84375,245.78125,241.875,244.84375,255.0,244.84375,244.84375,244.84375,245.78125,244.84375,244.84375,248.28125,237.8125,244.84375,237.8125,237.8125,237.8125,237.8125,237.8125,237.8125,237.8125,237.8125,244.84375,237.8125,237.8125,244.6875,237.8125,237.8125,237.8125,244.84375,237.8125
hDenV1/Colombia/NSA-UIS-00010/2006,0.0,0.0,0.0,0.0,0.0,0.0,0.0,0.0,0.0,0.0,0.0,12.65625,12.65625,12.65625,0.0,12.65625,0.0,0.0,0.0,0.0,0.0,0.0,0.0,3.59375,0.0,22.65625,0.0,3.59375,3.59375,0.0,0.0,0.0,0.0,0.0,20.625,3.59375,0.0,0.0,3.59375,12.96875,0.0,0.0,3.59375,0.0,0.0,0.0,0.0,0.0,0.0,0.0,0.0,0.0,0.0,0.0,0.0,0.0,0.0,0.0,0.0,0.0,0.0,0.0,0.0,0.0,0.0,0.0,0.0,0.0,0.0,0.0,0.0,0.0,0.0,0.0,0.0,0.0,0.0,0.0,0.0,4.53125,0.0,0.0,0.0,0.0,0.0,0.0,0.0,0.0,0.0,0.0,0.0,0.0,0.0,12.65625,0.0,12.65625,0.0,0.0,0.0,12.65625,0.0,0.0,0.0,0.0,3.28125,207.65625,206.25,206.25,206.25,224.53125,204.84375,191.5625,202.03125,206.25,206.25,206.25,206.25,206.25,206.25,206.25,206.25,206.25,206.25,206.25,206.25,206.25,206.25,206.25,206.25,206.25,206.25,206.25,206.25,206.25,206.25,206.25,206.25,206.25,206.25,206.25,206.25,206.25,206.25,206.25,206.25,206.25,206.25,206.25,206.25,206.25,206.25,206.25,206.25,206.25,206.25,206.25,206.25,206.25,206.25,207.5,206.25,206.25,206.25,206.25,206.25,206.25,206.25,206.25,206.25,206.25,206.25,206.25,206.25,206.25,206.25,206.25,206.25,206.25,206.25,206.25,206.25,206.25,206.25,206.25,206.25,206.25,206.25,206.25,206.25,206.25,206.25,393.4375,393.4375,394.53125,393.4375,407.8125,407.8125,420.3125,386.09375,370.15625,396.875,420.3125,407.34375,420.3125,420.3125,407.34375,407.34375,407.34375,420.3125,420.3125,420.3125,393.4375,407.34375,407.34375,420.3125,407.34375,393.4375,420.3125,416.25,420.3125,407.34375,420.3125,420.3125,407.34375,393.4375,393.4375,407.34375,407.34375,393.4375,393.4375,420.3125,414.0625,407.34375,420.3125,407.34375,407.34375,420.3125,407.34375,396.875,407.34375,407.34375,407.34375,420.3125,407.34375,407.34375,393.4375,393.4375,407.34375,407.34375,393.4375,407.34375,407.34375,393.4375,393.4375,407.34375,407.34375,393.4375,396.875,420.3125,407.34375,416.25,420.3125,420.3125,393.4375,407.34375,393.4375,396.875,416.25,420.3125,407.34375,407.34375,404.21875,392.8125,404.21875,404.21875,407.34375,420.3125,392.8125,404.21875,392.8125,396.875,392.8125,392.8125,404.21875,392.8125,392.8125,392.8125,392.8125,392.8125,392.8125,392.8125,413.59375,407.34375,244.375,244.84375,248.28125,237.8125,244.375,244.84375,244.84375,244.84375,244.84375,244.84375,244.84375,244.84375,244.84375,245.78125,252.96875,252.96875,252.96875,252.96875,252.96875,244.84375,244.84375,237.8125,252.96875,244.84375,244.84375,244.84375,244.84375,244.84375,244.84375,244.84375,244.84375,244.84375,244.84375,244.84375,244.84375,237.8125,237.8125,244.84375,244.84375,244.84375,244.84375,244.84375,244.84375,244.84375,245.78125,244.84375,244.84375,244.84375,244.84375,244.84375,244.84375,244.84375,244.84375,244.84375,244.84375,244.84375,245.78125,249.375,244.84375,244.84375,244.84375,244.84375,244.84375,245.78125,241.875,244.84375,255.0,244.84375,244.84375,244.84375,245.78125,244.84375,244.84375,248.28125,237.8125,244.84375,237.8125,237.8125,237.8125,237.8125,237.8125,237.8125,237.8125,237.8125,244.84375,237.8125,237.8125,244.6875,237.8125,237.8125,237.8125,244.84375,237.8125
hDenV1/Colombia/NSA-UIS-00011/2006,0.0,0.0,0.0,0.0,0.0,0.0,0.0,0.0,0.0,0.0,0.0,12.65625,12.65625,12.65625,0.0,12.65625,0.0,0.0,0.0,0.0,0.0,0.0,0.0,3.59375,0.0,22.65625,0.0,3.59375,3.59375,0.0,0.0,0.0,0.0,0.0,20.625,3.59375,0.0,0.0,3.59375,12.96875,0.0,0.0,3.59375,0.0,0.0,0.0,0.0,0.0,0.0,0.0,0.0,0.0,0.0,0.0,0.0,0.0,0.0,0.0,0.0,0.0,0.0,0.0,0.0,0.0,0.0,0.0,0.0,0.0,0.0,0.0,0.0,0.0,0.0,0.0,0.0,0.0,0.0,0.0,0.0,4.53125,0.0,0.0,0.0,0.0,0.0,0.0,0.0,0.0,0.0,0.0,0.0,0.0,0.0,12.65625,0.0,12.65625,0.0,0.0,0.0,12.65625,0.0,0.0,0.0,0.0,3.28125,207.65625,206.25,206.25,206.25,224.53125,204.84375,191.5625,202.03125,206.25,206.25,206.25,206.25,206.25,206.25,206.25,206.25,206.25,206.25,206.25,206.25,206.25,206.25,206.25,206.25,206.25,206.25,206.25,206.25,206.25,206.25,206.25,206.25,206.25,206.25,206.25,206.25,206.25,206.25,206.25,206.25,206.25,206.25,206.25,206.25,206.25,206.25,206.25,206.25,206.25,206.25,206.25,206.25,206.25,206.25,207.5,206.25,206.25,206.25,206.25,206.25,206.25,206.25,206.25,206.25,206.25,206.25,206.25,206.25,206.25,206.25,206.25,206.25,206.25,206.25,206.25,206.25,206.25,206.25,206.25,206.25,206.25,206.25,206.25,206.25,206.25,206.25,393.4375,393.4375,394.53125,393.4375,407.8125,407.8125,420.3125,386.09375,370.15625,396.875,420.3125,407.34375,420.3125,420.3125,407.34375,407.34375,407.34375,420.3125,420.3125,420.3125,393.4375,407.34375,407.34375,420.3125,407.34375,393.4375,420.3125,416.25,420.3125,407.34375,420.3125,420.3125,407.34375,393.4375,393.4375,407.34375,407.34375,393.4375,393.4375,420.3125,414.0625,407.34375,420.3125,407.34375,407.34375,420.3125,407.34375,396.875,407.34375,407.34375,407.34375,420.3125,407.34375,407.34375,393.4375,393.4375,407.34375,407.34375,393.4375,407.34375,407.34375,393.4375,393.4375,407.34375,407.34375,393.4375,396.875,420.3125,407.34375,416.25,420.3125,420.3125,393.4375,407.34375,393.4375,396.875,416.25,420.3125,407.34375,407.34375,404.21875,392.8125,404.21875,404.21875,407.34375,420.3125,392.8125,404.21875,392.8125,396.875,392.8125,392.8125,404.21875,392.8125,392.8125,392.8125,392.8125,392.8125,392.8125,392.8125,413.59375,407.34375,244.375,244.84375,248.28125,237.8125,244.375,244.84375,244.84375,244.84375,244.84375,244.84375,244.84375,244.84375,244.84375,245.78125,252.96875,252.96875,252.96875,252.96875,252.96875,244.84375,244.84375,237.8125,252.96875,244.84375,244.84375,244.84375,244.84375,244.84375,244.84375,244.84375,244.84375,244.84375,244.84375,244.84375,244.84375,237.8125,237.8125,244.84375,244.84375,244.84375,244.84375,244.84375,244.84375,244.84375,245.78125,244.84375,244.84375,244.84375,244.84375,244.84375,244.84375,244.84375,244.84375,244.84375,244.84375,244.84375,245.78125,249.375,244.84375,244.84375,244.84375,244.84375,244.84375,245.78125,241.875,244.84375,255.0,244.84375,244.84375,244.84375,245.78125,244.84375,244.84375,248.28125,237.8125,244.84375,237.8125,237.8125,237.8125,237.8125,237.8125,237.8125,237.8125,237.8125,244.84375,237.8125,237.8125,244.6875,237.8125,237.8125,237.8125,244.84375,237.8125
hDenV1/Colombia/NSA-UIS-00012/2005,12.96875,12.96875,12.96875,12.96875,12.96875,12.96875,12.96875,12.96875,12.96875,12.96875,12.96875,25.625,25.625,25.625,12.96875,25.625,12.96875,12.96875,12.96875,12.96875,12.96875,12.96875,12.96875,16.5625,12.96875,35.625,12.96875,16.5625,16.5625,12.96875,12.96875,12.96875,12.96875,12.96875,33.59375,16.5625,12.96875,12.96875,16.5625,0.0,12.96875,12.96875,16.5625,12.96875,12.96875,12.96875,12.96875,12.96875,12.96875,12.96875,12.96875,12.96875,12.96875,12.96875,12.96875,12.96875,12.96875,12.96875,12.96875,12.96875,12.96875,12.96875,12.96875,12.96875,12.96875,12.96875,12.96875,12.96875,12.96875,12.96875,12.96875,12.96875,12.96875,12.96875,12.96875,12.96875,12.96875,12.96875,12.96875,17.5,12.96875,12.96875,12.96875,12.96875,12.96875,12.96875,12.96875,12.96875,12.96875,12.96875,12.96875,12.96875,12.96875,25.625,12.96875,25.625,12.96875,12.96875,12.96875,25.625,12.96875,12.96875,12.96875,12.96875,16.25,202.5,201.09375,201.09375,201.09375,219.375,199.6875,186.40625,196.875,201.09375,201.09375,201.09375,201.09375,201.09375,201.09375,201.09375,201.09375,201.09375,201.09375,201.09375,201.09375,201.09375,201.09375,201.09375,201.09375,201.09375,201.09375,201.09375,201.09375,201.09375,201.09375,201.09375,201.09375,201.09375,201.09375,201.09375,201.09375,201.09375,201.09375,201.09375,201.09375,201.09375,201.09375,201.09375,201.09375,201.09375,201.09375,201.09375,201.09375,201.09375,201.09375,201.09375,201.09375,201.09375,201.09375,202.34375,201.09375,201.09375,201.09375,201.09375,201.09375,201.09375,201.09375,201.09375,201.09375,201.09375,201.09375,201.09375,201.09375,201.09375,201.09375,201.09375,201.09375,201.09375,201.09375,201.09375,201.09375,201.09375,201.09375,201.09375,201.09375,201.09375,201.09375,201.09375,201.09375,201.09375,201.09375,406.40625,406.40625,407.5,406.40625,394.84375,394.84375,407.34375,399.0625,357.1875,409.84375,407.34375,420.3125,407.34375,407.34375,420.3125,420.3125,420.3125,407.34375,407.34375,407.34375,406.40625,420.3125,420.3125,407.34375,420.3125,406.40625,407.34375,403.28125,407.34375,420.3125,407.34375,407.34375,420.3125,406.40625,406.40625,420.3125,420.3125,406.40625,406.40625,407.34375,401.09375,420.3125,407.34375,420.3125,420.3125,407.34375,420.3125,409.84375,420.3125,420.3125,420.3125,407.34375,420.3125,420.3125,406.40625,406.40625,420.3125,420.3125,406.40625,420.3125,420.3125,406.40625,406.40625,420.3125,420.3125,406.40625,409.84375,407.34375,420.3125,403.28125,407.34375,407.34375,406.40625,420.3125,406.40625,409.84375,403.28125,407.34375,420.3125,420.3125,417.1875,405.78125,417.1875,417.1875,420.3125,407.34375,405.78125,417.1875,405.78125,409.84375,405.78125,405.78125,417.1875,405.78125,405.78125,405.78125,405.78125,405.78125,405.78125,405.78125,426.5625,420.3125,253.90625,254.375,252.8125,247.34375,253.90625,254.375,254.375,254.375,254.375,254.375,254.375,254.375,254.375,255.3125,262.5,262.5,262.5,262.5,262.5,254.375,254.375,247.34375,262.5,254.375,254.375,254.375,254.375,254.375,254.375,254.375,254.375,254.375,254.375,254.375,254.375,247.34375,247.34375,254.375,254.375,254.375,254.375,254.375,254.375,254.375,255.3125,254.375,254.375,254.375,254.375,254.375,254.375,254.375,254.375,254.375,254.375,254.375,255.3125,258.90625,254.375,254.375,254.375,254.375,254.375,255.3125,251.40625,254.375,247.96875,254.375,254.375,254.375,255.3125,254.375,254.375,252.8125,247.34375,254.375,247.34375,247.34375,247.34375,247.34375,247.34375,247.34375,247.34375,247.34375,254.375,247.34375,247.34375,254.21875,247.34375,247.34375,247.34375,254.375,247.34375
hDenV1/Colombia/NSA-UIS-00013/2006,0.0,0.0,0.0,0.0,0.0,0.0,0.0,0.0,0.0,0.0,0.0,12.65625,12.65625,12.65625,0.0,12.65625,0.0,0.0,0.0,0.0,0.0,0.0,0.0,3.59375,0.0,22.65625,0.0,3.59375,3.59375,0.0,0.0,0.0,0.0,0.0,20.625,3.59375,0.0,0.0,3.59375,12.96875,0.0,0.0,3.59375,0.0,0.0,0.0,0.0,0.0,0.0,0.0,0.0,0.0,0.0,0.0,0.0,0.0,0.0,0.0,0.0,0.0,0.0,0.0,0.0,0.0,0.0,0.0,0.0,0.0,0.0,0.0,0.0,0.0,0.0,0.0,0.0,0.0,0.0,0.0,0.0,4.53125,0.0,0.0,0.0,0.0,0.0,0.0,0.0,0.0,0.0,0.0,0.0,0.0,0.0,12.65625,0.0,12.65625,0.0,0.0,0.0,12.65625,0.0,0.0,0.0,0.0,3.28125,207.65625,206.25,206.25,206.25,224.53125,204.84375,191.5625,202.03125,206.25,206.25,206.25,206.25,206.25,206.25,206.25,206.25,206.25,206.25,206.25,206.25,206.25,206.25,206.25,206.25,206.25,206.25,206.25,206.25,206.25,206.25,206.25,206.25,206.25,206.25,206.25,206.25,206.25,206.25,206.25,206.25,206.25,206.25,206.25,206.25,206.25,206.25,206.25,206.25,206.25,206.25,206.25,206.25,206.25,206.25,207.5,206.25,206.25,206.25,206.25,206.25,206.25,206.25,206.25,206.25,206.25,206.25,206.25,206.25,206.25,206.25,206.25,206.25,206.25,206.25,206.25,206.25,206.25,206.25,206.25,206.25,206.25,206.25,206.25,206.25,206.25,206.25,393.4375,393.4375,394.53125,393.4375,407.8125,407.8125,420.3125,386.09375,370.15625,396.875,420.3125,407.34375,420.3125,420.3125,407.34375,407.34375,407.34375,420.3125,420.3125,420.3125,393.4375,407.34375,407.34375,420.3125,407.34375,393.4375,420.3125,416.25,420.3125,407.34375,420.3125,420.3125,407.34375,393.4375,393.4375,407.34375,407.34375,393.4375,393.4375,420.3125,414.0625,407.34375,420.3125,407.34375,407.34375,420.3125,407.34375,396.875,407.34375,407.34375,407.34375,420.3125,407.34375,407.34375,393.4375,393.4375,407.34375,407.34375,393.4375,407.34375,407.34375,393.4375,393.4375,407.34375,407.34375,393.4375,396.875,420.3125,407.34375,416.25,420.3125,420.3125,393.4375,407.34375,393.4375,396.875,416.25,420.3125,407.34375,407.34375,404.21875,392.8125,404.21875,404.21875,407.34375,420.3125,392.8125,404.21875,392.8125,396.875,392.8125,392.8125,404.21875,392.8125,392.8125,392.8125,392.8125,392.8125,392.8125,392.8125,413.59375,407.34375,244.375,244.84375,248.28125,237.8125,244.375,244.84375,244.84375,244.84375,244.84375,244.84375,244.84375,244.84375,244.84375,245.78125,252.96875,252.96875,252.96875,252.96875,252.96875,244.84375,244.84375,237.8125,252.96875,244.84375,244.84375,244.84375,244.84375,244.84375,244.84375,244.84375,244.84375,244.84375,244.84375,244.84375,244.84375,237.8125,237.8125,244.84375,244.84375,244.84375,244.84375,244.84375,244.84375,244.84375,245.78125,244.84375,244.84375,244.84375,244.84375,244.84375,244.84375,244.84375,244.84375,244.84375,244.84375,244.84375,245.78125,249.375,244.84375,244.84375,244.84375,244.84375,244.84375,245.78125,241.875,244.84375,255.0,244.84375,244.84375,244.84375,245.78125,244.84375,244.84375,248.28125,237.8125,244.84375,237.8125,237.8125,237.8125,237.8125,237.8125,237.8125,237.8125,237.8125,244.84375,237.8125,237.8125,244.6875,237.8125,237.8125,237.8125,244.84375,237.8125
hDenV1/Colombia/NSA-UIS-00014/2006,0.0,0.0,0.0,0.0,0.0,0.0,0.0,0.0,0.0,0.0,0.0,12.65625,12.65625,12.65625,0.0,12.65625,0.0,0.0,0.0,0.0,0.0,0.0,0.0,3.59375,0.0,22.65625,0.0,3.59375,3.59375,0.0,0.0,0.0,0.0,0.0,20.625,3.59375,0.0,0.0,3.59375,12.96875,0.0,0.0,3.59375,0.0,0.0,0.0,0.0,0.0,0.0,0.0,0.0,0.0,0.0,0.0,0.0,0.0,0.0,0.0,0.0,0.0,0.0,0.0,0.0,0.0,0.0,0.0,0.0,0.0,0.0,0.0,0.0,0.0,0.0,0.0,0.0,0.0,0.0,0.0,0.0,4.53125,0.0,0.0,0.0,0.0,0.0,0.0,0.0,0.0,0.0,0.0,0.0,0.0,0.0,12.65625,0.0,12.65625,0.0,0.0,0.0,12.65625,0.0,0.0,0.0,0.0,3.28125,207.65625,206.25,206.25,206.25,224.53125,204.84375,191.5625,202.03125,206.25,206.25,206.25,206.25,206.25,206.25,206.25,206.25,206.25,206.25,206.25,206.25,206.25,206.25,206.25,206.25,206.25,206.25,206.25,206.25,206.25,206.25,206.25,206.25,206.25,206.25,206.25,206.25,206.25,206.25,206.25,206.25,206.25,206.25,206.25,206.25,206.25,206.25,206.25,206.25,206.25,206.25,206.25,206.25,206.25,206.25,207.5,206.25,206.25,206.25,206.25,206.25,206.25,206.25,206.25,206.25,206.25,206.25,206.25,206.25,206.25,206.25,206.25,206.25,206.25,206.25,206.25,206.25,206.25,206.25,206.25,206.25,206.25,206.25,206.25,206.25,206.25,206.25,393.4375,393.4375,394.53125,393.4375,407.8125,407.8125,420.3125,386.09375,370.15625,396.875,420.3125,407.34375,420.3125,420.3125,407.34375,407.34375,407.34375,420.3125,420.3125,420.3125,393.4375,407.34375,407.34375,420.3125,407.34375,393.4375,420.3125,416.25,420.3125,407.34375,420.3125,420.3125,407.34375,393.4375,393.4375,407.34375,407.34375,393.4375,393.4375,420.3125,414.0625,407.34375,420.3125,407.34375,407.34375,420.3125,407.34375,396.875,407.34375,407.34375,407.34375,420.3125,407.34375,407.34375,393.4375,393.4375,407.34375,407.34375,393.4375,407.34375,407.34375,393.4375,393.4375,407.34375,407.34375,393.4375,396.875,420.3125,407.34375,416.25,420.3125,420.3125,393.4375,407.34375,393.4375,396.875,416.25,420.3125,407.34375,407.34375,404.21875,392.8125,404.21875,404.21875,407.34375,420.3125,392.8125,404.21875,392.8125,396.875,392.8125,392.8125,404.21875,392.8125,392.8125,392.8125,392.8125,392.8125,392.8125,392.8125,413.59375,407.34375,244.375,244.84375,248.28125,237.8125,244.375,244.84375,244.84375,244.84375,244.84375,244.84375,244.84375,244.84375,244.84375,245.78125,252.96875,252.96875,252.96875,252.96875,252.96875,244.84375,244.84375,237.8125,252.96875,244.84375,244.84375,244.84375,244.84375,244.84375,244.84375,244.84375,244.84375,244.84375,244.84375,244.84375,244.84375,237.8125,237.8125,244.84375,244.84375,244.84375,244.84375,244.84375,244.84375,244.84375,245.78125,244.84375,244.84375,244.84375,244.84375,244.84375,244.84375,244.84375,244.84375,244.84375,244.84375,244.84375,245.78125,249.375,244.84375,244.84375,244.84375,244.84375,244.84375,245.78125,241.875,244.84375,255.0,244.84375,244.84375,244.84375,245.78125,244.84375,244.84375,248.28125,237.8125,244.84375,237.8125,237.8125,237.8125,237.8125,237.8125,237.8125,237.8125,237.8125,244.84375,237.8125,237.8125,244.6875,237.8125,237.8125,237.8125,244.84375,237.8125
hDenV1/Colombia/NSA-UIS-00015/2006,0.0,0.0,0.0,0.0,0.0,0.0,0.0,0.0,0.0,0.0,0.0,12.65625,12.65625,12.65625,0.0,12.65625,0.0,0.0,0.0,0.0,0.0,0.0,0.0,3.59375,0.0,22.65625,0.0,3.59375,3.59375,0.0,0.0,0.0,0.0,0.0,20.625,3.59375,0.0,0.0,3.59375,12.96875,0.0,0.0,3.59375,0.0,0.0,0.0,0.0,0.0,0.0,0.0,0.0,0.0,0.0,0.0,0.0,0.0,0.0,0.0,0.0,0.0,0.0,0.0,0.0,0.0,0.0,0.0,0.0,0.0,0.0,0.0,0.0,0.0,0.0,0.0,0.0,0.0,0.0,0.0,0.0,4.53125,0.0,0.0,0.0,0.0,0.0,0.0,0.0,0.0,0.0,0.0,0.0,0.0,0.0,12.65625,0.0,12.65625,0.0,0.0,0.0,12.65625,0.0,0.0,0.0,0.0,3.28125,207.65625,206.25,206.25,206.25,224.53125,204.84375,191.5625,202.03125,206.25,206.25,206.25,206.25,206.25,206.25,206.25,206.25,206.25,206.25,206.25,206.25,206.25,206.25,206.25,206.25,206.25,206.25,206.25,206.25,206.25,206.25,206.25,206.25,206.25,206.25,206.25,206.25,206.25,206.25,206.25,206.25,206.25,206.25,206.25,206.25,206.25,206.25,206.25,206.25,206.25,206.25,206.25,206.25,206.25,206.25,207.5,206.25,206.25,206.25,206.25,206.25,206.25,206.25,206.25,206.25,206.25,206.25,206.25,206.25,206.25,206.25,206.25,206.25,206.25,206.25,206.25,206.25,206.25,206.25,206.25,206.25,206.25,206.25,206.25,206.25,206.25,206.25,393.4375,393.4375,394.53125,393.4375,407.8125,407.8125,420.3125,386.09375,370.15625,396.875,420.3125,407.34375,420.3125,420.3125,407.34375,407.34375,407.34375,420.3125,420.3125,420.3125,393.4375,407.34375,407.34375,420.3125,407.34375,393.4375,420.3125,416.25,420.3125,407.34375,420.3125,420.3125,407.34375,393.4375,393.4375,407.34375,407.34375,393.4375,393.4375,420.3125,414.0625,407.34375,420.3125,407.34375,407.34375,420.3125,407.34375,396.875,407.34375,407.34375,407.34375,420.3125,407.34375,407.34375,393.4375,393.4375,407.34375,407.34375,393.4375,407.34375,407.34375,393.4375,393.4375,407.34375,407.34375,393.4375,396.875,420.3125,407.34375,416.25,420.3125,420.3125,393.4375,407.34375,393.4375,396.875,416.25,420.3125,407.34375,407.34375,404.21875,392.8125,404.21875,404.21875,407.34375,420.3125,392.8125,404.21875,392.8125,396.875,392.8125,392.8125,404.21875,392.8125,392.8125,392.8125,392.8125,392.8125,392.8125,392.8125,413.59375,407.34375,244.375,244.84375,248.28125,237.8125,244.375,244.84375,244.84375,244.84375,244.84375,244.84375,244.84375,244.84375,244.84375,245.78125,252.96875,252.96875,252.96875,252.96875,252.96875,244.84375,244.84375,237.8125,252.96875,244.84375,244.84375,244.84375,244.84375,244.84375,244.84375,244.84375,244.84375,244.84375,244.84375,244.84375,244.84375,237.8125,237.8125,244.84375,244.84375,244.84375,244.84375,244.84375,244.84375,244.84375,245.78125,244.84375,244.84375,244.84375,244.84375,244.84375,244.84375,244.84375,244.84375,244.84375,244.84375,244.84375,245.78125,249.375,244.84375,244.84375,244.84375,244.84375,244.84375,245.78125,241.875,244.84375,255.0,244.84375,244.84375,244.84375,245.78125,244.84375,244.84375,248.28125,237.8125,244.84375,237.8125,237.8125,237.8125,237.8125,237.8125,237.8125,237.8125,237.8125,244.84375,237.8125,237.8125,244.6875,237.8125,237.8125,237.8125,244.84375,237.8125
hDenV1/Colombia/NSA-UIS-00020/2006,0.0,0.0,0.0,0.0,0.0,0.0,0.0,0.0,0.0,0.0,0.0,12.65625,12.65625,12.65625,0.0,12.65625,0.0,0.0,0.0,0.0,0.0,0.0,0.0,3.59375,0.0,22.65625,0.0,3.59375,3.59375,0.0,0.0,0.0,0.0,0.0,20.625,3.59375,0.0,0.0,3.59375,12.96875,0.0,0.0,3.59375,0.0,0.0,0.0,0.0,0.0,0.0,0.0,0.0,0.0,0.0,0.0,0.0,0.0,0.0,0.0,0.0,0.0,0.0,0.0,0.0,0.0,0.0,0.0,0.0,0.0,0.0,0.0,0.0,0.0,0.0,0.0,0.0,0.0,0.0,0.0,0.0,4.53125,0.0,0.0,0.0,0.0,0.0,0.0,0.0,0.0,0.0,0.0,0.0,0.0,0.0,12.65625,0.0,12.65625,0.0,0.0,0.0,12.65625,0.0,0.0,0.0,0.0,3.28125,207.65625,206.25,206.25,206.25,224.53125,204.84375,191.5625,202.03125,206.25,206.25,206.25,206.25,206.25,206.25,206.25,206.25,206.25,206.25,206.25,206.25,206.25,206.25,206.25,206.25,206.25,206.25,206.25,206.25,206.25,206.25,206.25,206.25,206.25,206.25,206.25,206.25,206.25,206.25,206.25,206.25,206.25,206.25,206.25,206.25,206.25,206.25,206.25,206.25,206.25,206.25,206.25,206.25,206.25,206.25,207.5,206.25,206.25,206.25,206.25,206.25,206.25,206.25,206.25,206.25,206.25,206.25,206.25,206.25,206.25,206.25,206.25,206.25,206.25,206.25,206.25,206.25,206.25,206.25,206.25,206.25,206.25,206.25,206.25,206.25,206.25,206.25,393.4375,393.4375,394.53125,393.4375,407.8125,407.8125,420.3125,386.09375,370.15625,396.875,420.3125,407.34375,420.3125,420.3125,407.34375,407.34375,407.34375,420.3125,420.3125,420.3125,393.4375,407.34375,407.34375,420.3125,407.34375,393.4375,420.3125,416.25,420.3125,407.34375,420.3125,420.3125,407.34375,393.4375,393.4375,407.34375,407.34375,393.4375,393.4375,420.3125,414.0625,407.34375,420.3125,407.34375,407.34375,420.3125,407.34375,396.875,407.34375,407.34375,407.34375,420.3125,407.34375,407.34375,393.4375,393.4375,407.34375,407.34375,393.4375,407.34375,407.34375,393.4375,393.4375,407.34375,407.34375,393.4375,396.875,420.3125,407.34375,416.25,420.3125,420.3125,393.4375,407.34375,393.4375,396.875,416.25,420.3125,407.34375,407.34375,404.21875,392.8125,404.21875,404.21875,407.34375,420.3125,392.8125,404.21875,392.8125,396.875,392.8125,392.8125,404.21875,392.8125,392.8125,392.8125,392.8125,392.8125,392.8125,392.8125,413.59375,407.34375,244.375,244.84375,248.28125,237.8125,244.375,244.84375,244.84375,244.84375,244.84375,244.84375,244.84375,244.84375,244.84375,245.78125,252.96875,252.96875,252.96875,252.96875,252.96875,244.84375,244.84375,237.8125,252.96875,244.84375,244.84375,244.84375,244.84375,244.84375,244.84375,244.84375,244.84375,244.84375,244.84375,244.84375,244.84375,237.8125,237.8125,244.84375,244.84375,244.84375,244.84375,244.84375,244.84375,244.84375,245.78125,244.84375,244.84375,244.84375,244.84375,244.84375,244.84375,244.84375,244.84375,244.84375,244.84375,244.84375,245.78125,249.375,244.84375,244.84375,244.84375,244.84375,244.84375,245.78125,241.875,244.84375,255.0,244.84375,244.84375,244.84375,245.78125,244.84375,244.84375,248.28125,237.8125,244.84375,237.8125,237.8125,237.8125,237.8125,237.8125,237.8125,237.8125,237.8125,244.84375,237.8125,237.8125,244.6875,237.8125,237.8125,237.8125,244.84375,237.8125
hDenV1/Colombia/NSA-UIS-00034/2006,0.0,0.0,0.0,0.0,0.0,0.0,0.0,0.0,0.0,0.0,0.0,12.65625,12.65625,12.65625,0.0,12.65625,0.0,0.0,0.0,0.0,0.0,0.0,0.0,3.59375,0.0,22.65625,0.0,3.59375,3.59375,0.0,0.0,0.0,0.0,0.0,20.625,3.59375,0.0,0.0,3.59375,12.96875,0.0,0.0,3.59375,0.0,0.0,0.0,0.0,0.0,0.0,0.0,0.0,0.0,0.0,0.0,0.0,0.0,0.0,0.0,0.0,0.0,0.0,0.0,0.0,0.0,0.0,0.0,0.0,0.0,0.0,0.0,0.0,0.0,0.0,0.0,0.0,0.0,0.0,0.0,0.0,4.53125,0.0,0.0,0.0,0.0,0.0,0.0,0.0,0.0,0.0,0.0,0.0,0.0,0.0,12.65625,0.0,12.65625,0.0,0.0,0.0,12.65625,0.0,0.0,0.0,0.0,3.28125,207.65625,206.25,206.25,206.25,224.53125,204.84375,191.5625,202.03125,206.25,206.25,206.25,206.25,206.25,206.25,206.25,206.25,206.25,206.25,206.25,206.25,206.25,206.25,206.25,206.25,206.25,206.25,206.25,206.25,206.25,206.25,206.25,206.25,206.25,206.25,206.25,206.25,206.25,206.25,206.25,206.25,206.25,206.25,206.25,206.25,206.25,206.25,206.25,206.25,206.25,206.25,206.25,206.25,206.25,206.25,207.5,206.25,206.25,206.25,206.25,206.25,206.25,206.25,206.25,206.25,206.25,206.25,206.25,206.25,206.25,206.25,206.25,206.25,206.25,206.25,206.25,206.25,206.25,206.25,206.25,206.25,206.25,206.25,206.25,206.25,206.25,206.25,393.4375,393.4375,394.53125,393.4375,407.8125,407.8125,420.3125,386.09375,370.15625,396.875,420.3125,407.34375,420.3125,420.3125,407.34375,407.34375,407.34375,420.3125,420.3125,420.3125,393.4375,407.34375,407.34375,420.3125,407.34375,393.4375,420.3125,416.25,420.3125,407.34375,420.3125,420.3125,407.34375,393.4375,393.4375,407.34375,407.34375,393.4375,393.4375,420.3125,414.0625,407.34375,420.3125,407.34375,407.34375,420.3125,407.34375,396.875,407.34375,407.34375,407.34375,420.3125,407.34375,407.34375,393.4375,393.4375,407.34375,407.34375,393.4375,407.34375,407.34375,393.4375,393.4375,407.34375,407.34375,393.4375,396.875,420.3125,407.34375,416.25,420.3125,420.3125,393.4375,407.34375,393.4375,396.875,416.25,420.3125,407.34375,407.34375,404.21875,392.8125,404.21875,404.21875,407.34375,420.3125,392.8125,404.21875,392.8125,396.875,392.8125,392.8125,404.21875,392.8125,392.8125,392.8125,392.8125,392.8125,392.8125,392.8125,413.59375,407.34375,244.375,244.84375,248.28125,237.8125,244.375,244.84375,244.84375,244.84375,244.84375,244.84375,244.84375,244.84375,244.84375,245.78125,252.96875,252.96875,252.96875,252.96875,252.96875,244.84375,244.84375,237.8125,252.96875,244.84375,244.84375,244.84375,244.84375,244.84375,244.84375,244.84375,244.84375,244.84375,244.84375,244.84375,244.84375,237.8125,237.8125,244.84375,244.84375,244.84375,244.84375,244.84375,244.84375,244.84375,245.78125,244.84375,244.84375,244.84375,244.84375,244.84375,244.84375,244.84375,244.84375,244.84375,244.84375,244.84375,245.78125,249.375,244.84375,244.84375,244.84375,244.84375,244.84375,245.78125,241.875,244.84375,255.0,244.84375,244.84375,244.84375,245.78125,244.84375,244.84375,248.28125,237.8125,244.84375,237.8125,237.8125,237.8125,237.8125,237.8125,237.8125,237.8125,237.8125,244.84375,237.8125,237.8125,244.6875,237.8125,237.8125,237.8125,244.84375,237.8125
hDenV1/Colombia/NSA-UIS-00037/2006,0.0,0.0,0.0,0.0,0.0,0.0,0.0,0.0,0.0,0.0,0.0,12.65625,12.65625,12.65625,0.0,12.65625,0.0,0.0,0.0,0.0,0.0,0.0,0.0,3.59375,0.0,22.65625,0.0,3.59375,3.59375,0.0,0.0,0.0,0.0,0.0,20.625,3.59375,0.0,0.0,3.59375,12.96875,0.0,0.0,3.59375,0.0,0.0,0.0,0.0,0.0,0.0,0.0,0.0,0.0,0.0,0.0,0.0,0.0,0.0,0.0,0.0,0.0,0.0,0.0,0.0,0.0,0.0,0.0,0.0,0.0,0.0,0.0,0.0,0.0,0.0,0.0,0.0,0.0,0.0,0.0,0.0,4.53125,0.0,0.0,0.0,0.0,0.0,0.0,0.0,0.0,0.0,0.0,0.0,0.0,0.0,12.65625,0.0,12.65625,0.0,0.0,0.0,12.65625,0.0,0.0,0.0,0.0,3.28125,207.65625,206.25,206.25,206.25,224.53125,204.84375,191.5625,202.03125,206.25,206.25,206.25,206.25,206.25,206.25,206.25,206.25,206.25,206.25,206.25,206.25,206.25,206.25,206.25,206.25,206.25,206.25,206.25,206.25,206.25,206.25,206.25,206.25,206.25,206.25,206.25,206.25,206.25,206.25,206.25,206.25,206.25,206.25,206.25,206.25,206.25,206.25,206.25,206.25,206.25,206.25,206.25,206.25,206.25,206.25,207.5,206.25,206.25,206.25,206.25,206.25,206.25,206.25,206.25,206.25,206.25,206.25,206.25,206.25,206.25,206.25,206.25,206.25,206.25,206.25,206.25,206.25,206.25,206.25,206.25,206.25,206.25,206.25,206.25,206.25,206.25,206.25,393.4375,393.4375,394.53125,393.4375,407.8125,407.8125,420.3125,386.09375,370.15625,396.875,420.3125,407.34375,420.3125,420.3125,407.34375,407.34375,407.34375,420.3125,420.3125,420.3125,393.4375,407.34375,407.34375,420.3125,407.34375,393.4375,420.3125,416.25,420.3125,407.34375,420.3125,420.3125,407.34375,393.4375,393.4375,407.34375,407.34375,393.4375,393.4375,420.3125,414.0625,407.34375,420.3125,407.34375,407.34375,420.3125,407.34375,396.875,407.34375,407.34375,407.34375,420.3125,407.34375,407.34375,393.4375,393.4375,407.34375,407.34375,393.4375,407.34375,407.34375,393.4375,393.4375,407.34375,407.34375,393.4375,396.875,420.3125,407.34375,416.25,420.3125,420.3125,393.4375,407.34375,393.4375,396.875,416.25,420.3125,407.34375,407.34375,404.21875,392.8125,404.21875,404.21875,407.34375,420.3125,392.8125,404.21875,392.8125,396.875,392.8125,392.8125,404.21875,392.8125,392.8125,392.8125,392.8125,392.8125,392.8125,392.8125,413.59375,407.34375,244.375,244.84375,248.28125,237.8125,244.375,244.84375,244.84375,244.84375,244.84375,244.84375,244.84375,244.84375,244.84375,245.78125,252.96875,252.96875,252.96875,252.96875,252.96875,244.84375,244.84375,237.8125,252.96875,244.84375,244.84375,244.84375,244.84375,244.84375,244.84375,244.84375,244.84375,244.84375,244.84375,244.84375,244.84375,237.8125,237.8125,244.84375,244.84375,244.84375,244.84375,244.84375,244.84375,244.84375,245.78125,244.84375,244.84375,244.84375,244.84375,244.84375,244.84375,244.84375,244.84375,244.84375,244.84375,244.84375,245.78125,249.375,244.84375,244.84375,244.84375,244.84375,244.84375,245.78125,241.875,244.84375,255.0,244.84375,244.84375,244.84375,245.78125,244.84375,244.84375,248.28125,237.8125,244.84375,237.8125,237.8125,237.8125,237.8125,237.8125,237.8125,237.8125,237.8125,244.84375,237.8125,237.8125,244.6875,237.8125,237.8125,237.8125,244.84375,237.8125
hDenV1/Colombia/NSA-UIS-00038/2006,0.0,0.0,0.0,0.0,0.0,0.0,0.0,0.0,0.0,0.0,0.0,12.65625,12.65625,12.65625,0.0,12.65625,0.0,0.0,0.0,0.0,0.0,0.0,0.0,3.59375,0.0,22.65625,0.0,3.59375,3.59375,0.0,0.0,0.0,0.0,0.0,20.625,3.59375,0.0,0.0,3.59375,12.96875,0.0,0.0,3.59375,0.0,0.0,0.0,0.0,0.0,0.0,0.0,0.0,0.0,0.0,0.0,0.0,0.0,0.0,0.0,0.0,0.0,0.0,0.0,0.0,0.0,0.0,0.0,0.0,0.0,0.0,0.0,0.0,0.0,0.0,0.0,0.0,0.0,0.0,0.0,0.0,4.53125,0.0,0.0,0.0,0.0,0.0,0.0,0.0,0.0,0.0,0.0,0.0,0.0,0.0,12.65625,0.0,12.65625,0.0,0.0,0.0,12.65625,0.0,0.0,0.0,0.0,3.28125,207.65625,206.25,206.25,206.25,224.53125,204.84375,191.5625,202.03125,206.25,206.25,206.25,206.25,206.25,206.25,206.25,206.25,206.25,206.25,206.25,206.25,206.25,206.25,206.25,206.25,206.25,206.25,206.25,206.25,206.25,206.25,206.25,206.25,206.25,206.25,206.25,206.25,206.25,206.25,206.25,206.25,206.25,206.25,206.25,206.25,206.25,206.25,206.25,206.25,206.25,206.25,206.25,206.25,206.25,206.25,207.5,206.25,206.25,206.25,206.25,206.25,206.25,206.25,206.25,206.25,206.25,206.25,206.25,206.25,206.25,206.25,206.25,206.25,206.25,206.25,206.25,206.25,206.25,206.25,206.25,206.25,206.25,206.25,206.25,206.25,206.25,206.25,393.4375,393.4375,394.53125,393.4375,407.8125,407.8125,420.3125,386.09375,370.15625,396.875,420.3125,407.34375,420.3125,420.3125,407.34375,407.34375,407.34375,420.3125,420.3125,420.3125,393.4375,407.34375,407.34375,420.3125,407.34375,393.4375,420.3125,416.25,420.3125,407.34375,420.3125,420.3125,407.34375,393.4375,393.4375,407.34375,407.34375,393.4375,393.4375,420.3125,414.0625,407.34375,420.3125,407.34375,407.34375,420.3125,407.34375,396.875,407.34375,407.34375,407.34375,420.3125,407.34375,407.34375,393.4375,393.4375,407.34375,407.34375,393.4375,407.34375,407.34375,393.4375,393.4375,407.34375,407.34375,393.4375,396.875,420.3125,407.34375,416.25,420.3125,420.3125,393.4375,407.34375,393.4375,396.875,416.25,420.3125,407.34375,407.34375,404.21875,392.8125,404.21875,404.21875,407.34375,420.3125,392.8125,404.21875,392.8125,396.875,392.8125,392.8125,404.21875,392.8125,392.8125,392.8125,392.8125,392.8125,392.8125,392.8125,413.59375,407.34375,244.375,244.84375,248.28125,237.8125,244.375,244.84375,244.84375,244.84375,244.84375,244.84375,244.84375,244.84375,244.84375,245.78125,252.96875,252.96875,252.96875,252.96875,252.96875,244.84375,244.84375,237.8125,252.96875,244.84375,244.84375,244.84375,244.84375,244.84375,244.84375,244.84375,244.84375,244.84375,244.84375,244.84375,244.84375,237.8125,237.8125,244.84375,244.84375,244.84375,244.84375,244.84375,244.84375,244.84375,245.78125,244.84375,244.84375,244.84375,244.84375,244.84375,244.84375,244.84375,244.84375,244.84375,244.84375,244.84375,245.78125,249.375,244.84375,244.84375,244.84375,244.84375,244.84375,245.78125,241.875,244.84375,255.0,244.84375,244.84375,244.84375,245.78125,244.84375,244.84375,248.28125,237.8125,244.84375,237.8125,237.8125,237.8125,237.8125,237.8125,237.8125,237.8125,237.8125,244.84375,237.8125,237.8125,244.6875,237.8125,237.8125,237.8125,244.84375,237.8125
hDenV1/Colombia/NSA-UIS-00039/2006,0.0,0.0,0.0,0.0,0.0,0.0,0.0,0.0,0.0,0.0,0.0,12.65625,12.65625,12.65625,0.0,12.65625,0.0,0.0,0.0,0.0,0.0,0.0,0.0,3.59375,0.0,22.65625,0.0,3.59375,3.59375,0.0,0.0,0.0,0.0,0.0,20.625,3.59375,0.0,0.0,3.59375,12.96875,0.0,0.0,3.59375,0.0,0.0,0.0,0.0,0.0,0.0,0.0,0.0,0.0,0.0,0.0,0.0,0.0,0.0,0.0,0.0,0.0,0.0,0.0,0.0,0.0,0.0,0.0,0.0,0.0,0.0,0.0,0.0,0.0,0.0,0.0,0.0,0.0,0.0,0.0,0.0,4.53125,0.0,0.0,0.0,0.0,0.0,0.0,0.0,0.0,0.0,0.0,0.0,0.0,0.0,12.65625,0.0,12.65625,0.0,0.0,0.0,12.65625,0.0,0.0,0.0,0.0,3.28125,207.65625,206.25,206.25,206.25,224.53125,204.84375,191.5625,202.03125,206.25,206.25,206.25,206.25,206.25,206.25,206.25,206.25,206.25,206.25,206.25,206.25,206.25,206.25,206.25,206.25,206.25,206.25,206.25,206.25,206.25,206.25,206.25,206.25,206.25,206.25,206.25,206.25,206.25,206.25,206.25,206.25,206.25,206.25,206.25,206.25,206.25,206.25,206.25,206.25,206.25,206.25,206.25,206.25,206.25,206.25,207.5,206.25,206.25,206.25,206.25,206.25,206.25,206.25,206.25,206.25,206.25,206.25,206.25,206.25,206.25,206.25,206.25,206.25,206.25,206.25,206.25,206.25,206.25,206.25,206.25,206.25,206.25,206.25,206.25,206.25,206.25,206.25,393.4375,393.4375,394.53125,393.4375,407.8125,407.8125,420.3125,386.09375,370.15625,396.875,420.3125,407.34375,420.3125,420.3125,407.34375,407.34375,407.34375,420.3125,420.3125,420.3125,393.4375,407.34375,407.34375,420.3125,407.34375,393.4375,420.3125,416.25,420.3125,407.34375,420.3125,420.3125,407.34375,393.4375,393.4375,407.34375,407.34375,393.4375,393.4375,420.3125,414.0625,407.34375,420.3125,407.34375,407.34375,420.3125,407.34375,396.875,407.34375,407.34375,407.34375,420.3125,407.34375,407.34375,393.4375,393.4375,407.34375,407.34375,393.4375,407.34375,407.34375,393.4375,393.4375,407.34375,407.34375,393.4375,396.875,420.3125,407.34375,416.25,420.3125,420.3125,393.4375,407.34375,393.4375,396.875,416.25,420.3125,407.34375,407.34375,404.21875,392.8125,404.21875,404.21875,407.34375,420.3125,392.8125,404.21875,392.8125,396.875,392.8125,392.8125,404.21875,392.8125,392.8125,392.8125,392.8125,392.8125,392.8125,392.8125,413.59375,407.34375,244.375,244.84375,248.28125,237.8125,244.375,244.84375,244.84375,244.84375,244.84375,244.84375,244.84375,244.84375,244.84375,245.78125,252.96875,252.96875,252.96875,252.96875,252.96875,244.84375,244.84375,237.8125,252.96875,244.84375,244.84375,244.84375,244.84375,244.84375,244.84375,244.84375,244.84375,244.84375,244.84375,244.84375,244.84375,237.8125,237.8125,244.84375,244.84375,244.84375,244.84375,244.84375,244.84375,244.84375,245.78125,244.84375,244.84375,244.84375,244.84375,244.84375,244.84375,244.84375,244.84375,244.84375,244.84375,244.84375,245.78125,249.375,244.84375,244.84375,244.84375,244.84375,244.84375,245.78125,241.875,244.84375,255.0,244.84375,244.84375,244.84375,245.78125,244.84375,244.84375,248.28125,237.8125,244.84375,237.8125,237.8125,237.8125,237.8125,237.8125,237.8125,237.8125,237.8125,244.84375,237.8125,237.8125,244.6875,237.8125,237.8125,237.8125,244.84375,237.8125
hDenV1/Colombia/NSA-UIS-00040/2006,0.0,0.0,0.0,0.0,0.0,0.0,0.0,0.0,0.0,0.0,0.0,12.65625,12.65625,12.65625,0.0,12.65625,0.0,0.0,0.0,0.0,0.0,0.0,0.0,3.59375,0.0,22.65625,0.0,3.59375,3.59375,0.0,0.0,0.0,0.0,0.0,20.625,3.59375,0.0,0.0,3.59375,12.96875,0.0,0.0,3.59375,0.0,0.0,0.0,0.0,0.0,0.0,0.0,0.0,0.0,0.0,0.0,0.0,0.0,0.0,0.0,0.0,0.0,0.0,0.0,0.0,0.0,0.0,0.0,0.0,0.0,0.0,0.0,0.0,0.0,0.0,0.0,0.0,0.0,0.0,0.0,0.0,4.53125,0.0,0.0,0.0,0.0,0.0,0.0,0.0,0.0,0.0,0.0,0.0,0.0,0.0,12.65625,0.0,12.65625,0.0,0.0,0.0,12.65625,0.0,0.0,0.0,0.0,3.28125,207.65625,206.25,206.25,206.25,224.53125,204.84375,191.5625,202.03125,206.25,206.25,206.25,206.25,206.25,206.25,206.25,206.25,206.25,206.25,206.25,206.25,206.25,206.25,206.25,206.25,206.25,206.25,206.25,206.25,206.25,206.25,206.25,206.25,206.25,206.25,206.25,206.25,206.25,206.25,206.25,206.25,206.25,206.25,206.25,206.25,206.25,206.25,206.25,206.25,206.25,206.25,206.25,206.25,206.25,206.25,207.5,206.25,206.25,206.25,206.25,206.25,206.25,206.25,206.25,206.25,206.25,206.25,206.25,206.25,206.25,206.25,206.25,206.25,206.25,206.25,206.25,206.25,206.25,206.25,206.25,206.25,206.25,206.25,206.25,206.25,206.25,206.25,393.4375,393.4375,394.53125,393.4375,407.8125,407.8125,420.3125,386.09375,370.15625,396.875,420.3125,407.34375,420.3125,420.3125,407.34375,407.34375,407.34375,420.3125,420.3125,420.3125,393.4375,407.34375,407.34375,420.3125,407.34375,393.4375,420.3125,416.25,420.3125,407.34375,420.3125,420.3125,407.34375,393.4375,393.4375,407.34375,407.34375,393.4375,393.4375,420.3125,414.0625,407.34375,420.3125,407.34375,407.34375,420.3125,407.34375,396.875,407.34375,407.34375,407.34375,420.3125,407.34375,407.34375,393.4375,393.4375,407.34375,407.34375,393.4375,407.34375,407.34375,393.4375,393.4375,407.34375,407.34375,393.4375,396.875,420.3125,407.34375,416.25,420.3125,420.3125,393.4375,407.34375,393.4375,396.875,416.25,420.3125,407.34375,407.34375,404.21875,392.8125,404.21875,404.21875,407.34375,420.3125,392.8125,404.21875,392.8125,396.875,392.8125,392.8125,404.21875,392.8125,392.8125,392.8125,392.8125,392.8125,392.8125,392.8125,413.59375,407.34375,244.375,244.84375,248.28125,237.8125,244.375,244.84375,244.84375,244.84375,244.84375,244.84375,244.84375,244.84375,244.84375,245.78125,252.96875,252.96875,252.96875,252.96875,252.96875,244.84375,244.84375,237.8125,252.96875,244.84375,244.84375,244.84375,244.84375,244.84375,244.84375,244.84375,244.84375,244.84375,244.84375,244.84375,244.84375,237.8125,237.8125,244.84375,244.84375,244.84375,244.84375,244.84375,244.84375,244.84375,245.78125,244.84375,244.84375,244.84375,244.84375,244.84375,244.84375,244.84375,244.84375,244.84375,244.84375,244.84375,245.78125,249.375,244.84375,244.84375,244.84375,244.84375,244.84375,245.78125,241.875,244.84375,255.0,244.84375,244.84375,244.84375,245.78125,244.84375,244.84375,248.28125,237.8125,244.84375,237.8125,237.8125,237.8125,237.8125,237.8125,237.8125,237.8125,237.8125,244.84375,237.8125,237.8125,244.6875,237.8125,237.8125,237.8125,244.84375,237.8125
hDenV1/Colombia/NSA-UIS-00041/2006,0.0,0.0,0.0,0.0,0.0,0.0,0.0,0.0,0.0,0.0,0.0,12.65625,12.65625,12.65625,0.0,12.65625,0.0,0.0,0.0,0.0,0.0,0.0,0.0,3.59375,0.0,22.65625,0.0,3.59375,3.59375,0.0,0.0,0.0,0.0,0.0,20.625,3.59375,0.0,0.0,3.59375,12.96875,0.0,0.0,3.59375,0.0,0.0,0.0,0.0,0.0,0.0,0.0,0.0,0.0,0.0,0.0,0.0,0.0,0.0,0.0,0.0,0.0,0.0,0.0,0.0,0.0,0.0,0.0,0.0,0.0,0.0,0.0,0.0,0.0,0.0,0.0,0.0,0.0,0.0,0.0,0.0,4.53125,0.0,0.0,0.0,0.0,0.0,0.0,0.0,0.0,0.0,0.0,0.0,0.0,0.0,12.65625,0.0,12.65625,0.0,0.0,0.0,12.65625,0.0,0.0,0.0,0.0,3.28125,207.65625,206.25,206.25,206.25,224.53125,204.84375,191.5625,202.03125,206.25,206.25,206.25,206.25,206.25,206.25,206.25,206.25,206.25,206.25,206.25,206.25,206.25,206.25,206.25,206.25,206.25,206.25,206.25,206.25,206.25,206.25,206.25,206.25,206.25,206.25,206.25,206.25,206.25,206.25,206.25,206.25,206.25,206.25,206.25,206.25,206.25,206.25,206.25,206.25,206.25,206.25,206.25,206.25,206.25,206.25,207.5,206.25,206.25,206.25,206.25,206.25,206.25,206.25,206.25,206.25,206.25,206.25,206.25,206.25,206.25,206.25,206.25,206.25,206.25,206.25,206.25,206.25,206.25,206.25,206.25,206.25,206.25,206.25,206.25,206.25,206.25,206.25,393.4375,393.4375,394.53125,393.4375,407.8125,407.8125,420.3125,386.09375,370.15625,396.875,420.3125,407.34375,420.3125,420.3125,407.34375,407.34375,407.34375,420.3125,420.3125,420.3125,393.4375,407.34375,407.34375,420.3125,407.34375,393.4375,420.3125,416.25,420.3125,407.34375,420.3125,420.3125,407.34375,393.4375,393.4375,407.34375,407.34375,393.4375,393.4375,420.3125,414.0625,407.34375,420.3125,407.34375,407.34375,420.3125,407.34375,396.875,407.34375,407.34375,407.34375,420.3125,407.34375,407.34375,393.4375,393.4375,407.34375,407.34375,393.4375,407.34375,407.34375,393.4375,393.4375,407.34375,407.34375,393.4375,396.875,420.3125,407.34375,416.25,420.3125,420.3125,393.4375,407.34375,393.4375,396.875,416.25,420.3125,407.34375,407.34375,404.21875,392.8125,404.21875,404.21875,407.34375,420.3125,392.8125,404.21875,392.8125,396.875,392.8125,392.8125,404.21875,392.8125,392.8125,392.8125,392.8125,392.8125,392.8125,392.8125,413.59375,407.34375,244.375,244.84375,248.28125,237.8125,244.375,244.84375,244.84375,244.84375,244.84375,244.84375,244.84375,244.84375,244.84375,245.78125,252.96875,252.96875,252.96875,252.96875,252.96875,244.84375,244.84375,237.8125,252.96875,244.84375,244.84375,244.84375,244.84375,244.84375,244.84375,244.84375,244.84375,244.84375,244.84375,244.84375,244.84375,237.8125,237.8125,244.84375,244.84375,244.84375,244.84375,244.84375,244.84375,244.84375,245.78125,244.84375,244.84375,244.84375,244.84375,244.84375,244.84375,244.84375,244.84375,244.84375,244.84375,244.84375,245.78125,249.375,244.84375,244.84375,244.84375,244.84375,244.84375,245.78125,241.875,244.84375,255.0,244.84375,244.84375,244.84375,245.78125,244.84375,244.84375,248.28125,237.8125,244.84375,237.8125,237.8125,237.8125,237.8125,237.8125,237.8125,237.8125,237.8125,244.84375,237.8125,237.8125,244.6875,237.8125,237.8125,237.8125,244.84375,237.8125
hDenV1/Colombia/NSA-UIS-00042/2006,0.0,0.0,0.0,0.0,0.0,0.0,0.0,0.0,0.0,0.0,0.0,12.65625,12.65625,12.65625,0.0,12.65625,0.0,0.0,0.0,0.0,0.0,0.0,0.0,3.59375,0.0,22.65625,0.0,3.59375,3.59375,0.0,0.0,0.0,0.0,0.0,20.625,3.59375,0.0,0.0,3.59375,12.96875,0.0,0.0,3.59375,0.0,0.0,0.0,0.0,0.0,0.0,0.0,0.0,0.0,0.0,0.0,0.0,0.0,0.0,0.0,0.0,0.0,0.0,0.0,0.0,0.0,0.0,0.0,0.0,0.0,0.0,0.0,0.0,0.0,0.0,0.0,0.0,0.0,0.0,0.0,0.0,4.53125,0.0,0.0,0.0,0.0,0.0,0.0,0.0,0.0,0.0,0.0,0.0,0.0,0.0,12.65625,0.0,12.65625,0.0,0.0,0.0,12.65625,0.0,0.0,0.0,0.0,3.28125,207.65625,206.25,206.25,206.25,224.53125,204.84375,191.5625,202.03125,206.25,206.25,206.25,206.25,206.25,206.25,206.25,206.25,206.25,206.25,206.25,206.25,206.25,206.25,206.25,206.25,206.25,206.25,206.25,206.25,206.25,206.25,206.25,206.25,206.25,206.25,206.25,206.25,206.25,206.25,206.25,206.25,206.25,206.25,206.25,206.25,206.25,206.25,206.25,206.25,206.25,206.25,206.25,206.25,206.25,206.25,207.5,206.25,206.25,206.25,206.25,206.25,206.25,206.25,206.25,206.25,206.25,206.25,206.25,206.25,206.25,206.25,206.25,206.25,206.25,206.25,206.25,206.25,206.25,206.25,206.25,206.25,206.25,206.25,206.25,206.25,206.25,206.25,393.4375,393.4375,394.53125,393.4375,407.8125,407.8125,420.3125,386.09375,370.15625,396.875,420.3125,407.34375,420.3125,420.3125,407.34375,407.34375,407.34375,420.3125,420.3125,420.3125,393.4375,407.34375,407.34375,420.3125,407.34375,393.4375,420.3125,416.25,420.3125,407.34375,420.3125,420.3125,407.34375,393.4375,393.4375,407.34375,407.34375,393.4375,393.4375,420.3125,414.0625,407.34375,420.3125,407.34375,407.34375,420.3125,407.34375,396.875,407.34375,407.34375,407.34375,420.3125,407.34375,407.34375,393.4375,393.4375,407.34375,407.34375,393.4375,407.34375,407.34375,393.4375,393.4375,407.34375,407.34375,393.4375,396.875,420.3125,407.34375,416.25,420.3125,420.3125,393.4375,407.34375,393.4375,396.875,416.25,420.3125,407.34375,407.34375,404.21875,392.8125,404.21875,404.21875,407.34375,420.3125,392.8125,404.21875,392.8125,396.875,392.8125,392.8125,404.21875,392.8125,392.8125,392.8125,392.8125,392.8125,392.8125,392.8125,413.59375,407.34375,244.375,244.84375,248.28125,237.8125,244.375,244.84375,244.84375,244.84375,244.84375,244.84375,244.84375,244.84375,244.84375,245.78125,252.96875,252.96875,252.96875,252.96875,252.96875,244.84375,244.84375,237.8125,252.96875,244.84375,244.84375,244.84375,244.84375,244.84375,244.84375,244.84375,244.84375,244.84375,244.84375,244.84375,244.84375,237.8125,237.8125,244.84375,244.84375,244.84375,244.84375,244.84375,244.84375,244.84375,245.78125,244.84375,244.84375,244.84375,244.84375,244.84375,244.84375,244.84375,244.84375,244.84375,244.84375,244.84375,245.78125,249.375,244.84375,244.84375,244.84375,244.84375,244.84375,245.78125,241.875,244.84375,255.0,244.84375,244.84375,244.84375,245.78125,244.84375,244.84375,248.28125,237.8125,244.84375,237.8125,237.8125,237.8125,237.8125,237.8125,237.8125,237.8125,237.8125,244.84375,237.8125,237.8125,244.6875,237.8125,237.8125,237.8125,244.84375,237.8125
hDenV1/Colombia/NSA-UIS-00043/2006,0.0,0.0,0.0,0.0,0.0,0.0,0.0,0.0,0.0,0.0,0.0,12.65625,12.65625,12.65625,0.0,12.65625,0.0,0.0,0.0,0.0,0.0,0.0,0.0,3.59375,0.0,22.65625,0.0,3.59375,3.59375,0.0,0.0,0.0,0.0,0.0,20.625,3.59375,0.0,0.0,3.59375,12.96875,0.0,0.0,3.59375,0.0,0.0,0.0,0.0,0.0,0.0,0.0,0.0,0.0,0.0,0.0,0.0,0.0,0.0,0.0,0.0,0.0,0.0,0.0,0.0,0.0,0.0,0.0,0.0,0.0,0.0,0.0,0.0,0.0,0.0,0.0,0.0,0.0,0.0,0.0,0.0,4.53125,0.0,0.0,0.0,0.0,0.0,0.0,0.0,0.0,0.0,0.0,0.0,0.0,0.0,12.65625,0.0,12.65625,0.0,0.0,0.0,12.65625,0.0,0.0,0.0,0.0,3.28125,207.65625,206.25,206.25,206.25,224.53125,204.84375,191.5625,202.03125,206.25,206.25,206.25,206.25,206.25,206.25,206.25,206.25,206.25,206.25,206.25,206.25,206.25,206.25,206.25,206.25,206.25,206.25,206.25,206.25,206.25,206.25,206.25,206.25,206.25,206.25,206.25,206.25,206.25,206.25,206.25,206.25,206.25,206.25,206.25,206.25,206.25,206.25,206.25,206.25,206.25,206.25,206.25,206.25,206.25,206.25,207.5,206.25,206.25,206.25,206.25,206.25,206.25,206.25,206.25,206.25,206.25,206.25,206.25,206.25,206.25,206.25,206.25,206.25,206.25,206.25,206.25,206.25,206.25,206.25,206.25,206.25,206.25,206.25,206.25,206.25,206.25,206.25,393.4375,393.4375,394.53125,393.4375,407.8125,407.8125,420.3125,386.09375,370.15625,396.875,420.3125,407.34375,420.3125,420.3125,407.34375,407.34375,407.34375,420.3125,420.3125,420.3125,393.4375,407.34375,407.34375,420.3125,407.34375,393.4375,420.3125,416.25,420.3125,407.34375,420.3125,420.3125,407.34375,393.4375,393.4375,407.34375,407.34375,393.4375,393.4375,420.3125,414.0625,407.34375,420.3125,407.34375,407.34375,420.3125,407.34375,396.875,407.34375,407.34375,407.34375,420.3125,407.34375,407.34375,393.4375,393.4375,407.34375,407.34375,393.4375,407.34375,407.34375,393.4375,393.4375,407.34375,407.34375,393.4375,396.875,420.3125,407.34375,416.25,420.3125,420.3125,393.4375,407.34375,393.4375,396.875,416.25,420.3125,407.34375,407.34375,404.21875,392.8125,404.21875,404.21875,407.34375,420.3125,392.8125,404.21875,392.8125,396.875,392.8125,392.8125,404.21875,392.8125,392.8125,392.8125,392.8125,392.8125,392.8125,392.8125,413.59375,407.34375,244.375,244.84375,248.28125,237.8125,244.375,244.84375,244.84375,244.84375,244.84375,244.84375,244.84375,244.84375,244.84375,245.78125,252.96875,252.96875,252.96875,252.96875,252.96875,244.84375,244.84375,237.8125,252.96875,244.84375,244.84375,244.84375,244.84375,244.84375,244.84375,244.84375,244.84375,244.84375,244.84375,244.84375,244.84375,237.8125,237.8125,244.84375,244.84375,244.84375,244.84375,244.84375,244.84375,244.84375,245.78125,244.84375,244.84375,244.84375,244.84375,244.84375,244.84375,244.84375,244.84375,244.84375,244.84375,244.84375,245.78125,249.375,244.84375,244.84375,244.84375,244.84375,244.84375,245.78125,241.875,244.84375,255.0,244.84375,244.84375,244.84375,245.78125,244.84375,244.84375,248.28125,237.8125,244.84375,237.8125,237.8125,237.8125,237.8125,237.8125,237.8125,237.8125,237.8125,244.84375,237.8125,237.8125,244.6875,237.8125,237.8125,237.8125,244.84375,237.8125
hDenV1/Colombia/NSA-UIS-00044/2006,0.0,0.0,0.0,0.0,0.0,0.0,0.0,0.0,0.0,0.0,0.0,12.65625,12.65625,12.65625,0.0,12.65625,0.0,0.0,0.0,0.0,0.0,0.0,0.0,3.59375,0.0,22.65625,0.0,3.59375,3.59375,0.0,0.0,0.0,0.0,0.0,20.625,3.59375,0.0,0.0,3.59375,12.96875,0.0,0.0,3.59375,0.0,0.0,0.0,0.0,0.0,0.0,0.0,0.0,0.0,0.0,0.0,0.0,0.0,0.0,0.0,0.0,0.0,0.0,0.0,0.0,0.0,0.0,0.0,0.0,0.0,0.0,0.0,0.0,0.0,0.0,0.0,0.0,0.0,0.0,0.0,0.0,4.53125,0.0,0.0,0.0,0.0,0.0,0.0,0.0,0.0,0.0,0.0,0.0,0.0,0.0,12.65625,0.0,12.65625,0.0,0.0,0.0,12.65625,0.0,0.0,0.0,0.0,3.28125,207.65625,206.25,206.25,206.25,224.53125,204.84375,191.5625,202.03125,206.25,206.25,206.25,206.25,206.25,206.25,206.25,206.25,206.25,206.25,206.25,206.25,206.25,206.25,206.25,206.25,206.25,206.25,206.25,206.25,206.25,206.25,206.25,206.25,206.25,206.25,206.25,206.25,206.25,206.25,206.25,206.25,206.25,206.25,206.25,206.25,206.25,206.25,206.25,206.25,206.25,206.25,206.25,206.25,206.25,206.25,207.5,206.25,206.25,206.25,206.25,206.25,206.25,206.25,206.25,206.25,206.25,206.25,206.25,206.25,206.25,206.25,206.25,206.25,206.25,206.25,206.25,206.25,206.25,206.25,206.25,206.25,206.25,206.25,206.25,206.25,206.25,206.25,393.4375,393.4375,394.53125,393.4375,407.8125,407.8125,420.3125,386.09375,370.15625,396.875,420.3125,407.34375,420.3125,420.3125,407.34375,407.34375,407.34375,420.3125,420.3125,420.3125,393.4375,407.34375,407.34375,420.3125,407.34375,393.4375,420.3125,416.25,420.3125,407.34375,420.3125,420.3125,407.34375,393.4375,393.4375,407.34375,407.34375,393.4375,393.4375,420.3125,414.0625,407.34375,420.3125,407.34375,407.34375,420.3125,407.34375,396.875,407.34375,407.34375,407.34375,420.3125,407.34375,407.34375,393.4375,393.4375,407.34375,407.34375,393.4375,407.34375,407.34375,393.4375,393.4375,407.34375,407.34375,393.4375,396.875,420.3125,407.34375,416.25,420.3125,420.3125,393.4375,407.34375,393.4375,396.875,416.25,420.3125,407.34375,407.34375,404.21875,392.8125,404.21875,404.21875,407.34375,420.3125,392.8125,404.21875,392.8125,396.875,392.8125,392.8125,404.21875,392.8125,392.8125,392.8125,392.8125,392.8125,392.8125,392.8125,413.59375,407.34375,244.375,244.84375,248.28125,237.8125,244.375,244.84375,244.84375,244.84375,244.84375,244.84375,244.84375,244.84375,244.84375,245.78125,252.96875,252.96875,252.96875,252.96875,252.96875,244.84375,244.84375,237.8125,252.96875,244.84375,244.84375,244.84375,244.84375,244.84375,244.84375,244.84375,244.84375,244.84375,244.84375,244.84375,244.84375,237.8125,237.8125,244.84375,244.84375,244.84375,244.84375,244.84375,244.84375,244.84375,245.78125,244.84375,244.84375,244.84375,244.84375,244.84375,244.84375,244.84375,244.84375,244.84375,244.84375,244.84375,245.78125,249.375,244.84375,244.84375,244.84375,244.84375,244.84375,245.78125,241.875,244.84375,255.0,244.84375,244.84375,244.84375,245.78125,244.84375,244.84375,248.28125,237.8125,244.84375,237.8125,237.8125,237.8125,237.8125,237.8125,237.8125,237.8125,237.8125,244.84375,237.8125,237.8125,244.6875,237.8125,237.8125,237.8125,244.84375,237.8125
hDenV1/Colombia/NSA-UIS-00045/2006,15.3125,15.3125,15.3125,15.3125,15.3125,15.3125,15.3125,15.3125,15.3125,15.3125,15.3125,27.96875,27.96875,27.96875,15.3125,27.96875,15.3125,15.3125,15.3125,15.3125,15.3125,15.3125,15.3125,18.90625,15.3125,37.96875,15.3125,18.90625,18.90625,15.3125,15.3125,15.3125,15.3125,15.3125,35.9375,18.90625,15.3125,15.3125,18.90625,28.28125,15.3125,15.3125,18.90625,15.3125,15.3125,15.3125,15.3125,15.3125,15.3125,15.3125,15.3125,15.3125,15.3125,15.3125,15.3125,15.3125,15.3125,15.3125,15.3125,15.3125,15.3125,15.3125,15.3125,15.3125,15.3125,15.3125,15.3125,15.3125,15.3125,15.3125,15.3125,15.3125,15.3125,15.3125,15.3125,15.3125,15.3125,15.3125,15.3125,19.84375,15.3125,15.3125,15.3125,15.3125,15.3125,15.3125,15.3125,15.3125,15.3125,15.3125,15.3125,15.3125,15.3125,27.96875,15.3125,27.96875,15.3125,15.3125,15.3125,27.96875,15.3125,15.3125,15.3125,15.3125,18.59375,199.6875,198.28125,198.28125,198.28125,216.5625,196.875,183.59375,194.0625,198.28125,198.28125,198.28125,198.28125,198.28125,198.28125,198.28125,198.28125,198.28125,198.28125,198.28125,198.28125,198.28125,198.28125,198.28125,198.28125,198.28125,198.28125,198.28125,198.28125,198.28125,198.28125,198.28125,198.28125,198.28125,198.28125,198.28125,198.28125,198.28125,198.28125,198.28125,198.28125,198.28125,198.28125,198.28125,198.28125,198.28125,198.28125,198.28125,198.28125,198.28125,198.28125,198.28125,198.28125,198.28125,198.28125,199.53125,198.28125,198.28125,198.28125,198.28125,198.28125,198.28125,198.28125,198.28125,198.28125,198.28125,198.28125,198.28125,198.28125,198.28125,198.28125,198.28125,198.28125,198.28125,198.28125,198.28125,198.28125,198.28125,198.28125,198.28125,198.28125,198.28125,198.28125,198.28125,198.28125,198.28125,198.28125,386.09375,386.09375,387.1875,386.09375,400.46875,400.46875,412.96875,378.75,362.8125,389.53125,412.96875,400.0,412.96875,412.96875,400.0,400.0,400.0,412.96875,412.96875,412.96875,386.09375,400.0,400.0,412.96875,400.0,386.09375,412.96875,408.90625,412.96875,400.0,412.96875,412.96875,400.0,386.09375,386.09375,400.0,400.0,386.09375,386.09375,412.96875,406.71875,400.0,412.96875,400.0,400.0,412.96875,400.0,389.53125,400.0,400.0,400.0,412.96875,400.0,400.0,386.09375,386.09375,400.0,400.0,386.09375,400.0,400.0,386.09375,386.09375,400.0,400.0,386.09375,389.53125,412.96875,400.0,408.90625,412.96875,412.96875,386.09375,400.0,386.09375,389.53125,408.90625,412.96875,400.0,400.0,396.875,385.46875,396.875,396.875,400.0,412.96875,385.46875,396.875,385.46875,389.53125,385.46875,385.46875,396.875,385.46875,385.46875,385.46875,385.46875,385.46875,385.46875,385.46875,406.25,400.0,250.3125,252.5,255.9375,253.125,250.3125,252.5,252.5,252.5,252.5,252.5,252.5,252.5,252.5,253.4375,260.625,260.625,260.625,260.625,260.625,252.5,252.5,253.125,260.625,252.5,252.5,252.5,252.5,252.5,252.5,252.5,252.5,252.5,252.5,252.5,252.5,253.125,253.125,252.5,252.5,252.5,252.5,252.5,252.5,252.5,253.4375,252.5,252.5,252.5,252.5,252.5,252.5,252.5,252.5,252.5,252.5,252.5,253.4375,257.03125,252.5,252.5,252.5,252.5,252.5,253.4375,249.53125,252.5,262.65625,252.5,252.5,252.5,253.4375,252.5,252.5,255.9375,253.125,252.5,253.125,253.125,253.125,253.125,253.125,253.125,253.125,253.125,252.5,253.125,253.125,252.34375,253.125,253.125,253.125,260.15625,253.125
hDenV1/Colombia/NSA-UIS-00046/2006,15.3125,15.3125,15.3125,15.3125,15.3125,15.3125,15.3125,15.3125,15.3125,15.3125,15.3125,27.96875,27.96875,27.96875,15.3125,27.96875,15.3125,15.3125,15.3125,15.3125,15.3125,15.3125,15.3125,18.90625,15.3125,37.96875,15.3125,18.90625,18.90625,15.3125,15.3125,15.3125,15.3125,15.3125,35.9375,18.90625,15.3125,15.3125,18.90625,28.28125,15.3125,15.3125,18.90625,15.3125,15.3125,15.3125,15.3125,15.3125,15.3125,15.3125,15.3125,15.3125,15.3125,15.3125,15.3125,15.3125,15.3125,15.3125,15.3125,15.3125,15.3125,15.3125,15.3125,15.3125,15.3125,15.3125,15.3125,15.3125,15.3125,15.3125,15.3125,15.3125,15.3125,15.3125,15.3125,15.3125,15.3125,15.3125,15.3125,19.84375,15.3125,15.3125,15.3125,15.3125,15.3125,15.3125,15.3125,15.3125,15.3125,15.3125,15.3125,15.3125,15.3125,27.96875,15.3125,27.96875,15.3125,15.3125,15.3125,27.96875,15.3125,15.3125,15.3125,15.3125,18.59375,199.6875,198.28125,198.28125,198.28125,216.5625,196.875,183.59375,194.0625,198.28125,198.28125,198.28125,198.28125,198.28125,198.28125,198.28125,198.28125,198.28125,198.28125,198.28125,198.28125,198.28125,198.28125,198.28125,198.28125,198.28125,198.28125,198.28125,198.28125,198.28125,198.28125,198.28125,198.28125,198.28125,198.28125,198.28125,198.28125,198.28125,198.28125,198.28125,198.28125,198.28125,198.28125,198.28125,198.28125,198.28125,198.28125,198.28125,198.28125,198.28125,198.28125,198.28125,198.28125,198.28125,198.28125,199.53125,198.28125,198.28125,198.28125,198.28125,198.28125,198.28125,198.28125,198.28125,198.28125,198.28125,198.28125,198.28125,198.28125,198.28125,198.28125,198.28125,198.28125,198.28125,198.28125,198.28125,198.28125,198.28125,198.28125,198.28125,198.28125,198.28125,198.28125,198.28125,198.28125,198.28125,198.28125,386.09375,386.09375,387.1875,386.09375,400.46875,400.46875,412.96875,378.75,362.8125,389.53125,412.96875,400.0,412.96875,412.96875,400.0,400.0,400.0,412.96875,412.96875,412.96875,386.09375,400.0,400.0,412.96875,400.0,386.09375,412.96875,408.90625,412.96875,400.0,412.96875,412.96875,400.0,386.09375,386.09375,400.0,400.0,386.09375,386.09375,412.96875,406.71875,400.0,412.96875,400.0,400.0,412.96875,400.0,389.53125,400.0,400.0,400.0,412.96875,400.0,400.0,386.09375,386.09375,400.0,400.0,386.09375,400.0,400.0,386.09375,386.09375,400.0,400.0,386.09375,389.53125,412.96875,400.0,408.90625,412.96875,412.96875,386.09375,400.0,386.09375,389.53125,408.90625,412.96875,400.0,400.0,396.875,385.46875,396.875,396.875,400.0,412.96875,385.46875,396.875,385.46875,389.53125,385.46875,385.46875,396.875,385.46875,385.46875,385.46875,385.46875,385.46875,385.46875,385.46875,406.25,400.0,250.3125,252.5,255.9375,253.125,250.3125,252.5,252.5,252.5,252.5,252.5,252.5,252.5,252.5,253.4375,260.625,260.625,260.625,260.625,260.625,252.5,252.5,253.125,260.625,252.5,252.5,252.5,252.5,252.5,252.5,252.5,252.5,252.5,252.5,252.5,252.5,253.125,253.125,252.5,252.5,252.5,252.5,252.5,252.5,252.5,253.4375,252.5,252.5,252.5,252.5,252.5,252.5,252.5,252.5,252.5,252.5,252.5,253.4375,257.03125,252.5,252.5,252.5,252.5,252.5,253.4375,249.53125,252.5,262.65625,252.5,252.5,252.5,253.4375,252.5,252.5,255.9375,253.125,252.5,253.125,253.125,253.125,253.125,253.125,253.125,253.125,253.125,252.5,253.125,253.125,252.34375,253.125,253.125,253.125,260.15625,253.125
hDenV1/Colombia/RIS-FUAA-AFI031/2021,0.0,0.0,0.0,0.0,0.0,0.0,0.0,0.0,0.0,0.0,0.0,12.65625,12.65625,12.65625,0.0,12.65625,0.0,0.0,0.0,0.0,0.0,0.0,0.0,3.59375,0.0,22.65625,0.0,3.59375,3.59375,0.0,0.0,0.0,0.0,0.0,20.625,3.59375,0.0,0.0,3.59375,12.96875,0.0,0.0,3.59375,0.0,0.0,0.0,0.0,0.0,0.0,0.0,0.0,0.0,0.0,0.0,0.0,0.0,0.0,0.0,0.0,0.0,0.0,0.0,0.0,0.0,0.0,0.0,0.0,0.0,0.0,0.0,0.0,0.0,0.0,0.0,0.0,0.0,0.0,0.0,0.0,4.53125,0.0,0.0,0.0,0.0,0.0,0.0,0.0,0.0,0.0,0.0,0.0,0.0,0.0,12.65625,0.0,12.65625,0.0,0.0,0.0,12.65625,0.0,0.0,0.0,0.0,3.28125,207.65625,206.25,206.25,206.25,224.53125,204.84375,191.5625,202.03125,206.25,206.25,206.25,206.25,206.25,206.25,206.25,206.25,206.25,206.25,206.25,206.25,206.25,206.25,206.25,206.25,206.25,206.25,206.25,206.25,206.25,206.25,206.25,206.25,206.25,206.25,206.25,206.25,206.25,206.25,206.25,206.25,206.25,206.25,206.25,206.25,206.25,206.25,206.25,206.25,206.25,206.25,206.25,206.25,206.25,206.25,207.5,206.25,206.25,206.25,206.25,206.25,206.25,206.25,206.25,206.25,206.25,206.25,206.25,206.25,206.25,206.25,206.25,206.25,206.25,206.25,206.25,206.25,206.25,206.25,206.25,206.25,206.25,206.25,206.25,206.25,206.25,206.25,393.4375,393.4375,394.53125,393.4375,407.8125,407.8125,420.3125,386.09375,370.15625,396.875,420.3125,407.34375,420.3125,420.3125,407.34375,407.34375,407.34375,420.3125,420.3125,420.3125,393.4375,407.34375,407.34375,420.3125,407.34375,393.4375,420.3125,416.25,420.3125,407.34375,420.3125,420.3125,407.34375,393.4375,393.4375,407.34375,407.34375,393.4375,393.4375,420.3125,414.0625,407.34375,420.3125,407.34375,407.34375,420.3125,407.34375,396.875,407.34375,407.34375,407.34375,420.3125,407.34375,407.34375,393.4375,393.4375,407.34375,407.34375,393.4375,407.34375,407.34375,393.4375,393.4375,407.34375,407.34375,393.4375,396.875,420.3125,407.34375,416.25,420.3125,420.3125,393.4375,407.34375,393.4375,396.875,416.25,420.3125,407.34375,407.34375,404.21875,392.8125,404.21875,404.21875,407.34375,420.3125,392.8125,404.21875,392.8125,396.875,392.8125,392.8125,404.21875,392.8125,392.8125,392.8125,392.8125,392.8125,392.8125,392.8125,413.59375,407.34375,244.375,244.84375,248.28125,237.8125,244.375,244.84375,244.84375,244.84375,244.84375,244.84375,244.84375,244.84375,244.84375,245.78125,252.96875,252.96875,252.96875,252.96875,252.96875,244.84375,244.84375,237.8125,252.96875,244.84375,244.84375,244.84375,244.84375,244.84375,244.84375,244.84375,244.84375,244.84375,244.84375,244.84375,244.84375,237.8125,237.8125,244.84375,244.84375,244.84375,244.84375,244.84375,244.84375,244.84375,245.78125,244.84375,244.84375,244.84375,244.84375,244.84375,244.84375,244.84375,244.84375,244.84375,244.84375,244.84375,245.78125,249.375,244.84375,244.84375,244.84375,244.84375,244.84375,245.78125,241.875,244.84375,255.0,244.84375,244.84375,244.84375,245.78125,244.84375,244.84375,248.28125,237.8125,244.84375,237.8125,237.8125,237.8125,237.8125,237.8125,237.8125,237.8125,237.8125,244.84375,237.8125,237.8125,244.6875,237.8125,237.8125,237.8125,244.84375,237.8125
hDenV1/Colombia/RIS-FUAA-AFI082/2021,0.0,0.0,0.0,0.0,0.0,0.0,0.0,0.0,0.0,0.0,0.0,12.65625,12.65625,12.65625,0.0,12.65625,0.0,0.0,0.0,0.0,0.0,0.0,0.0,3.59375,0.0,22.65625,0.0,3.59375,3.59375,0.0,0.0,0.0,0.0,0.0,20.625,3.59375,0.0,0.0,3.59375,12.96875,0.0,0.0,3.59375,0.0,0.0,0.0,0.0,0.0,0.0,0.0,0.0,0.0,0.0,0.0,0.0,0.0,0.0,0.0,0.0,0.0,0.0,0.0,0.0,0.0,0.0,0.0,0.0,0.0,0.0,0.0,0.0,0.0,0.0,0.0,0.0,0.0,0.0,0.0,0.0,4.53125,0.0,0.0,0.0,0.0,0.0,0.0,0.0,0.0,0.0,0.0,0.0,0.0,0.0,12.65625,0.0,12.65625,0.0,0.0,0.0,12.65625,0.0,0.0,0.0,0.0,3.28125,207.65625,206.25,206.25,206.25,224.53125,204.84375,191.5625,202.03125,206.25,206.25,206.25,206.25,206.25,206.25,206.25,206.25,206.25,206.25,206.25,206.25,206.25,206.25,206.25,206.25,206.25,206.25,206.25,206.25,206.25,206.25,206.25,206.25,206.25,206.25,206.25,206.25,206.25,206.25,206.25,206.25,206.25,206.25,206.25,206.25,206.25,206.25,206.25,206.25,206.25,206.25,206.25,206.25,206.25,206.25,207.5,206.25,206.25,206.25,206.25,206.25,206.25,206.25,206.25,206.25,206.25,206.25,206.25,206.25,206.25,206.25,206.25,206.25,206.25,206.25,206.25,206.25,206.25,206.25,206.25,206.25,206.25,206.25,206.25,206.25,206.25,206.25,393.4375,393.4375,394.53125,393.4375,407.8125,407.8125,420.3125,386.09375,370.15625,396.875,420.3125,407.34375,420.3125,420.3125,407.34375,407.34375,407.34375,420.3125,420.3125,420.3125,393.4375,407.34375,407.34375,420.3125,407.34375,393.4375,420.3125,416.25,420.3125,407.34375,420.3125,420.3125,407.34375,393.4375,393.4375,407.34375,407.34375,393.4375,393.4375,420.3125,414.0625,407.34375,420.3125,407.34375,407.34375,420.3125,407.34375,396.875,407.34375,407.34375,407.34375,420.3125,407.34375,407.34375,393.4375,393.4375,407.34375,407.34375,393.4375,407.34375,407.34375,393.4375,393.4375,407.34375,407.34375,393.4375,396.875,420.3125,407.34375,416.25,420.3125,420.3125,393.4375,407.34375,393.4375,396.875,416.25,420.3125,407.34375,407.34375,404.21875,392.8125,404.21875,404.21875,407.34375,420.3125,392.8125,404.21875,392.8125,396.875,392.8125,392.8125,404.21875,392.8125,392.8125,392.8125,392.8125,392.8125,392.8125,392.8125,413.59375,407.34375,244.375,244.84375,248.28125,237.8125,244.375,244.84375,244.84375,244.84375,244.84375,244.84375,244.84375,244.84375,244.84375,245.78125,252.96875,252.96875,252.96875,252.96875,252.96875,244.84375,244.84375,237.8125,252.96875,244.84375,244.84375,244.84375,244.84375,244.84375,244.84375,244.84375,244.84375,244.84375,244.84375,244.84375,244.84375,237.8125,237.8125,244.84375,244.84375,244.84375,244.84375,244.84375,244.84375,244.84375,245.78125,244.84375,244.84375,244.84375,244.84375,244.84375,244.84375,244.84375,244.84375,244.84375,244.84375,244.84375,245.78125,249.375,244.84375,244.84375,244.84375,244.84375,244.84375,245.78125,241.875,244.84375,255.0,244.84375,244.84375,244.84375,245.78125,244.84375,244.84375,248.28125,237.8125,244.84375,237.8125,237.8125,237.8125,237.8125,237.8125,237.8125,237.8125,237.8125,244.84375,237.8125,237.8125,244.6875,237.8125,237.8125,237.8125,244.84375,237.8125
hDenV1/Colombia/RIS-FUAA-AFI101/2021,0.0,0.0,0.0,0.0,0.0,0.0,0.0,0.0,0.0,0.0,0.0,12.65625,12.65625,12.65625,0.0,12.65625,0.0,0.0,0.0,0.0,0.0,0.0,0.0,3.59375,0.0,22.65625,0.0,3.59375,3.59375,0.0,0.0,0.0,0.0,0.0,20.625,3.59375,0.0,0.0,3.59375,12.96875,0.0,0.0,3.59375,0.0,0.0,0.0,0.0,0.0,0.0,0.0,0.0,0.0,0.0,0.0,0.0,0.0,0.0,0.0,0.0,0.0,0.0,0.0,0.0,0.0,0.0,0.0,0.0,0.0,0.0,0.0,0.0,0.0,0.0,0.0,0.0,0.0,0.0,0.0,0.0,4.53125,0.0,0.0,0.0,0.0,0.0,0.0,0.0,0.0,0.0,0.0,0.0,0.0,0.0,12.65625,0.0,12.65625,0.0,0.0,0.0,12.65625,0.0,0.0,0.0,0.0,3.28125,207.65625,206.25,206.25,206.25,224.53125,204.84375,191.5625,202.03125,206.25,206.25,206.25,206.25,206.25,206.25,206.25,206.25,206.25,206.25,206.25,206.25,206.25,206.25,206.25,206.25,206.25,206.25,206.25,206.25,206.25,206.25,206.25,206.25,206.25,206.25,206.25,206.25,206.25,206.25,206.25,206.25,206.25,206.25,206.25,206.25,206.25,206.25,206.25,206.25,206.25,206.25,206.25,206.25,206.25,206.25,207.5,206.25,206.25,206.25,206.25,206.25,206.25,206.25,206.25,206.25,206.25,206.25,206.25,206.25,206.25,206.25,206.25,206.25,206.25,206.25,206.25,206.25,206.25,206.25,206.25,206.25,206.25,206.25,206.25,206.25,206.25,206.25,393.4375,393.4375,394.53125,393.4375,407.8125,407.8125,420.3125,386.09375,370.15625,396.875,420.3125,407.34375,420.3125,420.3125,407.34375,407.34375,407.34375,420.3125,420.3125,420.3125,393.4375,407.34375,407.34375,420.3125,407.34375,393.4375,420.3125,416.25,420.3125,407.34375,420.3125,420.3125,407.34375,393.4375,393.4375,407.34375,407.34375,393.4375,393.4375,420.3125,414.0625,407.34375,420.3125,407.34375,407.34375,420.3125,407.34375,396.875,407.34375,407.34375,407.34375,420.3125,407.34375,407.34375,393.4375,393.4375,407.34375,407.34375,393.4375,407.34375,407.34375,393.4375,393.4375,407.34375,407.34375,393.4375,396.875,420.3125,407.34375,416.25,420.3125,420.3125,393.4375,407.34375,393.4375,396.875,416.25,420.3125,407.34375,407.34375,404.21875,392.8125,404.21875,404.21875,407.34375,420.3125,392.8125,404.21875,392.8125,396.875,392.8125,392.8125,404.21875,392.8125,392.8125,392.8125,392.8125,392.8125,392.8125,392.8125,413.59375,407.34375,244.375,244.84375,248.28125,237.8125,244.375,244.84375,244.84375,244.84375,244.84375,244.84375,244.84375,244.84375,244.84375,245.78125,252.96875,252.96875,252.96875,252.96875,252.96875,244.84375,244.84375,237.8125,252.96875,244.84375,244.84375,244.84375,244.84375,244.84375,244.84375,244.84375,244.84375,244.84375,244.84375,244.84375,244.84375,237.8125,237.8125,244.84375,244.84375,244.84375,244.84375,244.84375,244.84375,244.84375,245.78125,244.84375,244.84375,244.84375,244.84375,244.84375,244.84375,244.84375,244.84375,244.84375,244.84375,244.84375,245.78125,249.375,244.84375,244.84375,244.84375,244.84375,244.84375,245.78125,241.875,244.84375,255.0,244.84375,244.84375,244.84375,245.78125,244.84375,244.84375,248.28125,237.8125,244.84375,237.8125,237.8125,237.8125,237.8125,237.8125,237.8125,237.8125,237.8125,244.84375,237.8125,237.8125,244.6875,237.8125,237.8125,237.8125,244.84375,237.8125
hDenV1/Colombia/RIS-FUAA-AFI224/2022,0.0,0.0,0.0,0.0,0.0,0.0,0.0,0.0,0.0,0.0,0.0,12.65625,12.65625,12.65625,0.0,12.65625,0.0,0.0,0.0,0.0,0.0,0.0,0.0,3.59375,0.0,22.65625,0.0,3.59375,3.59375,0.0,0.0,0.0,0.0,0.0,20.625,3.59375,0.0,0.0,3.59375,12.96875,0.0,0.0,3.59375,0.0,0.0,0.0,0.0,0.0,0.0,0.0,0.0,0.0,0.0,0.0,0.0,0.0,0.0,0.0,0.0,0.0,0.0,0.0,0.0,0.0,0.0,0.0,0.0,0.0,0.0,0.0,0.0,0.0,0.0,0.0,0.0,0.0,0.0,0.0,0.0,4.53125,0.0,0.0,0.0,0.0,0.0,0.0,0.0,0.0,0.0,0.0,0.0,0.0,0.0,12.65625,0.0,12.65625,0.0,0.0,0.0,12.65625,0.0,0.0,0.0,0.0,3.28125,207.65625,206.25,206.25,206.25,224.53125,204.84375,191.5625,202.03125,206.25,206.25,206.25,206.25,206.25,206.25,206.25,206.25,206.25,206.25,206.25,206.25,206.25,206.25,206.25,206.25,206.25,206.25,206.25,206.25,206.25,206.25,206.25,206.25,206.25,206.25,206.25,206.25,206.25,206.25,206.25,206.25,206.25,206.25,206.25,206.25,206.25,206.25,206.25,206.25,206.25,206.25,206.25,206.25,206.25,206.25,207.5,206.25,206.25,206.25,206.25,206.25,206.25,206.25,206.25,206.25,206.25,206.25,206.25,206.25,206.25,206.25,206.25,206.25,206.25,206.25,206.25,206.25,206.25,206.25,206.25,206.25,206.25,206.25,206.25,206.25,206.25,206.25,393.4375,393.4375,394.53125,393.4375,407.8125,407.8125,420.3125,386.09375,370.15625,396.875,420.3125,407.34375,420.3125,420.3125,407.34375,407.34375,407.34375,420.3125,420.3125,420.3125,393.4375,407.34375,407.34375,420.3125,407.34375,393.4375,420.3125,416.25,420.3125,407.34375,420.3125,420.3125,407.34375,393.4375,393.4375,407.34375,407.34375,393.4375,393.4375,420.3125,414.0625,407.34375,420.3125,407.34375,407.34375,420.3125,407.34375,396.875,407.34375,407.34375,407.34375,420.3125,407.34375,407.34375,393.4375,393.4375,407.34375,407.34375,393.4375,407.34375,407.34375,393.4375,393.4375,407.34375,407.34375,393.4375,396.875,420.3125,407.34375,416.25,420.3125,420.3125,393.4375,407.34375,393.4375,396.875,416.25,420.3125,407.34375,407.34375,404.21875,392.8125,404.21875,404.21875,407.34375,420.3125,392.8125,404.21875,392.8125,396.875,392.8125,392.8125,404.21875,392.8125,392.8125,392.8125,392.8125,392.8125,392.8125,392.8125,413.59375,407.34375,244.375,244.84375,248.28125,237.8125,244.375,244.84375,244.84375,244.84375,244.84375,244.84375,244.84375,244.84375,244.84375,245.78125,252.96875,252.96875,252.96875,252.96875,252.96875,244.84375,244.84375,237.8125,252.96875,244.84375,244.84375,244.84375,244.84375,244.84375,244.84375,244.84375,244.84375,244.84375,244.84375,244.84375,244.84375,237.8125,237.8125,244.84375,244.84375,244.84375,244.84375,244.84375,244.84375,244.84375,245.78125,244.84375,244.84375,244.84375,244.84375,244.84375,244.84375,244.84375,244.84375,244.84375,244.84375,244.84375,245.78125,249.375,244.84375,244.84375,244.84375,244.84375,244.84375,245.78125,241.875,244.84375,255.0,244.84375,244.84375,244.84375,245.78125,244.84375,244.84375,248.28125,237.8125,244.84375,237.8125,237.8125,237.8125,237.8125,237.8125,237.8125,237.8125,237.8125,244.84375,237.8125,237.8125,244.6875,237.8125,237.8125,237.8125,244.84375,237.8125
hDenV1/Colombia/RIS-FUAA-DFC059/2021,0.0,0.0,0.0,0.0,0.0,0.0,0.0,0.0,0.0,0.0,0.0,12.65625,12.65625,12.65625,0.0,12.65625,0.0,0.0,0.0,0.0,0.0,0.0,0.0,3.59375,0.0,22.65625,0.0,3.59375,3.59375,0.0,0.0,0.0,0.0,0.0,20.625,3.59375,0.0,0.0,3.59375,12.96875,0.0,0.0,3.59375,0.0,0.0,0.0,0.0,0.0,0.0,0.0,0.0,0.0,0.0,0.0,0.0,0.0,0.0,0.0,0.0,0.0,0.0,0.0,0.0,0.0,0.0,0.0,0.0,0.0,0.0,0.0,0.0,0.0,0.0,0.0,0.0,0.0,0.0,0.0,0.0,4.53125,0.0,0.0,0.0,0.0,0.0,0.0,0.0,0.0,0.0,0.0,0.0,0.0,0.0,12.65625,0.0,12.65625,0.0,0.0,0.0,12.65625,0.0,0.0,0.0,0.0,3.28125,207.65625,206.25,206.25,206.25,224.53125,204.84375,191.5625,202.03125,206.25,206.25,206.25,206.25,206.25,206.25,206.25,206.25,206.25,206.25,206.25,206.25,206.25,206.25,206.25,206.25,206.25,206.25,206.25,206.25,206.25,206.25,206.25,206.25,206.25,206.25,206.25,206.25,206.25,206.25,206.25,206.25,206.25,206.25,206.25,206.25,206.25,206.25,206.25,206.25,206.25,206.25,206.25,206.25,206.25,206.25,207.5,206.25,206.25,206.25,206.25,206.25,206.25,206.25,206.25,206.25,206.25,206.25,206.25,206.25,206.25,206.25,206.25,206.25,206.25,206.25,206.25,206.25,206.25,206.25,206.25,206.25,206.25,206.25,206.25,206.25,206.25,206.25,393.4375,393.4375,394.53125,393.4375,407.8125,407.8125,420.3125,386.09375,370.15625,396.875,420.3125,407.34375,420.3125,420.3125,407.34375,407.34375,407.34375,420.3125,420.3125,420.3125,393.4375,407.34375,407.34375,420.3125,407.34375,393.4375,420.3125,416.25,420.3125,407.34375,420.3125,420.3125,407.34375,393.4375,393.4375,407.34375,407.34375,393.4375,393.4375,420.3125,414.0625,407.34375,420.3125,407.34375,407.34375,420.3125,407.34375,396.875,407.34375,407.34375,407.34375,420.3125,407.34375,407.34375,393.4375,393.4375,407.34375,407.34375,393.4375,407.34375,407.34375,393.4375,393.4375,407.34375,407.34375,393.4375,396.875,420.3125,407.34375,416.25,420.3125,420.3125,393.4375,407.34375,393.4375,396.875,416.25,420.3125,407.34375,407.34375,404.21875,392.8125,404.21875,404.21875,407.34375,420.3125,392.8125,404.21875,392.8125,396.875,392.8125,392.8125,404.21875,392.8125,392.8125,392.8125,392.8125,392.8125,392.8125,392.8125,413.59375,407.34375,244.375,244.84375,248.28125,237.8125,244.375,244.84375,244.84375,244.84375,244.84375,244.84375,244.84375,244.84375,244.84375,245.78125,252.96875,252.96875,252.96875,252.96875,252.96875,244.84375,244.84375,237.8125,252.96875,244.84375,244.84375,244.84375,244.84375,244.84375,244.84375,244.84375,244.84375,244.84375,244.84375,244.84375,244.84375,237.8125,237.8125,244.84375,244.84375,244.84375,244.84375,244.84375,244.84375,244.84375,245.78125,244.84375,244.84375,244.84375,244.84375,244.84375,244.84375,244.84375,244.84375,244.84375,244.84375,244.84375,245.78125,249.375,244.84375,244.84375,244.84375,244.84375,244.84375,245.78125,241.875,244.84375,255.0,244.84375,244.84375,244.84375,245.78125,244.84375,244.84375,248.28125,237.8125,244.84375,237.8125,237.8125,237.8125,237.8125,237.8125,237.8125,237.8125,237.8125,244.84375,237.8125,237.8125,244.6875,237.8125,237.8125,237.8125,244.84375,237.8125
hDenV1/Colombia/RIS-INS-476947/2016,0.0,0.0,0.0,0.0,0.0,0.0,0.0,0.0,0.0,0.0,0.0,12.65625,12.65625,12.65625,0.0,12.65625,0.0,0.0,0.0,0.0,0.0,0.0,0.0,3.59375,0.0,22.65625,0.0,3.59375,3.59375,0.0,0.0,0.0,0.0,0.0,20.625,3.59375,0.0,0.0,3.59375,12.96875,0.0,0.0,3.59375,0.0,0.0,0.0,0.0,0.0,0.0,0.0,0.0,0.0,0.0,0.0,0.0,0.0,0.0,0.0,0.0,0.0,0.0,0.0,0.0,0.0,0.0,0.0,0.0,0.0,0.0,0.0,0.0,0.0,0.0,0.0,0.0,0.0,0.0,0.0,0.0,4.53125,0.0,0.0,0.0,0.0,0.0,0.0,0.0,0.0,0.0,0.0,0.0,0.0,0.0,12.65625,0.0,12.65625,0.0,0.0,0.0,12.65625,0.0,0.0,0.0,0.0,3.28125,207.65625,206.25,206.25,206.25,224.53125,204.84375,191.5625,202.03125,206.25,206.25,206.25,206.25,206.25,206.25,206.25,206.25,206.25,206.25,206.25,206.25,206.25,206.25,206.25,206.25,206.25,206.25,206.25,206.25,206.25,206.25,206.25,206.25,206.25,206.25,206.25,206.25,206.25,206.25,206.25,206.25,206.25,206.25,206.25,206.25,206.25,206.25,206.25,206.25,206.25,206.25,206.25,206.25,206.25,206.25,207.5,206.25,206.25,206.25,206.25,206.25,206.25,206.25,206.25,206.25,206.25,206.25,206.25,206.25,206.25,206.25,206.25,206.25,206.25,206.25,206.25,206.25,206.25,206.25,206.25,206.25,206.25,206.25,206.25,206.25,206.25,206.25,393.4375,393.4375,394.53125,393.4375,407.8125,407.8125,420.3125,386.09375,370.15625,396.875,420.3125,407.34375,420.3125,420.3125,407.34375,407.34375,407.34375,420.3125,420.3125,420.3125,393.4375,407.34375,407.34375,420.3125,407.34375,393.4375,420.3125,416.25,420.3125,407.34375,420.3125,420.3125,407.34375,393.4375,393.4375,407.34375,407.34375,393.4375,393.4375,420.3125,414.0625,407.34375,420.3125,407.34375,407.34375,420.3125,407.34375,396.875,407.34375,407.34375,407.34375,420.3125,407.34375,407.34375,393.4375,393.4375,407.34375,407.34375,393.4375,407.34375,407.34375,393.4375,393.4375,407.34375,407.34375,393.4375,396.875,420.3125,407.34375,416.25,420.3125,420.3125,393.4375,407.34375,393.4375,396.875,416.25,420.3125,407.34375,407.34375,404.21875,392.8125,404.21875,404.21875,407.34375,420.3125,392.8125,404.21875,392.8125,396.875,392.8125,392.8125,404.21875,392.8125,392.8125,392.8125,392.8125,392.8125,392.8125,392.8125,413.59375,407.34375,244.375,244.84375,248.28125,237.8125,244.375,244.84375,244.84375,244.84375,244.84375,244.84375,244.84375,244.84375,244.84375,245.78125,252.96875,252.96875,252.96875,252.96875,252.96875,244.84375,244.84375,237.8125,252.96875,244.84375,244.84375,244.84375,244.84375,244.84375,244.84375,244.84375,244.84375,244.84375,244.84375,244.84375,244.84375,237.8125,237.8125,244.84375,244.84375,244.84375,244.84375,244.84375,244.84375,244.84375,245.78125,244.84375,244.84375,244.84375,244.84375,244.84375,244.84375,244.84375,244.84375,244.84375,244.84375,244.84375,245.78125,249.375,244.84375,244.84375,244.84375,244.84375,244.84375,245.78125,241.875,244.84375,255.0,244.84375,244.84375,244.84375,245.78125,244.84375,244.84375,248.28125,237.8125,244.84375,237.8125,237.8125,237.8125,237.8125,237.8125,237.8125,237.8125,237.8125,244.84375,237.8125,237.8125,244.6875,237.8125,237.8125,237.8125,244.84375,237.8125
hDenV1/Colombia/SAN-BROAD-0000029/2007,0.0,0.0,0.0,0.0,0.0,0.0,0.0,0.0,0.0,0.0,0.0,12.65625,12.65625,12.65625,0.0,12.65625,0.0,0.0,0.0,0.0,0.0,0.0,0.0,3.59375,0.0,22.65625,0.0,3.59375,3.59375,0.0,0.0,0.0,0.0,0.0,20.625,3.59375,0.0,0.0,3.59375,12.96875,0.0,0.0,3.59375,0.0,0.0,0.0,0.0,0.0,0.0,0.0,0.0,0.0,0.0,0.0,0.0,0.0,0.0,0.0,0.0,0.0,0.0,0.0,0.0,0.0,0.0,0.0,0.0,0.0,0.0,0.0,0.0,0.0,0.0,0.0,0.0,0.0,0.0,0.0,0.0,4.53125,0.0,0.0,0.0,0.0,0.0,0.0,0.0,0.0,0.0,0.0,0.0,0.0,0.0,12.65625,0.0,12.65625,0.0,0.0,0.0,12.65625,0.0,0.0,0.0,0.0,3.28125,207.65625,206.25,206.25,206.25,224.53125,204.84375,191.5625,202.03125,206.25,206.25,206.25,206.25,206.25,206.25,206.25,206.25,206.25,206.25,206.25,206.25,206.25,206.25,206.25,206.25,206.25,206.25,206.25,206.25,206.25,206.25,206.25,206.25,206.25,206.25,206.25,206.25,206.25,206.25,206.25,206.25,206.25,206.25,206.25,206.25,206.25,206.25,206.25,206.25,206.25,206.25,206.25,206.25,206.25,206.25,207.5,206.25,206.25,206.25,206.25,206.25,206.25,206.25,206.25,206.25,206.25,206.25,206.25,206.25,206.25,206.25,206.25,206.25,206.25,206.25,206.25,206.25,206.25,206.25,206.25,206.25,206.25,206.25,206.25,206.25,206.25,206.25,393.4375,393.4375,394.53125,393.4375,407.8125,407.8125,420.3125,386.09375,370.15625,396.875,420.3125,407.34375,420.3125,420.3125,407.34375,407.34375,407.34375,420.3125,420.3125,420.3125,393.4375,407.34375,407.34375,420.3125,407.34375,393.4375,420.3125,416.25,420.3125,407.34375,420.3125,420.3125,407.34375,393.4375,393.4375,407.34375,407.34375,393.4375,393.4375,420.3125,414.0625,407.34375,420.3125,407.34375,407.34375,420.3125,407.34375,396.875,407.34375,407.34375,407.34375,420.3125,407.34375,407.34375,393.4375,393.4375,407.34375,407.34375,393.4375,407.34375,407.34375,393.4375,393.4375,407.34375,407.34375,393.4375,396.875,420.3125,407.34375,416.25,420.3125,420.3125,393.4375,407.34375,393.4375,396.875,416.25,420.3125,407.34375,407.34375,404.21875,392.8125,404.21875,404.21875,407.34375,420.3125,392.8125,404.21875,392.8125,396.875,392.8125,392.8125,404.21875,392.8125,392.8125,392.8125,392.8125,392.8125,392.8125,392.8125,413.59375,407.34375,244.375,244.84375,248.28125,237.8125,244.375,244.84375,244.84375,244.84375,244.84375,244.84375,244.84375,244.84375,244.84375,245.78125,252.96875,252.96875,252.96875,252.96875,252.96875,244.84375,244.84375,237.8125,252.96875,244.84375,244.84375,244.84375,244.84375,244.84375,244.84375,244.84375,244.84375,244.84375,244.84375,244.84375,244.84375,237.8125,237.8125,244.84375,244.84375,244.84375,244.84375,244.84375,244.84375,244.84375,245.78125,244.84375,244.84375,244.84375,244.84375,244.84375,244.84375,244.84375,244.84375,244.84375,244.84375,244.84375,245.78125,249.375,244.84375,244.84375,244.84375,244.84375,244.84375,245.78125,241.875,244.84375,255.0,244.84375,244.84375,244.84375,245.78125,244.84375,244.84375,248.28125,237.8125,244.84375,237.8125,237.8125,237.8125,237.8125,237.8125,237.8125,237.8125,237.8125,244.84375,237.8125,237.8125,244.6875,237.8125,237.8125,237.8125,244.84375,237.8125
hDenV1/Colombia/SAN-BROAD-0000032/2008,0.0,0.0,0.0,0.0,0.0,0.0,0.0,0.0,0.0,0.0,0.0,12.65625,12.65625,12.65625,0.0,12.65625,0.0,0.0,0.0,0.0,0.0,0.0,0.0,3.59375,0.0,22.65625,0.0,3.59375,3.59375,0.0,0.0,0.0,0.0,0.0,20.625,3.59375,0.0,0.0,3.59375,12.96875,0.0,0.0,3.59375,0.0,0.0,0.0,0.0,0.0,0.0,0.0,0.0,0.0,0.0,0.0,0.0,0.0,0.0,0.0,0.0,0.0,0.0,0.0,0.0,0.0,0.0,0.0,0.0,0.0,0.0,0.0,0.0,0.0,0.0,0.0,0.0,0.0,0.0,0.0,0.0,4.53125,0.0,0.0,0.0,0.0,0.0,0.0,0.0,0.0,0.0,0.0,0.0,0.0,0.0,12.65625,0.0,12.65625,0.0,0.0,0.0,12.65625,0.0,0.0,0.0,0.0,3.28125,207.65625,206.25,206.25,206.25,224.53125,204.84375,191.5625,202.03125,206.25,206.25,206.25,206.25,206.25,206.25,206.25,206.25,206.25,206.25,206.25,206.25,206.25,206.25,206.25,206.25,206.25,206.25,206.25,206.25,206.25,206.25,206.25,206.25,206.25,206.25,206.25,206.25,206.25,206.25,206.25,206.25,206.25,206.25,206.25,206.25,206.25,206.25,206.25,206.25,206.25,206.25,206.25,206.25,206.25,206.25,207.5,206.25,206.25,206.25,206.25,206.25,206.25,206.25,206.25,206.25,206.25,206.25,206.25,206.25,206.25,206.25,206.25,206.25,206.25,206.25,206.25,206.25,206.25,206.25,206.25,206.25,206.25,206.25,206.25,206.25,206.25,206.25,393.4375,393.4375,394.53125,393.4375,407.8125,407.8125,420.3125,386.09375,370.15625,396.875,420.3125,407.34375,420.3125,420.3125,407.34375,407.34375,407.34375,420.3125,420.3125,420.3125,393.4375,407.34375,407.34375,420.3125,407.34375,393.4375,420.3125,416.25,420.3125,407.34375,420.3125,420.3125,407.34375,393.4375,393.4375,407.34375,407.34375,393.4375,393.4375,420.3125,414.0625,407.34375,420.3125,407.34375,407.34375,420.3125,407.34375,396.875,407.34375,407.34375,407.34375,420.3125,407.34375,407.34375,393.4375,393.4375,407.34375,407.34375,393.4375,407.34375,407.34375,393.4375,393.4375,407.34375,407.34375,393.4375,396.875,420.3125,407.34375,416.25,420.3125,420.3125,393.4375,407.34375,393.4375,396.875,416.25,420.3125,407.34375,407.34375,404.21875,392.8125,404.21875,404.21875,407.34375,420.3125,392.8125,404.21875,392.8125,396.875,392.8125,392.8125,404.21875,392.8125,392.8125,392.8125,392.8125,392.8125,392.8125,392.8125,413.59375,407.34375,244.375,244.84375,248.28125,237.8125,244.375,244.84375,244.84375,244.84375,244.84375,244.84375,244.84375,244.84375,244.84375,245.78125,252.96875,252.96875,252.96875,252.96875,252.96875,244.84375,244.84375,237.8125,252.96875,244.84375,244.84375,244.84375,244.84375,244.84375,244.84375,244.84375,244.84375,244.84375,244.84375,244.84375,244.84375,237.8125,237.8125,244.84375,244.84375,244.84375,244.84375,244.84375,244.84375,244.84375,245.78125,244.84375,244.84375,244.84375,244.84375,244.84375,244.84375,244.84375,244.84375,244.84375,244.84375,244.84375,245.78125,249.375,244.84375,244.84375,244.84375,244.84375,244.84375,245.78125,241.875,244.84375,255.0,244.84375,244.84375,244.84375,245.78125,244.84375,244.84375,248.28125,237.8125,244.84375,237.8125,237.8125,237.8125,237.8125,237.8125,237.8125,237.8125,237.8125,244.84375,237.8125,237.8125,244.6875,237.8125,237.8125,237.8125,244.84375,237.8125
hDenV1/Colombia/SAN-BROAD-0000036/2007,0.0,0.0,0.0,0.0,0.0,0.0,0.0,0.0,0.0,0.0,0.0,12.65625,12.65625,12.65625,0.0,12.65625,0.0,0.0,0.0,0.0,0.0,0.0,0.0,3.59375,0.0,22.65625,0.0,3.59375,3.59375,0.0,0.0,0.0,0.0,0.0,20.625,3.59375,0.0,0.0,3.59375,12.96875,0.0,0.0,3.59375,0.0,0.0,0.0,0.0,0.0,0.0,0.0,0.0,0.0,0.0,0.0,0.0,0.0,0.0,0.0,0.0,0.0,0.0,0.0,0.0,0.0,0.0,0.0,0.0,0.0,0.0,0.0,0.0,0.0,0.0,0.0,0.0,0.0,0.0,0.0,0.0,4.53125,0.0,0.0,0.0,0.0,0.0,0.0,0.0,0.0,0.0,0.0,0.0,0.0,0.0,12.65625,0.0,12.65625,0.0,0.0,0.0,12.65625,0.0,0.0,0.0,0.0,3.28125,207.65625,206.25,206.25,206.25,224.53125,204.84375,191.5625,202.03125,206.25,206.25,206.25,206.25,206.25,206.25,206.25,206.25,206.25,206.25,206.25,206.25,206.25,206.25,206.25,206.25,206.25,206.25,206.25,206.25,206.25,206.25,206.25,206.25,206.25,206.25,206.25,206.25,206.25,206.25,206.25,206.25,206.25,206.25,206.25,206.25,206.25,206.25,206.25,206.25,206.25,206.25,206.25,206.25,206.25,206.25,207.5,206.25,206.25,206.25,206.25,206.25,206.25,206.25,206.25,206.25,206.25,206.25,206.25,206.25,206.25,206.25,206.25,206.25,206.25,206.25,206.25,206.25,206.25,206.25,206.25,206.25,206.25,206.25,206.25,206.25,206.25,206.25,393.4375,393.4375,394.53125,393.4375,407.8125,407.8125,420.3125,386.09375,370.15625,396.875,420.3125,407.34375,420.3125,420.3125,407.34375,407.34375,407.34375,420.3125,420.3125,420.3125,393.4375,407.34375,407.34375,420.3125,407.34375,393.4375,420.3125,416.25,420.3125,407.34375,420.3125,420.3125,407.34375,393.4375,393.4375,407.34375,407.34375,393.4375,393.4375,420.3125,414.0625,407.34375,420.3125,407.34375,407.34375,420.3125,407.34375,396.875,407.34375,407.34375,407.34375,420.3125,407.34375,407.34375,393.4375,393.4375,407.34375,407.34375,393.4375,407.34375,407.34375,393.4375,393.4375,407.34375,407.34375,393.4375,396.875,420.3125,407.34375,416.25,420.3125,420.3125,393.4375,407.34375,393.4375,396.875,416.25,420.3125,407.34375,407.34375,404.21875,392.8125,404.21875,404.21875,407.34375,420.3125,392.8125,404.21875,392.8125,396.875,392.8125,392.8125,404.21875,392.8125,392.8125,392.8125,392.8125,392.8125,392.8125,392.8125,413.59375,407.34375,244.375,244.84375,248.28125,237.8125,244.375,244.84375,244.84375,244.84375,244.84375,244.84375,244.84375,244.84375,244.84375,245.78125,252.96875,252.96875,252.96875,252.96875,252.96875,244.84375,244.84375,237.8125,252.96875,244.84375,244.84375,244.84375,244.84375,244.84375,244.84375,244.84375,244.84375,244.84375,244.84375,244.84375,244.84375,237.8125,237.8125,244.84375,244.84375,244.84375,244.84375,244.84375,244.84375,244.84375,245.78125,244.84375,244.84375,244.84375,244.84375,244.84375,244.84375,244.84375,244.84375,244.84375,244.84375,244.84375,245.78125,249.375,244.84375,244.84375,244.84375,244.84375,244.84375,245.78125,241.875,244.84375,255.0,244.84375,244.84375,244.84375,245.78125,244.84375,244.84375,248.28125,237.8125,244.84375,237.8125,237.8125,237.8125,237.8125,237.8125,237.8125,237.8125,237.8125,244.84375,237.8125,237.8125,244.6875,237.8125,237.8125,237.8125,244.84375,237.8125
hDenV1/Colombia/SAN-BROAD-0000037/2005,12.96875,12.96875,12.96875,12.96875,12.96875,12.96875,12.96875,12.96875,12.96875,12.96875,12.96875,25.625,25.625,25.625,12.96875,25.625,12.96875,12.96875,12.96875,12.96875,12.96875,12.96875,12.96875,16.5625,12.96875,35.625,12.96875,16.5625,16.5625,12.96875,12.96875,12.96875,12.96875,12.96875,33.59375,16.5625,12.96875,12.96875,16.5625,0.0,12.96875,12.96875,16.5625,12.96875,12.96875,12.96875,12.96875,12.96875,12.96875,12.96875,12.96875,12.96875,12.96875,12.96875,12.96875,12.96875,12.96875,12.96875,12.96875,12.96875,12.96875,12.96875,12.96875,12.96875,12.96875,12.96875,12.96875,12.96875,12.96875,12.96875,12.96875,12.96875,12.96875,12.96875,12.96875,12.96875,12.96875,12.96875,12.96875,17.5,12.96875,12.96875,12.96875,12.96875,12.96875,12.96875,12.96875,12.96875,12.96875,12.96875,12.96875,12.96875,12.96875,25.625,12.96875,25.625,12.96875,12.96875,12.96875,25.625,12.96875,12.96875,12.96875,12.96875,16.25,202.5,201.09375,201.09375,201.09375,219.375,199.6875,186.40625,196.875,201.09375,201.09375,201.09375,201.09375,201.09375,201.09375,201.09375,201.09375,201.09375,201.09375,201.09375,201.09375,201.09375,201.09375,201.09375,201.09375,201.09375,201.09375,201.09375,201.09375,201.09375,201.09375,201.09375,201.09375,201.09375,201.09375,201.09375,201.09375,201.09375,201.09375,201.09375,201.09375,201.09375,201.09375,201.09375,201.09375,201.09375,201.09375,201.09375,201.09375,201.09375,201.09375,201.09375,201.09375,201.09375,201.09375,202.34375,201.09375,201.09375,201.09375,201.09375,201.09375,201.09375,201.09375,201.09375,201.09375,201.09375,201.09375,201.09375,201.09375,201.09375,201.09375,201.09375,201.09375,201.09375,201.09375,201.09375,201.09375,201.09375,201.09375,201.09375,201.09375,201.09375,201.09375,201.09375,201.09375,201.09375,201.09375,406.40625,406.40625,407.5,406.40625,394.84375,394.84375,407.34375,399.0625,357.1875,409.84375,407.34375,420.3125,407.34375,407.34375,420.3125,420.3125,420.3125,407.34375,407.34375,407.34375,406.40625,420.3125,420.3125,407.34375,420.3125,406.40625,407.34375,403.28125,407.34375,420.3125,407.34375,407.34375,420.3125,406.40625,406.40625,420.3125,420.3125,406.40625,406.40625,407.34375,401.09375,420.3125,407.34375,420.3125,420.3125,407.34375,420.3125,409.84375,420.3125,420.3125,420.3125,407.34375,420.3125,420.3125,406.40625,406.40625,420.3125,420.3125,406.40625,420.3125,420.3125,406.40625,406.40625,420.3125,420.3125,406.40625,409.84375,407.34375,420.3125,403.28125,407.34375,407.34375,406.40625,420.3125,406.40625,409.84375,403.28125,407.34375,420.3125,420.3125,417.1875,405.78125,417.1875,417.1875,420.3125,407.34375,405.78125,417.1875,405.78125,409.84375,405.78125,405.78125,417.1875,405.78125,405.78125,405.78125,405.78125,405.78125,405.78125,405.78125,426.5625,420.3125,253.90625,254.375,252.8125,247.34375,253.90625,254.375,254.375,254.375,254.375,254.375,254.375,254.375,254.375,255.3125,262.5,262.5,262.5,262.5,262.5,254.375,254.375,247.34375,262.5,254.375,254.375,254.375,254.375,254.375,254.375,254.375,254.375,254.375,254.375,254.375,254.375,247.34375,247.34375,254.375,254.375,254.375,254.375,254.375,254.375,254.375,255.3125,254.375,254.375,254.375,254.375,254.375,254.375,254.375,254.375,254.375,254.375,254.375,255.3125,258.90625,254.375,254.375,254.375,254.375,254.375,255.3125,251.40625,254.375,247.96875,254.375,254.375,254.375,255.3125,254.375,254.375,252.8125,247.34375,254.375,247.34375,247.34375,247.34375,247.34375,247.34375,247.34375,247.34375,247.34375,254.375,247.34375,247.34375,254.21875,247.34375,247.34375,247.34375,254.375,247.34375
hDenV1/Colombia/SAN-BROAD-0000046/2007,0.0,0.0,0.0,0.0,0.0,0.0,0.0,0.0,0.0,0.0,0.0,12.65625,12.65625,12.65625,0.0,12.65625,0.0,0.0,0.0,0.0,0.0,0.0,0.0,3.59375,0.0,22.65625,0.0,3.59375,3.59375,0.0,0.0,0.0,0.0,0.0,20.625,3.59375,0.0,0.0,3.59375,12.96875,0.0,0.0,3.59375,0.0,0.0,0.0,0.0,0.0,0.0,0.0,0.0,0.0,0.0,0.0,0.0,0.0,0.0,0.0,0.0,0.0,0.0,0.0,0.0,0.0,0.0,0.0,0.0,0.0,0.0,0.0,0.0,0.0,0.0,0.0,0.0,0.0,0.0,0.0,0.0,4.53125,0.0,0.0,0.0,0.0,0.0,0.0,0.0,0.0,0.0,0.0,0.0,0.0,0.0,12.65625,0.0,12.65625,0.0,0.0,0.0,12.65625,0.0,0.0,0.0,0.0,3.28125,207.65625,206.25,206.25,206.25,224.53125,204.84375,191.5625,202.03125,206.25,206.25,206.25,206.25,206.25,206.25,206.25,206.25,206.25,206.25,206.25,206.25,206.25,206.25,206.25,206.25,206.25,206.25,206.25,206.25,206.25,206.25,206.25,206.25,206.25,206.25,206.25,206.25,206.25,206.25,206.25,206.25,206.25,206.25,206.25,206.25,206.25,206.25,206.25,206.25,206.25,206.25,206.25,206.25,206.25,206.25,207.5,206.25,206.25,206.25,206.25,206.25,206.25,206.25,206.25,206.25,206.25,206.25,206.25,206.25,206.25,206.25,206.25,206.25,206.25,206.25,206.25,206.25,206.25,206.25,206.25,206.25,206.25,206.25,206.25,206.25,206.25,206.25,393.4375,393.4375,394.53125,393.4375,407.8125,407.8125,420.3125,386.09375,370.15625,396.875,420.3125,407.34375,420.3125,420.3125,407.34375,407.34375,407.34375,420.3125,420.3125,420.3125,393.4375,407.34375,407.34375,420.3125,407.34375,393.4375,420.3125,416.25,420.3125,407.34375,420.3125,420.3125,407.34375,393.4375,393.4375,407.34375,407.34375,393.4375,393.4375,420.3125,414.0625,407.34375,420.3125,407.34375,407.34375,420.3125,407.34375,396.875,407.34375,407.34375,407.34375,420.3125,407.34375,407.34375,393.4375,393.4375,407.34375,407.34375,393.4375,407.34375,407.34375,393.4375,393.4375,407.34375,407.34375,393.4375,396.875,420.3125,407.34375,416.25,420.3125,420.3125,393.4375,407.34375,393.4375,396.875,416.25,420.3125,407.34375,407.34375,404.21875,392.8125,404.21875,404.21875,407.34375,420.3125,392.8125,404.21875,392.8125,396.875,392.8125,392.8125,404.21875,392.8125,392.8125,392.8125,392.8125,392.8125,392.8125,392.8125,413.59375,407.34375,244.375,244.84375,248.28125,237.8125,244.375,244.84375,244.84375,244.84375,244.84375,244.84375,244.84375,244.84375,244.84375,245.78125,252.96875,252.96875,252.96875,252.96875,252.96875,244.84375,244.84375,237.8125,252.96875,244.84375,244.84375,244.84375,244.84375,244.84375,244.84375,244.84375,244.84375,244.84375,244.84375,244.84375,244.84375,237.8125,237.8125,244.84375,244.84375,244.84375,244.84375,244.84375,244.84375,244.84375,245.78125,244.84375,244.84375,244.84375,244.84375,244.84375,244.84375,244.84375,244.84375,244.84375,244.84375,244.84375,245.78125,249.375,244.84375,244.84375,244.84375,244.84375,244.84375,245.78125,241.875,244.84375,255.0,244.84375,244.84375,244.84375,245.78125,244.84375,244.84375,248.28125,237.8125,244.84375,237.8125,237.8125,237.8125,237.8125,237.8125,237.8125,237.8125,237.8125,244.84375,237.8125,237.8125,244.6875,237.8125,237.8125,237.8125,244.84375,237.8125
hDenV1/Colombia/SAN-BROAD-0000053/2007,0.0,0.0,0.0,0.0,0.0,0.0,0.0,0.0,0.0,0.0,0.0,12.65625,12.65625,12.65625,0.0,12.65625,0.0,0.0,0.0,0.0,0.0,0.0,0.0,3.59375,0.0,22.65625,0.0,3.59375,3.59375,0.0,0.0,0.0,0.0,0.0,20.625,3.59375,0.0,0.0,3.59375,12.96875,0.0,0.0,3.59375,0.0,0.0,0.0,0.0,0.0,0.0,0.0,0.0,0.0,0.0,0.0,0.0,0.0,0.0,0.0,0.0,0.0,0.0,0.0,0.0,0.0,0.0,0.0,0.0,0.0,0.0,0.0,0.0,0.0,0.0,0.0,0.0,0.0,0.0,0.0,0.0,4.53125,0.0,0.0,0.0,0.0,0.0,0.0,0.0,0.0,0.0,0.0,0.0,0.0,0.0,12.65625,0.0,12.65625,0.0,0.0,0.0,12.65625,0.0,0.0,0.0,0.0,3.28125,207.65625,206.25,206.25,206.25,224.53125,204.84375,191.5625,202.03125,206.25,206.25,206.25,206.25,206.25,206.25,206.25,206.25,206.25,206.25,206.25,206.25,206.25,206.25,206.25,206.25,206.25,206.25,206.25,206.25,206.25,206.25,206.25,206.25,206.25,206.25,206.25,206.25,206.25,206.25,206.25,206.25,206.25,206.25,206.25,206.25,206.25,206.25,206.25,206.25,206.25,206.25,206.25,206.25,206.25,206.25,207.5,206.25,206.25,206.25,206.25,206.25,206.25,206.25,206.25,206.25,206.25,206.25,206.25,206.25,206.25,206.25,206.25,206.25,206.25,206.25,206.25,206.25,206.25,206.25,206.25,206.25,206.25,206.25,206.25,206.25,206.25,206.25,393.4375,393.4375,394.53125,393.4375,407.8125,407.8125,420.3125,386.09375,370.15625,396.875,420.3125,407.34375,420.3125,420.3125,407.34375,407.34375,407.34375,420.3125,420.3125,420.3125,393.4375,407.34375,407.34375,420.3125,407.34375,393.4375,420.3125,416.25,420.3125,407.34375,420.3125,420.3125,407.34375,393.4375,393.4375,407.34375,407.34375,393.4375,393.4375,420.3125,414.0625,407.34375,420.3125,407.34375,407.34375,420.3125,407.34375,396.875,407.34375,407.34375,407.34375,420.3125,407.34375,407.34375,393.4375,393.4375,407.34375,407.34375,393.4375,407.34375,407.34375,393.4375,393.4375,407.34375,407.34375,393.4375,396.875,420.3125,407.34375,416.25,420.3125,420.3125,393.4375,407.34375,393.4375,396.875,416.25,420.3125,407.34375,407.34375,404.21875,392.8125,404.21875,404.21875,407.34375,420.3125,392.8125,404.21875,392.8125,396.875,392.8125,392.8125,404.21875,392.8125,392.8125,392.8125,392.8125,392.8125,392.8125,392.8125,413.59375,407.34375,244.375,244.84375,248.28125,237.8125,244.375,244.84375,244.84375,244.84375,244.84375,244.84375,244.84375,244.84375,244.84375,245.78125,252.96875,252.96875,252.96875,252.96875,252.96875,244.84375,244.84375,237.8125,252.96875,244.84375,244.84375,244.84375,244.84375,244.84375,244.84375,244.84375,244.84375,244.84375,244.84375,244.84375,244.84375,237.8125,237.8125,244.84375,244.84375,244.84375,244.84375,244.84375,244.84375,244.84375,245.78125,244.84375,244.84375,244.84375,244.84375,244.84375,244.84375,244.84375,244.84375,244.84375,244.84375,244.84375,245.78125,249.375,244.84375,244.84375,244.84375,244.84375,244.84375,245.78125,241.875,244.84375,255.0,244.84375,244.84375,244.84375,245.78125,244.84375,244.84375,248.28125,237.8125,244.84375,237.8125,237.8125,237.8125,237.8125,237.8125,237.8125,237.8125,237.8125,244.84375,237.8125,237.8125,244.6875,237.8125,237.8125,237.8125,244.84375,237.8125
hDenV1/Colombia/SAN-BROAD-0000058/2001,0.0,0.0,0.0,0.0,0.0,0.0,0.0,0.0,0.0,0.0,0.0,12.65625,12.65625,12.65625,0.0,12.65625,0.0,0.0,0.0,0.0,0.0,0.0,0.0,3.59375,0.0,22.65625,0.0,3.59375,3.59375,0.0,0.0,0.0,0.0,0.0,20.625,3.59375,0.0,0.0,3.59375,12.96875,0.0,0.0,3.59375,0.0,0.0,0.0,0.0,0.0,0.0,0.0,0.0,0.0,0.0,0.0,0.0,0.0,0.0,0.0,0.0,0.0,0.0,0.0,0.0,0.0,0.0,0.0,0.0,0.0,0.0,0.0,0.0,0.0,0.0,0.0,0.0,0.0,0.0,0.0,0.0,4.53125,0.0,0.0,0.0,0.0,0.0,0.0,0.0,0.0,0.0,0.0,0.0,0.0,0.0,12.65625,0.0,12.65625,0.0,0.0,0.0,12.65625,0.0,0.0,0.0,0.0,3.28125,207.65625,206.25,206.25,206.25,224.53125,204.84375,191.5625,202.03125,206.25,206.25,206.25,206.25,206.25,206.25,206.25,206.25,206.25,206.25,206.25,206.25,206.25,206.25,206.25,206.25,206.25,206.25,206.25,206.25,206.25,206.25,206.25,206.25,206.25,206.25,206.25,206.25,206.25,206.25,206.25,206.25,206.25,206.25,206.25,206.25,206.25,206.25,206.25,206.25,206.25,206.25,206.25,206.25,206.25,206.25,207.5,206.25,206.25,206.25,206.25,206.25,206.25,206.25,206.25,206.25,206.25,206.25,206.25,206.25,206.25,206.25,206.25,206.25,206.25,206.25,206.25,206.25,206.25,206.25,206.25,206.25,206.25,206.25,206.25,206.25,206.25,206.25,393.4375,393.4375,394.53125,393.4375,407.8125,407.8125,420.3125,386.09375,370.15625,396.875,420.3125,407.34375,420.3125,420.3125,407.34375,407.34375,407.34375,420.3125,420.3125,420.3125,393.4375,407.34375,407.34375,420.3125,407.34375,393.4375,420.3125,416.25,420.3125,407.34375,420.3125,420.3125,407.34375,393.4375,393.4375,407.34375,407.34375,393.4375,393.4375,420.3125,414.0625,407.34375,420.3125,407.34375,407.34375,420.3125,407.34375,396.875,407.34375,407.34375,407.34375,420.3125,407.34375,407.34375,393.4375,393.4375,407.34375,407.34375,393.4375,407.34375,407.34375,393.4375,393.4375,407.34375,407.34375,393.4375,396.875,420.3125,407.34375,416.25,420.3125,420.3125,393.4375,407.34375,393.4375,396.875,416.25,420.3125,407.34375,407.34375,404.21875,392.8125,404.21875,404.21875,407.34375,420.3125,392.8125,404.21875,392.8125,396.875,392.8125,392.8125,404.21875,392.8125,392.8125,392.8125,392.8125,392.8125,392.8125,392.8125,413.59375,407.34375,244.375,244.84375,248.28125,237.8125,244.375,244.84375,244.84375,244.84375,244.84375,244.84375,244.84375,244.84375,244.84375,245.78125,252.96875,252.96875,252.96875,252.96875,252.96875,244.84375,244.84375,237.8125,252.96875,244.84375,244.84375,244.84375,244.84375,244.84375,244.84375,244.84375,244.84375,244.84375,244.84375,244.84375,244.84375,237.8125,237.8125,244.84375,244.84375,244.84375,244.84375,244.84375,244.84375,244.84375,245.78125,244.84375,244.84375,244.84375,244.84375,244.84375,244.84375,244.84375,244.84375,244.84375,244.84375,244.84375,245.78125,249.375,244.84375,244.84375,244.84375,244.84375,244.84375,245.78125,241.875,244.84375,255.0,244.84375,244.84375,244.84375,245.78125,244.84375,244.84375,248.28125,237.8125,244.84375,237.8125,237.8125,237.8125,237.8125,237.8125,237.8125,237.8125,237.8125,244.84375,237.8125,237.8125,244.6875,237.8125,237.8125,237.8125,244.84375,237.8125
hDenV1/Colombia/SAN-UIS-0000005/2015,0.0,0.0,0.0,0.0,0.0,0.0,0.0,0.0,0.0,0.0,0.0,12.65625,12.65625,12.65625,0.0,12.65625,0.0,0.0,0.0,0.0,0.0,0.0,0.0,3.59375,0.0,22.65625,0.0,3.59375,3.59375,0.0,0.0,0.0,0.0,0.0,20.625,3.59375,0.0,0.0,3.59375,12.96875,0.0,0.0,3.59375,0.0,0.0,0.0,0.0,0.0,0.0,0.0,0.0,0.0,0.0,0.0,0.0,0.0,0.0,0.0,0.0,0.0,0.0,0.0,0.0,0.0,0.0,0.0,0.0,0.0,0.0,0.0,0.0,0.0,0.0,0.0,0.0,0.0,0.0,0.0,0.0,4.53125,0.0,0.0,0.0,0.0,0.0,0.0,0.0,0.0,0.0,0.0,0.0,0.0,0.0,12.65625,0.0,12.65625,0.0,0.0,0.0,12.65625,0.0,0.0,0.0,0.0,3.28125,207.65625,206.25,206.25,206.25,224.53125,204.84375,191.5625,202.03125,206.25,206.25,206.25,206.25,206.25,206.25,206.25,206.25,206.25,206.25,206.25,206.25,206.25,206.25,206.25,206.25,206.25,206.25,206.25,206.25,206.25,206.25,206.25,206.25,206.25,206.25,206.25,206.25,206.25,206.25,206.25,206.25,206.25,206.25,206.25,206.25,206.25,206.25,206.25,206.25,206.25,206.25,206.25,206.25,206.25,206.25,207.5,206.25,206.25,206.25,206.25,206.25,206.25,206.25,206.25,206.25,206.25,206.25,206.25,206.25,206.25,206.25,206.25,206.25,206.25,206.25,206.25,206.25,206.25,206.25,206.25,206.25,206.25,206.25,206.25,206.25,206.25,206.25,393.4375,393.4375,394.53125,393.4375,407.8125,407.8125,420.3125,386.09375,370.15625,396.875,420.3125,407.34375,420.3125,420.3125,407.34375,407.34375,407.34375,420.3125,420.3125,420.3125,393.4375,407.34375,407.34375,420.3125,407.34375,393.4375,420.3125,416.25,420.3125,407.34375,420.3125,420.3125,407.34375,393.4375,393.4375,407.34375,407.34375,393.4375,393.4375,420.3125,414.0625,407.34375,420.3125,407.34375,407.34375,420.3125,407.34375,396.875,407.34375,407.34375,407.34375,420.3125,407.34375,407.34375,393.4375,393.4375,407.34375,407.34375,393.4375,407.34375,407.34375,393.4375,393.4375,407.34375,407.34375,393.4375,396.875,420.3125,407.34375,416.25,420.3125,420.3125,393.4375,407.34375,393.4375,396.875,416.25,420.3125,407.34375,407.34375,404.21875,392.8125,404.21875,404.21875,407.34375,420.3125,392.8125,404.21875,392.8125,396.875,392.8125,392.8125,404.21875,392.8125,392.8125,392.8125,392.8125,392.8125,392.8125,392.8125,413.59375,407.34375,244.375,244.84375,248.28125,237.8125,244.375,244.84375,244.84375,244.84375,244.84375,244.84375,244.84375,244.84375,244.84375,245.78125,252.96875,252.96875,252.96875,252.96875,252.96875,244.84375,244.84375,237.8125,252.96875,244.84375,244.84375,244.84375,244.84375,244.84375,244.84375,244.84375,244.84375,244.84375,244.84375,244.84375,244.84375,237.8125,237.8125,244.84375,244.84375,244.84375,244.84375,244.84375,244.84375,244.84375,245.78125,244.84375,244.84375,244.84375,244.84375,244.84375,244.84375,244.84375,244.84375,244.84375,244.84375,244.84375,245.78125,249.375,244.84375,244.84375,244.84375,244.84375,244.84375,245.78125,241.875,244.84375,255.0,244.84375,244.84375,244.84375,245.78125,244.84375,244.84375,248.28125,237.8125,244.84375,237.8125,237.8125,237.8125,237.8125,237.8125,237.8125,237.8125,237.8125,244.84375,237.8125,237.8125,244.6875,237.8125,237.8125,237.8125,244.84375,237.8125
hDenV1/Colombia/SAN-UIS-0000007/2015,0.0,0.0,0.0,0.0,0.0,0.0,0.0,0.0,0.0,0.0,0.0,12.65625,12.65625,12.65625,0.0,12.65625,0.0,0.0,0.0,0.0,0.0,0.0,0.0,3.59375,0.0,22.65625,0.0,3.59375,3.59375,0.0,0.0,0.0,0.0,0.0,20.625,3.59375,0.0,0.0,3.59375,12.96875,0.0,0.0,3.59375,0.0,0.0,0.0,0.0,0.0,0.0,0.0,0.0,0.0,0.0,0.0,0.0,0.0,0.0,0.0,0.0,0.0,0.0,0.0,0.0,0.0,0.0,0.0,0.0,0.0,0.0,0.0,0.0,0.0,0.0,0.0,0.0,0.0,0.0,0.0,0.0,4.53125,0.0,0.0,0.0,0.0,0.0,0.0,0.0,0.0,0.0,0.0,0.0,0.0,0.0,12.65625,0.0,12.65625,0.0,0.0,0.0,12.65625,0.0,0.0,0.0,0.0,3.28125,207.65625,206.25,206.25,206.25,224.53125,204.84375,191.5625,202.03125,206.25,206.25,206.25,206.25,206.25,206.25,206.25,206.25,206.25,206.25,206.25,206.25,206.25,206.25,206.25,206.25,206.25,206.25,206.25,206.25,206.25,206.25,206.25,206.25,206.25,206.25,206.25,206.25,206.25,206.25,206.25,206.25,206.25,206.25,206.25,206.25,206.25,206.25,206.25,206.25,206.25,206.25,206.25,206.25,206.25,206.25,207.5,206.25,206.25,206.25,206.25,206.25,206.25,206.25,206.25,206.25,206.25,206.25,206.25,206.25,206.25,206.25,206.25,206.25,206.25,206.25,206.25,206.25,206.25,206.25,206.25,206.25,206.25,206.25,206.25,206.25,206.25,206.25,393.4375,393.4375,394.53125,393.4375,407.8125,407.8125,420.3125,386.09375,370.15625,396.875,420.3125,407.34375,420.3125,420.3125,407.34375,407.34375,407.34375,420.3125,420.3125,420.3125,393.4375,407.34375,407.34375,420.3125,407.34375,393.4375,420.3125,416.25,420.3125,407.34375,420.3125,420.3125,407.34375,393.4375,393.4375,407.34375,407.34375,393.4375,393.4375,420.3125,414.0625,407.34375,420.3125,407.34375,407.34375,420.3125,407.34375,396.875,407.34375,407.34375,407.34375,420.3125,407.34375,407.34375,393.4375,393.4375,407.34375,407.34375,393.4375,407.34375,407.34375,393.4375,393.4375,407.34375,407.34375,393.4375,396.875,420.3125,407.34375,416.25,420.3125,420.3125,393.4375,407.34375,393.4375,396.875,416.25,420.3125,407.34375,407.34375,404.21875,392.8125,404.21875,404.21875,407.34375,420.3125,392.8125,404.21875,392.8125,396.875,392.8125,392.8125,404.21875,392.8125,392.8125,392.8125,392.8125,392.8125,392.8125,392.8125,413.59375,407.34375,244.375,244.84375,248.28125,237.8125,244.375,244.84375,244.84375,244.84375,244.84375,244.84375,244.84375,244.84375,244.84375,245.78125,252.96875,252.96875,252.96875,252.96875,252.96875,244.84375,244.84375,237.8125,252.96875,244.84375,244.84375,244.84375,244.84375,244.84375,244.84375,244.84375,244.84375,244.84375,244.84375,244.84375,244.84375,237.8125,237.8125,244.84375,244.84375,244.84375,244.84375,244.84375,244.84375,244.84375,245.78125,244.84375,244.84375,244.84375,244.84375,244.84375,244.84375,244.84375,244.84375,244.84375,244.84375,244.84375,245.78125,249.375,244.84375,244.84375,244.84375,244.84375,244.84375,245.78125,241.875,244.84375,255.0,244.84375,244.84375,244.84375,245.78125,244.84375,244.84375,248.28125,237.8125,244.84375,237.8125,237.8125,237.8125,237.8125,237.8125,237.8125,237.8125,237.8125,244.84375,237.8125,237.8125,244.6875,237.8125,237.8125,237.8125,244.84375,237.8125
hDenV1/Colombia/SAN-UIS-0000008/2014,0.0,0.0,0.0,0.0,0.0,0.0,0.0,0.0,0.0,0.0,0.0,12.65625,12.65625,12.65625,0.0,12.65625,0.0,0.0,0.0,0.0,0.0,0.0,0.0,3.59375,0.0,22.65625,0.0,3.59375,3.59375,0.0,0.0,0.0,0.0,0.0,20.625,3.59375,0.0,0.0,3.59375,12.96875,0.0,0.0,3.59375,0.0,0.0,0.0,0.0,0.0,0.0,0.0,0.0,0.0,0.0,0.0,0.0,0.0,0.0,0.0,0.0,0.0,0.0,0.0,0.0,0.0,0.0,0.0,0.0,0.0,0.0,0.0,0.0,0.0,0.0,0.0,0.0,0.0,0.0,0.0,0.0,4.53125,0.0,0.0,0.0,0.0,0.0,0.0,0.0,0.0,0.0,0.0,0.0,0.0,0.0,12.65625,0.0,12.65625,0.0,0.0,0.0,12.65625,0.0,0.0,0.0,0.0,3.28125,207.65625,206.25,206.25,206.25,224.53125,204.84375,191.5625,202.03125,206.25,206.25,206.25,206.25,206.25,206.25,206.25,206.25,206.25,206.25,206.25,206.25,206.25,206.25,206.25,206.25,206.25,206.25,206.25,206.25,206.25,206.25,206.25,206.25,206.25,206.25,206.25,206.25,206.25,206.25,206.25,206.25,206.25,206.25,206.25,206.25,206.25,206.25,206.25,206.25,206.25,206.25,206.25,206.25,206.25,206.25,207.5,206.25,206.25,206.25,206.25,206.25,206.25,206.25,206.25,206.25,206.25,206.25,206.25,206.25,206.25,206.25,206.25,206.25,206.25,206.25,206.25,206.25,206.25,206.25,206.25,206.25,206.25,206.25,206.25,206.25,206.25,206.25,393.4375,393.4375,394.53125,393.4375,407.8125,407.8125,420.3125,386.09375,370.15625,396.875,420.3125,407.34375,420.3125,420.3125,407.34375,407.34375,407.34375,420.3125,420.3125,420.3125,393.4375,407.34375,407.34375,420.3125,407.34375,393.4375,420.3125,416.25,420.3125,407.34375,420.3125,420.3125,407.34375,393.4375,393.4375,407.34375,407.34375,393.4375,393.4375,420.3125,414.0625,407.34375,420.3125,407.34375,407.34375,420.3125,407.34375,396.875,407.34375,407.34375,407.34375,420.3125,407.34375,407.34375,393.4375,393.4375,407.34375,407.34375,393.4375,407.34375,407.34375,393.4375,393.4375,407.34375,407.34375,393.4375,396.875,420.3125,407.34375,416.25,420.3125,420.3125,393.4375,407.34375,393.4375,396.875,416.25,420.3125,407.34375,407.34375,404.21875,392.8125,404.21875,404.21875,407.34375,420.3125,392.8125,404.21875,392.8125,396.875,392.8125,392.8125,404.21875,392.8125,392.8125,392.8125,392.8125,392.8125,392.8125,392.8125,413.59375,407.34375,244.375,244.84375,248.28125,237.8125,244.375,244.84375,244.84375,244.84375,244.84375,244.84375,244.84375,244.84375,244.84375,245.78125,252.96875,252.96875,252.96875,252.96875,252.96875,244.84375,244.84375,237.8125,252.96875,244.84375,244.84375,244.84375,244.84375,244.84375,244.84375,244.84375,244.84375,244.84375,244.84375,244.84375,244.84375,237.8125,237.8125,244.84375,244.84375,244.84375,244.84375,244.84375,244.84375,244.84375,245.78125,244.84375,244.84375,244.84375,244.84375,244.84375,244.84375,244.84375,244.84375,244.84375,244.84375,244.84375,245.78125,249.375,244.84375,244.84375,244.84375,244.84375,244.84375,245.78125,241.875,244.84375,255.0,244.84375,244.84375,244.84375,245.78125,244.84375,244.84375,248.28125,237.8125,244.84375,237.8125,237.8125,237.8125,237.8125,237.8125,237.8125,237.8125,237.8125,244.84375,237.8125,237.8125,244.6875,237.8125,237.8125,237.8125,244.84375,237.8125
hDenV1/Colombia/SAN-UIS-0000009/2010,0.0,0.0,0.0,0.0,0.0,0.0,0.0,0.0,0.0,0.0,0.0,12.65625,12.65625,12.65625,0.0,12.65625,0.0,0.0,0.0,0.0,0.0,0.0,0.0,3.59375,0.0,22.65625,0.0,3.59375,3.59375,0.0,0.0,0.0,0.0,0.0,20.625,3.59375,0.0,0.0,3.59375,12.96875,0.0,0.0,3.59375,0.0,0.0,0.0,0.0,0.0,0.0,0.0,0.0,0.0,0.0,0.0,0.0,0.0,0.0,0.0,0.0,0.0,0.0,0.0,0.0,0.0,0.0,0.0,0.0,0.0,0.0,0.0,0.0,0.0,0.0,0.0,0.0,0.0,0.0,0.0,0.0,4.53125,0.0,0.0,0.0,0.0,0.0,0.0,0.0,0.0,0.0,0.0,0.0,0.0,0.0,12.65625,0.0,12.65625,0.0,0.0,0.0,12.65625,0.0,0.0,0.0,0.0,3.28125,207.65625,206.25,206.25,206.25,224.53125,204.84375,191.5625,202.03125,206.25,206.25,206.25,206.25,206.25,206.25,206.25,206.25,206.25,206.25,206.25,206.25,206.25,206.25,206.25,206.25,206.25,206.25,206.25,206.25,206.25,206.25,206.25,206.25,206.25,206.25,206.25,206.25,206.25,206.25,206.25,206.25,206.25,206.25,206.25,206.25,206.25,206.25,206.25,206.25,206.25,206.25,206.25,206.25,206.25,206.25,207.5,206.25,206.25,206.25,206.25,206.25,206.25,206.25,206.25,206.25,206.25,206.25,206.25,206.25,206.25,206.25,206.25,206.25,206.25,206.25,206.25,206.25,206.25,206.25,206.25,206.25,206.25,206.25,206.25,206.25,206.25,206.25,393.4375,393.4375,394.53125,393.4375,407.8125,407.8125,420.3125,386.09375,370.15625,396.875,420.3125,407.34375,420.3125,420.3125,407.34375,407.34375,407.34375,420.3125,420.3125,420.3125,393.4375,407.34375,407.34375,420.3125,407.34375,393.4375,420.3125,416.25,420.3125,407.34375,420.3125,420.3125,407.34375,393.4375,393.4375,407.34375,407.34375,393.4375,393.4375,420.3125,414.0625,407.34375,420.3125,407.34375,407.34375,420.3125,407.34375,396.875,407.34375,407.34375,407.34375,420.3125,407.34375,407.34375,393.4375,393.4375,407.34375,407.34375,393.4375,407.34375,407.34375,393.4375,393.4375,407.34375,407.34375,393.4375,396.875,420.3125,407.34375,416.25,420.3125,420.3125,393.4375,407.34375,393.4375,396.875,416.25,420.3125,407.34375,407.34375,404.21875,392.8125,404.21875,404.21875,407.34375,420.3125,392.8125,404.21875,392.8125,396.875,392.8125,392.8125,404.21875,392.8125,392.8125,392.8125,392.8125,392.8125,392.8125,392.8125,413.59375,407.34375,244.375,244.84375,248.28125,237.8125,244.375,244.84375,244.84375,244.84375,244.84375,244.84375,244.84375,244.84375,244.84375,245.78125,252.96875,252.96875,252.96875,252.96875,252.96875,244.84375,244.84375,237.8125,252.96875,244.84375,244.84375,244.84375,244.84375,244.84375,244.84375,244.84375,244.84375,244.84375,244.84375,244.84375,244.84375,237.8125,237.8125,244.84375,244.84375,244.84375,244.84375,244.84375,244.84375,244.84375,245.78125,244.84375,244.84375,244.84375,244.84375,244.84375,244.84375,244.84375,244.84375,244.84375,244.84375,244.84375,245.78125,249.375,244.84375,244.84375,244.84375,244.84375,244.84375,245.78125,241.875,244.84375,255.0,244.84375,244.84375,244.84375,245.78125,244.84375,244.84375,248.28125,237.8125,244.84375,237.8125,237.8125,237.8125,237.8125,237.8125,237.8125,237.8125,237.8125,244.84375,237.8125,237.8125,244.6875,237.8125,237.8125,237.8125,244.84375,237.8125
hDenV1/Colombia/SAN-UIS-0000011/2009,0.0,0.0,0.0,0.0,0.0,0.0,0.0,0.0,0.0,0.0,0.0,12.65625,12.65625,12.65625,0.0,12.65625,0.0,0.0,0.0,0.0,0.0,0.0,0.0,3.59375,0.0,22.65625,0.0,3.59375,3.59375,0.0,0.0,0.0,0.0,0.0,20.625,3.59375,0.0,0.0,3.59375,12.96875,0.0,0.0,3.59375,0.0,0.0,0.0,0.0,0.0,0.0,0.0,0.0,0.0,0.0,0.0,0.0,0.0,0.0,0.0,0.0,0.0,0.0,0.0,0.0,0.0,0.0,0.0,0.0,0.0,0.0,0.0,0.0,0.0,0.0,0.0,0.0,0.0,0.0,0.0,0.0,4.53125,0.0,0.0,0.0,0.0,0.0,0.0,0.0,0.0,0.0,0.0,0.0,0.0,0.0,12.65625,0.0,12.65625,0.0,0.0,0.0,12.65625,0.0,0.0,0.0,0.0,3.28125,207.65625,206.25,206.25,206.25,224.53125,204.84375,191.5625,202.03125,206.25,206.25,206.25,206.25,206.25,206.25,206.25,206.25,206.25,206.25,206.25,206.25,206.25,206.25,206.25,206.25,206.25,206.25,206.25,206.25,206.25,206.25,206.25,206.25,206.25,206.25,206.25,206.25,206.25,206.25,206.25,206.25,206.25,206.25,206.25,206.25,206.25,206.25,206.25,206.25,206.25,206.25,206.25,206.25,206.25,206.25,207.5,206.25,206.25,206.25,206.25,206.25,206.25,206.25,206.25,206.25,206.25,206.25,206.25,206.25,206.25,206.25,206.25,206.25,206.25,206.25,206.25,206.25,206.25,206.25,206.25,206.25,206.25,206.25,206.25,206.25,206.25,206.25,393.4375,393.4375,394.53125,393.4375,407.8125,407.8125,420.3125,386.09375,370.15625,396.875,420.3125,407.34375,420.3125,420.3125,407.34375,407.34375,407.34375,420.3125,420.3125,420.3125,393.4375,407.34375,407.34375,420.3125,407.34375,393.4375,420.3125,416.25,420.3125,407.34375,420.3125,420.3125,407.34375,393.4375,393.4375,407.34375,407.34375,393.4375,393.4375,420.3125,414.0625,407.34375,420.3125,407.34375,407.34375,420.3125,407.34375,396.875,407.34375,407.34375,407.34375,420.3125,407.34375,407.34375,393.4375,393.4375,407.34375,407.34375,393.4375,407.34375,407.34375,393.4375,393.4375,407.34375,407.34375,393.4375,396.875,420.3125,407.34375,416.25,420.3125,420.3125,393.4375,407.34375,393.4375,396.875,416.25,420.3125,407.34375,407.34375,404.21875,392.8125,404.21875,404.21875,407.34375,420.3125,392.8125,404.21875,392.8125,396.875,392.8125,392.8125,404.21875,392.8125,392.8125,392.8125,392.8125,392.8125,392.8125,392.8125,413.59375,407.34375,244.375,244.84375,248.28125,237.8125,244.375,244.84375,244.84375,244.84375,244.84375,244.84375,244.84375,244.84375,244.84375,245.78125,252.96875,252.96875,252.96875,252.96875,252.96875,244.84375,244.84375,237.8125,252.96875,244.84375,244.84375,244.84375,244.84375,244.84375,244.84375,244.84375,244.84375,244.84375,244.84375,244.84375,244.84375,237.8125,237.8125,244.84375,244.84375,244.84375,244.84375,244.84375,244.84375,244.84375,245.78125,244.84375,244.84375,244.84375,244.84375,244.84375,244.84375,244.84375,244.84375,244.84375,244.84375,244.84375,245.78125,249.375,244.84375,244.84375,244.84375,244.84375,244.84375,245.78125,241.875,244.84375,255.0,244.84375,244.84375,244.84375,245.78125,244.84375,244.84375,248.28125,237.8125,244.84375,237.8125,237.8125,237.8125,237.8125,237.8125,237.8125,237.8125,237.8125,244.84375,237.8125,237.8125,244.6875,237.8125,237.8125,237.8125,244.84375,237.8125
hDenV1/Colombia/SAN-UIS-0000012/2010,0.0,0.0,0.0,0.0,0.0,0.0,0.0,0.0,0.0,0.0,0.0,12.65625,12.65625,12.65625,0.0,12.65625,0.0,0.0,0.0,0.0,0.0,0.0,0.0,3.59375,0.0,22.65625,0.0,3.59375,3.59375,0.0,0.0,0.0,0.0,0.0,20.625,3.59375,0.0,0.0,3.59375,12.96875,0.0,0.0,3.59375,0.0,0.0,0.0,0.0,0.0,0.0,0.0,0.0,0.0,0.0,0.0,0.0,0.0,0.0,0.0,0.0,0.0,0.0,0.0,0.0,0.0,0.0,0.0,0.0,0.0,0.0,0.0,0.0,0.0,0.0,0.0,0.0,0.0,0.0,0.0,0.0,4.53125,0.0,0.0,0.0,0.0,0.0,0.0,0.0,0.0,0.0,0.0,0.0,0.0,0.0,12.65625,0.0,12.65625,0.0,0.0,0.0,12.65625,0.0,0.0,0.0,0.0,3.28125,207.65625,206.25,206.25,206.25,224.53125,204.84375,191.5625,202.03125,206.25,206.25,206.25,206.25,206.25,206.25,206.25,206.25,206.25,206.25,206.25,206.25,206.25,206.25,206.25,206.25,206.25,206.25,206.25,206.25,206.25,206.25,206.25,206.25,206.25,206.25,206.25,206.25,206.25,206.25,206.25,206.25,206.25,206.25,206.25,206.25,206.25,206.25,206.25,206.25,206.25,206.25,206.25,206.25,206.25,206.25,207.5,206.25,206.25,206.25,206.25,206.25,206.25,206.25,206.25,206.25,206.25,206.25,206.25,206.25,206.25,206.25,206.25,206.25,206.25,206.25,206.25,206.25,206.25,206.25,206.25,206.25,206.25,206.25,206.25,206.25,206.25,206.25,393.4375,393.4375,394.53125,393.4375,407.8125,407.8125,420.3125,386.09375,370.15625,396.875,420.3125,407.34375,420.3125,420.3125,407.34375,407.34375,407.34375,420.3125,420.3125,420.3125,393.4375,407.34375,407.34375,420.3125,407.34375,393.4375,420.3125,416.25,420.3125,407.34375,420.3125,420.3125,407.34375,393.4375,393.4375,407.34375,407.34375,393.4375,393.4375,420.3125,414.0625,407.34375,420.3125,407.34375,407.34375,420.3125,407.34375,396.875,407.34375,407.34375,407.34375,420.3125,407.34375,407.34375,393.4375,393.4375,407.34375,407.34375,393.4375,407.34375,407.34375,393.4375,393.4375,407.34375,407.34375,393.4375,396.875,420.3125,407.34375,416.25,420.3125,420.3125,393.4375,407.34375,393.4375,396.875,416.25,420.3125,407.34375,407.34375,404.21875,392.8125,404.21875,404.21875,407.34375,420.3125,392.8125,404.21875,392.8125,396.875,392.8125,392.8125,404.21875,392.8125,392.8125,392.8125,392.8125,392.8125,392.8125,392.8125,413.59375,407.34375,244.375,244.84375,248.28125,237.8125,244.375,244.84375,244.84375,244.84375,244.84375,244.84375,244.84375,244.84375,244.84375,245.78125,252.96875,252.96875,252.96875,252.96875,252.96875,244.84375,244.84375,237.8125,252.96875,244.84375,244.84375,244.84375,244.84375,244.84375,244.84375,244.84375,244.84375,244.84375,244.84375,244.84375,244.84375,237.8125,237.8125,244.84375,244.84375,244.84375,244.84375,244.84375,244.84375,244.84375,245.78125,244.84375,244.84375,244.84375,244.84375,244.84375,244.84375,244.84375,244.84375,244.84375,244.84375,244.84375,245.78125,249.375,244.84375,244.84375,244.84375,244.84375,244.84375,245.78125,241.875,244.84375,255.0,244.84375,244.84375,244.84375,245.78125,244.84375,244.84375,248.28125,237.8125,244.84375,237.8125,237.8125,237.8125,237.8125,237.8125,237.8125,237.8125,237.8125,244.84375,237.8125,237.8125,244.6875,237.8125,237.8125,237.8125,244.84375,237.8125
hDenV1/Colombia/SAN-UIS-0000013/2010,0.0,0.0,0.0,0.0,0.0,0.0,0.0,0.0,0.0,0.0,0.0,12.65625,12.65625,12.65625,0.0,12.65625,0.0,0.0,0.0,0.0,0.0,0.0,0.0,3.59375,0.0,22.65625,0.0,3.59375,3.59375,0.0,0.0,0.0,0.0,0.0,20.625,3.59375,0.0,0.0,3.59375,12.96875,0.0,0.0,3.59375,0.0,0.0,0.0,0.0,0.0,0.0,0.0,0.0,0.0,0.0,0.0,0.0,0.0,0.0,0.0,0.0,0.0,0.0,0.0,0.0,0.0,0.0,0.0,0.0,0.0,0.0,0.0,0.0,0.0,0.0,0.0,0.0,0.0,0.0,0.0,0.0,4.53125,0.0,0.0,0.0,0.0,0.0,0.0,0.0,0.0,0.0,0.0,0.0,0.0,0.0,12.65625,0.0,12.65625,0.0,0.0,0.0,12.65625,0.0,0.0,0.0,0.0,3.28125,207.65625,206.25,206.25,206.25,224.53125,204.84375,191.5625,202.03125,206.25,206.25,206.25,206.25,206.25,206.25,206.25,206.25,206.25,206.25,206.25,206.25,206.25,206.25,206.25,206.25,206.25,206.25,206.25,206.25,206.25,206.25,206.25,206.25,206.25,206.25,206.25,206.25,206.25,206.25,206.25,206.25,206.25,206.25,206.25,206.25,206.25,206.25,206.25,206.25,206.25,206.25,206.25,206.25,206.25,206.25,207.5,206.25,206.25,206.25,206.25,206.25,206.25,206.25,206.25,206.25,206.25,206.25,206.25,206.25,206.25,206.25,206.25,206.25,206.25,206.25,206.25,206.25,206.25,206.25,206.25,206.25,206.25,206.25,206.25,206.25,206.25,206.25,393.4375,393.4375,394.53125,393.4375,407.8125,407.8125,420.3125,386.09375,370.15625,396.875,420.3125,407.34375,420.3125,420.3125,407.34375,407.34375,407.34375,420.3125,420.3125,420.3125,393.4375,407.34375,407.34375,420.3125,407.34375,393.4375,420.3125,416.25,420.3125,407.34375,420.3125,420.3125,407.34375,393.4375,393.4375,407.34375,407.34375,393.4375,393.4375,420.3125,414.0625,407.34375,420.3125,407.34375,407.34375,420.3125,407.34375,396.875,407.34375,407.34375,407.34375,420.3125,407.34375,407.34375,393.4375,393.4375,407.34375,407.34375,393.4375,407.34375,407.34375,393.4375,393.4375,407.34375,407.34375,393.4375,396.875,420.3125,407.34375,416.25,420.3125,420.3125,393.4375,407.34375,393.4375,396.875,416.25,420.3125,407.34375,407.34375,404.21875,392.8125,404.21875,404.21875,407.34375,420.3125,392.8125,404.21875,392.8125,396.875,392.8125,392.8125,404.21875,392.8125,392.8125,392.8125,392.8125,392.8125,392.8125,392.8125,413.59375,407.34375,244.375,244.84375,248.28125,237.8125,244.375,244.84375,244.84375,244.84375,244.84375,244.84375,244.84375,244.84375,244.84375,245.78125,252.96875,252.96875,252.96875,252.96875,252.96875,244.84375,244.84375,237.8125,252.96875,244.84375,244.84375,244.84375,244.84375,244.84375,244.84375,244.84375,244.84375,244.84375,244.84375,244.84375,244.84375,237.8125,237.8125,244.84375,244.84375,244.84375,244.84375,244.84375,244.84375,244.84375,245.78125,244.84375,244.84375,244.84375,244.84375,244.84375,244.84375,244.84375,244.84375,244.84375,244.84375,244.84375,245.78125,249.375,244.84375,244.84375,244.84375,244.84375,244.84375,245.78125,241.875,244.84375,255.0,244.84375,244.84375,244.84375,245.78125,244.84375,244.84375,248.28125,237.8125,244.84375,237.8125,237.8125,237.8125,237.8125,237.8125,237.8125,237.8125,237.8125,244.84375,237.8125,237.8125,244.6875,237.8125,237.8125,237.8125,244.84375,237.8125
hDenV1/Colombia/SAN-UIS-0000014/2016,0.0,0.0,0.0,0.0,0.0,0.0,0.0,0.0,0.0,0.0,0.0,12.65625,12.65625,12.65625,0.0,12.65625,0.0,0.0,0.0,0.0,0.0,0.0,0.0,3.59375,0.0,22.65625,0.0,3.59375,3.59375,0.0,0.0,0.0,0.0,0.0,20.625,3.59375,0.0,0.0,3.59375,12.96875,0.0,0.0,3.59375,0.0,0.0,0.0,0.0,0.0,0.0,0.0,0.0,0.0,0.0,0.0,0.0,0.0,0.0,0.0,0.0,0.0,0.0,0.0,0.0,0.0,0.0,0.0,0.0,0.0,0.0,0.0,0.0,0.0,0.0,0.0,0.0,0.0,0.0,0.0,0.0,4.53125,0.0,0.0,0.0,0.0,0.0,0.0,0.0,0.0,0.0,0.0,0.0,0.0,0.0,12.65625,0.0,12.65625,0.0,0.0,0.0,12.65625,0.0,0.0,0.0,0.0,3.28125,207.65625,206.25,206.25,206.25,224.53125,204.84375,191.5625,202.03125,206.25,206.25,206.25,206.25,206.25,206.25,206.25,206.25,206.25,206.25,206.25,206.25,206.25,206.25,206.25,206.25,206.25,206.25,206.25,206.25,206.25,206.25,206.25,206.25,206.25,206.25,206.25,206.25,206.25,206.25,206.25,206.25,206.25,206.25,206.25,206.25,206.25,206.25,206.25,206.25,206.25,206.25,206.25,206.25,206.25,206.25,207.5,206.25,206.25,206.25,206.25,206.25,206.25,206.25,206.25,206.25,206.25,206.25,206.25,206.25,206.25,206.25,206.25,206.25,206.25,206.25,206.25,206.25,206.25,206.25,206.25,206.25,206.25,206.25,206.25,206.25,206.25,206.25,393.4375,393.4375,394.53125,393.4375,407.8125,407.8125,420.3125,386.09375,370.15625,396.875,420.3125,407.34375,420.3125,420.3125,407.34375,407.34375,407.34375,420.3125,420.3125,420.3125,393.4375,407.34375,407.34375,420.3125,407.34375,393.4375,420.3125,416.25,420.3125,407.34375,420.3125,420.3125,407.34375,393.4375,393.4375,407.34375,407.34375,393.4375,393.4375,420.3125,414.0625,407.34375,420.3125,407.34375,407.34375,420.3125,407.34375,396.875,407.34375,407.34375,407.34375,420.3125,407.34375,407.34375,393.4375,393.4375,407.34375,407.34375,393.4375,407.34375,407.34375,393.4375,393.4375,407.34375,407.34375,393.4375,396.875,420.3125,407.34375,416.25,420.3125,420.3125,393.4375,407.34375,393.4375,396.875,416.25,420.3125,407.34375,407.34375,404.21875,392.8125,404.21875,404.21875,407.34375,420.3125,392.8125,404.21875,392.8125,396.875,392.8125,392.8125,404.21875,392.8125,392.8125,392.8125,392.8125,392.8125,392.8125,392.8125,413.59375,407.34375,244.375,244.84375,248.28125,237.8125,244.375,244.84375,244.84375,244.84375,244.84375,244.84375,244.84375,244.84375,244.84375,245.78125,252.96875,252.96875,252.96875,252.96875,252.96875,244.84375,244.84375,237.8125,252.96875,244.84375,244.84375,244.84375,244.84375,244.84375,244.84375,244.84375,244.84375,244.84375,244.84375,244.84375,244.84375,237.8125,237.8125,244.84375,244.84375,244.84375,244.84375,244.84375,244.84375,244.84375,245.78125,244.84375,244.84375,244.84375,244.84375,244.84375,244.84375,244.84375,244.84375,244.84375,244.84375,244.84375,245.78125,249.375,244.84375,244.84375,244.84375,244.84375,244.84375,245.78125,241.875,244.84375,255.0,244.84375,244.84375,244.84375,245.78125,244.84375,244.84375,248.28125,237.8125,244.84375,237.8125,237.8125,237.8125,237.8125,237.8125,237.8125,237.8125,237.8125,244.84375,237.8125,237.8125,244.6875,237.8125,237.8125,237.8125,244.84375,237.8125
hDenV1/Colombia/SAN-UIS-0000015/2016,0.0,0.0,0.0,0.0,0.0,0.0,0.0,0.0,0.0,0.0,0.0,12.65625,12.65625,12.65625,0.0,12.65625,0.0,0.0,0.0,0.0,0.0,0.0,0.0,3.59375,0.0,22.65625,0.0,3.59375,3.59375,0.0,0.0,0.0,0.0,0.0,20.625,3.59375,0.0,0.0,3.59375,12.96875,0.0,0.0,3.59375,0.0,0.0,0.0,0.0,0.0,0.0,0.0,0.0,0.0,0.0,0.0,0.0,0.0,0.0,0.0,0.0,0.0,0.0,0.0,0.0,0.0,0.0,0.0,0.0,0.0,0.0,0.0,0.0,0.0,0.0,0.0,0.0,0.0,0.0,0.0,0.0,4.53125,0.0,0.0,0.0,0.0,0.0,0.0,0.0,0.0,0.0,0.0,0.0,0.0,0.0,12.65625,0.0,12.65625,0.0,0.0,0.0,12.65625,0.0,0.0,0.0,0.0,3.28125,207.65625,206.25,206.25,206.25,224.53125,204.84375,191.5625,202.03125,206.25,206.25,206.25,206.25,206.25,206.25,206.25,206.25,206.25,206.25,206.25,206.25,206.25,206.25,206.25,206.25,206.25,206.25,206.25,206.25,206.25,206.25,206.25,206.25,206.25,206.25,206.25,206.25,206.25,206.25,206.25,206.25,206.25,206.25,206.25,206.25,206.25,206.25,206.25,206.25,206.25,206.25,206.25,206.25,206.25,206.25,207.5,206.25,206.25,206.25,206.25,206.25,206.25,206.25,206.25,206.25,206.25,206.25,206.25,206.25,206.25,206.25,206.25,206.25,206.25,206.25,206.25,206.25,206.25,206.25,206.25,206.25,206.25,206.25,206.25,206.25,206.25,206.25,393.4375,393.4375,394.53125,393.4375,407.8125,407.8125,420.3125,386.09375,370.15625,396.875,420.3125,407.34375,420.3125,420.3125,407.34375,407.34375,407.34375,420.3125,420.3125,420.3125,393.4375,407.34375,407.34375,420.3125,407.34375,393.4375,420.3125,416.25,420.3125,407.34375,420.3125,420.3125,407.34375,393.4375,393.4375,407.34375,407.34375,393.4375,393.4375,420.3125,414.0625,407.34375,420.3125,407.34375,407.34375,420.3125,407.34375,396.875,407.34375,407.34375,407.34375,420.3125,407.34375,407.34375,393.4375,393.4375,407.34375,407.34375,393.4375,407.34375,407.34375,393.4375,393.4375,407.34375,407.34375,393.4375,396.875,420.3125,407.34375,416.25,420.3125,420.3125,393.4375,407.34375,393.4375,396.875,416.25,420.3125,407.34375,407.34375,404.21875,392.8125,404.21875,404.21875,407.34375,420.3125,392.8125,404.21875,392.8125,396.875,392.8125,392.8125,404.21875,392.8125,392.8125,392.8125,392.8125,392.8125,392.8125,392.8125,413.59375,407.34375,244.375,244.84375,248.28125,237.8125,244.375,244.84375,244.84375,244.84375,244.84375,244.84375,244.84375,244.84375,244.84375,245.78125,252.96875,252.96875,252.96875,252.96875,252.96875,244.84375,244.84375,237.8125,252.96875,244.84375,244.84375,244.84375,244.84375,244.84375,244.84375,244.84375,244.84375,244.84375,244.84375,244.84375,244.84375,237.8125,237.8125,244.84375,244.84375,244.84375,244.84375,244.84375,244.84375,244.84375,245.78125,244.84375,244.84375,244.84375,244.84375,244.84375,244.84375,244.84375,244.84375,244.84375,244.84375,244.84375,245.78125,249.375,244.84375,244.84375,244.84375,244.84375,244.84375,245.78125,241.875,244.84375,255.0,244.84375,244.84375,244.84375,245.78125,244.84375,244.84375,248.28125,237.8125,244.84375,237.8125,237.8125,237.8125,237.8125,237.8125,237.8125,237.8125,237.8125,244.84375,237.8125,237.8125,244.6875,237.8125,237.8125,237.8125,244.84375,237.8125
hDenV1/Colombia/SAN-UIS-0000016/2015,0.0,0.0,0.0,0.0,0.0,0.0,0.0,0.0,0.0,0.0,0.0,12.65625,12.65625,12.65625,0.0,12.65625,0.0,0.0,0.0,0.0,0.0,0.0,0.0,3.59375,0.0,22.65625,0.0,3.59375,3.59375,0.0,0.0,0.0,0.0,0.0,20.625,3.59375,0.0,0.0,3.59375,12.96875,0.0,0.0,3.59375,0.0,0.0,0.0,0.0,0.0,0.0,0.0,0.0,0.0,0.0,0.0,0.0,0.0,0.0,0.0,0.0,0.0,0.0,0.0,0.0,0.0,0.0,0.0,0.0,0.0,0.0,0.0,0.0,0.0,0.0,0.0,0.0,0.0,0.0,0.0,0.0,4.53125,0.0,0.0,0.0,0.0,0.0,0.0,0.0,0.0,0.0,0.0,0.0,0.0,0.0,12.65625,0.0,12.65625,0.0,0.0,0.0,12.65625,0.0,0.0,0.0,0.0,3.28125,207.65625,206.25,206.25,206.25,224.53125,204.84375,191.5625,202.03125,206.25,206.25,206.25,206.25,206.25,206.25,206.25,206.25,206.25,206.25,206.25,206.25,206.25,206.25,206.25,206.25,206.25,206.25,206.25,206.25,206.25,206.25,206.25,206.25,206.25,206.25,206.25,206.25,206.25,206.25,206.25,206.25,206.25,206.25,206.25,206.25,206.25,206.25,206.25,206.25,206.25,206.25,206.25,206.25,206.25,206.25,207.5,206.25,206.25,206.25,206.25,206.25,206.25,206.25,206.25,206.25,206.25,206.25,206.25,206.25,206.25,206.25,206.25,206.25,206.25,206.25,206.25,206.25,206.25,206.25,206.25,206.25,206.25,206.25,206.25,206.25,206.25,206.25,393.4375,393.4375,394.53125,393.4375,407.8125,407.8125,420.3125,386.09375,370.15625,396.875,420.3125,407.34375,420.3125,420.3125,407.34375,407.34375,407.34375,420.3125,420.3125,420.3125,393.4375,407.34375,407.34375,420.3125,407.34375,393.4375,420.3125,416.25,420.3125,407.34375,420.3125,420.3125,407.34375,393.4375,393.4375,407.34375,407.34375,393.4375,393.4375,420.3125,414.0625,407.34375,420.3125,407.34375,407.34375,420.3125,407.34375,396.875,407.34375,407.34375,407.34375,420.3125,407.34375,407.34375,393.4375,393.4375,407.34375,407.34375,393.4375,407.34375,407.34375,393.4375,393.4375,407.34375,407.34375,393.4375,396.875,420.3125,407.34375,416.25,420.3125,420.3125,393.4375,407.34375,393.4375,396.875,416.25,420.3125,407.34375,407.34375,404.21875,392.8125,404.21875,404.21875,407.34375,420.3125,392.8125,404.21875,392.8125,396.875,392.8125,392.8125,404.21875,392.8125,392.8125,392.8125,392.8125,392.8125,392.8125,392.8125,413.59375,407.34375,244.375,244.84375,248.28125,237.8125,244.375,244.84375,244.84375,244.84375,244.84375,244.84375,244.84375,244.84375,244.84375,245.78125,252.96875,252.96875,252.96875,252.96875,252.96875,244.84375,244.84375,237.8125,252.96875,244.84375,244.84375,244.84375,244.84375,244.84375,244.84375,244.84375,244.84375,244.84375,244.84375,244.84375,244.84375,237.8125,237.8125,244.84375,244.84375,244.84375,244.84375,244.84375,244.84375,244.84375,245.78125,244.84375,244.84375,244.84375,244.84375,244.84375,244.84375,244.84375,244.84375,244.84375,244.84375,244.84375,245.78125,249.375,244.84375,244.84375,244.84375,244.84375,244.84375,245.78125,241.875,244.84375,255.0,244.84375,244.84375,244.84375,245.78125,244.84375,244.84375,248.28125,237.8125,244.84375,237.8125,237.8125,237.8125,237.8125,237.8125,237.8125,237.8125,237.8125,244.84375,237.8125,237.8125,244.6875,237.8125,237.8125,237.8125,244.84375,237.8125
hDenV1/Colombia/SAN-UIS-0000017/2015,0.0,0.0,0.0,0.0,0.0,0.0,0.0,0.0,0.0,0.0,0.0,12.65625,12.65625,12.65625,0.0,12.65625,0.0,0.0,0.0,0.0,0.0,0.0,0.0,3.59375,0.0,22.65625,0.0,3.59375,3.59375,0.0,0.0,0.0,0.0,0.0,20.625,3.59375,0.0,0.0,3.59375,12.96875,0.0,0.0,3.59375,0.0,0.0,0.0,0.0,0.0,0.0,0.0,0.0,0.0,0.0,0.0,0.0,0.0,0.0,0.0,0.0,0.0,0.0,0.0,0.0,0.0,0.0,0.0,0.0,0.0,0.0,0.0,0.0,0.0,0.0,0.0,0.0,0.0,0.0,0.0,0.0,4.53125,0.0,0.0,0.0,0.0,0.0,0.0,0.0,0.0,0.0,0.0,0.0,0.0,0.0,12.65625,0.0,12.65625,0.0,0.0,0.0,12.65625,0.0,0.0,0.0,0.0,3.28125,207.65625,206.25,206.25,206.25,224.53125,204.84375,191.5625,202.03125,206.25,206.25,206.25,206.25,206.25,206.25,206.25,206.25,206.25,206.25,206.25,206.25,206.25,206.25,206.25,206.25,206.25,206.25,206.25,206.25,206.25,206.25,206.25,206.25,206.25,206.25,206.25,206.25,206.25,206.25,206.25,206.25,206.25,206.25,206.25,206.25,206.25,206.25,206.25,206.25,206.25,206.25,206.25,206.25,206.25,206.25,207.5,206.25,206.25,206.25,206.25,206.25,206.25,206.25,206.25,206.25,206.25,206.25,206.25,206.25,206.25,206.25,206.25,206.25,206.25,206.25,206.25,206.25,206.25,206.25,206.25,206.25,206.25,206.25,206.25,206.25,206.25,206.25,393.4375,393.4375,394.53125,393.4375,407.8125,407.8125,420.3125,386.09375,370.15625,396.875,420.3125,407.34375,420.3125,420.3125,407.34375,407.34375,407.34375,420.3125,420.3125,420.3125,393.4375,407.34375,407.34375,420.3125,407.34375,393.4375,420.3125,416.25,420.3125,407.34375,420.3125,420.3125,407.34375,393.4375,393.4375,407.34375,407.34375,393.4375,393.4375,420.3125,414.0625,407.34375,420.3125,407.34375,407.34375,420.3125,407.34375,396.875,407.34375,407.34375,407.34375,420.3125,407.34375,407.34375,393.4375,393.4375,407.34375,407.34375,393.4375,407.34375,407.34375,393.4375,393.4375,407.34375,407.34375,393.4375,396.875,420.3125,407.34375,416.25,420.3125,420.3125,393.4375,407.34375,393.4375,396.875,416.25,420.3125,407.34375,407.34375,404.21875,392.8125,404.21875,404.21875,407.34375,420.3125,392.8125,404.21875,392.8125,396.875,392.8125,392.8125,404.21875,392.8125,392.8125,392.8125,392.8125,392.8125,392.8125,392.8125,413.59375,407.34375,244.375,244.84375,248.28125,237.8125,244.375,244.84375,244.84375,244.84375,244.84375,244.84375,244.84375,244.84375,244.84375,245.78125,252.96875,252.96875,252.96875,252.96875,252.96875,244.84375,244.84375,237.8125,252.96875,244.84375,244.84375,244.84375,244.84375,244.84375,244.84375,244.84375,244.84375,244.84375,244.84375,244.84375,244.84375,237.8125,237.8125,244.84375,244.84375,244.84375,244.84375,244.84375,244.84375,244.84375,245.78125,244.84375,244.84375,244.84375,244.84375,244.84375,244.84375,244.84375,244.84375,244.84375,244.84375,244.84375,245.78125,249.375,244.84375,244.84375,244.84375,244.84375,244.84375,245.78125,241.875,244.84375,255.0,244.84375,244.84375,244.84375,245.78125,244.84375,244.84375,248.28125,237.8125,244.84375,237.8125,237.8125,237.8125,237.8125,237.8125,237.8125,237.8125,237.8125,244.84375,237.8125,237.8125,244.6875,237.8125,237.8125,237.8125,244.84375,237.8125
hDenV1/Colombia/SAN-UIS-0000018/2016,0.0,0.0,0.0,0.0,0.0,0.0,0.0,0.0,0.0,0.0,0.0,12.65625,12.65625,12.65625,0.0,12.65625,0.0,0.0,0.0,0.0,0.0,0.0,0.0,3.59375,0.0,22.65625,0.0,3.59375,3.59375,0.0,0.0,0.0,0.0,0.0,20.625,3.59375,0.0,0.0,3.59375,12.96875,0.0,0.0,3.59375,0.0,0.0,0.0,0.0,0.0,0.0,0.0,0.0,0.0,0.0,0.0,0.0,0.0,0.0,0.0,0.0,0.0,0.0,0.0,0.0,0.0,0.0,0.0,0.0,0.0,0.0,0.0,0.0,0.0,0.0,0.0,0.0,0.0,0.0,0.0,0.0,4.53125,0.0,0.0,0.0,0.0,0.0,0.0,0.0,0.0,0.0,0.0,0.0,0.0,0.0,12.65625,0.0,12.65625,0.0,0.0,0.0,12.65625,0.0,0.0,0.0,0.0,3.28125,207.65625,206.25,206.25,206.25,224.53125,204.84375,191.5625,202.03125,206.25,206.25,206.25,206.25,206.25,206.25,206.25,206.25,206.25,206.25,206.25,206.25,206.25,206.25,206.25,206.25,206.25,206.25,206.25,206.25,206.25,206.25,206.25,206.25,206.25,206.25,206.25,206.25,206.25,206.25,206.25,206.25,206.25,206.25,206.25,206.25,206.25,206.25,206.25,206.25,206.25,206.25,206.25,206.25,206.25,206.25,207.5,206.25,206.25,206.25,206.25,206.25,206.25,206.25,206.25,206.25,206.25,206.25,206.25,206.25,206.25,206.25,206.25,206.25,206.25,206.25,206.25,206.25,206.25,206.25,206.25,206.25,206.25,206.25,206.25,206.25,206.25,206.25,393.4375,393.4375,394.53125,393.4375,407.8125,407.8125,420.3125,386.09375,370.15625,396.875,420.3125,407.34375,420.3125,420.3125,407.34375,407.34375,407.34375,420.3125,420.3125,420.3125,393.4375,407.34375,407.34375,420.3125,407.34375,393.4375,420.3125,416.25,420.3125,407.34375,420.3125,420.3125,407.34375,393.4375,393.4375,407.34375,407.34375,393.4375,393.4375,420.3125,414.0625,407.34375,420.3125,407.34375,407.34375,420.3125,407.34375,396.875,407.34375,407.34375,407.34375,420.3125,407.34375,407.34375,393.4375,393.4375,407.34375,407.34375,393.4375,407.34375,407.34375,393.4375,393.4375,407.34375,407.34375,393.4375,396.875,420.3125,407.34375,416.25,420.3125,420.3125,393.4375,407.34375,393.4375,396.875,416.25,420.3125,407.34375,407.34375,404.21875,392.8125,404.21875,404.21875,407.34375,420.3125,392.8125,404.21875,392.8125,396.875,392.8125,392.8125,404.21875,392.8125,392.8125,392.8125,392.8125,392.8125,392.8125,392.8125,413.59375,407.34375,244.375,244.84375,248.28125,237.8125,244.375,244.84375,244.84375,244.84375,244.84375,244.84375,244.84375,244.84375,244.84375,245.78125,252.96875,252.96875,252.96875,252.96875,252.96875,244.84375,244.84375,237.8125,252.96875,244.84375,244.84375,244.84375,244.84375,244.84375,244.84375,244.84375,244.84375,244.84375,244.84375,244.84375,244.84375,237.8125,237.8125,244.84375,244.84375,244.84375,244.84375,244.84375,244.84375,244.84375,245.78125,244.84375,244.84375,244.84375,244.84375,244.84375,244.84375,244.84375,244.84375,244.84375,244.84375,244.84375,245.78125,249.375,244.84375,244.84375,244.84375,244.84375,244.84375,245.78125,241.875,244.84375,255.0,244.84375,244.84375,244.84375,245.78125,244.84375,244.84375,248.28125,237.8125,244.84375,237.8125,237.8125,237.8125,237.8125,237.8125,237.8125,237.8125,237.8125,244.84375,237.8125,237.8125,244.6875,237.8125,237.8125,237.8125,244.84375,237.8125
hDenV1/Colombia/SAN-UIS-0000019/2016,0.0,0.0,0.0,0.0,0.0,0.0,0.0,0.0,0.0,0.0,0.0,12.65625,12.65625,12.65625,0.0,12.65625,0.0,0.0,0.0,0.0,0.0,0.0,0.0,3.59375,0.0,22.65625,0.0,3.59375,3.59375,0.0,0.0,0.0,0.0,0.0,20.625,3.59375,0.0,0.0,3.59375,12.96875,0.0,0.0,3.59375,0.0,0.0,0.0,0.0,0.0,0.0,0.0,0.0,0.0,0.0,0.0,0.0,0.0,0.0,0.0,0.0,0.0,0.0,0.0,0.0,0.0,0.0,0.0,0.0,0.0,0.0,0.0,0.0,0.0,0.0,0.0,0.0,0.0,0.0,0.0,0.0,4.53125,0.0,0.0,0.0,0.0,0.0,0.0,0.0,0.0,0.0,0.0,0.0,0.0,0.0,12.65625,0.0,12.65625,0.0,0.0,0.0,12.65625,0.0,0.0,0.0,0.0,3.28125,207.65625,206.25,206.25,206.25,224.53125,204.84375,191.5625,202.03125,206.25,206.25,206.25,206.25,206.25,206.25,206.25,206.25,206.25,206.25,206.25,206.25,206.25,206.25,206.25,206.25,206.25,206.25,206.25,206.25,206.25,206.25,206.25,206.25,206.25,206.25,206.25,206.25,206.25,206.25,206.25,206.25,206.25,206.25,206.25,206.25,206.25,206.25,206.25,206.25,206.25,206.25,206.25,206.25,206.25,206.25,207.5,206.25,206.25,206.25,206.25,206.25,206.25,206.25,206.25,206.25,206.25,206.25,206.25,206.25,206.25,206.25,206.25,206.25,206.25,206.25,206.25,206.25,206.25,206.25,206.25,206.25,206.25,206.25,206.25,206.25,206.25,206.25,393.4375,393.4375,394.53125,393.4375,407.8125,407.8125,420.3125,386.09375,370.15625,396.875,420.3125,407.34375,420.3125,420.3125,407.34375,407.34375,407.34375,420.3125,420.3125,420.3125,393.4375,407.34375,407.34375,420.3125,407.34375,393.4375,420.3125,416.25,420.3125,407.34375,420.3125,420.3125,407.34375,393.4375,393.4375,407.34375,407.34375,393.4375,393.4375,420.3125,414.0625,407.34375,420.3125,407.34375,407.34375,420.3125,407.34375,396.875,407.34375,407.34375,407.34375,420.3125,407.34375,407.34375,393.4375,393.4375,407.34375,407.34375,393.4375,407.34375,407.34375,393.4375,393.4375,407.34375,407.34375,393.4375,396.875,420.3125,407.34375,416.25,420.3125,420.3125,393.4375,407.34375,393.4375,396.875,416.25,420.3125,407.34375,407.34375,404.21875,392.8125,404.21875,404.21875,407.34375,420.3125,392.8125,404.21875,392.8125,396.875,392.8125,392.8125,404.21875,392.8125,392.8125,392.8125,392.8125,392.8125,392.8125,392.8125,413.59375,407.34375,244.375,244.84375,248.28125,237.8125,244.375,244.84375,244.84375,244.84375,244.84375,244.84375,244.84375,244.84375,244.84375,245.78125,252.96875,252.96875,252.96875,252.96875,252.96875,244.84375,244.84375,237.8125,252.96875,244.84375,244.84375,244.84375,244.84375,244.84375,244.84375,244.84375,244.84375,244.84375,244.84375,244.84375,244.84375,237.8125,237.8125,244.84375,244.84375,244.84375,244.84375,244.84375,244.84375,244.84375,245.78125,244.84375,244.84375,244.84375,244.84375,244.84375,244.84375,244.84375,244.84375,244.84375,244.84375,244.84375,245.78125,249.375,244.84375,244.84375,244.84375,244.84375,244.84375,245.78125,241.875,244.84375,255.0,244.84375,244.84375,244.84375,245.78125,244.84375,244.84375,248.28125,237.8125,244.84375,237.8125,237.8125,237.8125,237.8125,237.8125,237.8125,237.8125,237.8125,244.84375,237.8125,237.8125,244.6875,237.8125,237.8125,237.8125,244.84375,237.8125
hDenV1/Colombia/SAN-UIS-0000020/2010,0.0,0.0,0.0,0.0,0.0,0.0,0.0,0.0,0.0,0.0,0.0,12.65625,12.65625,12.65625,0.0,12.65625,0.0,0.0,0.0,0.0,0.0,0.0,0.0,3.59375,0.0,22.65625,0.0,3.59375,3.59375,0.0,0.0,0.0,0.0,0.0,20.625,3.59375,0.0,0.0,3.59375,12.96875,0.0,0.0,3.59375,0.0,0.0,0.0,0.0,0.0,0.0,0.0,0.0,0.0,0.0,0.0,0.0,0.0,0.0,0.0,0.0,0.0,0.0,0.0,0.0,0.0,0.0,0.0,0.0,0.0,0.0,0.0,0.0,0.0,0.0,0.0,0.0,0.0,0.0,0.0,0.0,4.53125,0.0,0.0,0.0,0.0,0.0,0.0,0.0,0.0,0.0,0.0,0.0,0.0,0.0,12.65625,0.0,12.65625,0.0,0.0,0.0,12.65625,0.0,0.0,0.0,0.0,3.28125,207.65625,206.25,206.25,206.25,224.53125,204.84375,191.5625,202.03125,206.25,206.25,206.25,206.25,206.25,206.25,206.25,206.25,206.25,206.25,206.25,206.25,206.25,206.25,206.25,206.25,206.25,206.25,206.25,206.25,206.25,206.25,206.25,206.25,206.25,206.25,206.25,206.25,206.25,206.25,206.25,206.25,206.25,206.25,206.25,206.25,206.25,206.25,206.25,206.25,206.25,206.25,206.25,206.25,206.25,206.25,207.5,206.25,206.25,206.25,206.25,206.25,206.25,206.25,206.25,206.25,206.25,206.25,206.25,206.25,206.25,206.25,206.25,206.25,206.25,206.25,206.25,206.25,206.25,206.25,206.25,206.25,206.25,206.25,206.25,206.25,206.25,206.25,393.4375,393.4375,394.53125,393.4375,407.8125,407.8125,420.3125,386.09375,370.15625,396.875,420.3125,407.34375,420.3125,420.3125,407.34375,407.34375,407.34375,420.3125,420.3125,420.3125,393.4375,407.34375,407.34375,420.3125,407.34375,393.4375,420.3125,416.25,420.3125,407.34375,420.3125,420.3125,407.34375,393.4375,393.4375,407.34375,407.34375,393.4375,393.4375,420.3125,414.0625,407.34375,420.3125,407.34375,407.34375,420.3125,407.34375,396.875,407.34375,407.34375,407.34375,420.3125,407.34375,407.34375,393.4375,393.4375,407.34375,407.34375,393.4375,407.34375,407.34375,393.4375,393.4375,407.34375,407.34375,393.4375,396.875,420.3125,407.34375,416.25,420.3125,420.3125,393.4375,407.34375,393.4375,396.875,416.25,420.3125,407.34375,407.34375,404.21875,392.8125,404.21875,404.21875,407.34375,420.3125,392.8125,404.21875,392.8125,396.875,392.8125,392.8125,404.21875,392.8125,392.8125,392.8125,392.8125,392.8125,392.8125,392.8125,413.59375,407.34375,244.375,244.84375,248.28125,237.8125,244.375,244.84375,244.84375,244.84375,244.84375,244.84375,244.84375,244.84375,244.84375,245.78125,252.96875,252.96875,252.96875,252.96875,252.96875,244.84375,244.84375,237.8125,252.96875,244.84375,244.84375,244.84375,244.84375,244.84375,244.84375,244.84375,244.84375,244.84375,244.84375,244.84375,244.84375,237.8125,237.8125,244.84375,244.84375,244.84375,244.84375,244.84375,244.84375,244.84375,245.78125,244.84375,244.84375,244.84375,244.84375,244.84375,244.84375,244.84375,244.84375,244.84375,244.84375,244.84375,245.78125,249.375,244.84375,244.84375,244.84375,244.84375,244.84375,245.78125,241.875,244.84375,255.0,244.84375,244.84375,244.84375,245.78125,244.84375,244.84375,248.28125,237.8125,244.84375,237.8125,237.8125,237.8125,237.8125,237.8125,237.8125,237.8125,237.8125,244.84375,237.8125,237.8125,244.6875,237.8125,237.8125,237.8125,244.84375,237.8125
hDenV1/Colombia/SAN-UIS-0000028/2013,0.0,0.0,0.0,0.0,0.0,0.0,0.0,0.0,0.0,0.0,0.0,12.65625,12.65625,12.65625,0.0,12.65625,0.0,0.0,0.0,0.0,0.0,0.0,0.0,3.59375,0.0,22.65625,0.0,3.59375,3.59375,0.0,0.0,0.0,0.0,0.0,20.625,3.59375,0.0,0.0,3.59375,12.96875,0.0,0.0,3.59375,0.0,0.0,0.0,0.0,0.0,0.0,0.0,0.0,0.0,0.0,0.0,0.0,0.0,0.0,0.0,0.0,0.0,0.0,0.0,0.0,0.0,0.0,0.0,0.0,0.0,0.0,0.0,0.0,0.0,0.0,0.0,0.0,0.0,0.0,0.0,0.0,4.53125,0.0,0.0,0.0,0.0,0.0,0.0,0.0,0.0,0.0,0.0,0.0,0.0,0.0,12.65625,0.0,12.65625,0.0,0.0,0.0,12.65625,0.0,0.0,0.0,0.0,3.28125,207.65625,206.25,206.25,206.25,224.53125,204.84375,191.5625,202.03125,206.25,206.25,206.25,206.25,206.25,206.25,206.25,206.25,206.25,206.25,206.25,206.25,206.25,206.25,206.25,206.25,206.25,206.25,206.25,206.25,206.25,206.25,206.25,206.25,206.25,206.25,206.25,206.25,206.25,206.25,206.25,206.25,206.25,206.25,206.25,206.25,206.25,206.25,206.25,206.25,206.25,206.25,206.25,206.25,206.25,206.25,207.5,206.25,206.25,206.25,206.25,206.25,206.25,206.25,206.25,206.25,206.25,206.25,206.25,206.25,206.25,206.25,206.25,206.25,206.25,206.25,206.25,206.25,206.25,206.25,206.25,206.25,206.25,206.25,206.25,206.25,206.25,206.25,393.4375,393.4375,394.53125,393.4375,407.8125,407.8125,420.3125,386.09375,370.15625,396.875,420.3125,407.34375,420.3125,420.3125,407.34375,407.34375,407.34375,420.3125,420.3125,420.3125,393.4375,407.34375,407.34375,420.3125,407.34375,393.4375,420.3125,416.25,420.3125,407.34375,420.3125,420.3125,407.34375,393.4375,393.4375,407.34375,407.34375,393.4375,393.4375,420.3125,414.0625,407.34375,420.3125,407.34375,407.34375,420.3125,407.34375,396.875,407.34375,407.34375,407.34375,420.3125,407.34375,407.34375,393.4375,393.4375,407.34375,407.34375,393.4375,407.34375,407.34375,393.4375,393.4375,407.34375,407.34375,393.4375,396.875,420.3125,407.34375,416.25,420.3125,420.3125,393.4375,407.34375,393.4375,396.875,416.25,420.3125,407.34375,407.34375,404.21875,392.8125,404.21875,404.21875,407.34375,420.3125,392.8125,404.21875,392.8125,396.875,392.8125,392.8125,404.21875,392.8125,392.8125,392.8125,392.8125,392.8125,392.8125,392.8125,413.59375,407.34375,244.375,244.84375,248.28125,237.8125,244.375,244.84375,244.84375,244.84375,244.84375,244.84375,244.84375,244.84375,244.84375,245.78125,252.96875,252.96875,252.96875,252.96875,252.96875,244.84375,244.84375,237.8125,252.96875,244.84375,244.84375,244.84375,244.84375,244.84375,244.84375,244.84375,244.84375,244.84375,244.84375,244.84375,244.84375,237.8125,237.8125,244.84375,244.84375,244.84375,244.84375,244.84375,244.84375,244.84375,245.78125,244.84375,244.84375,244.84375,244.84375,244.84375,244.84375,244.84375,244.84375,244.84375,244.84375,244.84375,245.78125,249.375,244.84375,244.84375,244.84375,244.84375,244.84375,245.78125,241.875,244.84375,255.0,244.84375,244.84375,244.84375,245.78125,244.84375,244.84375,248.28125,237.8125,244.84375,237.8125,237.8125,237.8125,237.8125,237.8125,237.8125,237.8125,237.8125,244.84375,237.8125,237.8125,244.6875,237.8125,237.8125,237.8125,244.84375,237.8125
hDenV1/Colombia/SAN-UIS-0000029/2010,0.0,0.0,0.0,0.0,0.0,0.0,0.0,0.0,0.0,0.0,0.0,12.65625,12.65625,12.65625,0.0,12.65625,0.0,0.0,0.0,0.0,0.0,0.0,0.0,3.59375,0.0,22.65625,0.0,3.59375,3.59375,0.0,0.0,0.0,0.0,0.0,20.625,3.59375,0.0,0.0,3.59375,12.96875,0.0,0.0,3.59375,0.0,0.0,0.0,0.0,0.0,0.0,0.0,0.0,0.0,0.0,0.0,0.0,0.0,0.0,0.0,0.0,0.0,0.0,0.0,0.0,0.0,0.0,0.0,0.0,0.0,0.0,0.0,0.0,0.0,0.0,0.0,0.0,0.0,0.0,0.0,0.0,4.53125,0.0,0.0,0.0,0.0,0.0,0.0,0.0,0.0,0.0,0.0,0.0,0.0,0.0,12.65625,0.0,12.65625,0.0,0.0,0.0,12.65625,0.0,0.0,0.0,0.0,3.28125,207.65625,206.25,206.25,206.25,224.53125,204.84375,191.5625,202.03125,206.25,206.25,206.25,206.25,206.25,206.25,206.25,206.25,206.25,206.25,206.25,206.25,206.25,206.25,206.25,206.25,206.25,206.25,206.25,206.25,206.25,206.25,206.25,206.25,206.25,206.25,206.25,206.25,206.25,206.25,206.25,206.25,206.25,206.25,206.25,206.25,206.25,206.25,206.25,206.25,206.25,206.25,206.25,206.25,206.25,206.25,207.5,206.25,206.25,206.25,206.25,206.25,206.25,206.25,206.25,206.25,206.25,206.25,206.25,206.25,206.25,206.25,206.25,206.25,206.25,206.25,206.25,206.25,206.25,206.25,206.25,206.25,206.25,206.25,206.25,206.25,206.25,206.25,393.4375,393.4375,394.53125,393.4375,407.8125,407.8125,420.3125,386.09375,370.15625,396.875,420.3125,407.34375,420.3125,420.3125,407.34375,407.34375,407.34375,420.3125,420.3125,420.3125,393.4375,407.34375,407.34375,420.3125,407.34375,393.4375,420.3125,416.25,420.3125,407.34375,420.3125,420.3125,407.34375,393.4375,393.4375,407.34375,407.34375,393.4375,393.4375,420.3125,414.0625,407.34375,420.3125,407.34375,407.34375,420.3125,407.34375,396.875,407.34375,407.34375,407.34375,420.3125,407.34375,407.34375,393.4375,393.4375,407.34375,407.34375,393.4375,407.34375,407.34375,393.4375,393.4375,407.34375,407.34375,393.4375,396.875,420.3125,407.34375,416.25,420.3125,420.3125,393.4375,407.34375,393.4375,396.875,416.25,420.3125,407.34375,407.34375,404.21875,392.8125,404.21875,404.21875,407.34375,420.3125,392.8125,404.21875,392.8125,396.875,392.8125,392.8125,404.21875,392.8125,392.8125,392.8125,392.8125,392.8125,392.8125,392.8125,413.59375,407.34375,244.375,244.84375,248.28125,237.8125,244.375,244.84375,244.84375,244.84375,244.84375,244.84375,244.84375,244.84375,244.84375,245.78125,252.96875,252.96875,252.96875,252.96875,252.96875,244.84375,244.84375,237.8125,252.96875,244.84375,244.84375,244.84375,244.84375,244.84375,244.84375,244.84375,244.84375,244.84375,244.84375,244.84375,244.84375,237.8125,237.8125,244.84375,244.84375,244.84375,244.84375,244.84375,244.84375,244.84375,245.78125,244.84375,244.84375,244.84375,244.84375,244.84375,244.84375,244.84375,244.84375,244.84375,244.84375,244.84375,245.78125,249.375,244.84375,244.84375,244.84375,244.84375,244.84375,245.78125,241.875,244.84375,255.0,244.84375,244.84375,244.84375,245.78125,244.84375,244.84375,248.28125,237.8125,244.84375,237.8125,237.8125,237.8125,237.8125,237.8125,237.8125,237.8125,237.8125,244.84375,237.8125,237.8125,244.6875,237.8125,237.8125,237.8125,244.84375,237.8125
hDenV1/Colombia/SAN-UIS-0000030/2010,0.0,0.0,0.0,0.0,0.0,0.0,0.0,0.0,0.0,0.0,0.0,12.65625,12.65625,12.65625,0.0,12.65625,0.0,0.0,0.0,0.0,0.0,0.0,0.0,3.59375,0.0,22.65625,0.0,3.59375,3.59375,0.0,0.0,0.0,0.0,0.0,20.625,3.59375,0.0,0.0,3.59375,12.96875,0.0,0.0,3.59375,0.0,0.0,0.0,0.0,0.0,0.0,0.0,0.0,0.0,0.0,0.0,0.0,0.0,0.0,0.0,0.0,0.0,0.0,0.0,0.0,0.0,0.0,0.0,0.0,0.0,0.0,0.0,0.0,0.0,0.0,0.0,0.0,0.0,0.0,0.0,0.0,4.53125,0.0,0.0,0.0,0.0,0.0,0.0,0.0,0.0,0.0,0.0,0.0,0.0,0.0,12.65625,0.0,12.65625,0.0,0.0,0.0,12.65625,0.0,0.0,0.0,0.0,3.28125,207.65625,206.25,206.25,206.25,224.53125,204.84375,191.5625,202.03125,206.25,206.25,206.25,206.25,206.25,206.25,206.25,206.25,206.25,206.25,206.25,206.25,206.25,206.25,206.25,206.25,206.25,206.25,206.25,206.25,206.25,206.25,206.25,206.25,206.25,206.25,206.25,206.25,206.25,206.25,206.25,206.25,206.25,206.25,206.25,206.25,206.25,206.25,206.25,206.25,206.25,206.25,206.25,206.25,206.25,206.25,207.5,206.25,206.25,206.25,206.25,206.25,206.25,206.25,206.25,206.25,206.25,206.25,206.25,206.25,206.25,206.25,206.25,206.25,206.25,206.25,206.25,206.25,206.25,206.25,206.25,206.25,206.25,206.25,206.25,206.25,206.25,206.25,393.4375,393.4375,394.53125,393.4375,407.8125,407.8125,420.3125,386.09375,370.15625,396.875,420.3125,407.34375,420.3125,420.3125,407.34375,407.34375,407.34375,420.3125,420.3125,420.3125,393.4375,407.34375,407.34375,420.3125,407.34375,393.4375,420.3125,416.25,420.3125,407.34375,420.3125,420.3125,407.34375,393.4375,393.4375,407.34375,407.34375,393.4375,393.4375,420.3125,414.0625,407.34375,420.3125,407.34375,407.34375,420.3125,407.34375,396.875,407.34375,407.34375,407.34375,420.3125,407.34375,407.34375,393.4375,393.4375,407.34375,407.34375,393.4375,407.34375,407.34375,393.4375,393.4375,407.34375,407.34375,393.4375,396.875,420.3125,407.34375,416.25,420.3125,420.3125,393.4375,407.34375,393.4375,396.875,416.25,420.3125,407.34375,407.34375,404.21875,392.8125,404.21875,404.21875,407.34375,420.3125,392.8125,404.21875,392.8125,396.875,392.8125,392.8125,404.21875,392.8125,392.8125,392.8125,392.8125,392.8125,392.8125,392.8125,413.59375,407.34375,244.375,244.84375,248.28125,237.8125,244.375,244.84375,244.84375,244.84375,244.84375,244.84375,244.84375,244.84375,244.84375,245.78125,252.96875,252.96875,252.96875,252.96875,252.96875,244.84375,244.84375,237.8125,252.96875,244.84375,244.84375,244.84375,244.84375,244.84375,244.84375,244.84375,244.84375,244.84375,244.84375,244.84375,244.84375,237.8125,237.8125,244.84375,244.84375,244.84375,244.84375,244.84375,244.84375,244.84375,245.78125,244.84375,244.84375,244.84375,244.84375,244.84375,244.84375,244.84375,244.84375,244.84375,244.84375,244.84375,245.78125,249.375,244.84375,244.84375,244.84375,244.84375,244.84375,245.78125,241.875,244.84375,255.0,244.84375,244.84375,244.84375,245.78125,244.84375,244.84375,248.28125,237.8125,244.84375,237.8125,237.8125,237.8125,237.8125,237.8125,237.8125,237.8125,237.8125,244.84375,237.8125,237.8125,244.6875,237.8125,237.8125,237.8125,244.84375,237.8125
hDenV1/Colombia/SAN-UIS-0000031/2016,0.0,0.0,0.0,0.0,0.0,0.0,0.0,0.0,0.0,0.0,0.0,12.65625,12.65625,12.65625,0.0,12.65625,0.0,0.0,0.0,0.0,0.0,0.0,0.0,3.59375,0.0,22.65625,0.0,3.59375,3.59375,0.0,0.0,0.0,0.0,0.0,20.625,3.59375,0.0,0.0,3.59375,12.96875,0.0,0.0,3.59375,0.0,0.0,0.0,0.0,0.0,0.0,0.0,0.0,0.0,0.0,0.0,0.0,0.0,0.0,0.0,0.0,0.0,0.0,0.0,0.0,0.0,0.0,0.0,0.0,0.0,0.0,0.0,0.0,0.0,0.0,0.0,0.0,0.0,0.0,0.0,0.0,4.53125,0.0,0.0,0.0,0.0,0.0,0.0,0.0,0.0,0.0,0.0,0.0,0.0,0.0,12.65625,0.0,12.65625,0.0,0.0,0.0,12.65625,0.0,0.0,0.0,0.0,3.28125,207.65625,206.25,206.25,206.25,224.53125,204.84375,191.5625,202.03125,206.25,206.25,206.25,206.25,206.25,206.25,206.25,206.25,206.25,206.25,206.25,206.25,206.25,206.25,206.25,206.25,206.25,206.25,206.25,206.25,206.25,206.25,206.25,206.25,206.25,206.25,206.25,206.25,206.25,206.25,206.25,206.25,206.25,206.25,206.25,206.25,206.25,206.25,206.25,206.25,206.25,206.25,206.25,206.25,206.25,206.25,207.5,206.25,206.25,206.25,206.25,206.25,206.25,206.25,206.25,206.25,206.25,206.25,206.25,206.25,206.25,206.25,206.25,206.25,206.25,206.25,206.25,206.25,206.25,206.25,206.25,206.25,206.25,206.25,206.25,206.25,206.25,206.25,393.4375,393.4375,394.53125,393.4375,407.8125,407.8125,420.3125,386.09375,370.15625,396.875,420.3125,407.34375,420.3125,420.3125,407.34375,407.34375,407.34375,420.3125,420.3125,420.3125,393.4375,407.34375,407.34375,420.3125,407.34375,393.4375,420.3125,416.25,420.3125,407.34375,420.3125,420.3125,407.34375,393.4375,393.4375,407.34375,407.34375,393.4375,393.4375,420.3125,414.0625,407.34375,420.3125,407.34375,407.34375,420.3125,407.34375,396.875,407.34375,407.34375,407.34375,420.3125,407.34375,407.34375,393.4375,393.4375,407.34375,407.34375,393.4375,407.34375,407.34375,393.4375,393.4375,407.34375,407.34375,393.4375,396.875,420.3125,407.34375,416.25,420.3125,420.3125,393.4375,407.34375,393.4375,396.875,416.25,420.3125,407.34375,407.34375,404.21875,392.8125,404.21875,404.21875,407.34375,420.3125,392.8125,404.21875,392.8125,396.875,392.8125,392.8125,404.21875,392.8125,392.8125,392.8125,392.8125,392.8125,392.8125,392.8125,413.59375,407.34375,244.375,244.84375,248.28125,237.8125,244.375,244.84375,244.84375,244.84375,244.84375,244.84375,244.84375,244.84375,244.84375,245.78125,252.96875,252.96875,252.96875,252.96875,252.96875,244.84375,244.84375,237.8125,252.96875,244.84375,244.84375,244.84375,244.84375,244.84375,244.84375,244.84375,244.84375,244.84375,244.84375,244.84375,244.84375,237.8125,237.8125,244.84375,244.84375,244.84375,244.84375,244.84375,244.84375,244.84375,245.78125,244.84375,244.84375,244.84375,244.84375,244.84375,244.84375,244.84375,244.84375,244.84375,244.84375,244.84375,245.78125,249.375,244.84375,244.84375,244.84375,244.84375,244.84375,245.78125,241.875,244.84375,255.0,244.84375,244.84375,244.84375,245.78125,244.84375,244.84375,248.28125,237.8125,244.84375,237.8125,237.8125,237.8125,237.8125,237.8125,237.8125,237.8125,237.8125,244.84375,237.8125,237.8125,244.6875,237.8125,237.8125,237.8125,244.84375,237.8125
hDenV1/Colombia/SAN-UIS-0000034/2014,15.3125,15.3125,15.3125,15.3125,15.3125,15.3125,15.3125,15.3125,15.3125,15.3125,15.3125,27.96875,27.96875,27.96875,15.3125,27.96875,15.3125,15.3125,15.3125,15.3125,15.3125,15.3125,15.3125,18.90625,15.3125,37.96875,15.3125,18.90625,18.90625,15.3125,15.3125,15.3125,15.3125,15.3125,35.9375,18.90625,15.3125,15.3125,18.90625,28.28125,15.3125,15.3125,18.90625,15.3125,15.3125,15.3125,15.3125,15.3125,15.3125,15.3125,15.3125,15.3125,15.3125,15.3125,15.3125,15.3125,15.3125,15.3125,15.3125,15.3125,15.3125,15.3125,15.3125,15.3125,15.3125,15.3125,15.3125,15.3125,15.3125,15.3125,15.3125,15.3125,15.3125,15.3125,15.3125,15.3125,15.3125,15.3125,15.3125,19.84375,15.3125,15.3125,15.3125,15.3125,15.3125,15.3125,15.3125,15.3125,15.3125,15.3125,15.3125,15.3125,15.3125,27.96875,15.3125,27.96875,15.3125,15.3125,15.3125,27.96875,15.3125,15.3125,15.3125,15.3125,18.59375,211.40625,210.0,210.0,210.0,228.28125,208.59375,195.3125,205.78125,210.0,210.0,210.0,210.0,210.0,210.0,210.0,210.0,210.0,210.0,210.0,210.0,210.0,210.0,210.0,210.0,210.0,210.0,210.0,210.0,210.0,210.0,210.0,210.0,210.0,210.0,210.0,210.0,210.0,210.0,210.0,210.0,210.0,210.0,210.0,210.0,210.0,210.0,210.0,210.0,210.0,210.0,210.0,210.0,210.0,210.0,211.25,210.0,210.0,210.0,210.0,210.0,210.0,210.0,210.0,210.0,210.0,210.0,210.0,210.0,210.0,210.0,210.0,210.0,210.0,210.0,210.0,210.0,210.0,210.0,210.0,210.0,210.0,210.0,210.0,210.0,210.0,210.0,394.375,394.375,395.46875,394.375,408.75,408.75,421.25,387.03125,371.09375,397.8125,421.25,408.28125,421.25,421.25,408.28125,408.28125,408.28125,421.25,421.25,421.25,394.375,408.28125,408.28125,421.25,408.28125,394.375,421.25,417.1875,421.25,408.28125,421.25,421.25,408.28125,394.375,394.375,408.28125,408.28125,394.375,394.375,421.25,415.0,408.28125,421.25,408.28125,408.28125,421.25,408.28125,397.8125,408.28125,408.28125,408.28125,421.25,408.28125,408.28125,394.375,394.375,408.28125,408.28125,394.375,408.28125,408.28125,394.375,394.375,408.28125,408.28125,394.375,397.8125,421.25,408.28125,417.1875,421.25,421.25,394.375,408.28125,394.375,397.8125,417.1875,421.25,408.28125,408.28125,405.15625,393.75,405.15625,405.15625,408.28125,421.25,393.75,405.15625,393.75,397.8125,393.75,393.75,405.15625,393.75,393.75,393.75,393.75,393.75,393.75,393.75,414.53125,408.28125,236.71875,237.1875,240.625,230.15625,236.71875,237.1875,237.1875,237.1875,237.1875,237.1875,237.1875,237.1875,237.1875,238.125,245.3125,245.3125,245.3125,245.3125,245.3125,237.1875,237.1875,230.15625,245.3125,237.1875,237.1875,237.1875,237.1875,237.1875,237.1875,237.1875,237.1875,237.1875,237.1875,237.1875,237.1875,230.15625,230.15625,237.1875,237.1875,237.1875,237.1875,237.1875,237.1875,237.1875,238.125,237.1875,237.1875,237.1875,237.1875,237.1875,237.1875,237.1875,237.1875,237.1875,237.1875,237.1875,238.125,241.71875,237.1875,237.1875,237.1875,237.1875,237.1875,238.125,234.21875,237.1875,247.34375,237.1875,237.1875,237.1875,238.125,237.1875,237.1875,240.625,230.15625,237.1875,230.15625,230.15625,230.15625,230.15625,230.15625,230.15625,230.15625,230.15625,237.1875,230.15625,230.15625,237.03125,230.15625,230.15625,230.15625,237.1875,230.15625
hDenV1/Colombia/SAN-UIS-0000040/2009,0.0,0.0,0.0,0.0,0.0,0.0,0.0,0.0,0.0,0.0,0.0,12.65625,12.65625,12.65625,0.0,12.65625,0.0,0.0,0.0,0.0,0.0,0.0,0.0,3.59375,0.0,22.65625,0.0,3.59375,3.59375,0.0,0.0,0.0,0.0,0.0,20.625,3.59375,0.0,0.0,3.59375,12.96875,0.0,0.0,3.59375,0.0,0.0,0.0,0.0,0.0,0.0,0.0,0.0,0.0,0.0,0.0,0.0,0.0,0.0,0.0,0.0,0.0,0.0,0.0,0.0,0.0,0.0,0.0,0.0,0.0,0.0,0.0,0.0,0.0,0.0,0.0,0.0,0.0,0.0,0.0,0.0,4.53125,0.0,0.0,0.0,0.0,0.0,0.0,0.0,0.0,0.0,0.0,0.0,0.0,0.0,12.65625,0.0,12.65625,0.0,0.0,0.0,12.65625,0.0,0.0,0.0,0.0,3.28125,207.65625,206.25,206.25,206.25,224.53125,204.84375,191.5625,202.03125,206.25,206.25,206.25,206.25,206.25,206.25,206.25,206.25,206.25,206.25,206.25,206.25,206.25,206.25,206.25,206.25,206.25,206.25,206.25,206.25,206.25,206.25,206.25,206.25,206.25,206.25,206.25,206.25,206.25,206.25,206.25,206.25,206.25,206.25,206.25,206.25,206.25,206.25,206.25,206.25,206.25,206.25,206.25,206.25,206.25,206.25,207.5,206.25,206.25,206.25,206.25,206.25,206.25,206.25,206.25,206.25,206.25,206.25,206.25,206.25,206.25,206.25,206.25,206.25,206.25,206.25,206.25,206.25,206.25,206.25,206.25,206.25,206.25,206.25,206.25,206.25,206.25,206.25,393.4375,393.4375,394.53125,393.4375,407.8125,407.8125,420.3125,386.09375,370.15625,396.875,420.3125,407.34375,420.3125,420.3125,407.34375,407.34375,407.34375,420.3125,420.3125,420.3125,393.4375,407.34375,407.34375,420.3125,407.34375,393.4375,420.3125,416.25,420.3125,407.34375,420.3125,420.3125,407.34375,393.4375,393.4375,407.34375,407.34375,393.4375,393.4375,420.3125,414.0625,407.34375,420.3125,407.34375,407.34375,420.3125,407.34375,396.875,407.34375,407.34375,407.34375,420.3125,407.34375,407.34375,393.4375,393.4375,407.34375,407.34375,393.4375,407.34375,407.34375,393.4375,393.4375,407.34375,407.34375,393.4375,396.875,420.3125,407.34375,416.25,420.3125,420.3125,393.4375,407.34375,393.4375,396.875,416.25,420.3125,407.34375,407.34375,404.21875,392.8125,404.21875,404.21875,407.34375,420.3125,392.8125,404.21875,392.8125,396.875,392.8125,392.8125,404.21875,392.8125,392.8125,392.8125,392.8125,392.8125,392.8125,392.8125,413.59375,407.34375,244.375,244.84375,248.28125,237.8125,244.375,244.84375,244.84375,244.84375,244.84375,244.84375,244.84375,244.84375,244.84375,245.78125,252.96875,252.96875,252.96875,252.96875,252.96875,244.84375,244.84375,237.8125,252.96875,244.84375,244.84375,244.84375,244.84375,244.84375,244.84375,244.84375,244.84375,244.84375,244.84375,244.84375,244.84375,237.8125,237.8125,244.84375,244.84375,244.84375,244.84375,244.84375,244.84375,244.84375,245.78125,244.84375,244.84375,244.84375,244.84375,244.84375,244.84375,244.84375,244.84375,244.84375,244.84375,244.84375,245.78125,249.375,244.84375,244.84375,244.84375,244.84375,244.84375,245.78125,241.875,244.84375,255.0,244.84375,244.84375,244.84375,245.78125,244.84375,244.84375,248.28125,237.8125,244.84375,237.8125,237.8125,237.8125,237.8125,237.8125,237.8125,237.8125,237.8125,244.84375,237.8125,237.8125,244.6875,237.8125,237.8125,237.8125,244.84375,237.8125
hDenV1/Colombia/SAN-UIS-0000041/2010,0.0,0.0,0.0,0.0,0.0,0.0,0.0,0.0,0.0,0.0,0.0,12.65625,12.65625,12.65625,0.0,12.65625,0.0,0.0,0.0,0.0,0.0,0.0,0.0,3.59375,0.0,22.65625,0.0,3.59375,3.59375,0.0,0.0,0.0,0.0,0.0,20.625,3.59375,0.0,0.0,3.59375,12.96875,0.0,0.0,3.59375,0.0,0.0,0.0,0.0,0.0,0.0,0.0,0.0,0.0,0.0,0.0,0.0,0.0,0.0,0.0,0.0,0.0,0.0,0.0,0.0,0.0,0.0,0.0,0.0,0.0,0.0,0.0,0.0,0.0,0.0,0.0,0.0,0.0,0.0,0.0,0.0,4.53125,0.0,0.0,0.0,0.0,0.0,0.0,0.0,0.0,0.0,0.0,0.0,0.0,0.0,12.65625,0.0,12.65625,0.0,0.0,0.0,12.65625,0.0,0.0,0.0,0.0,3.28125,207.65625,206.25,206.25,206.25,224.53125,204.84375,191.5625,202.03125,206.25,206.25,206.25,206.25,206.25,206.25,206.25,206.25,206.25,206.25,206.25,206.25,206.25,206.25,206.25,206.25,206.25,206.25,206.25,206.25,206.25,206.25,206.25,206.25,206.25,206.25,206.25,206.25,206.25,206.25,206.25,206.25,206.25,206.25,206.25,206.25,206.25,206.25,206.25,206.25,206.25,206.25,206.25,206.25,206.25,206.25,207.5,206.25,206.25,206.25,206.25,206.25,206.25,206.25,206.25,206.25,206.25,206.25,206.25,206.25,206.25,206.25,206.25,206.25,206.25,206.25,206.25,206.25,206.25,206.25,206.25,206.25,206.25,206.25,206.25,206.25,206.25,206.25,393.4375,393.4375,394.53125,393.4375,407.8125,407.8125,420.3125,386.09375,370.15625,396.875,420.3125,407.34375,420.3125,420.3125,407.34375,407.34375,407.34375,420.3125,420.3125,420.3125,393.4375,407.34375,407.34375,420.3125,407.34375,393.4375,420.3125,416.25,420.3125,407.34375,420.3125,420.3125,407.34375,393.4375,393.4375,407.34375,407.34375,393.4375,393.4375,420.3125,414.0625,407.34375,420.3125,407.34375,407.34375,420.3125,407.34375,396.875,407.34375,407.34375,407.34375,420.3125,407.34375,407.34375,393.4375,393.4375,407.34375,407.34375,393.4375,407.34375,407.34375,393.4375,393.4375,407.34375,407.34375,393.4375,396.875,420.3125,407.34375,416.25,420.3125,420.3125,393.4375,407.34375,393.4375,396.875,416.25,420.3125,407.34375,407.34375,404.21875,392.8125,404.21875,404.21875,407.34375,420.3125,392.8125,404.21875,392.8125,396.875,392.8125,392.8125,404.21875,392.8125,392.8125,392.8125,392.8125,392.8125,392.8125,392.8125,413.59375,407.34375,244.375,244.84375,248.28125,237.8125,244.375,244.84375,244.84375,244.84375,244.84375,244.84375,244.84375,244.84375,244.84375,245.78125,252.96875,252.96875,252.96875,252.96875,252.96875,244.84375,244.84375,237.8125,252.96875,244.84375,244.84375,244.84375,244.84375,244.84375,244.84375,244.84375,244.84375,244.84375,244.84375,244.84375,244.84375,237.8125,237.8125,244.84375,244.84375,244.84375,244.84375,244.84375,244.84375,244.84375,245.78125,244.84375,244.84375,244.84375,244.84375,244.84375,244.84375,244.84375,244.84375,244.84375,244.84375,244.84375,245.78125,249.375,244.84375,244.84375,244.84375,244.84375,244.84375,245.78125,241.875,244.84375,255.0,244.84375,244.84375,244.84375,245.78125,244.84375,244.84375,248.28125,237.8125,244.84375,237.8125,237.8125,237.8125,237.8125,237.8125,237.8125,237.8125,237.8125,244.84375,237.8125,237.8125,244.6875,237.8125,237.8125,237.8125,244.84375,237.8125
hDenV1/Colombia/SAN-UIS-0000043/2009,0.0,0.0,0.0,0.0,0.0,0.0,0.0,0.0,0.0,0.0,0.0,12.65625,12.65625,12.65625,0.0,12.65625,0.0,0.0,0.0,0.0,0.0,0.0,0.0,3.59375,0.0,22.65625,0.0,3.59375,3.59375,0.0,0.0,0.0,0.0,0.0,20.625,3.59375,0.0,0.0,3.59375,12.96875,0.0,0.0,3.59375,0.0,0.0,0.0,0.0,0.0,0.0,0.0,0.0,0.0,0.0,0.0,0.0,0.0,0.0,0.0,0.0,0.0,0.0,0.0,0.0,0.0,0.0,0.0,0.0,0.0,0.0,0.0,0.0,0.0,0.0,0.0,0.0,0.0,0.0,0.0,0.0,4.53125,0.0,0.0,0.0,0.0,0.0,0.0,0.0,0.0,0.0,0.0,0.0,0.0,0.0,12.65625,0.0,12.65625,0.0,0.0,0.0,12.65625,0.0,0.0,0.0,0.0,3.28125,207.65625,206.25,206.25,206.25,224.53125,204.84375,191.5625,202.03125,206.25,206.25,206.25,206.25,206.25,206.25,206.25,206.25,206.25,206.25,206.25,206.25,206.25,206.25,206.25,206.25,206.25,206.25,206.25,206.25,206.25,206.25,206.25,206.25,206.25,206.25,206.25,206.25,206.25,206.25,206.25,206.25,206.25,206.25,206.25,206.25,206.25,206.25,206.25,206.25,206.25,206.25,206.25,206.25,206.25,206.25,207.5,206.25,206.25,206.25,206.25,206.25,206.25,206.25,206.25,206.25,206.25,206.25,206.25,206.25,206.25,206.25,206.25,206.25,206.25,206.25,206.25,206.25,206.25,206.25,206.25,206.25,206.25,206.25,206.25,206.25,206.25,206.25,393.4375,393.4375,394.53125,393.4375,407.8125,407.8125,420.3125,386.09375,370.15625,396.875,420.3125,407.34375,420.3125,420.3125,407.34375,407.34375,407.34375,420.3125,420.3125,420.3125,393.4375,407.34375,407.34375,420.3125,407.34375,393.4375,420.3125,416.25,420.3125,407.34375,420.3125,420.3125,407.34375,393.4375,393.4375,407.34375,407.34375,393.4375,393.4375,420.3125,414.0625,407.34375,420.3125,407.34375,407.34375,420.3125,407.34375,396.875,407.34375,407.34375,407.34375,420.3125,407.34375,407.34375,393.4375,393.4375,407.34375,407.34375,393.4375,407.34375,407.34375,393.4375,393.4375,407.34375,407.34375,393.4375,396.875,420.3125,407.34375,416.25,420.3125,420.3125,393.4375,407.34375,393.4375,396.875,416.25,420.3125,407.34375,407.34375,404.21875,392.8125,404.21875,404.21875,407.34375,420.3125,392.8125,404.21875,392.8125,396.875,392.8125,392.8125,404.21875,392.8125,392.8125,392.8125,392.8125,392.8125,392.8125,392.8125,413.59375,407.34375,244.375,244.84375,248.28125,237.8125,244.375,244.84375,244.84375,244.84375,244.84375,244.84375,244.84375,244.84375,244.84375,245.78125,252.96875,252.96875,252.96875,252.96875,252.96875,244.84375,244.84375,237.8125,252.96875,244.84375,244.84375,244.84375,244.84375,244.84375,244.84375,244.84375,244.84375,244.84375,244.84375,244.84375,244.84375,237.8125,237.8125,244.84375,244.84375,244.84375,244.84375,244.84375,244.84375,244.84375,245.78125,244.84375,244.84375,244.84375,244.84375,244.84375,244.84375,244.84375,244.84375,244.84375,244.84375,244.84375,245.78125,249.375,244.84375,244.84375,244.84375,244.84375,244.84375,245.78125,241.875,244.84375,255.0,244.84375,244.84375,244.84375,245.78125,244.84375,244.84375,248.28125,237.8125,244.84375,237.8125,237.8125,237.8125,237.8125,237.8125,237.8125,237.8125,237.8125,244.84375,237.8125,237.8125,244.6875,237.8125,237.8125,237.8125,244.84375,237.8125
hDenV1/Colombia/SAN-UIS-0000046/2009,0.0,0.0,0.0,0.0,0.0,0.0,0.0,0.0,0.0,0.0,0.0,12.65625,12.65625,12.65625,0.0,12.65625,0.0,0.0,0.0,0.0,0.0,0.0,0.0,3.59375,0.0,22.65625,0.0,3.59375,3.59375,0.0,0.0,0.0,0.0,0.0,20.625,3.59375,0.0,0.0,3.59375,12.96875,0.0,0.0,3.59375,0.0,0.0,0.0,0.0,0.0,0.0,0.0,0.0,0.0,0.0,0.0,0.0,0.0,0.0,0.0,0.0,0.0,0.0,0.0,0.0,0.0,0.0,0.0,0.0,0.0,0.0,0.0,0.0,0.0,0.0,0.0,0.0,0.0,0.0,0.0,0.0,4.53125,0.0,0.0,0.0,0.0,0.0,0.0,0.0,0.0,0.0,0.0,0.0,0.0,0.0,12.65625,0.0,12.65625,0.0,0.0,0.0,12.65625,0.0,0.0,0.0,0.0,3.28125,207.65625,206.25,206.25,206.25,224.53125,204.84375,191.5625,202.03125,206.25,206.25,206.25,206.25,206.25,206.25,206.25,206.25,206.25,206.25,206.25,206.25,206.25,206.25,206.25,206.25,206.25,206.25,206.25,206.25,206.25,206.25,206.25,206.25,206.25,206.25,206.25,206.25,206.25,206.25,206.25,206.25,206.25,206.25,206.25,206.25,206.25,206.25,206.25,206.25,206.25,206.25,206.25,206.25,206.25,206.25,207.5,206.25,206.25,206.25,206.25,206.25,206.25,206.25,206.25,206.25,206.25,206.25,206.25,206.25,206.25,206.25,206.25,206.25,206.25,206.25,206.25,206.25,206.25,206.25,206.25,206.25,206.25,206.25,206.25,206.25,206.25,206.25,393.4375,393.4375,394.53125,393.4375,407.8125,407.8125,420.3125,386.09375,370.15625,396.875,420.3125,407.34375,420.3125,420.3125,407.34375,407.34375,407.34375,420.3125,420.3125,420.3125,393.4375,407.34375,407.34375,420.3125,407.34375,393.4375,420.3125,416.25,420.3125,407.34375,420.3125,420.3125,407.34375,393.4375,393.4375,407.34375,407.34375,393.4375,393.4375,420.3125,414.0625,407.34375,420.3125,407.34375,407.34375,420.3125,407.34375,396.875,407.34375,407.34375,407.34375,420.3125,407.34375,407.34375,393.4375,393.4375,407.34375,407.34375,393.4375,407.34375,407.34375,393.4375,393.4375,407.34375,407.34375,393.4375,396.875,420.3125,407.34375,416.25,420.3125,420.3125,393.4375,407.34375,393.4375,396.875,416.25,420.3125,407.34375,407.34375,404.21875,392.8125,404.21875,404.21875,407.34375,420.3125,392.8125,404.21875,392.8125,396.875,392.8125,392.8125,404.21875,392.8125,392.8125,392.8125,392.8125,392.8125,392.8125,392.8125,413.59375,407.34375,244.375,244.84375,248.28125,237.8125,244.375,244.84375,244.84375,244.84375,244.84375,244.84375,244.84375,244.84375,244.84375,245.78125,252.96875,252.96875,252.96875,252.96875,252.96875,244.84375,244.84375,237.8125,252.96875,244.84375,244.84375,244.84375,244.84375,244.84375,244.84375,244.84375,244.84375,244.84375,244.84375,244.84375,244.84375,237.8125,237.8125,244.84375,244.84375,244.84375,244.84375,244.84375,244.84375,244.84375,245.78125,244.84375,244.84375,244.84375,244.84375,244.84375,244.84375,244.84375,244.84375,244.84375,244.84375,244.84375,245.78125,249.375,244.84375,244.84375,244.84375,244.84375,244.84375,245.78125,241.875,244.84375,255.0,244.84375,244.84375,244.84375,245.78125,244.84375,244.84375,248.28125,237.8125,244.84375,237.8125,237.8125,237.8125,237.8125,237.8125,237.8125,237.8125,237.8125,244.84375,237.8125,237.8125,244.6875,237.8125,237.8125,237.8125,244.84375,237.8125
hDenV1/Colombia/SAN-UIS-0000047/2016,0.0,0.0,0.0,0.0,0.0,0.0,0.0,0.0,0.0,0.0,0.0,12.65625,12.65625,12.65625,0.0,12.65625,0.0,0.0,0.0,0.0,0.0,0.0,0.0,3.59375,0.0,22.65625,0.0,3.59375,3.59375,0.0,0.0,0.0,0.0,0.0,20.625,3.59375,0.0,0.0,3.59375,12.96875,0.0,0.0,3.59375,0.0,0.0,0.0,0.0,0.0,0.0,0.0,0.0,0.0,0.0,0.0,0.0,0.0,0.0,0.0,0.0,0.0,0.0,0.0,0.0,0.0,0.0,0.0,0.0,0.0,0.0,0.0,0.0,0.0,0.0,0.0,0.0,0.0,0.0,0.0,0.0,4.53125,0.0,0.0,0.0,0.0,0.0,0.0,0.0,0.0,0.0,0.0,0.0,0.0,0.0,12.65625,0.0,12.65625,0.0,0.0,0.0,12.65625,0.0,0.0,0.0,0.0,3.28125,207.65625,206.25,206.25,206.25,224.53125,204.84375,191.5625,202.03125,206.25,206.25,206.25,206.25,206.25,206.25,206.25,206.25,206.25,206.25,206.25,206.25,206.25,206.25,206.25,206.25,206.25,206.25,206.25,206.25,206.25,206.25,206.25,206.25,206.25,206.25,206.25,206.25,206.25,206.25,206.25,206.25,206.25,206.25,206.25,206.25,206.25,206.25,206.25,206.25,206.25,206.25,206.25,206.25,206.25,206.25,207.5,206.25,206.25,206.25,206.25,206.25,206.25,206.25,206.25,206.25,206.25,206.25,206.25,206.25,206.25,206.25,206.25,206.25,206.25,206.25,206.25,206.25,206.25,206.25,206.25,206.25,206.25,206.25,206.25,206.25,206.25,206.25,393.4375,393.4375,394.53125,393.4375,407.8125,407.8125,420.3125,386.09375,370.15625,396.875,420.3125,407.34375,420.3125,420.3125,407.34375,407.34375,407.34375,420.3125,420.3125,420.3125,393.4375,407.34375,407.34375,420.3125,407.34375,393.4375,420.3125,416.25,420.3125,407.34375,420.3125,420.3125,407.34375,393.4375,393.4375,407.34375,407.34375,393.4375,393.4375,420.3125,414.0625,407.34375,420.3125,407.34375,407.34375,420.3125,407.34375,396.875,407.34375,407.34375,407.34375,420.3125,407.34375,407.34375,393.4375,393.4375,407.34375,407.34375,393.4375,407.34375,407.34375,393.4375,393.4375,407.34375,407.34375,393.4375,396.875,420.3125,407.34375,416.25,420.3125,420.3125,393.4375,407.34375,393.4375,396.875,416.25,420.3125,407.34375,407.34375,404.21875,392.8125,404.21875,404.21875,407.34375,420.3125,392.8125,404.21875,392.8125,396.875,392.8125,392.8125,404.21875,392.8125,392.8125,392.8125,392.8125,392.8125,392.8125,392.8125,413.59375,407.34375,244.375,244.84375,248.28125,237.8125,244.375,244.84375,244.84375,244.84375,244.84375,244.84375,244.84375,244.84375,244.84375,245.78125,252.96875,252.96875,252.96875,252.96875,252.96875,244.84375,244.84375,237.8125,252.96875,244.84375,244.84375,244.84375,244.84375,244.84375,244.84375,244.84375,244.84375,244.84375,244.84375,244.84375,244.84375,237.8125,237.8125,244.84375,244.84375,244.84375,244.84375,244.84375,244.84375,244.84375,245.78125,244.84375,244.84375,244.84375,244.84375,244.84375,244.84375,244.84375,244.84375,244.84375,244.84375,244.84375,245.78125,249.375,244.84375,244.84375,244.84375,244.84375,244.84375,245.78125,241.875,244.84375,255.0,244.84375,244.84375,244.84375,245.78125,244.84375,244.84375,248.28125,237.8125,244.84375,237.8125,237.8125,237.8125,237.8125,237.8125,237.8125,237.8125,237.8125,244.84375,237.8125,237.8125,244.6875,237.8125,237.8125,237.8125,244.84375,237.8125
hDenV1/Colombia/SAN-UIS-0000048/2014,0.0,0.0,0.0,0.0,0.0,0.0,0.0,0.0,0.0,0.0,0.0,12.65625,12.65625,12.65625,0.0,12.65625,0.0,0.0,0.0,0.0,0.0,0.0,0.0,3.59375,0.0,22.65625,0.0,3.59375,3.59375,0.0,0.0,0.0,0.0,0.0,20.625,3.59375,0.0,0.0,3.59375,12.96875,0.0,0.0,3.59375,0.0,0.0,0.0,0.0,0.0,0.0,0.0,0.0,0.0,0.0,0.0,0.0,0.0,0.0,0.0,0.0,0.0,0.0,0.0,0.0,0.0,0.0,0.0,0.0,0.0,0.0,0.0,0.0,0.0,0.0,0.0,0.0,0.0,0.0,0.0,0.0,4.53125,0.0,0.0,0.0,0.0,0.0,0.0,0.0,0.0,0.0,0.0,0.0,0.0,0.0,12.65625,0.0,12.65625,0.0,0.0,0.0,12.65625,0.0,0.0,0.0,0.0,3.28125,207.65625,206.25,206.25,206.25,224.53125,204.84375,191.5625,202.03125,206.25,206.25,206.25,206.25,206.25,206.25,206.25,206.25,206.25,206.25,206.25,206.25,206.25,206.25,206.25,206.25,206.25,206.25,206.25,206.25,206.25,206.25,206.25,206.25,206.25,206.25,206.25,206.25,206.25,206.25,206.25,206.25,206.25,206.25,206.25,206.25,206.25,206.25,206.25,206.25,206.25,206.25,206.25,206.25,206.25,206.25,207.5,206.25,206.25,206.25,206.25,206.25,206.25,206.25,206.25,206.25,206.25,206.25,206.25,206.25,206.25,206.25,206.25,206.25,206.25,206.25,206.25,206.25,206.25,206.25,206.25,206.25,206.25,206.25,206.25,206.25,206.25,206.25,393.4375,393.4375,394.53125,393.4375,407.8125,407.8125,420.3125,386.09375,370.15625,396.875,420.3125,407.34375,420.3125,420.3125,407.34375,407.34375,407.34375,420.3125,420.3125,420.3125,393.4375,407.34375,407.34375,420.3125,407.34375,393.4375,420.3125,416.25,420.3125,407.34375,420.3125,420.3125,407.34375,393.4375,393.4375,407.34375,407.34375,393.4375,393.4375,420.3125,414.0625,407.34375,420.3125,407.34375,407.34375,420.3125,407.34375,396.875,407.34375,407.34375,407.34375,420.3125,407.34375,407.34375,393.4375,393.4375,407.34375,407.34375,393.4375,407.34375,407.34375,393.4375,393.4375,407.34375,407.34375,393.4375,396.875,420.3125,407.34375,416.25,420.3125,420.3125,393.4375,407.34375,393.4375,396.875,416.25,420.3125,407.34375,407.34375,404.21875,392.8125,404.21875,404.21875,407.34375,420.3125,392.8125,404.21875,392.8125,396.875,392.8125,392.8125,404.21875,392.8125,392.8125,392.8125,392.8125,392.8125,392.8125,392.8125,413.59375,407.34375,244.375,244.84375,248.28125,237.8125,244.375,244.84375,244.84375,244.84375,244.84375,244.84375,244.84375,244.84375,244.84375,245.78125,252.96875,252.96875,252.96875,252.96875,252.96875,244.84375,244.84375,237.8125,252.96875,244.84375,244.84375,244.84375,244.84375,244.84375,244.84375,244.84375,244.84375,244.84375,244.84375,244.84375,244.84375,237.8125,237.8125,244.84375,244.84375,244.84375,244.84375,244.84375,244.84375,244.84375,245.78125,244.84375,244.84375,244.84375,244.84375,244.84375,244.84375,244.84375,244.84375,244.84375,244.84375,244.84375,245.78125,249.375,244.84375,244.84375,244.84375,244.84375,244.84375,245.78125,241.875,244.84375,255.0,244.84375,244.84375,244.84375,245.78125,244.84375,244.84375,248.28125,237.8125,244.84375,237.8125,237.8125,237.8125,237.8125,237.8125,237.8125,237.8125,237.8125,244.84375,237.8125,237.8125,244.6875,237.8125,237.8125,237.8125,244.84375,237.8125
hDenV1/Colombia/SAN-UIS-0000050/2009,0.0,0.0,0.0,0.0,0.0,0.0,0.0,0.0,0.0,0.0,0.0,12.65625,12.65625,12.65625,0.0,12.65625,0.0,0.0,0.0,0.0,0.0,0.0,0.0,3.59375,0.0,22.65625,0.0,3.59375,3.59375,0.0,0.0,0.0,0.0,0.0,20.625,3.59375,0.0,0.0,3.59375,12.96875,0.0,0.0,3.59375,0.0,0.0,0.0,0.0,0.0,0.0,0.0,0.0,0.0,0.0,0.0,0.0,0.0,0.0,0.0,0.0,0.0,0.0,0.0,0.0,0.0,0.0,0.0,0.0,0.0,0.0,0.0,0.0,0.0,0.0,0.0,0.0,0.0,0.0,0.0,0.0,4.53125,0.0,0.0,0.0,0.0,0.0,0.0,0.0,0.0,0.0,0.0,0.0,0.0,0.0,12.65625,0.0,12.65625,0.0,0.0,0.0,12.65625,0.0,0.0,0.0,0.0,3.28125,207.65625,206.25,206.25,206.25,224.53125,204.84375,191.5625,202.03125,206.25,206.25,206.25,206.25,206.25,206.25,206.25,206.25,206.25,206.25,206.25,206.25,206.25,206.25,206.25,206.25,206.25,206.25,206.25,206.25,206.25,206.25,206.25,206.25,206.25,206.25,206.25,206.25,206.25,206.25,206.25,206.25,206.25,206.25,206.25,206.25,206.25,206.25,206.25,206.25,206.25,206.25,206.25,206.25,206.25,206.25,207.5,206.25,206.25,206.25,206.25,206.25,206.25,206.25,206.25,206.25,206.25,206.25,206.25,206.25,206.25,206.25,206.25,206.25,206.25,206.25,206.25,206.25,206.25,206.25,206.25,206.25,206.25,206.25,206.25,206.25,206.25,206.25,393.4375,393.4375,394.53125,393.4375,407.8125,407.8125,420.3125,386.09375,370.15625,396.875,420.3125,407.34375,420.3125,420.3125,407.34375,407.34375,407.34375,420.3125,420.3125,420.3125,393.4375,407.34375,407.34375,420.3125,407.34375,393.4375,420.3125,416.25,420.3125,407.34375,420.3125,420.3125,407.34375,393.4375,393.4375,407.34375,407.34375,393.4375,393.4375,420.3125,414.0625,407.34375,420.3125,407.34375,407.34375,420.3125,407.34375,396.875,407.34375,407.34375,407.34375,420.3125,407.34375,407.34375,393.4375,393.4375,407.34375,407.34375,393.4375,407.34375,407.34375,393.4375,393.4375,407.34375,407.34375,393.4375,396.875,420.3125,407.34375,416.25,420.3125,420.3125,393.4375,407.34375,393.4375,396.875,416.25,420.3125,407.34375,407.34375,404.21875,392.8125,404.21875,404.21875,407.34375,420.3125,392.8125,404.21875,392.8125,396.875,392.8125,392.8125,404.21875,392.8125,392.8125,392.8125,392.8125,392.8125,392.8125,392.8125,413.59375,407.34375,244.375,244.84375,248.28125,237.8125,244.375,244.84375,244.84375,244.84375,244.84375,244.84375,244.84375,244.84375,244.84375,245.78125,252.96875,252.96875,252.96875,252.96875,252.96875,244.84375,244.84375,237.8125,252.96875,244.84375,244.84375,244.84375,244.84375,244.84375,244.84375,244.84375,244.84375,244.84375,244.84375,244.84375,244.84375,237.8125,237.8125,244.84375,244.84375,244.84375,244.84375,244.84375,244.84375,244.84375,245.78125,244.84375,244.84375,244.84375,244.84375,244.84375,244.84375,244.84375,244.84375,244.84375,244.84375,244.84375,245.78125,249.375,244.84375,244.84375,244.84375,244.84375,244.84375,245.78125,241.875,244.84375,255.0,244.84375,244.84375,244.84375,245.78125,244.84375,244.84375,248.28125,237.8125,244.84375,237.8125,237.8125,237.8125,237.8125,237.8125,237.8125,237.8125,237.8125,244.84375,237.8125,237.8125,244.6875,237.8125,237.8125,237.8125,244.84375,237.8125
hDenV1/Colombia/SAN-UIS-0000051/2016,0.0,0.0,0.0,0.0,0.0,0.0,0.0,0.0,0.0,0.0,0.0,12.65625,12.65625,12.65625,0.0,12.65625,0.0,0.0,0.0,0.0,0.0,0.0,0.0,3.59375,0.0,22.65625,0.0,3.59375,3.59375,0.0,0.0,0.0,0.0,0.0,20.625,3.59375,0.0,0.0,3.59375,12.96875,0.0,0.0,3.59375,0.0,0.0,0.0,0.0,0.0,0.0,0.0,0.0,0.0,0.0,0.0,0.0,0.0,0.0,0.0,0.0,0.0,0.0,0.0,0.0,0.0,0.0,0.0,0.0,0.0,0.0,0.0,0.0,0.0,0.0,0.0,0.0,0.0,0.0,0.0,0.0,4.53125,0.0,0.0,0.0,0.0,0.0,0.0,0.0,0.0,0.0,0.0,0.0,0.0,0.0,12.65625,0.0,12.65625,0.0,0.0,0.0,12.65625,0.0,0.0,0.0,0.0,3.28125,207.65625,206.25,206.25,206.25,224.53125,204.84375,191.5625,202.03125,206.25,206.25,206.25,206.25,206.25,206.25,206.25,206.25,206.25,206.25,206.25,206.25,206.25,206.25,206.25,206.25,206.25,206.25,206.25,206.25,206.25,206.25,206.25,206.25,206.25,206.25,206.25,206.25,206.25,206.25,206.25,206.25,206.25,206.25,206.25,206.25,206.25,206.25,206.25,206.25,206.25,206.25,206.25,206.25,206.25,206.25,207.5,206.25,206.25,206.25,206.25,206.25,206.25,206.25,206.25,206.25,206.25,206.25,206.25,206.25,206.25,206.25,206.25,206.25,206.25,206.25,206.25,206.25,206.25,206.25,206.25,206.25,206.25,206.25,206.25,206.25,206.25,206.25,393.4375,393.4375,394.53125,393.4375,407.8125,407.8125,420.3125,386.09375,370.15625,396.875,420.3125,407.34375,420.3125,420.3125,407.34375,407.34375,407.34375,420.3125,420.3125,420.3125,393.4375,407.34375,407.34375,420.3125,407.34375,393.4375,420.3125,416.25,420.3125,407.34375,420.3125,420.3125,407.34375,393.4375,393.4375,407.34375,407.34375,393.4375,393.4375,420.3125,414.0625,407.34375,420.3125,407.34375,407.34375,420.3125,407.34375,396.875,407.34375,407.34375,407.34375,420.3125,407.34375,407.34375,393.4375,393.4375,407.34375,407.34375,393.4375,407.34375,407.34375,393.4375,393.4375,407.34375,407.34375,393.4375,396.875,420.3125,407.34375,416.25,420.3125,420.3125,393.4375,407.34375,393.4375,396.875,416.25,420.3125,407.34375,407.34375,404.21875,392.8125,404.21875,404.21875,407.34375,420.3125,392.8125,404.21875,392.8125,396.875,392.8125,392.8125,404.21875,392.8125,392.8125,392.8125,392.8125,392.8125,392.8125,392.8125,413.59375,407.34375,244.375,244.84375,248.28125,237.8125,244.375,244.84375,244.84375,244.84375,244.84375,244.84375,244.84375,244.84375,244.84375,245.78125,252.96875,252.96875,252.96875,252.96875,252.96875,244.84375,244.84375,237.8125,252.96875,244.84375,244.84375,244.84375,244.84375,244.84375,244.84375,244.84375,244.84375,244.84375,244.84375,244.84375,244.84375,237.8125,237.8125,244.84375,244.84375,244.84375,244.84375,244.84375,244.84375,244.84375,245.78125,244.84375,244.84375,244.84375,244.84375,244.84375,244.84375,244.84375,244.84375,244.84375,244.84375,244.84375,245.78125,249.375,244.84375,244.84375,244.84375,244.84375,244.84375,245.78125,241.875,244.84375,255.0,244.84375,244.84375,244.84375,245.78125,244.84375,244.84375,248.28125,237.8125,244.84375,237.8125,237.8125,237.8125,237.8125,237.8125,237.8125,237.8125,237.8125,244.84375,237.8125,237.8125,244.6875,237.8125,237.8125,237.8125,244.84375,237.8125
hDenV1/Colombia/SAN-UIS-0000052/2010,0.0,0.0,0.0,0.0,0.0,0.0,0.0,0.0,0.0,0.0,0.0,12.65625,12.65625,12.65625,0.0,12.65625,0.0,0.0,0.0,0.0,0.0,0.0,0.0,3.59375,0.0,22.65625,0.0,3.59375,3.59375,0.0,0.0,0.0,0.0,0.0,20.625,3.59375,0.0,0.0,3.59375,12.96875,0.0,0.0,3.59375,0.0,0.0,0.0,0.0,0.0,0.0,0.0,0.0,0.0,0.0,0.0,0.0,0.0,0.0,0.0,0.0,0.0,0.0,0.0,0.0,0.0,0.0,0.0,0.0,0.0,0.0,0.0,0.0,0.0,0.0,0.0,0.0,0.0,0.0,0.0,0.0,4.53125,0.0,0.0,0.0,0.0,0.0,0.0,0.0,0.0,0.0,0.0,0.0,0.0,0.0,12.65625,0.0,12.65625,0.0,0.0,0.0,12.65625,0.0,0.0,0.0,0.0,3.28125,207.65625,206.25,206.25,206.25,224.53125,204.84375,191.5625,202.03125,206.25,206.25,206.25,206.25,206.25,206.25,206.25,206.25,206.25,206.25,206.25,206.25,206.25,206.25,206.25,206.25,206.25,206.25,206.25,206.25,206.25,206.25,206.25,206.25,206.25,206.25,206.25,206.25,206.25,206.25,206.25,206.25,206.25,206.25,206.25,206.25,206.25,206.25,206.25,206.25,206.25,206.25,206.25,206.25,206.25,206.25,207.5,206.25,206.25,206.25,206.25,206.25,206.25,206.25,206.25,206.25,206.25,206.25,206.25,206.25,206.25,206.25,206.25,206.25,206.25,206.25,206.25,206.25,206.25,206.25,206.25,206.25,206.25,206.25,206.25,206.25,206.25,206.25,393.4375,393.4375,394.53125,393.4375,407.8125,407.8125,420.3125,386.09375,370.15625,396.875,420.3125,407.34375,420.3125,420.3125,407.34375,407.34375,407.34375,420.3125,420.3125,420.3125,393.4375,407.34375,407.34375,420.3125,407.34375,393.4375,420.3125,416.25,420.3125,407.34375,420.3125,420.3125,407.34375,393.4375,393.4375,407.34375,407.34375,393.4375,393.4375,420.3125,414.0625,407.34375,420.3125,407.34375,407.34375,420.3125,407.34375,396.875,407.34375,407.34375,407.34375,420.3125,407.34375,407.34375,393.4375,393.4375,407.34375,407.34375,393.4375,407.34375,407.34375,393.4375,393.4375,407.34375,407.34375,393.4375,396.875,420.3125,407.34375,416.25,420.3125,420.3125,393.4375,407.34375,393.4375,396.875,416.25,420.3125,407.34375,407.34375,404.21875,392.8125,404.21875,404.21875,407.34375,420.3125,392.8125,404.21875,392.8125,396.875,392.8125,392.8125,404.21875,392.8125,392.8125,392.8125,392.8125,392.8125,392.8125,392.8125,413.59375,407.34375,244.375,244.84375,248.28125,237.8125,244.375,244.84375,244.84375,244.84375,244.84375,244.84375,244.84375,244.84375,244.84375,245.78125,252.96875,252.96875,252.96875,252.96875,252.96875,244.84375,244.84375,237.8125,252.96875,244.84375,244.84375,244.84375,244.84375,244.84375,244.84375,244.84375,244.84375,244.84375,244.84375,244.84375,244.84375,237.8125,237.8125,244.84375,244.84375,244.84375,244.84375,244.84375,244.84375,244.84375,245.78125,244.84375,244.84375,244.84375,244.84375,244.84375,244.84375,244.84375,244.84375,244.84375,244.84375,244.84375,245.78125,249.375,244.84375,244.84375,244.84375,244.84375,244.84375,245.78125,241.875,244.84375,255.0,244.84375,244.84375,244.84375,245.78125,244.84375,244.84375,248.28125,237.8125,244.84375,237.8125,237.8125,237.8125,237.8125,237.8125,237.8125,237.8125,237.8125,244.84375,237.8125,237.8125,244.6875,237.8125,237.8125,237.8125,244.84375,237.8125
hDenV1/Colombia/SAN-UIS-0000054/2016,0.0,0.0,0.0,0.0,0.0,0.0,0.0,0.0,0.0,0.0,0.0,12.65625,12.65625,12.65625,0.0,12.65625,0.0,0.0,0.0,0.0,0.0,0.0,0.0,3.59375,0.0,22.65625,0.0,3.59375,3.59375,0.0,0.0,0.0,0.0,0.0,20.625,3.59375,0.0,0.0,3.59375,12.96875,0.0,0.0,3.59375,0.0,0.0,0.0,0.0,0.0,0.0,0.0,0.0,0.0,0.0,0.0,0.0,0.0,0.0,0.0,0.0,0.0,0.0,0.0,0.0,0.0,0.0,0.0,0.0,0.0,0.0,0.0,0.0,0.0,0.0,0.0,0.0,0.0,0.0,0.0,0.0,4.53125,0.0,0.0,0.0,0.0,0.0,0.0,0.0,0.0,0.0,0.0,0.0,0.0,0.0,12.65625,0.0,12.65625,0.0,0.0,0.0,12.65625,0.0,0.0,0.0,0.0,3.28125,207.65625,206.25,206.25,206.25,224.53125,204.84375,191.5625,202.03125,206.25,206.25,206.25,206.25,206.25,206.25,206.25,206.25,206.25,206.25,206.25,206.25,206.25,206.25,206.25,206.25,206.25,206.25,206.25,206.25,206.25,206.25,206.25,206.25,206.25,206.25,206.25,206.25,206.25,206.25,206.25,206.25,206.25,206.25,206.25,206.25,206.25,206.25,206.25,206.25,206.25,206.25,206.25,206.25,206.25,206.25,207.5,206.25,206.25,206.25,206.25,206.25,206.25,206.25,206.25,206.25,206.25,206.25,206.25,206.25,206.25,206.25,206.25,206.25,206.25,206.25,206.25,206.25,206.25,206.25,206.25,206.25,206.25,206.25,206.25,206.25,206.25,206.25,393.4375,393.4375,394.53125,393.4375,407.8125,407.8125,420.3125,386.09375,370.15625,396.875,420.3125,407.34375,420.3125,420.3125,407.34375,407.34375,407.34375,420.3125,420.3125,420.3125,393.4375,407.34375,407.34375,420.3125,407.34375,393.4375,420.3125,416.25,420.3125,407.34375,420.3125,420.3125,407.34375,393.4375,393.4375,407.34375,407.34375,393.4375,393.4375,420.3125,414.0625,407.34375,420.3125,407.34375,407.34375,420.3125,407.34375,396.875,407.34375,407.34375,407.34375,420.3125,407.34375,407.34375,393.4375,393.4375,407.34375,407.34375,393.4375,407.34375,407.34375,393.4375,393.4375,407.34375,407.34375,393.4375,396.875,420.3125,407.34375,416.25,420.3125,420.3125,393.4375,407.34375,393.4375,396.875,416.25,420.3125,407.34375,407.34375,404.21875,392.8125,404.21875,404.21875,407.34375,420.3125,392.8125,404.21875,392.8125,396.875,392.8125,392.8125,404.21875,392.8125,392.8125,392.8125,392.8125,392.8125,392.8125,392.8125,413.59375,407.34375,244.375,244.84375,248.28125,237.8125,244.375,244.84375,244.84375,244.84375,244.84375,244.84375,244.84375,244.84375,244.84375,245.78125,252.96875,252.96875,252.96875,252.96875,252.96875,244.84375,244.84375,237.8125,252.96875,244.84375,244.84375,244.84375,244.84375,244.84375,244.84375,244.84375,244.84375,244.84375,244.84375,244.84375,244.84375,237.8125,237.8125,244.84375,244.84375,244.84375,244.84375,244.84375,244.84375,244.84375,245.78125,244.84375,244.84375,244.84375,244.84375,244.84375,244.84375,244.84375,244.84375,244.84375,244.84375,244.84375,245.78125,249.375,244.84375,244.84375,244.84375,244.84375,244.84375,245.78125,241.875,244.84375,255.0,244.84375,244.84375,244.84375,245.78125,244.84375,244.84375,248.28125,237.8125,244.84375,237.8125,237.8125,237.8125,237.8125,237.8125,237.8125,237.8125,237.8125,244.84375,237.8125,237.8125,244.6875,237.8125,237.8125,237.8125,244.84375,237.8125
hDenV1/Colombia/SAN-UIS-0000055/2015,0.0,0.0,0.0,0.0,0.0,0.0,0.0,0.0,0.0,0.0,0.0,12.65625,12.65625,12.65625,0.0,12.65625,0.0,0.0,0.0,0.0,0.0,0.0,0.0,3.59375,0.0,22.65625,0.0,3.59375,3.59375,0.0,0.0,0.0,0.0,0.0,20.625,3.59375,0.0,0.0,3.59375,12.96875,0.0,0.0,3.59375,0.0,0.0,0.0,0.0,0.0,0.0,0.0,0.0,0.0,0.0,0.0,0.0,0.0,0.0,0.0,0.0,0.0,0.0,0.0,0.0,0.0,0.0,0.0,0.0,0.0,0.0,0.0,0.0,0.0,0.0,0.0,0.0,0.0,0.0,0.0,0.0,4.53125,0.0,0.0,0.0,0.0,0.0,0.0,0.0,0.0,0.0,0.0,0.0,0.0,0.0,12.65625,0.0,12.65625,0.0,0.0,0.0,12.65625,0.0,0.0,0.0,0.0,3.28125,207.65625,206.25,206.25,206.25,224.53125,204.84375,191.5625,202.03125,206.25,206.25,206.25,206.25,206.25,206.25,206.25,206.25,206.25,206.25,206.25,206.25,206.25,206.25,206.25,206.25,206.25,206.25,206.25,206.25,206.25,206.25,206.25,206.25,206.25,206.25,206.25,206.25,206.25,206.25,206.25,206.25,206.25,206.25,206.25,206.25,206.25,206.25,206.25,206.25,206.25,206.25,206.25,206.25,206.25,206.25,207.5,206.25,206.25,206.25,206.25,206.25,206.25,206.25,206.25,206.25,206.25,206.25,206.25,206.25,206.25,206.25,206.25,206.25,206.25,206.25,206.25,206.25,206.25,206.25,206.25,206.25,206.25,206.25,206.25,206.25,206.25,206.25,393.4375,393.4375,394.53125,393.4375,407.8125,407.8125,420.3125,386.09375,370.15625,396.875,420.3125,407.34375,420.3125,420.3125,407.34375,407.34375,407.34375,420.3125,420.3125,420.3125,393.4375,407.34375,407.34375,420.3125,407.34375,393.4375,420.3125,416.25,420.3125,407.34375,420.3125,420.3125,407.34375,393.4375,393.4375,407.34375,407.34375,393.4375,393.4375,420.3125,414.0625,407.34375,420.3125,407.34375,407.34375,420.3125,407.34375,396.875,407.34375,407.34375,407.34375,420.3125,407.34375,407.34375,393.4375,393.4375,407.34375,407.34375,393.4375,407.34375,407.34375,393.4375,393.4375,407.34375,407.34375,393.4375,396.875,420.3125,407.34375,416.25,420.3125,420.3125,393.4375,407.34375,393.4375,396.875,416.25,420.3125,407.34375,407.34375,404.21875,392.8125,404.21875,404.21875,407.34375,420.3125,392.8125,404.21875,392.8125,396.875,392.8125,392.8125,404.21875,392.8125,392.8125,392.8125,392.8125,392.8125,392.8125,392.8125,413.59375,407.34375,244.375,244.84375,248.28125,237.8125,244.375,244.84375,244.84375,244.84375,244.84375,244.84375,244.84375,244.84375,244.84375,245.78125,252.96875,252.96875,252.96875,252.96875,252.96875,244.84375,244.84375,237.8125,252.96875,244.84375,244.84375,244.84375,244.84375,244.84375,244.84375,244.84375,244.84375,244.84375,244.84375,244.84375,244.84375,237.8125,237.8125,244.84375,244.84375,244.84375,244.84375,244.84375,244.84375,244.84375,245.78125,244.84375,244.84375,244.84375,244.84375,244.84375,244.84375,244.84375,244.84375,244.84375,244.84375,244.84375,245.78125,249.375,244.84375,244.84375,244.84375,244.84375,244.84375,245.78125,241.875,244.84375,255.0,244.84375,244.84375,244.84375,245.78125,244.84375,244.84375,248.28125,237.8125,244.84375,237.8125,237.8125,237.8125,237.8125,237.8125,237.8125,237.8125,237.8125,244.84375,237.8125,237.8125,244.6875,237.8125,237.8125,237.8125,244.84375,237.8125
hDenV1/Colombia/SAN-UIS-0000056/2013,9.53125,9.53125,9.53125,9.53125,9.53125,9.53125,9.53125,9.53125,9.53125,9.53125,9.53125,22.1875,22.1875,22.1875,9.53125,22.1875,9.53125,9.53125,9.53125,9.53125,9.53125,9.53125,9.53125,13.125,9.53125,32.1875,9.53125,13.125,13.125,9.53125,9.53125,9.53125,9.53125,9.53125,30.15625,13.125,9.53125,9.53125,13.125,22.5,9.53125,9.53125,13.125,9.53125,9.53125,9.53125,9.53125,9.53125,9.53125,9.53125,9.53125,9.53125,9.53125,9.53125,9.53125,9.53125,9.53125,9.53125,9.53125,9.53125,9.53125,9.53125,9.53125,9.53125,9.53125,9.53125,9.53125,9.53125,9.53125,9.53125,9.53125,9.53125,9.53125,9.53125,9.53125,9.53125,9.53125,9.53125,9.53125,14.0625,9.53125,9.53125,9.53125,9.53125,9.53125,9.53125,9.53125,9.53125,9.53125,9.53125,9.53125,9.53125,9.53125,22.1875,9.53125,22.1875,9.53125,9.53125,9.53125,22.1875,9.53125,9.53125,9.53125,9.53125,12.8125,217.1875,215.78125,215.78125,215.78125,234.0625,214.375,201.09375,211.5625,215.78125,215.78125,215.78125,215.78125,215.78125,215.78125,215.78125,215.78125,215.78125,215.78125,215.78125,215.78125,215.78125,215.78125,215.78125,215.78125,215.78125,215.78125,215.78125,215.78125,215.78125,215.78125,215.78125,215.78125,215.78125,215.78125,215.78125,215.78125,215.78125,215.78125,215.78125,215.78125,215.78125,215.78125,215.78125,215.78125,215.78125,215.78125,215.78125,215.78125,215.78125,215.78125,215.78125,215.78125,215.78125,215.78125,217.03125,215.78125,215.78125,215.78125,215.78125,215.78125,215.78125,215.78125,215.78125,215.78125,215.78125,215.78125,215.78125,215.78125,215.78125,215.78125,215.78125,215.78125,215.78125,215.78125,215.78125,215.78125,215.78125,215.78125,215.78125,215.78125,215.78125,215.78125,215.78125,215.78125,215.78125,215.78125,402.1875,402.1875,403.28125,402.1875,416.5625,416.5625,429.0625,394.84375,378.90625,405.625,429.0625,416.09375,429.0625,429.0625,416.09375,416.09375,416.09375,429.0625,429.0625,429.0625,402.1875,416.09375,416.09375,429.0625,416.09375,402.1875,429.0625,425.0,429.0625,416.09375,429.0625,429.0625,416.09375,402.1875,402.1875,416.09375,416.09375,402.1875,402.1875,429.0625,422.8125,416.09375,429.0625,416.09375,416.09375,429.0625,416.09375,405.625,416.09375,416.09375,416.09375,429.0625,416.09375,416.09375,402.1875,402.1875,416.09375,416.09375,402.1875,416.09375,416.09375,402.1875,402.1875,416.09375,416.09375,402.1875,405.625,429.0625,416.09375,425.0,429.0625,429.0625,402.1875,416.09375,402.1875,405.625,425.0,429.0625,416.09375,416.09375,412.96875,401.5625,412.96875,412.96875,416.09375,429.0625,401.5625,412.96875,401.5625,405.625,401.5625,401.5625,412.96875,401.5625,401.5625,401.5625,401.5625,401.5625,401.5625,401.5625,422.34375,416.09375,253.90625,254.375,257.8125,247.34375,253.90625,254.375,254.375,254.375,254.375,254.375,254.375,254.375,254.375,255.3125,262.5,262.5,262.5,262.5,262.5,254.375,254.375,247.34375,262.5,254.375,254.375,254.375,254.375,254.375,254.375,254.375,254.375,254.375,254.375,254.375,254.375,247.34375,247.34375,254.375,254.375,254.375,254.375,254.375,254.375,254.375,255.3125,254.375,254.375,254.375,254.375,254.375,254.375,254.375,254.375,254.375,254.375,254.375,255.3125,258.90625,254.375,254.375,254.375,254.375,254.375,255.3125,251.40625,254.375,264.53125,254.375,254.375,254.375,255.3125,254.375,254.375,257.8125,247.34375,254.375,247.34375,247.34375,247.34375,247.34375,247.34375,247.34375,247.34375,247.34375,254.375,247.34375,247.34375,254.21875,247.34375,247.34375,247.34375,254.375,247.34375
hDenV1/Colombia/SAN-UIS-0000057/2014,0.0,0.0,0.0,0.0,0.0,0.0,0.0,0.0,0.0,0.0,0.0,12.65625,12.65625,12.65625,0.0,12.65625,0.0,0.0,0.0,0.0,0.0,0.0,0.0,3.59375,0.0,22.65625,0.0,3.59375,3.59375,0.0,0.0,0.0,0.0,0.0,20.625,3.59375,0.0,0.0,3.59375,12.96875,0.0,0.0,3.59375,0.0,0.0,0.0,0.0,0.0,0.0,0.0,0.0,0.0,0.0,0.0,0.0,0.0,0.0,0.0,0.0,0.0,0.0,0.0,0.0,0.0,0.0,0.0,0.0,0.0,0.0,0.0,0.0,0.0,0.0,0.0,0.0,0.0,0.0,0.0,0.0,4.53125,0.0,0.0,0.0,0.0,0.0,0.0,0.0,0.0,0.0,0.0,0.0,0.0,0.0,12.65625,0.0,12.65625,0.0,0.0,0.0,12.65625,0.0,0.0,0.0,0.0,3.28125,207.65625,206.25,206.25,206.25,224.53125,204.84375,191.5625,202.03125,206.25,206.25,206.25,206.25,206.25,206.25,206.25,206.25,206.25,206.25,206.25,206.25,206.25,206.25,206.25,206.25,206.25,206.25,206.25,206.25,206.25,206.25,206.25,206.25,206.25,206.25,206.25,206.25,206.25,206.25,206.25,206.25,206.25,206.25,206.25,206.25,206.25,206.25,206.25,206.25,206.25,206.25,206.25,206.25,206.25,206.25,207.5,206.25,206.25,206.25,206.25,206.25,206.25,206.25,206.25,206.25,206.25,206.25,206.25,206.25,206.25,206.25,206.25,206.25,206.25,206.25,206.25,206.25,206.25,206.25,206.25,206.25,206.25,206.25,206.25,206.25,206.25,206.25,393.4375,393.4375,394.53125,393.4375,407.8125,407.8125,420.3125,386.09375,370.15625,396.875,420.3125,407.34375,420.3125,420.3125,407.34375,407.34375,407.34375,420.3125,420.3125,420.3125,393.4375,407.34375,407.34375,420.3125,407.34375,393.4375,420.3125,416.25,420.3125,407.34375,420.3125,420.3125,407.34375,393.4375,393.4375,407.34375,407.34375,393.4375,393.4375,420.3125,414.0625,407.34375,420.3125,407.34375,407.34375,420.3125,407.34375,396.875,407.34375,407.34375,407.34375,420.3125,407.34375,407.34375,393.4375,393.4375,407.34375,407.34375,393.4375,407.34375,407.34375,393.4375,393.4375,407.34375,407.34375,393.4375,396.875,420.3125,407.34375,416.25,420.3125,420.3125,393.4375,407.34375,393.4375,396.875,416.25,420.3125,407.34375,407.34375,404.21875,392.8125,404.21875,404.21875,407.34375,420.3125,392.8125,404.21875,392.8125,396.875,392.8125,392.8125,404.21875,392.8125,392.8125,392.8125,392.8125,392.8125,392.8125,392.8125,413.59375,407.34375,244.375,244.84375,248.28125,237.8125,244.375,244.84375,244.84375,244.84375,244.84375,244.84375,244.84375,244.84375,244.84375,245.78125,252.96875,252.96875,252.96875,252.96875,252.96875,244.84375,244.84375,237.8125,252.96875,244.84375,244.84375,244.84375,244.84375,244.84375,244.84375,244.84375,244.84375,244.84375,244.84375,244.84375,244.84375,237.8125,237.8125,244.84375,244.84375,244.84375,244.84375,244.84375,244.84375,244.84375,245.78125,244.84375,244.84375,244.84375,244.84375,244.84375,244.84375,244.84375,244.84375,244.84375,244.84375,244.84375,245.78125,249.375,244.84375,244.84375,244.84375,244.84375,244.84375,245.78125,241.875,244.84375,255.0,244.84375,244.84375,244.84375,245.78125,244.84375,244.84375,248.28125,237.8125,244.84375,237.8125,237.8125,237.8125,237.8125,237.8125,237.8125,237.8125,237.8125,244.84375,237.8125,237.8125,244.6875,237.8125,237.8125,237.8125,244.84375,237.8125
hDenV1/Colombia/SAN-UIS-0000059/2016,0.0,0.0,0.0,0.0,0.0,0.0,0.0,0.0,0.0,0.0,0.0,12.65625,12.65625,12.65625,0.0,12.65625,0.0,0.0,0.0,0.0,0.0,0.0,0.0,3.59375,0.0,22.65625,0.0,3.59375,3.59375,0.0,0.0,0.0,0.0,0.0,20.625,3.59375,0.0,0.0,3.59375,12.96875,0.0,0.0,3.59375,0.0,0.0,0.0,0.0,0.0,0.0,0.0,0.0,0.0,0.0,0.0,0.0,0.0,0.0,0.0,0.0,0.0,0.0,0.0,0.0,0.0,0.0,0.0,0.0,0.0,0.0,0.0,0.0,0.0,0.0,0.0,0.0,0.0,0.0,0.0,0.0,4.53125,0.0,0.0,0.0,0.0,0.0,0.0,0.0,0.0,0.0,0.0,0.0,0.0,0.0,12.65625,0.0,12.65625,0.0,0.0,0.0,12.65625,0.0,0.0,0.0,0.0,3.28125,207.65625,206.25,206.25,206.25,224.53125,204.84375,191.5625,202.03125,206.25,206.25,206.25,206.25,206.25,206.25,206.25,206.25,206.25,206.25,206.25,206.25,206.25,206.25,206.25,206.25,206.25,206.25,206.25,206.25,206.25,206.25,206.25,206.25,206.25,206.25,206.25,206.25,206.25,206.25,206.25,206.25,206.25,206.25,206.25,206.25,206.25,206.25,206.25,206.25,206.25,206.25,206.25,206.25,206.25,206.25,207.5,206.25,206.25,206.25,206.25,206.25,206.25,206.25,206.25,206.25,206.25,206.25,206.25,206.25,206.25,206.25,206.25,206.25,206.25,206.25,206.25,206.25,206.25,206.25,206.25,206.25,206.25,206.25,206.25,206.25,206.25,206.25,393.4375,393.4375,394.53125,393.4375,407.8125,407.8125,420.3125,386.09375,370.15625,396.875,420.3125,407.34375,420.3125,420.3125,407.34375,407.34375,407.34375,420.3125,420.3125,420.3125,393.4375,407.34375,407.34375,420.3125,407.34375,393.4375,420.3125,416.25,420.3125,407.34375,420.3125,420.3125,407.34375,393.4375,393.4375,407.34375,407.34375,393.4375,393.4375,420.3125,414.0625,407.34375,420.3125,407.34375,407.34375,420.3125,407.34375,396.875,407.34375,407.34375,407.34375,420.3125,407.34375,407.34375,393.4375,393.4375,407.34375,407.34375,393.4375,407.34375,407.34375,393.4375,393.4375,407.34375,407.34375,393.4375,396.875,420.3125,407.34375,416.25,420.3125,420.3125,393.4375,407.34375,393.4375,396.875,416.25,420.3125,407.34375,407.34375,404.21875,392.8125,404.21875,404.21875,407.34375,420.3125,392.8125,404.21875,392.8125,396.875,392.8125,392.8125,404.21875,392.8125,392.8125,392.8125,392.8125,392.8125,392.8125,392.8125,413.59375,407.34375,244.375,244.84375,248.28125,237.8125,244.375,244.84375,244.84375,244.84375,244.84375,244.84375,244.84375,244.84375,244.84375,245.78125,252.96875,252.96875,252.96875,252.96875,252.96875,244.84375,244.84375,237.8125,252.96875,244.84375,244.84375,244.84375,244.84375,244.84375,244.84375,244.84375,244.84375,244.84375,244.84375,244.84375,244.84375,237.8125,237.8125,244.84375,244.84375,244.84375,244.84375,244.84375,244.84375,244.84375,245.78125,244.84375,244.84375,244.84375,244.84375,244.84375,244.84375,244.84375,244.84375,244.84375,244.84375,244.84375,245.78125,249.375,244.84375,244.84375,244.84375,244.84375,244.84375,245.78125,241.875,244.84375,255.0,244.84375,244.84375,244.84375,245.78125,244.84375,244.84375,248.28125,237.8125,244.84375,237.8125,237.8125,237.8125,237.8125,237.8125,237.8125,237.8125,237.8125,244.84375,237.8125,237.8125,244.6875,237.8125,237.8125,237.8125,244.84375,237.8125
hDenV1/Colombia/SAN-UIS-00001/2008,0.0,0.0,0.0,0.0,0.0,0.0,0.0,0.0,0.0,0.0,0.0,12.65625,12.65625,12.65625,0.0,12.65625,0.0,0.0,0.0,0.0,0.0,0.0,0.0,3.59375,0.0,22.65625,0.0,3.59375,3.59375,0.0,0.0,0.0,0.0,0.0,20.625,3.59375,0.0,0.0,3.59375,12.96875,0.0,0.0,3.59375,0.0,0.0,0.0,0.0,0.0,0.0,0.0,0.0,0.0,0.0,0.0,0.0,0.0,0.0,0.0,0.0,0.0,0.0,0.0,0.0,0.0,0.0,0.0,0.0,0.0,0.0,0.0,0.0,0.0,0.0,0.0,0.0,0.0,0.0,0.0,0.0,4.53125,0.0,0.0,0.0,0.0,0.0,0.0,0.0,0.0,0.0,0.0,0.0,0.0,0.0,12.65625,0.0,12.65625,0.0,0.0,0.0,12.65625,0.0,0.0,0.0,0.0,3.28125,207.65625,206.25,206.25,206.25,224.53125,204.84375,191.5625,202.03125,206.25,206.25,206.25,206.25,206.25,206.25,206.25,206.25,206.25,206.25,206.25,206.25,206.25,206.25,206.25,206.25,206.25,206.25,206.25,206.25,206.25,206.25,206.25,206.25,206.25,206.25,206.25,206.25,206.25,206.25,206.25,206.25,206.25,206.25,206.25,206.25,206.25,206.25,206.25,206.25,206.25,206.25,206.25,206.25,206.25,206.25,207.5,206.25,206.25,206.25,206.25,206.25,206.25,206.25,206.25,206.25,206.25,206.25,206.25,206.25,206.25,206.25,206.25,206.25,206.25,206.25,206.25,206.25,206.25,206.25,206.25,206.25,206.25,206.25,206.25,206.25,206.25,206.25,393.4375,393.4375,394.53125,393.4375,407.8125,407.8125,420.3125,386.09375,370.15625,396.875,420.3125,407.34375,420.3125,420.3125,407.34375,407.34375,407.34375,420.3125,420.3125,420.3125,393.4375,407.34375,407.34375,420.3125,407.34375,393.4375,420.3125,416.25,420.3125,407.34375,420.3125,420.3125,407.34375,393.4375,393.4375,407.34375,407.34375,393.4375,393.4375,420.3125,414.0625,407.34375,420.3125,407.34375,407.34375,420.3125,407.34375,396.875,407.34375,407.34375,407.34375,420.3125,407.34375,407.34375,393.4375,393.4375,407.34375,407.34375,393.4375,407.34375,407.34375,393.4375,393.4375,407.34375,407.34375,393.4375,396.875,420.3125,407.34375,416.25,420.3125,420.3125,393.4375,407.34375,393.4375,396.875,416.25,420.3125,407.34375,407.34375,404.21875,392.8125,404.21875,404.21875,407.34375,420.3125,392.8125,404.21875,392.8125,396.875,392.8125,392.8125,404.21875,392.8125,392.8125,392.8125,392.8125,392.8125,392.8125,392.8125,413.59375,407.34375,244.375,244.84375,248.28125,237.8125,244.375,244.84375,244.84375,244.84375,244.84375,244.84375,244.84375,244.84375,244.84375,245.78125,252.96875,252.96875,252.96875,252.96875,252.96875,244.84375,244.84375,237.8125,252.96875,244.84375,244.84375,244.84375,244.84375,244.84375,244.84375,244.84375,244.84375,244.84375,244.84375,244.84375,244.84375,237.8125,237.8125,244.84375,244.84375,244.84375,244.84375,244.84375,244.84375,244.84375,245.78125,244.84375,244.84375,244.84375,244.84375,244.84375,244.84375,244.84375,244.84375,244.84375,244.84375,244.84375,245.78125,249.375,244.84375,244.84375,244.84375,244.84375,244.84375,245.78125,241.875,244.84375,255.0,244.84375,244.84375,244.84375,245.78125,244.84375,244.84375,248.28125,237.8125,244.84375,237.8125,237.8125,237.8125,237.8125,237.8125,237.8125,237.8125,237.8125,244.84375,237.8125,237.8125,244.6875,237.8125,237.8125,237.8125,244.84375,237.8125
hDenV1/Colombia/SAN-UIS-00002/2008,0.0,0.0,0.0,0.0,0.0,0.0,0.0,0.0,0.0,0.0,0.0,12.65625,12.65625,12.65625,0.0,12.65625,0.0,0.0,0.0,0.0,0.0,0.0,0.0,3.59375,0.0,22.65625,0.0,3.59375,3.59375,0.0,0.0,0.0,0.0,0.0,20.625,3.59375,0.0,0.0,3.59375,12.96875,0.0,0.0,3.59375,0.0,0.0,0.0,0.0,0.0,0.0,0.0,0.0,0.0,0.0,0.0,0.0,0.0,0.0,0.0,0.0,0.0,0.0,0.0,0.0,0.0,0.0,0.0,0.0,0.0,0.0,0.0,0.0,0.0,0.0,0.0,0.0,0.0,0.0,0.0,0.0,4.53125,0.0,0.0,0.0,0.0,0.0,0.0,0.0,0.0,0.0,0.0,0.0,0.0,0.0,12.65625,0.0,12.65625,0.0,0.0,0.0,12.65625,0.0,0.0,0.0,0.0,3.28125,207.65625,206.25,206.25,206.25,224.53125,204.84375,191.5625,202.03125,206.25,206.25,206.25,206.25,206.25,206.25,206.25,206.25,206.25,206.25,206.25,206.25,206.25,206.25,206.25,206.25,206.25,206.25,206.25,206.25,206.25,206.25,206.25,206.25,206.25,206.25,206.25,206.25,206.25,206.25,206.25,206.25,206.25,206.25,206.25,206.25,206.25,206.25,206.25,206.25,206.25,206.25,206.25,206.25,206.25,206.25,207.5,206.25,206.25,206.25,206.25,206.25,206.25,206.25,206.25,206.25,206.25,206.25,206.25,206.25,206.25,206.25,206.25,206.25,206.25,206.25,206.25,206.25,206.25,206.25,206.25,206.25,206.25,206.25,206.25,206.25,206.25,206.25,393.4375,393.4375,394.53125,393.4375,407.8125,407.8125,420.3125,386.09375,370.15625,396.875,420.3125,407.34375,420.3125,420.3125,407.34375,407.34375,407.34375,420.3125,420.3125,420.3125,393.4375,407.34375,407.34375,420.3125,407.34375,393.4375,420.3125,416.25,420.3125,407.34375,420.3125,420.3125,407.34375,393.4375,393.4375,407.34375,407.34375,393.4375,393.4375,420.3125,414.0625,407.34375,420.3125,407.34375,407.34375,420.3125,407.34375,396.875,407.34375,407.34375,407.34375,420.3125,407.34375,407.34375,393.4375,393.4375,407.34375,407.34375,393.4375,407.34375,407.34375,393.4375,393.4375,407.34375,407.34375,393.4375,396.875,420.3125,407.34375,416.25,420.3125,420.3125,393.4375,407.34375,393.4375,396.875,416.25,420.3125,407.34375,407.34375,404.21875,392.8125,404.21875,404.21875,407.34375,420.3125,392.8125,404.21875,392.8125,396.875,392.8125,392.8125,404.21875,392.8125,392.8125,392.8125,392.8125,392.8125,392.8125,392.8125,413.59375,407.34375,244.375,244.84375,248.28125,237.8125,244.375,244.84375,244.84375,244.84375,244.84375,244.84375,244.84375,244.84375,244.84375,245.78125,252.96875,252.96875,252.96875,252.96875,252.96875,244.84375,244.84375,237.8125,252.96875,244.84375,244.84375,244.84375,244.84375,244.84375,244.84375,244.84375,244.84375,244.84375,244.84375,244.84375,244.84375,237.8125,237.8125,244.84375,244.84375,244.84375,244.84375,244.84375,244.84375,244.84375,245.78125,244.84375,244.84375,244.84375,244.84375,244.84375,244.84375,244.84375,244.84375,244.84375,244.84375,244.84375,245.78125,249.375,244.84375,244.84375,244.84375,244.84375,244.84375,245.78125,241.875,244.84375,255.0,244.84375,244.84375,244.84375,245.78125,244.84375,244.84375,248.28125,237.8125,244.84375,237.8125,237.8125,237.8125,237.8125,237.8125,237.8125,237.8125,237.8125,244.84375,237.8125,237.8125,244.6875,237.8125,237.8125,237.8125,244.84375,237.8125
hDenV1/Colombia/SAN-UIS-00003/2008,0.0,0.0,0.0,0.0,0.0,0.0,0.0,0.0,0.0,0.0,0.0,12.65625,12.65625,12.65625,0.0,12.65625,0.0,0.0,0.0,0.0,0.0,0.0,0.0,3.59375,0.0,22.65625,0.0,3.59375,3.59375,0.0,0.0,0.0,0.0,0.0,20.625,3.59375,0.0,0.0,3.59375,12.96875,0.0,0.0,3.59375,0.0,0.0,0.0,0.0,0.0,0.0,0.0,0.0,0.0,0.0,0.0,0.0,0.0,0.0,0.0,0.0,0.0,0.0,0.0,0.0,0.0,0.0,0.0,0.0,0.0,0.0,0.0,0.0,0.0,0.0,0.0,0.0,0.0,0.0,0.0,0.0,4.53125,0.0,0.0,0.0,0.0,0.0,0.0,0.0,0.0,0.0,0.0,0.0,0.0,0.0,12.65625,0.0,12.65625,0.0,0.0,0.0,12.65625,0.0,0.0,0.0,0.0,3.28125,207.65625,206.25,206.25,206.25,224.53125,204.84375,191.5625,202.03125,206.25,206.25,206.25,206.25,206.25,206.25,206.25,206.25,206.25,206.25,206.25,206.25,206.25,206.25,206.25,206.25,206.25,206.25,206.25,206.25,206.25,206.25,206.25,206.25,206.25,206.25,206.25,206.25,206.25,206.25,206.25,206.25,206.25,206.25,206.25,206.25,206.25,206.25,206.25,206.25,206.25,206.25,206.25,206.25,206.25,206.25,207.5,206.25,206.25,206.25,206.25,206.25,206.25,206.25,206.25,206.25,206.25,206.25,206.25,206.25,206.25,206.25,206.25,206.25,206.25,206.25,206.25,206.25,206.25,206.25,206.25,206.25,206.25,206.25,206.25,206.25,206.25,206.25,393.4375,393.4375,394.53125,393.4375,407.8125,407.8125,420.3125,386.09375,370.15625,396.875,420.3125,407.34375,420.3125,420.3125,407.34375,407.34375,407.34375,420.3125,420.3125,420.3125,393.4375,407.34375,407.34375,420.3125,407.34375,393.4375,420.3125,416.25,420.3125,407.34375,420.3125,420.3125,407.34375,393.4375,393.4375,407.34375,407.34375,393.4375,393.4375,420.3125,414.0625,407.34375,420.3125,407.34375,407.34375,420.3125,407.34375,396.875,407.34375,407.34375,407.34375,420.3125,407.34375,407.34375,393.4375,393.4375,407.34375,407.34375,393.4375,407.34375,407.34375,393.4375,393.4375,407.34375,407.34375,393.4375,396.875,420.3125,407.34375,416.25,420.3125,420.3125,393.4375,407.34375,393.4375,396.875,416.25,420.3125,407.34375,407.34375,404.21875,392.8125,404.21875,404.21875,407.34375,420.3125,392.8125,404.21875,392.8125,396.875,392.8125,392.8125,404.21875,392.8125,392.8125,392.8125,392.8125,392.8125,392.8125,392.8125,413.59375,407.34375,244.375,244.84375,248.28125,237.8125,244.375,244.84375,244.84375,244.84375,244.84375,244.84375,244.84375,244.84375,244.84375,245.78125,252.96875,252.96875,252.96875,252.96875,252.96875,244.84375,244.84375,237.8125,252.96875,244.84375,244.84375,244.84375,244.84375,244.84375,244.84375,244.84375,244.84375,244.84375,244.84375,244.84375,244.84375,237.8125,237.8125,244.84375,244.84375,244.84375,244.84375,244.84375,244.84375,244.84375,245.78125,244.84375,244.84375,244.84375,244.84375,244.84375,244.84375,244.84375,244.84375,244.84375,244.84375,244.84375,245.78125,249.375,244.84375,244.84375,244.84375,244.84375,244.84375,245.78125,241.875,244.84375,255.0,244.84375,244.84375,244.84375,245.78125,244.84375,244.84375,248.28125,237.8125,244.84375,237.8125,237.8125,237.8125,237.8125,237.8125,237.8125,237.8125,237.8125,244.84375,237.8125,237.8125,244.6875,237.8125,237.8125,237.8125,244.84375,237.8125
hDenV1/Colombia/SAN-UIS-00004/2008,0.0,0.0,0.0,0.0,0.0,0.0,0.0,0.0,0.0,0.0,0.0,12.65625,12.65625,12.65625,0.0,12.65625,0.0,0.0,0.0,0.0,0.0,0.0,0.0,3.59375,0.0,22.65625,0.0,3.59375,3.59375,0.0,0.0,0.0,0.0,0.0,20.625,3.59375,0.0,0.0,3.59375,12.96875,0.0,0.0,3.59375,0.0,0.0,0.0,0.0,0.0,0.0,0.0,0.0,0.0,0.0,0.0,0.0,0.0,0.0,0.0,0.0,0.0,0.0,0.0,0.0,0.0,0.0,0.0,0.0,0.0,0.0,0.0,0.0,0.0,0.0,0.0,0.0,0.0,0.0,0.0,0.0,4.53125,0.0,0.0,0.0,0.0,0.0,0.0,0.0,0.0,0.0,0.0,0.0,0.0,0.0,12.65625,0.0,12.65625,0.0,0.0,0.0,12.65625,0.0,0.0,0.0,0.0,3.28125,207.65625,206.25,206.25,206.25,224.53125,204.84375,191.5625,202.03125,206.25,206.25,206.25,206.25,206.25,206.25,206.25,206.25,206.25,206.25,206.25,206.25,206.25,206.25,206.25,206.25,206.25,206.25,206.25,206.25,206.25,206.25,206.25,206.25,206.25,206.25,206.25,206.25,206.25,206.25,206.25,206.25,206.25,206.25,206.25,206.25,206.25,206.25,206.25,206.25,206.25,206.25,206.25,206.25,206.25,206.25,207.5,206.25,206.25,206.25,206.25,206.25,206.25,206.25,206.25,206.25,206.25,206.25,206.25,206.25,206.25,206.25,206.25,206.25,206.25,206.25,206.25,206.25,206.25,206.25,206.25,206.25,206.25,206.25,206.25,206.25,206.25,206.25,393.4375,393.4375,394.53125,393.4375,407.8125,407.8125,420.3125,386.09375,370.15625,396.875,420.3125,407.34375,420.3125,420.3125,407.34375,407.34375,407.34375,420.3125,420.3125,420.3125,393.4375,407.34375,407.34375,420.3125,407.34375,393.4375,420.3125,416.25,420.3125,407.34375,420.3125,420.3125,407.34375,393.4375,393.4375,407.34375,407.34375,393.4375,393.4375,420.3125,414.0625,407.34375,420.3125,407.34375,407.34375,420.3125,407.34375,396.875,407.34375,407.34375,407.34375,420.3125,407.34375,407.34375,393.4375,393.4375,407.34375,407.34375,393.4375,407.34375,407.34375,393.4375,393.4375,407.34375,407.34375,393.4375,396.875,420.3125,407.34375,416.25,420.3125,420.3125,393.4375,407.34375,393.4375,396.875,416.25,420.3125,407.34375,407.34375,404.21875,392.8125,404.21875,404.21875,407.34375,420.3125,392.8125,404.21875,392.8125,396.875,392.8125,392.8125,404.21875,392.8125,392.8125,392.8125,392.8125,392.8125,392.8125,392.8125,413.59375,407.34375,244.375,244.84375,248.28125,237.8125,244.375,244.84375,244.84375,244.84375,244.84375,244.84375,244.84375,244.84375,244.84375,245.78125,252.96875,252.96875,252.96875,252.96875,252.96875,244.84375,244.84375,237.8125,252.96875,244.84375,244.84375,244.84375,244.84375,244.84375,244.84375,244.84375,244.84375,244.84375,244.84375,244.84375,244.84375,237.8125,237.8125,244.84375,244.84375,244.84375,244.84375,244.84375,244.84375,244.84375,245.78125,244.84375,244.84375,244.84375,244.84375,244.84375,244.84375,244.84375,244.84375,244.84375,244.84375,244.84375,245.78125,249.375,244.84375,244.84375,244.84375,244.84375,244.84375,245.78125,241.875,244.84375,255.0,244.84375,244.84375,244.84375,245.78125,244.84375,244.84375,248.28125,237.8125,244.84375,237.8125,237.8125,237.8125,237.8125,237.8125,237.8125,237.8125,237.8125,244.84375,237.8125,237.8125,244.6875,237.8125,237.8125,237.8125,244.84375,237.8125
hDenV1/Colombia/SAN-UIS-00016/2007,0.0,0.0,0.0,0.0,0.0,0.0,0.0,0.0,0.0,0.0,0.0,12.65625,12.65625,12.65625,0.0,12.65625,0.0,0.0,0.0,0.0,0.0,0.0,0.0,3.59375,0.0,22.65625,0.0,3.59375,3.59375,0.0,0.0,0.0,0.0,0.0,20.625,3.59375,0.0,0.0,3.59375,12.96875,0.0,0.0,3.59375,0.0,0.0,0.0,0.0,0.0,0.0,0.0,0.0,0.0,0.0,0.0,0.0,0.0,0.0,0.0,0.0,0.0,0.0,0.0,0.0,0.0,0.0,0.0,0.0,0.0,0.0,0.0,0.0,0.0,0.0,0.0,0.0,0.0,0.0,0.0,0.0,4.53125,0.0,0.0,0.0,0.0,0.0,0.0,0.0,0.0,0.0,0.0,0.0,0.0,0.0,12.65625,0.0,12.65625,0.0,0.0,0.0,12.65625,0.0,0.0,0.0,0.0,3.28125,207.65625,206.25,206.25,206.25,224.53125,204.84375,191.5625,202.03125,206.25,206.25,206.25,206.25,206.25,206.25,206.25,206.25,206.25,206.25,206.25,206.25,206.25,206.25,206.25,206.25,206.25,206.25,206.25,206.25,206.25,206.25,206.25,206.25,206.25,206.25,206.25,206.25,206.25,206.25,206.25,206.25,206.25,206.25,206.25,206.25,206.25,206.25,206.25,206.25,206.25,206.25,206.25,206.25,206.25,206.25,207.5,206.25,206.25,206.25,206.25,206.25,206.25,206.25,206.25,206.25,206.25,206.25,206.25,206.25,206.25,206.25,206.25,206.25,206.25,206.25,206.25,206.25,206.25,206.25,206.25,206.25,206.25,206.25,206.25,206.25,206.25,206.25,393.4375,393.4375,394.53125,393.4375,407.8125,407.8125,420.3125,386.09375,370.15625,396.875,420.3125,407.34375,420.3125,420.3125,407.34375,407.34375,407.34375,420.3125,420.3125,420.3125,393.4375,407.34375,407.34375,420.3125,407.34375,393.4375,420.3125,416.25,420.3125,407.34375,420.3125,420.3125,407.34375,393.4375,393.4375,407.34375,407.34375,393.4375,393.4375,420.3125,414.0625,407.34375,420.3125,407.34375,407.34375,420.3125,407.34375,396.875,407.34375,407.34375,407.34375,420.3125,407.34375,407.34375,393.4375,393.4375,407.34375,407.34375,393.4375,407.34375,407.34375,393.4375,393.4375,407.34375,407.34375,393.4375,396.875,420.3125,407.34375,416.25,420.3125,420.3125,393.4375,407.34375,393.4375,396.875,416.25,420.3125,407.34375,407.34375,404.21875,392.8125,404.21875,404.21875,407.34375,420.3125,392.8125,404.21875,392.8125,396.875,392.8125,392.8125,404.21875,392.8125,392.8125,392.8125,392.8125,392.8125,392.8125,392.8125,413.59375,407.34375,244.375,244.84375,248.28125,237.8125,244.375,244.84375,244.84375,244.84375,244.84375,244.84375,244.84375,244.84375,244.84375,245.78125,252.96875,252.96875,252.96875,252.96875,252.96875,244.84375,244.84375,237.8125,252.96875,244.84375,244.84375,244.84375,244.84375,244.84375,244.84375,244.84375,244.84375,244.84375,244.84375,244.84375,244.84375,237.8125,237.8125,244.84375,244.84375,244.84375,244.84375,244.84375,244.84375,244.84375,245.78125,244.84375,244.84375,244.84375,244.84375,244.84375,244.84375,244.84375,244.84375,244.84375,244.84375,244.84375,245.78125,249.375,244.84375,244.84375,244.84375,244.84375,244.84375,245.78125,241.875,244.84375,255.0,244.84375,244.84375,244.84375,245.78125,244.84375,244.84375,248.28125,237.8125,244.84375,237.8125,237.8125,237.8125,237.8125,237.8125,237.8125,237.8125,237.8125,244.84375,237.8125,237.8125,244.6875,237.8125,237.8125,237.8125,244.84375,237.8125
hDenV1/Colombia/SAN-UIS-00017/2007,0.0,0.0,0.0,0.0,0.0,0.0,0.0,0.0,0.0,0.0,0.0,12.65625,12.65625,12.65625,0.0,12.65625,0.0,0.0,0.0,0.0,0.0,0.0,0.0,3.59375,0.0,22.65625,0.0,3.59375,3.59375,0.0,0.0,0.0,0.0,0.0,20.625,3.59375,0.0,0.0,3.59375,12.96875,0.0,0.0,3.59375,0.0,0.0,0.0,0.0,0.0,0.0,0.0,0.0,0.0,0.0,0.0,0.0,0.0,0.0,0.0,0.0,0.0,0.0,0.0,0.0,0.0,0.0,0.0,0.0,0.0,0.0,0.0,0.0,0.0,0.0,0.0,0.0,0.0,0.0,0.0,0.0,4.53125,0.0,0.0,0.0,0.0,0.0,0.0,0.0,0.0,0.0,0.0,0.0,0.0,0.0,12.65625,0.0,12.65625,0.0,0.0,0.0,12.65625,0.0,0.0,0.0,0.0,3.28125,207.65625,206.25,206.25,206.25,224.53125,204.84375,191.5625,202.03125,206.25,206.25,206.25,206.25,206.25,206.25,206.25,206.25,206.25,206.25,206.25,206.25,206.25,206.25,206.25,206.25,206.25,206.25,206.25,206.25,206.25,206.25,206.25,206.25,206.25,206.25,206.25,206.25,206.25,206.25,206.25,206.25,206.25,206.25,206.25,206.25,206.25,206.25,206.25,206.25,206.25,206.25,206.25,206.25,206.25,206.25,207.5,206.25,206.25,206.25,206.25,206.25,206.25,206.25,206.25,206.25,206.25,206.25,206.25,206.25,206.25,206.25,206.25,206.25,206.25,206.25,206.25,206.25,206.25,206.25,206.25,206.25,206.25,206.25,206.25,206.25,206.25,206.25,393.4375,393.4375,394.53125,393.4375,407.8125,407.8125,420.3125,386.09375,370.15625,396.875,420.3125,407.34375,420.3125,420.3125,407.34375,407.34375,407.34375,420.3125,420.3125,420.3125,393.4375,407.34375,407.34375,420.3125,407.34375,393.4375,420.3125,416.25,420.3125,407.34375,420.3125,420.3125,407.34375,393.4375,393.4375,407.34375,407.34375,393.4375,393.4375,420.3125,414.0625,407.34375,420.3125,407.34375,407.34375,420.3125,407.34375,396.875,407.34375,407.34375,407.34375,420.3125,407.34375,407.34375,393.4375,393.4375,407.34375,407.34375,393.4375,407.34375,407.34375,393.4375,393.4375,407.34375,407.34375,393.4375,396.875,420.3125,407.34375,416.25,420.3125,420.3125,393.4375,407.34375,393.4375,396.875,416.25,420.3125,407.34375,407.34375,404.21875,392.8125,404.21875,404.21875,407.34375,420.3125,392.8125,404.21875,392.8125,396.875,392.8125,392.8125,404.21875,392.8125,392.8125,392.8125,392.8125,392.8125,392.8125,392.8125,413.59375,407.34375,244.375,244.84375,248.28125,237.8125,244.375,244.84375,244.84375,244.84375,244.84375,244.84375,244.84375,244.84375,244.84375,245.78125,252.96875,252.96875,252.96875,252.96875,252.96875,244.84375,244.84375,237.8125,252.96875,244.84375,244.84375,244.84375,244.84375,244.84375,244.84375,244.84375,244.84375,244.84375,244.84375,244.84375,244.84375,237.8125,237.8125,244.84375,244.84375,244.84375,244.84375,244.84375,244.84375,244.84375,245.78125,244.84375,244.84375,244.84375,244.84375,244.84375,244.84375,244.84375,244.84375,244.84375,244.84375,244.84375,245.78125,249.375,244.84375,244.84375,244.84375,244.84375,244.84375,245.78125,241.875,244.84375,255.0,244.84375,244.84375,244.84375,245.78125,244.84375,244.84375,248.28125,237.8125,244.84375,237.8125,237.8125,237.8125,237.8125,237.8125,237.8125,237.8125,237.8125,244.84375,237.8125,237.8125,244.6875,237.8125,237.8125,237.8125,244.84375,237.8125
hDenV1/Colombia/SAN-UIS-00018/2008,0.0,0.0,0.0,0.0,0.0,0.0,0.0,0.0,0.0,0.0,0.0,12.65625,12.65625,12.65625,0.0,12.65625,0.0,0.0,0.0,0.0,0.0,0.0,0.0,3.59375,0.0,22.65625,0.0,3.59375,3.59375,0.0,0.0,0.0,0.0,0.0,20.625,3.59375,0.0,0.0,3.59375,12.96875,0.0,0.0,3.59375,0.0,0.0,0.0,0.0,0.0,0.0,0.0,0.0,0.0,0.0,0.0,0.0,0.0,0.0,0.0,0.0,0.0,0.0,0.0,0.0,0.0,0.0,0.0,0.0,0.0,0.0,0.0,0.0,0.0,0.0,0.0,0.0,0.0,0.0,0.0,0.0,4.53125,0.0,0.0,0.0,0.0,0.0,0.0,0.0,0.0,0.0,0.0,0.0,0.0,0.0,12.65625,0.0,12.65625,0.0,0.0,0.0,12.65625,0.0,0.0,0.0,0.0,3.28125,207.65625,206.25,206.25,206.25,224.53125,204.84375,191.5625,202.03125,206.25,206.25,206.25,206.25,206.25,206.25,206.25,206.25,206.25,206.25,206.25,206.25,206.25,206.25,206.25,206.25,206.25,206.25,206.25,206.25,206.25,206.25,206.25,206.25,206.25,206.25,206.25,206.25,206.25,206.25,206.25,206.25,206.25,206.25,206.25,206.25,206.25,206.25,206.25,206.25,206.25,206.25,206.25,206.25,206.25,206.25,207.5,206.25,206.25,206.25,206.25,206.25,206.25,206.25,206.25,206.25,206.25,206.25,206.25,206.25,206.25,206.25,206.25,206.25,206.25,206.25,206.25,206.25,206.25,206.25,206.25,206.25,206.25,206.25,206.25,206.25,206.25,206.25,393.4375,393.4375,394.53125,393.4375,407.8125,407.8125,420.3125,386.09375,370.15625,396.875,420.3125,407.34375,420.3125,420.3125,407.34375,407.34375,407.34375,420.3125,420.3125,420.3125,393.4375,407.34375,407.34375,420.3125,407.34375,393.4375,420.3125,416.25,420.3125,407.34375,420.3125,420.3125,407.34375,393.4375,393.4375,407.34375,407.34375,393.4375,393.4375,420.3125,414.0625,407.34375,420.3125,407.34375,407.34375,420.3125,407.34375,396.875,407.34375,407.34375,407.34375,420.3125,407.34375,407.34375,393.4375,393.4375,407.34375,407.34375,393.4375,407.34375,407.34375,393.4375,393.4375,407.34375,407.34375,393.4375,396.875,420.3125,407.34375,416.25,420.3125,420.3125,393.4375,407.34375,393.4375,396.875,416.25,420.3125,407.34375,407.34375,404.21875,392.8125,404.21875,404.21875,407.34375,420.3125,392.8125,404.21875,392.8125,396.875,392.8125,392.8125,404.21875,392.8125,392.8125,392.8125,392.8125,392.8125,392.8125,392.8125,413.59375,407.34375,244.375,244.84375,248.28125,237.8125,244.375,244.84375,244.84375,244.84375,244.84375,244.84375,244.84375,244.84375,244.84375,245.78125,252.96875,252.96875,252.96875,252.96875,252.96875,244.84375,244.84375,237.8125,252.96875,244.84375,244.84375,244.84375,244.84375,244.84375,244.84375,244.84375,244.84375,244.84375,244.84375,244.84375,244.84375,237.8125,237.8125,244.84375,244.84375,244.84375,244.84375,244.84375,244.84375,244.84375,245.78125,244.84375,244.84375,244.84375,244.84375,244.84375,244.84375,244.84375,244.84375,244.84375,244.84375,244.84375,245.78125,249.375,244.84375,244.84375,244.84375,244.84375,244.84375,245.78125,241.875,244.84375,255.0,244.84375,244.84375,244.84375,245.78125,244.84375,244.84375,248.28125,237.8125,244.84375,237.8125,237.8125,237.8125,237.8125,237.8125,237.8125,237.8125,237.8125,244.84375,237.8125,237.8125,244.6875,237.8125,237.8125,237.8125,244.84375,237.8125
hDenV1/Colombia/SAN-UIS-00019/2008,0.0,0.0,0.0,0.0,0.0,0.0,0.0,0.0,0.0,0.0,0.0,12.65625,12.65625,12.65625,0.0,12.65625,0.0,0.0,0.0,0.0,0.0,0.0,0.0,3.59375,0.0,22.65625,0.0,3.59375,3.59375,0.0,0.0,0.0,0.0,0.0,20.625,3.59375,0.0,0.0,3.59375,12.96875,0.0,0.0,3.59375,0.0,0.0,0.0,0.0,0.0,0.0,0.0,0.0,0.0,0.0,0.0,0.0,0.0,0.0,0.0,0.0,0.0,0.0,0.0,0.0,0.0,0.0,0.0,0.0,0.0,0.0,0.0,0.0,0.0,0.0,0.0,0.0,0.0,0.0,0.0,0.0,4.53125,0.0,0.0,0.0,0.0,0.0,0.0,0.0,0.0,0.0,0.0,0.0,0.0,0.0,12.65625,0.0,12.65625,0.0,0.0,0.0,12.65625,0.0,0.0,0.0,0.0,3.28125,207.65625,206.25,206.25,206.25,224.53125,204.84375,191.5625,202.03125,206.25,206.25,206.25,206.25,206.25,206.25,206.25,206.25,206.25,206.25,206.25,206.25,206.25,206.25,206.25,206.25,206.25,206.25,206.25,206.25,206.25,206.25,206.25,206.25,206.25,206.25,206.25,206.25,206.25,206.25,206.25,206.25,206.25,206.25,206.25,206.25,206.25,206.25,206.25,206.25,206.25,206.25,206.25,206.25,206.25,206.25,207.5,206.25,206.25,206.25,206.25,206.25,206.25,206.25,206.25,206.25,206.25,206.25,206.25,206.25,206.25,206.25,206.25,206.25,206.25,206.25,206.25,206.25,206.25,206.25,206.25,206.25,206.25,206.25,206.25,206.25,206.25,206.25,393.4375,393.4375,394.53125,393.4375,407.8125,407.8125,420.3125,386.09375,370.15625,396.875,420.3125,407.34375,420.3125,420.3125,407.34375,407.34375,407.34375,420.3125,420.3125,420.3125,393.4375,407.34375,407.34375,420.3125,407.34375,393.4375,420.3125,416.25,420.3125,407.34375,420.3125,420.3125,407.34375,393.4375,393.4375,407.34375,407.34375,393.4375,393.4375,420.3125,414.0625,407.34375,420.3125,407.34375,407.34375,420.3125,407.34375,396.875,407.34375,407.34375,407.34375,420.3125,407.34375,407.34375,393.4375,393.4375,407.34375,407.34375,393.4375,407.34375,407.34375,393.4375,393.4375,407.34375,407.34375,393.4375,396.875,420.3125,407.34375,416.25,420.3125,420.3125,393.4375,407.34375,393.4375,396.875,416.25,420.3125,407.34375,407.34375,404.21875,392.8125,404.21875,404.21875,407.34375,420.3125,392.8125,404.21875,392.8125,396.875,392.8125,392.8125,404.21875,392.8125,392.8125,392.8125,392.8125,392.8125,392.8125,392.8125,413.59375,407.34375,244.375,244.84375,248.28125,237.8125,244.375,244.84375,244.84375,244.84375,244.84375,244.84375,244.84375,244.84375,244.84375,245.78125,252.96875,252.96875,252.96875,252.96875,252.96875,244.84375,244.84375,237.8125,252.96875,244.84375,244.84375,244.84375,244.84375,244.84375,244.84375,244.84375,244.84375,244.84375,244.84375,244.84375,244.84375,237.8125,237.8125,244.84375,244.84375,244.84375,244.84375,244.84375,244.84375,244.84375,245.78125,244.84375,244.84375,244.84375,244.84375,244.84375,244.84375,244.84375,244.84375,244.84375,244.84375,244.84375,245.78125,249.375,244.84375,244.84375,244.84375,244.84375,244.84375,245.78125,241.875,244.84375,255.0,244.84375,244.84375,244.84375,245.78125,244.84375,244.84375,248.28125,237.8125,244.84375,237.8125,237.8125,237.8125,237.8125,237.8125,237.8125,237.8125,237.8125,244.84375,237.8125,237.8125,244.6875,237.8125,237.8125,237.8125,244.84375,237.8125
hDenV1/Colombia/SAN-UIS-00021/2007,0.0,0.0,0.0,0.0,0.0,0.0,0.0,0.0,0.0,0.0,0.0,12.65625,12.65625,12.65625,0.0,12.65625,0.0,0.0,0.0,0.0,0.0,0.0,0.0,3.59375,0.0,22.65625,0.0,3.59375,3.59375,0.0,0.0,0.0,0.0,0.0,20.625,3.59375,0.0,0.0,3.59375,12.96875,0.0,0.0,3.59375,0.0,0.0,0.0,0.0,0.0,0.0,0.0,0.0,0.0,0.0,0.0,0.0,0.0,0.0,0.0,0.0,0.0,0.0,0.0,0.0,0.0,0.0,0.0,0.0,0.0,0.0,0.0,0.0,0.0,0.0,0.0,0.0,0.0,0.0,0.0,0.0,4.53125,0.0,0.0,0.0,0.0,0.0,0.0,0.0,0.0,0.0,0.0,0.0,0.0,0.0,12.65625,0.0,12.65625,0.0,0.0,0.0,12.65625,0.0,0.0,0.0,0.0,3.28125,207.65625,206.25,206.25,206.25,224.53125,204.84375,191.5625,202.03125,206.25,206.25,206.25,206.25,206.25,206.25,206.25,206.25,206.25,206.25,206.25,206.25,206.25,206.25,206.25,206.25,206.25,206.25,206.25,206.25,206.25,206.25,206.25,206.25,206.25,206.25,206.25,206.25,206.25,206.25,206.25,206.25,206.25,206.25,206.25,206.25,206.25,206.25,206.25,206.25,206.25,206.25,206.25,206.25,206.25,206.25,207.5,206.25,206.25,206.25,206.25,206.25,206.25,206.25,206.25,206.25,206.25,206.25,206.25,206.25,206.25,206.25,206.25,206.25,206.25,206.25,206.25,206.25,206.25,206.25,206.25,206.25,206.25,206.25,206.25,206.25,206.25,206.25,393.4375,393.4375,394.53125,393.4375,407.8125,407.8125,420.3125,386.09375,370.15625,396.875,420.3125,407.34375,420.3125,420.3125,407.34375,407.34375,407.34375,420.3125,420.3125,420.3125,393.4375,407.34375,407.34375,420.3125,407.34375,393.4375,420.3125,416.25,420.3125,407.34375,420.3125,420.3125,407.34375,393.4375,393.4375,407.34375,407.34375,393.4375,393.4375,420.3125,414.0625,407.34375,420.3125,407.34375,407.34375,420.3125,407.34375,396.875,407.34375,407.34375,407.34375,420.3125,407.34375,407.34375,393.4375,393.4375,407.34375,407.34375,393.4375,407.34375,407.34375,393.4375,393.4375,407.34375,407.34375,393.4375,396.875,420.3125,407.34375,416.25,420.3125,420.3125,393.4375,407.34375,393.4375,396.875,416.25,420.3125,407.34375,407.34375,404.21875,392.8125,404.21875,404.21875,407.34375,420.3125,392.8125,404.21875,392.8125,396.875,392.8125,392.8125,404.21875,392.8125,392.8125,392.8125,392.8125,392.8125,392.8125,392.8125,413.59375,407.34375,244.375,244.84375,248.28125,237.8125,244.375,244.84375,244.84375,244.84375,244.84375,244.84375,244.84375,244.84375,244.84375,245.78125,252.96875,252.96875,252.96875,252.96875,252.96875,244.84375,244.84375,237.8125,252.96875,244.84375,244.84375,244.84375,244.84375,244.84375,244.84375,244.84375,244.84375,244.84375,244.84375,244.84375,244.84375,237.8125,237.8125,244.84375,244.84375,244.84375,244.84375,244.84375,244.84375,244.84375,245.78125,244.84375,244.84375,244.84375,244.84375,244.84375,244.84375,244.84375,244.84375,244.84375,244.84375,244.84375,245.78125,249.375,244.84375,244.84375,244.84375,244.84375,244.84375,245.78125,241.875,244.84375,255.0,244.84375,244.84375,244.84375,245.78125,244.84375,244.84375,248.28125,237.8125,244.84375,237.8125,237.8125,237.8125,237.8125,237.8125,237.8125,237.8125,237.8125,244.84375,237.8125,237.8125,244.6875,237.8125,237.8125,237.8125,244.84375,237.8125
hDenV1/Colombia/SAN-UIS-00022/2008,0.0,0.0,0.0,0.0,0.0,0.0,0.0,0.0,0.0,0.0,0.0,12.65625,12.65625,12.65625,0.0,12.65625,0.0,0.0,0.0,0.0,0.0,0.0,0.0,3.59375,0.0,22.65625,0.0,3.59375,3.59375,0.0,0.0,0.0,0.0,0.0,20.625,3.59375,0.0,0.0,3.59375,12.96875,0.0,0.0,3.59375,0.0,0.0,0.0,0.0,0.0,0.0,0.0,0.0,0.0,0.0,0.0,0.0,0.0,0.0,0.0,0.0,0.0,0.0,0.0,0.0,0.0,0.0,0.0,0.0,0.0,0.0,0.0,0.0,0.0,0.0,0.0,0.0,0.0,0.0,0.0,0.0,4.53125,0.0,0.0,0.0,0.0,0.0,0.0,0.0,0.0,0.0,0.0,0.0,0.0,0.0,12.65625,0.0,12.65625,0.0,0.0,0.0,12.65625,0.0,0.0,0.0,0.0,3.28125,207.65625,206.25,206.25,206.25,224.53125,204.84375,191.5625,202.03125,206.25,206.25,206.25,206.25,206.25,206.25,206.25,206.25,206.25,206.25,206.25,206.25,206.25,206.25,206.25,206.25,206.25,206.25,206.25,206.25,206.25,206.25,206.25,206.25,206.25,206.25,206.25,206.25,206.25,206.25,206.25,206.25,206.25,206.25,206.25,206.25,206.25,206.25,206.25,206.25,206.25,206.25,206.25,206.25,206.25,206.25,207.5,206.25,206.25,206.25,206.25,206.25,206.25,206.25,206.25,206.25,206.25,206.25,206.25,206.25,206.25,206.25,206.25,206.25,206.25,206.25,206.25,206.25,206.25,206.25,206.25,206.25,206.25,206.25,206.25,206.25,206.25,206.25,393.4375,393.4375,394.53125,393.4375,407.8125,407.8125,420.3125,386.09375,370.15625,396.875,420.3125,407.34375,420.3125,420.3125,407.34375,407.34375,407.34375,420.3125,420.3125,420.3125,393.4375,407.34375,407.34375,420.3125,407.34375,393.4375,420.3125,416.25,420.3125,407.34375,420.3125,420.3125,407.34375,393.4375,393.4375,407.34375,407.34375,393.4375,393.4375,420.3125,414.0625,407.34375,420.3125,407.34375,407.34375,420.3125,407.34375,396.875,407.34375,407.34375,407.34375,420.3125,407.34375,407.34375,393.4375,393.4375,407.34375,407.34375,393.4375,407.34375,407.34375,393.4375,393.4375,407.34375,407.34375,393.4375,396.875,420.3125,407.34375,416.25,420.3125,420.3125,393.4375,407.34375,393.4375,396.875,416.25,420.3125,407.34375,407.34375,404.21875,392.8125,404.21875,404.21875,407.34375,420.3125,392.8125,404.21875,392.8125,396.875,392.8125,392.8125,404.21875,392.8125,392.8125,392.8125,392.8125,392.8125,392.8125,392.8125,413.59375,407.34375,244.375,244.84375,248.28125,237.8125,244.375,244.84375,244.84375,244.84375,244.84375,244.84375,244.84375,244.84375,244.84375,245.78125,252.96875,252.96875,252.96875,252.96875,252.96875,244.84375,244.84375,237.8125,252.96875,244.84375,244.84375,244.84375,244.84375,244.84375,244.84375,244.84375,244.84375,244.84375,244.84375,244.84375,244.84375,237.8125,237.8125,244.84375,244.84375,244.84375,244.84375,244.84375,244.84375,244.84375,245.78125,244.84375,244.84375,244.84375,244.84375,244.84375,244.84375,244.84375,244.84375,244.84375,244.84375,244.84375,245.78125,249.375,244.84375,244.84375,244.84375,244.84375,244.84375,245.78125,241.875,244.84375,255.0,244.84375,244.84375,244.84375,245.78125,244.84375,244.84375,248.28125,237.8125,244.84375,237.8125,237.8125,237.8125,237.8125,237.8125,237.8125,237.8125,237.8125,244.84375,237.8125,237.8125,244.6875,237.8125,237.8125,237.8125,244.84375,237.8125
hDenV1/Colombia/SAN-UIS-00023/2008,0.0,0.0,0.0,0.0,0.0,0.0,0.0,0.0,0.0,0.0,0.0,12.65625,12.65625,12.65625,0.0,12.65625,0.0,0.0,0.0,0.0,0.0,0.0,0.0,3.59375,0.0,22.65625,0.0,3.59375,3.59375,0.0,0.0,0.0,0.0,0.0,20.625,3.59375,0.0,0.0,3.59375,12.96875,0.0,0.0,3.59375,0.0,0.0,0.0,0.0,0.0,0.0,0.0,0.0,0.0,0.0,0.0,0.0,0.0,0.0,0.0,0.0,0.0,0.0,0.0,0.0,0.0,0.0,0.0,0.0,0.0,0.0,0.0,0.0,0.0,0.0,0.0,0.0,0.0,0.0,0.0,0.0,4.53125,0.0,0.0,0.0,0.0,0.0,0.0,0.0,0.0,0.0,0.0,0.0,0.0,0.0,12.65625,0.0,12.65625,0.0,0.0,0.0,12.65625,0.0,0.0,0.0,0.0,3.28125,207.65625,206.25,206.25,206.25,224.53125,204.84375,191.5625,202.03125,206.25,206.25,206.25,206.25,206.25,206.25,206.25,206.25,206.25,206.25,206.25,206.25,206.25,206.25,206.25,206.25,206.25,206.25,206.25,206.25,206.25,206.25,206.25,206.25,206.25,206.25,206.25,206.25,206.25,206.25,206.25,206.25,206.25,206.25,206.25,206.25,206.25,206.25,206.25,206.25,206.25,206.25,206.25,206.25,206.25,206.25,207.5,206.25,206.25,206.25,206.25,206.25,206.25,206.25,206.25,206.25,206.25,206.25,206.25,206.25,206.25,206.25,206.25,206.25,206.25,206.25,206.25,206.25,206.25,206.25,206.25,206.25,206.25,206.25,206.25,206.25,206.25,206.25,393.4375,393.4375,394.53125,393.4375,407.8125,407.8125,420.3125,386.09375,370.15625,396.875,420.3125,407.34375,420.3125,420.3125,407.34375,407.34375,407.34375,420.3125,420.3125,420.3125,393.4375,407.34375,407.34375,420.3125,407.34375,393.4375,420.3125,416.25,420.3125,407.34375,420.3125,420.3125,407.34375,393.4375,393.4375,407.34375,407.34375,393.4375,393.4375,420.3125,414.0625,407.34375,420.3125,407.34375,407.34375,420.3125,407.34375,396.875,407.34375,407.34375,407.34375,420.3125,407.34375,407.34375,393.4375,393.4375,407.34375,407.34375,393.4375,407.34375,407.34375,393.4375,393.4375,407.34375,407.34375,393.4375,396.875,420.3125,407.34375,416.25,420.3125,420.3125,393.4375,407.34375,393.4375,396.875,416.25,420.3125,407.34375,407.34375,404.21875,392.8125,404.21875,404.21875,407.34375,420.3125,392.8125,404.21875,392.8125,396.875,392.8125,392.8125,404.21875,392.8125,392.8125,392.8125,392.8125,392.8125,392.8125,392.8125,413.59375,407.34375,244.375,244.84375,248.28125,237.8125,244.375,244.84375,244.84375,244.84375,244.84375,244.84375,244.84375,244.84375,244.84375,245.78125,252.96875,252.96875,252.96875,252.96875,252.96875,244.84375,244.84375,237.8125,252.96875,244.84375,244.84375,244.84375,244.84375,244.84375,244.84375,244.84375,244.84375,244.84375,244.84375,244.84375,244.84375,237.8125,237.8125,244.84375,244.84375,244.84375,244.84375,244.84375,244.84375,244.84375,245.78125,244.84375,244.84375,244.84375,244.84375,244.84375,244.84375,244.84375,244.84375,244.84375,244.84375,244.84375,245.78125,249.375,244.84375,244.84375,244.84375,244.84375,244.84375,245.78125,241.875,244.84375,255.0,244.84375,244.84375,244.84375,245.78125,244.84375,244.84375,248.28125,237.8125,244.84375,237.8125,237.8125,237.8125,237.8125,237.8125,237.8125,237.8125,237.8125,244.84375,237.8125,237.8125,244.6875,237.8125,237.8125,237.8125,244.84375,237.8125
hDenV1/Colombia/SAN-UIS-00024/2008,0.0,0.0,0.0,0.0,0.0,0.0,0.0,0.0,0.0,0.0,0.0,12.65625,12.65625,12.65625,0.0,12.65625,0.0,0.0,0.0,0.0,0.0,0.0,0.0,3.59375,0.0,22.65625,0.0,3.59375,3.59375,0.0,0.0,0.0,0.0,0.0,20.625,3.59375,0.0,0.0,3.59375,12.96875,0.0,0.0,3.59375,0.0,0.0,0.0,0.0,0.0,0.0,0.0,0.0,0.0,0.0,0.0,0.0,0.0,0.0,0.0,0.0,0.0,0.0,0.0,0.0,0.0,0.0,0.0,0.0,0.0,0.0,0.0,0.0,0.0,0.0,0.0,0.0,0.0,0.0,0.0,0.0,4.53125,0.0,0.0,0.0,0.0,0.0,0.0,0.0,0.0,0.0,0.0,0.0,0.0,0.0,12.65625,0.0,12.65625,0.0,0.0,0.0,12.65625,0.0,0.0,0.0,0.0,3.28125,207.65625,206.25,206.25,206.25,224.53125,204.84375,191.5625,202.03125,206.25,206.25,206.25,206.25,206.25,206.25,206.25,206.25,206.25,206.25,206.25,206.25,206.25,206.25,206.25,206.25,206.25,206.25,206.25,206.25,206.25,206.25,206.25,206.25,206.25,206.25,206.25,206.25,206.25,206.25,206.25,206.25,206.25,206.25,206.25,206.25,206.25,206.25,206.25,206.25,206.25,206.25,206.25,206.25,206.25,206.25,207.5,206.25,206.25,206.25,206.25,206.25,206.25,206.25,206.25,206.25,206.25,206.25,206.25,206.25,206.25,206.25,206.25,206.25,206.25,206.25,206.25,206.25,206.25,206.25,206.25,206.25,206.25,206.25,206.25,206.25,206.25,206.25,393.4375,393.4375,394.53125,393.4375,407.8125,407.8125,420.3125,386.09375,370.15625,396.875,420.3125,407.34375,420.3125,420.3125,407.34375,407.34375,407.34375,420.3125,420.3125,420.3125,393.4375,407.34375,407.34375,420.3125,407.34375,393.4375,420.3125,416.25,420.3125,407.34375,420.3125,420.3125,407.34375,393.4375,393.4375,407.34375,407.34375,393.4375,393.4375,420.3125,414.0625,407.34375,420.3125,407.34375,407.34375,420.3125,407.34375,396.875,407.34375,407.34375,407.34375,420.3125,407.34375,407.34375,393.4375,393.4375,407.34375,407.34375,393.4375,407.34375,407.34375,393.4375,393.4375,407.34375,407.34375,393.4375,396.875,420.3125,407.34375,416.25,420.3125,420.3125,393.4375,407.34375,393.4375,396.875,416.25,420.3125,407.34375,407.34375,404.21875,392.8125,404.21875,404.21875,407.34375,420.3125,392.8125,404.21875,392.8125,396.875,392.8125,392.8125,404.21875,392.8125,392.8125,392.8125,392.8125,392.8125,392.8125,392.8125,413.59375,407.34375,244.375,244.84375,248.28125,237.8125,244.375,244.84375,244.84375,244.84375,244.84375,244.84375,244.84375,244.84375,244.84375,245.78125,252.96875,252.96875,252.96875,252.96875,252.96875,244.84375,244.84375,237.8125,252.96875,244.84375,244.84375,244.84375,244.84375,244.84375,244.84375,244.84375,244.84375,244.84375,244.84375,244.84375,244.84375,237.8125,237.8125,244.84375,244.84375,244.84375,244.84375,244.84375,244.84375,244.84375,245.78125,244.84375,244.84375,244.84375,244.84375,244.84375,244.84375,244.84375,244.84375,244.84375,244.84375,244.84375,245.78125,249.375,244.84375,244.84375,244.84375,244.84375,244.84375,245.78125,241.875,244.84375,255.0,244.84375,244.84375,244.84375,245.78125,244.84375,244.84375,248.28125,237.8125,244.84375,237.8125,237.8125,237.8125,237.8125,237.8125,237.8125,237.8125,237.8125,244.84375,237.8125,237.8125,244.6875,237.8125,237.8125,237.8125,244.84375,237.8125
hDenV1/Colombia/SAN-UIS-00025/2007,0.0,0.0,0.0,0.0,0.0,0.0,0.0,0.0,0.0,0.0,0.0,12.65625,12.65625,12.65625,0.0,12.65625,0.0,0.0,0.0,0.0,0.0,0.0,0.0,3.59375,0.0,22.65625,0.0,3.59375,3.59375,0.0,0.0,0.0,0.0,0.0,20.625,3.59375,0.0,0.0,3.59375,12.96875,0.0,0.0,3.59375,0.0,0.0,0.0,0.0,0.0,0.0,0.0,0.0,0.0,0.0,0.0,0.0,0.0,0.0,0.0,0.0,0.0,0.0,0.0,0.0,0.0,0.0,0.0,0.0,0.0,0.0,0.0,0.0,0.0,0.0,0.0,0.0,0.0,0.0,0.0,0.0,4.53125,0.0,0.0,0.0,0.0,0.0,0.0,0.0,0.0,0.0,0.0,0.0,0.0,0.0,12.65625,0.0,12.65625,0.0,0.0,0.0,12.65625,0.0,0.0,0.0,0.0,3.28125,207.65625,206.25,206.25,206.25,224.53125,204.84375,191.5625,202.03125,206.25,206.25,206.25,206.25,206.25,206.25,206.25,206.25,206.25,206.25,206.25,206.25,206.25,206.25,206.25,206.25,206.25,206.25,206.25,206.25,206.25,206.25,206.25,206.25,206.25,206.25,206.25,206.25,206.25,206.25,206.25,206.25,206.25,206.25,206.25,206.25,206.25,206.25,206.25,206.25,206.25,206.25,206.25,206.25,206.25,206.25,207.5,206.25,206.25,206.25,206.25,206.25,206.25,206.25,206.25,206.25,206.25,206.25,206.25,206.25,206.25,206.25,206.25,206.25,206.25,206.25,206.25,206.25,206.25,206.25,206.25,206.25,206.25,206.25,206.25,206.25,206.25,206.25,393.4375,393.4375,394.53125,393.4375,407.8125,407.8125,420.3125,386.09375,370.15625,396.875,420.3125,407.34375,420.3125,420.3125,407.34375,407.34375,407.34375,420.3125,420.3125,420.3125,393.4375,407.34375,407.34375,420.3125,407.34375,393.4375,420.3125,416.25,420.3125,407.34375,420.3125,420.3125,407.34375,393.4375,393.4375,407.34375,407.34375,393.4375,393.4375,420.3125,414.0625,407.34375,420.3125,407.34375,407.34375,420.3125,407.34375,396.875,407.34375,407.34375,407.34375,420.3125,407.34375,407.34375,393.4375,393.4375,407.34375,407.34375,393.4375,407.34375,407.34375,393.4375,393.4375,407.34375,407.34375,393.4375,396.875,420.3125,407.34375,416.25,420.3125,420.3125,393.4375,407.34375,393.4375,396.875,416.25,420.3125,407.34375,407.34375,404.21875,392.8125,404.21875,404.21875,407.34375,420.3125,392.8125,404.21875,392.8125,396.875,392.8125,392.8125,404.21875,392.8125,392.8125,392.8125,392.8125,392.8125,392.8125,392.8125,413.59375,407.34375,244.375,244.84375,248.28125,237.8125,244.375,244.84375,244.84375,244.84375,244.84375,244.84375,244.84375,244.84375,244.84375,245.78125,252.96875,252.96875,252.96875,252.96875,252.96875,244.84375,244.84375,237.8125,252.96875,244.84375,244.84375,244.84375,244.84375,244.84375,244.84375,244.84375,244.84375,244.84375,244.84375,244.84375,244.84375,237.8125,237.8125,244.84375,244.84375,244.84375,244.84375,244.84375,244.84375,244.84375,245.78125,244.84375,244.84375,244.84375,244.84375,244.84375,244.84375,244.84375,244.84375,244.84375,244.84375,244.84375,245.78125,249.375,244.84375,244.84375,244.84375,244.84375,244.84375,245.78125,241.875,244.84375,255.0,244.84375,244.84375,244.84375,245.78125,244.84375,244.84375,248.28125,237.8125,244.84375,237.8125,237.8125,237.8125,237.8125,237.8125,237.8125,237.8125,237.8125,244.84375,237.8125,237.8125,244.6875,237.8125,237.8125,237.8125,244.84375,237.8125
hDenV1/Colombia/SAN-UIS-00026/2007,0.0,0.0,0.0,0.0,0.0,0.0,0.0,0.0,0.0,0.0,0.0,12.65625,12.65625,12.65625,0.0,12.65625,0.0,0.0,0.0,0.0,0.0,0.0,0.0,3.59375,0.0,22.65625,0.0,3.59375,3.59375,0.0,0.0,0.0,0.0,0.0,20.625,3.59375,0.0,0.0,3.59375,12.96875,0.0,0.0,3.59375,0.0,0.0,0.0,0.0,0.0,0.0,0.0,0.0,0.0,0.0,0.0,0.0,0.0,0.0,0.0,0.0,0.0,0.0,0.0,0.0,0.0,0.0,0.0,0.0,0.0,0.0,0.0,0.0,0.0,0.0,0.0,0.0,0.0,0.0,0.0,0.0,4.53125,0.0,0.0,0.0,0.0,0.0,0.0,0.0,0.0,0.0,0.0,0.0,0.0,0.0,12.65625,0.0,12.65625,0.0,0.0,0.0,12.65625,0.0,0.0,0.0,0.0,3.28125,207.65625,206.25,206.25,206.25,224.53125,204.84375,191.5625,202.03125,206.25,206.25,206.25,206.25,206.25,206.25,206.25,206.25,206.25,206.25,206.25,206.25,206.25,206.25,206.25,206.25,206.25,206.25,206.25,206.25,206.25,206.25,206.25,206.25,206.25,206.25,206.25,206.25,206.25,206.25,206.25,206.25,206.25,206.25,206.25,206.25,206.25,206.25,206.25,206.25,206.25,206.25,206.25,206.25,206.25,206.25,207.5,206.25,206.25,206.25,206.25,206.25,206.25,206.25,206.25,206.25,206.25,206.25,206.25,206.25,206.25,206.25,206.25,206.25,206.25,206.25,206.25,206.25,206.25,206.25,206.25,206.25,206.25,206.25,206.25,206.25,206.25,206.25,393.4375,393.4375,394.53125,393.4375,407.8125,407.8125,420.3125,386.09375,370.15625,396.875,420.3125,407.34375,420.3125,420.3125,407.34375,407.34375,407.34375,420.3125,420.3125,420.3125,393.4375,407.34375,407.34375,420.3125,407.34375,393.4375,420.3125,416.25,420.3125,407.34375,420.3125,420.3125,407.34375,393.4375,393.4375,407.34375,407.34375,393.4375,393.4375,420.3125,414.0625,407.34375,420.3125,407.34375,407.34375,420.3125,407.34375,396.875,407.34375,407.34375,407.34375,420.3125,407.34375,407.34375,393.4375,393.4375,407.34375,407.34375,393.4375,407.34375,407.34375,393.4375,393.4375,407.34375,407.34375,393.4375,396.875,420.3125,407.34375,416.25,420.3125,420.3125,393.4375,407.34375,393.4375,396.875,416.25,420.3125,407.34375,407.34375,404.21875,392.8125,404.21875,404.21875,407.34375,420.3125,392.8125,404.21875,392.8125,396.875,392.8125,392.8125,404.21875,392.8125,392.8125,392.8125,392.8125,392.8125,392.8125,392.8125,413.59375,407.34375,244.375,244.84375,248.28125,237.8125,244.375,244.84375,244.84375,244.84375,244.84375,244.84375,244.84375,244.84375,244.84375,245.78125,252.96875,252.96875,252.96875,252.96875,252.96875,244.84375,244.84375,237.8125,252.96875,244.84375,244.84375,244.84375,244.84375,244.84375,244.84375,244.84375,244.84375,244.84375,244.84375,244.84375,244.84375,237.8125,237.8125,244.84375,244.84375,244.84375,244.84375,244.84375,244.84375,244.84375,245.78125,244.84375,244.84375,244.84375,244.84375,244.84375,244.84375,244.84375,244.84375,244.84375,244.84375,244.84375,245.78125,249.375,244.84375,244.84375,244.84375,244.84375,244.84375,245.78125,241.875,244.84375,255.0,244.84375,244.84375,244.84375,245.78125,244.84375,244.84375,248.28125,237.8125,244.84375,237.8125,237.8125,237.8125,237.8125,237.8125,237.8125,237.8125,237.8125,244.84375,237.8125,237.8125,244.6875,237.8125,237.8125,237.8125,244.84375,237.8125
hDenV1/Colombia/SAN-UIS-00027/2008,0.0,0.0,0.0,0.0,0.0,0.0,0.0,0.0,0.0,0.0,0.0,12.65625,12.65625,12.65625,0.0,12.65625,0.0,0.0,0.0,0.0,0.0,0.0,0.0,3.59375,0.0,22.65625,0.0,3.59375,3.59375,0.0,0.0,0.0,0.0,0.0,20.625,3.59375,0.0,0.0,3.59375,12.96875,0.0,0.0,3.59375,0.0,0.0,0.0,0.0,0.0,0.0,0.0,0.0,0.0,0.0,0.0,0.0,0.0,0.0,0.0,0.0,0.0,0.0,0.0,0.0,0.0,0.0,0.0,0.0,0.0,0.0,0.0,0.0,0.0,0.0,0.0,0.0,0.0,0.0,0.0,0.0,4.53125,0.0,0.0,0.0,0.0,0.0,0.0,0.0,0.0,0.0,0.0,0.0,0.0,0.0,12.65625,0.0,12.65625,0.0,0.0,0.0,12.65625,0.0,0.0,0.0,0.0,3.28125,207.65625,206.25,206.25,206.25,224.53125,204.84375,191.5625,202.03125,206.25,206.25,206.25,206.25,206.25,206.25,206.25,206.25,206.25,206.25,206.25,206.25,206.25,206.25,206.25,206.25,206.25,206.25,206.25,206.25,206.25,206.25,206.25,206.25,206.25,206.25,206.25,206.25,206.25,206.25,206.25,206.25,206.25,206.25,206.25,206.25,206.25,206.25,206.25,206.25,206.25,206.25,206.25,206.25,206.25,206.25,207.5,206.25,206.25,206.25,206.25,206.25,206.25,206.25,206.25,206.25,206.25,206.25,206.25,206.25,206.25,206.25,206.25,206.25,206.25,206.25,206.25,206.25,206.25,206.25,206.25,206.25,206.25,206.25,206.25,206.25,206.25,206.25,393.4375,393.4375,394.53125,393.4375,407.8125,407.8125,420.3125,386.09375,370.15625,396.875,420.3125,407.34375,420.3125,420.3125,407.34375,407.34375,407.34375,420.3125,420.3125,420.3125,393.4375,407.34375,407.34375,420.3125,407.34375,393.4375,420.3125,416.25,420.3125,407.34375,420.3125,420.3125,407.34375,393.4375,393.4375,407.34375,407.34375,393.4375,393.4375,420.3125,414.0625,407.34375,420.3125,407.34375,407.34375,420.3125,407.34375,396.875,407.34375,407.34375,407.34375,420.3125,407.34375,407.34375,393.4375,393.4375,407.34375,407.34375,393.4375,407.34375,407.34375,393.4375,393.4375,407.34375,407.34375,393.4375,396.875,420.3125,407.34375,416.25,420.3125,420.3125,393.4375,407.34375,393.4375,396.875,416.25,420.3125,407.34375,407.34375,404.21875,392.8125,404.21875,404.21875,407.34375,420.3125,392.8125,404.21875,392.8125,396.875,392.8125,392.8125,404.21875,392.8125,392.8125,392.8125,392.8125,392.8125,392.8125,392.8125,413.59375,407.34375,244.375,244.84375,248.28125,237.8125,244.375,244.84375,244.84375,244.84375,244.84375,244.84375,244.84375,244.84375,244.84375,245.78125,252.96875,252.96875,252.96875,252.96875,252.96875,244.84375,244.84375,237.8125,252.96875,244.84375,244.84375,244.84375,244.84375,244.84375,244.84375,244.84375,244.84375,244.84375,244.84375,244.84375,244.84375,237.8125,237.8125,244.84375,244.84375,244.84375,244.84375,244.84375,244.84375,244.84375,245.78125,244.84375,244.84375,244.84375,244.84375,244.84375,244.84375,244.84375,244.84375,244.84375,244.84375,244.84375,245.78125,249.375,244.84375,244.84375,244.84375,244.84375,244.84375,245.78125,241.875,244.84375,255.0,244.84375,244.84375,244.84375,245.78125,244.84375,244.84375,248.28125,237.8125,244.84375,237.8125,237.8125,237.8125,237.8125,237.8125,237.8125,237.8125,237.8125,244.84375,237.8125,237.8125,244.6875,237.8125,237.8125,237.8125,244.84375,237.8125
hDenV1/Colombia/SAN-UIS-00028/2007,0.0,0.0,0.0,0.0,0.0,0.0,0.0,0.0,0.0,0.0,0.0,12.65625,12.65625,12.65625,0.0,12.65625,0.0,0.0,0.0,0.0,0.0,0.0,0.0,3.59375,0.0,22.65625,0.0,3.59375,3.59375,0.0,0.0,0.0,0.0,0.0,20.625,3.59375,0.0,0.0,3.59375,12.96875,0.0,0.0,3.59375,0.0,0.0,0.0,0.0,0.0,0.0,0.0,0.0,0.0,0.0,0.0,0.0,0.0,0.0,0.0,0.0,0.0,0.0,0.0,0.0,0.0,0.0,0.0,0.0,0.0,0.0,0.0,0.0,0.0,0.0,0.0,0.0,0.0,0.0,0.0,0.0,4.53125,0.0,0.0,0.0,0.0,0.0,0.0,0.0,0.0,0.0,0.0,0.0,0.0,0.0,12.65625,0.0,12.65625,0.0,0.0,0.0,12.65625,0.0,0.0,0.0,0.0,3.28125,207.65625,206.25,206.25,206.25,224.53125,204.84375,191.5625,202.03125,206.25,206.25,206.25,206.25,206.25,206.25,206.25,206.25,206.25,206.25,206.25,206.25,206.25,206.25,206.25,206.25,206.25,206.25,206.25,206.25,206.25,206.25,206.25,206.25,206.25,206.25,206.25,206.25,206.25,206.25,206.25,206.25,206.25,206.25,206.25,206.25,206.25,206.25,206.25,206.25,206.25,206.25,206.25,206.25,206.25,206.25,207.5,206.25,206.25,206.25,206.25,206.25,206.25,206.25,206.25,206.25,206.25,206.25,206.25,206.25,206.25,206.25,206.25,206.25,206.25,206.25,206.25,206.25,206.25,206.25,206.25,206.25,206.25,206.25,206.25,206.25,206.25,206.25,393.4375,393.4375,394.53125,393.4375,407.8125,407.8125,420.3125,386.09375,370.15625,396.875,420.3125,407.34375,420.3125,420.3125,407.34375,407.34375,407.34375,420.3125,420.3125,420.3125,393.4375,407.34375,407.34375,420.3125,407.34375,393.4375,420.3125,416.25,420.3125,407.34375,420.3125,420.3125,407.34375,393.4375,393.4375,407.34375,407.34375,393.4375,393.4375,420.3125,414.0625,407.34375,420.3125,407.34375,407.34375,420.3125,407.34375,396.875,407.34375,407.34375,407.34375,420.3125,407.34375,407.34375,393.4375,393.4375,407.34375,407.34375,393.4375,407.34375,407.34375,393.4375,393.4375,407.34375,407.34375,393.4375,396.875,420.3125,407.34375,416.25,420.3125,420.3125,393.4375,407.34375,393.4375,396.875,416.25,420.3125,407.34375,407.34375,404.21875,392.8125,404.21875,404.21875,407.34375,420.3125,392.8125,404.21875,392.8125,396.875,392.8125,392.8125,404.21875,392.8125,392.8125,392.8125,392.8125,392.8125,392.8125,392.8125,413.59375,407.34375,244.375,244.84375,248.28125,237.8125,244.375,244.84375,244.84375,244.84375,244.84375,244.84375,244.84375,244.84375,244.84375,245.78125,252.96875,252.96875,252.96875,252.96875,252.96875,244.84375,244.84375,237.8125,252.96875,244.84375,244.84375,244.84375,244.84375,244.84375,244.84375,244.84375,244.84375,244.84375,244.84375,244.84375,244.84375,237.8125,237.8125,244.84375,244.84375,244.84375,244.84375,244.84375,244.84375,244.84375,245.78125,244.84375,244.84375,244.84375,244.84375,244.84375,244.84375,244.84375,244.84375,244.84375,244.84375,244.84375,245.78125,249.375,244.84375,244.84375,244.84375,244.84375,244.84375,245.78125,241.875,244.84375,255.0,244.84375,244.84375,244.84375,245.78125,244.84375,244.84375,248.28125,237.8125,244.84375,237.8125,237.8125,237.8125,237.8125,237.8125,237.8125,237.8125,237.8125,244.84375,237.8125,237.8125,244.6875,237.8125,237.8125,237.8125,244.84375,237.8125
hDenV1/Colombia/SAN-UIS-00029/2008,0.0,0.0,0.0,0.0,0.0,0.0,0.0,0.0,0.0,0.0,0.0,12.65625,12.65625,12.65625,0.0,12.65625,0.0,0.0,0.0,0.0,0.0,0.0,0.0,3.59375,0.0,22.65625,0.0,3.59375,3.59375,0.0,0.0,0.0,0.0,0.0,20.625,3.59375,0.0,0.0,3.59375,12.96875,0.0,0.0,3.59375,0.0,0.0,0.0,0.0,0.0,0.0,0.0,0.0,0.0,0.0,0.0,0.0,0.0,0.0,0.0,0.0,0.0,0.0,0.0,0.0,0.0,0.0,0.0,0.0,0.0,0.0,0.0,0.0,0.0,0.0,0.0,0.0,0.0,0.0,0.0,0.0,4.53125,0.0,0.0,0.0,0.0,0.0,0.0,0.0,0.0,0.0,0.0,0.0,0.0,0.0,12.65625,0.0,12.65625,0.0,0.0,0.0,12.65625,0.0,0.0,0.0,0.0,3.28125,207.65625,206.25,206.25,206.25,224.53125,204.84375,191.5625,202.03125,206.25,206.25,206.25,206.25,206.25,206.25,206.25,206.25,206.25,206.25,206.25,206.25,206.25,206.25,206.25,206.25,206.25,206.25,206.25,206.25,206.25,206.25,206.25,206.25,206.25,206.25,206.25,206.25,206.25,206.25,206.25,206.25,206.25,206.25,206.25,206.25,206.25,206.25,206.25,206.25,206.25,206.25,206.25,206.25,206.25,206.25,207.5,206.25,206.25,206.25,206.25,206.25,206.25,206.25,206.25,206.25,206.25,206.25,206.25,206.25,206.25,206.25,206.25,206.25,206.25,206.25,206.25,206.25,206.25,206.25,206.25,206.25,206.25,206.25,206.25,206.25,206.25,206.25,393.4375,393.4375,394.53125,393.4375,407.8125,407.8125,420.3125,386.09375,370.15625,396.875,420.3125,407.34375,420.3125,420.3125,407.34375,407.34375,407.34375,420.3125,420.3125,420.3125,393.4375,407.34375,407.34375,420.3125,407.34375,393.4375,420.3125,416.25,420.3125,407.34375,420.3125,420.3125,407.34375,393.4375,393.4375,407.34375,407.34375,393.4375,393.4375,420.3125,414.0625,407.34375,420.3125,407.34375,407.34375,420.3125,407.34375,396.875,407.34375,407.34375,407.34375,420.3125,407.34375,407.34375,393.4375,393.4375,407.34375,407.34375,393.4375,407.34375,407.34375,393.4375,393.4375,407.34375,407.34375,393.4375,396.875,420.3125,407.34375,416.25,420.3125,420.3125,393.4375,407.34375,393.4375,396.875,416.25,420.3125,407.34375,407.34375,404.21875,392.8125,404.21875,404.21875,407.34375,420.3125,392.8125,404.21875,392.8125,396.875,392.8125,392.8125,404.21875,392.8125,392.8125,392.8125,392.8125,392.8125,392.8125,392.8125,413.59375,407.34375,244.375,244.84375,248.28125,237.8125,244.375,244.84375,244.84375,244.84375,244.84375,244.84375,244.84375,244.84375,244.84375,245.78125,252.96875,252.96875,252.96875,252.96875,252.96875,244.84375,244.84375,237.8125,252.96875,244.84375,244.84375,244.84375,244.84375,244.84375,244.84375,244.84375,244.84375,244.84375,244.84375,244.84375,244.84375,237.8125,237.8125,244.84375,244.84375,244.84375,244.84375,244.84375,244.84375,244.84375,245.78125,244.84375,244.84375,244.84375,244.84375,244.84375,244.84375,244.84375,244.84375,244.84375,244.84375,244.84375,245.78125,249.375,244.84375,244.84375,244.84375,244.84375,244.84375,245.78125,241.875,244.84375,255.0,244.84375,244.84375,244.84375,245.78125,244.84375,244.84375,248.28125,237.8125,244.84375,237.8125,237.8125,237.8125,237.8125,237.8125,237.8125,237.8125,237.8125,244.84375,237.8125,237.8125,244.6875,237.8125,237.8125,237.8125,244.84375,237.8125
hDenV1/Colombia/SAN-UIS-00030/2008,0.0,0.0,0.0,0.0,0.0,0.0,0.0,0.0,0.0,0.0,0.0,12.65625,12.65625,12.65625,0.0,12.65625,0.0,0.0,0.0,0.0,0.0,0.0,0.0,3.59375,0.0,22.65625,0.0,3.59375,3.59375,0.0,0.0,0.0,0.0,0.0,20.625,3.59375,0.0,0.0,3.59375,12.96875,0.0,0.0,3.59375,0.0,0.0,0.0,0.0,0.0,0.0,0.0,0.0,0.0,0.0,0.0,0.0,0.0,0.0,0.0,0.0,0.0,0.0,0.0,0.0,0.0,0.0,0.0,0.0,0.0,0.0,0.0,0.0,0.0,0.0,0.0,0.0,0.0,0.0,0.0,0.0,4.53125,0.0,0.0,0.0,0.0,0.0,0.0,0.0,0.0,0.0,0.0,0.0,0.0,0.0,12.65625,0.0,12.65625,0.0,0.0,0.0,12.65625,0.0,0.0,0.0,0.0,3.28125,207.65625,206.25,206.25,206.25,224.53125,204.84375,191.5625,202.03125,206.25,206.25,206.25,206.25,206.25,206.25,206.25,206.25,206.25,206.25,206.25,206.25,206.25,206.25,206.25,206.25,206.25,206.25,206.25,206.25,206.25,206.25,206.25,206.25,206.25,206.25,206.25,206.25,206.25,206.25,206.25,206.25,206.25,206.25,206.25,206.25,206.25,206.25,206.25,206.25,206.25,206.25,206.25,206.25,206.25,206.25,207.5,206.25,206.25,206.25,206.25,206.25,206.25,206.25,206.25,206.25,206.25,206.25,206.25,206.25,206.25,206.25,206.25,206.25,206.25,206.25,206.25,206.25,206.25,206.25,206.25,206.25,206.25,206.25,206.25,206.25,206.25,206.25,393.4375,393.4375,394.53125,393.4375,407.8125,407.8125,420.3125,386.09375,370.15625,396.875,420.3125,407.34375,420.3125,420.3125,407.34375,407.34375,407.34375,420.3125,420.3125,420.3125,393.4375,407.34375,407.34375,420.3125,407.34375,393.4375,420.3125,416.25,420.3125,407.34375,420.3125,420.3125,407.34375,393.4375,393.4375,407.34375,407.34375,393.4375,393.4375,420.3125,414.0625,407.34375,420.3125,407.34375,407.34375,420.3125,407.34375,396.875,407.34375,407.34375,407.34375,420.3125,407.34375,407.34375,393.4375,393.4375,407.34375,407.34375,393.4375,407.34375,407.34375,393.4375,393.4375,407.34375,407.34375,393.4375,396.875,420.3125,407.34375,416.25,420.3125,420.3125,393.4375,407.34375,393.4375,396.875,416.25,420.3125,407.34375,407.34375,404.21875,392.8125,404.21875,404.21875,407.34375,420.3125,392.8125,404.21875,392.8125,396.875,392.8125,392.8125,404.21875,392.8125,392.8125,392.8125,392.8125,392.8125,392.8125,392.8125,413.59375,407.34375,244.375,244.84375,248.28125,237.8125,244.375,244.84375,244.84375,244.84375,244.84375,244.84375,244.84375,244.84375,244.84375,245.78125,252.96875,252.96875,252.96875,252.96875,252.96875,244.84375,244.84375,237.8125,252.96875,244.84375,244.84375,244.84375,244.84375,244.84375,244.84375,244.84375,244.84375,244.84375,244.84375,244.84375,244.84375,237.8125,237.8125,244.84375,244.84375,244.84375,244.84375,244.84375,244.84375,244.84375,245.78125,244.84375,244.84375,244.84375,244.84375,244.84375,244.84375,244.84375,244.84375,244.84375,244.84375,244.84375,245.78125,249.375,244.84375,244.84375,244.84375,244.84375,244.84375,245.78125,241.875,244.84375,255.0,244.84375,244.84375,244.84375,245.78125,244.84375,244.84375,248.28125,237.8125,244.84375,237.8125,237.8125,237.8125,237.8125,237.8125,237.8125,237.8125,237.8125,244.84375,237.8125,237.8125,244.6875,237.8125,237.8125,237.8125,244.84375,237.8125
hDenV1/Colombia/SAN-UIS-00031/2004,0.0,0.0,0.0,0.0,0.0,0.0,0.0,0.0,0.0,0.0,0.0,12.65625,12.65625,12.65625,0.0,12.65625,0.0,0.0,0.0,0.0,0.0,0.0,0.0,3.59375,0.0,22.65625,0.0,3.59375,3.59375,0.0,0.0,0.0,0.0,0.0,20.625,3.59375,0.0,0.0,3.59375,12.96875,0.0,0.0,3.59375,0.0,0.0,0.0,0.0,0.0,0.0,0.0,0.0,0.0,0.0,0.0,0.0,0.0,0.0,0.0,0.0,0.0,0.0,0.0,0.0,0.0,0.0,0.0,0.0,0.0,0.0,0.0,0.0,0.0,0.0,0.0,0.0,0.0,0.0,0.0,0.0,4.53125,0.0,0.0,0.0,0.0,0.0,0.0,0.0,0.0,0.0,0.0,0.0,0.0,0.0,12.65625,0.0,12.65625,0.0,0.0,0.0,12.65625,0.0,0.0,0.0,0.0,3.28125,207.65625,206.25,206.25,206.25,224.53125,204.84375,191.5625,202.03125,206.25,206.25,206.25,206.25,206.25,206.25,206.25,206.25,206.25,206.25,206.25,206.25,206.25,206.25,206.25,206.25,206.25,206.25,206.25,206.25,206.25,206.25,206.25,206.25,206.25,206.25,206.25,206.25,206.25,206.25,206.25,206.25,206.25,206.25,206.25,206.25,206.25,206.25,206.25,206.25,206.25,206.25,206.25,206.25,206.25,206.25,207.5,206.25,206.25,206.25,206.25,206.25,206.25,206.25,206.25,206.25,206.25,206.25,206.25,206.25,206.25,206.25,206.25,206.25,206.25,206.25,206.25,206.25,206.25,206.25,206.25,206.25,206.25,206.25,206.25,206.25,206.25,206.25,393.4375,393.4375,394.53125,393.4375,407.8125,407.8125,420.3125,386.09375,370.15625,396.875,420.3125,407.34375,420.3125,420.3125,407.34375,407.34375,407.34375,420.3125,420.3125,420.3125,393.4375,407.34375,407.34375,420.3125,407.34375,393.4375,420.3125,416.25,420.3125,407.34375,420.3125,420.3125,407.34375,393.4375,393.4375,407.34375,407.34375,393.4375,393.4375,420.3125,414.0625,407.34375,420.3125,407.34375,407.34375,420.3125,407.34375,396.875,407.34375,407.34375,407.34375,420.3125,407.34375,407.34375,393.4375,393.4375,407.34375,407.34375,393.4375,407.34375,407.34375,393.4375,393.4375,407.34375,407.34375,393.4375,396.875,420.3125,407.34375,416.25,420.3125,420.3125,393.4375,407.34375,393.4375,396.875,416.25,420.3125,407.34375,407.34375,404.21875,392.8125,404.21875,404.21875,407.34375,420.3125,392.8125,404.21875,392.8125,396.875,392.8125,392.8125,404.21875,392.8125,392.8125,392.8125,392.8125,392.8125,392.8125,392.8125,413.59375,407.34375,244.375,244.84375,248.28125,237.8125,244.375,244.84375,244.84375,244.84375,244.84375,244.84375,244.84375,244.84375,244.84375,245.78125,252.96875,252.96875,252.96875,252.96875,252.96875,244.84375,244.84375,237.8125,252.96875,244.84375,244.84375,244.84375,244.84375,244.84375,244.84375,244.84375,244.84375,244.84375,244.84375,244.84375,244.84375,237.8125,237.8125,244.84375,244.84375,244.84375,244.84375,244.84375,244.84375,244.84375,245.78125,244.84375,244.84375,244.84375,244.84375,244.84375,244.84375,244.84375,244.84375,244.84375,244.84375,244.84375,245.78125,249.375,244.84375,244.84375,244.84375,244.84375,244.84375,245.78125,241.875,244.84375,255.0,244.84375,244.84375,244.84375,245.78125,244.84375,244.84375,248.28125,237.8125,244.84375,237.8125,237.8125,237.8125,237.8125,237.8125,237.8125,237.8125,237.8125,244.84375,237.8125,237.8125,244.6875,237.8125,237.8125,237.8125,244.84375,237.8125
hDenV1/Colombia/SAN-UIS-00032/2007,0.0,0.0,0.0,0.0,0.0,0.0,0.0,0.0,0.0,0.0,0.0,12.65625,12.65625,12.65625,0.0,12.65625,0.0,0.0,0.0,0.0,0.0,0.0,0.0,3.59375,0.0,22.65625,0.0,3.59375,3.59375,0.0,0.0,0.0,0.0,0.0,20.625,3.59375,0.0,0.0,3.59375,12.96875,0.0,0.0,3.59375,0.0,0.0,0.0,0.0,0.0,0.0,0.0,0.0,0.0,0.0,0.0,0.0,0.0,0.0,0.0,0.0,0.0,0.0,0.0,0.0,0.0,0.0,0.0,0.0,0.0,0.0,0.0,0.0,0.0,0.0,0.0,0.0,0.0,0.0,0.0,0.0,4.53125,0.0,0.0,0.0,0.0,0.0,0.0,0.0,0.0,0.0,0.0,0.0,0.0,0.0,12.65625,0.0,12.65625,0.0,0.0,0.0,12.65625,0.0,0.0,0.0,0.0,3.28125,207.65625,206.25,206.25,206.25,224.53125,204.84375,191.5625,202.03125,206.25,206.25,206.25,206.25,206.25,206.25,206.25,206.25,206.25,206.25,206.25,206.25,206.25,206.25,206.25,206.25,206.25,206.25,206.25,206.25,206.25,206.25,206.25,206.25,206.25,206.25,206.25,206.25,206.25,206.25,206.25,206.25,206.25,206.25,206.25,206.25,206.25,206.25,206.25,206.25,206.25,206.25,206.25,206.25,206.25,206.25,207.5,206.25,206.25,206.25,206.25,206.25,206.25,206.25,206.25,206.25,206.25,206.25,206.25,206.25,206.25,206.25,206.25,206.25,206.25,206.25,206.25,206.25,206.25,206.25,206.25,206.25,206.25,206.25,206.25,206.25,206.25,206.25,393.4375,393.4375,394.53125,393.4375,407.8125,407.8125,420.3125,386.09375,370.15625,396.875,420.3125,407.34375,420.3125,420.3125,407.34375,407.34375,407.34375,420.3125,420.3125,420.3125,393.4375,407.34375,407.34375,420.3125,407.34375,393.4375,420.3125,416.25,420.3125,407.34375,420.3125,420.3125,407.34375,393.4375,393.4375,407.34375,407.34375,393.4375,393.4375,420.3125,414.0625,407.34375,420.3125,407.34375,407.34375,420.3125,407.34375,396.875,407.34375,407.34375,407.34375,420.3125,407.34375,407.34375,393.4375,393.4375,407.34375,407.34375,393.4375,407.34375,407.34375,393.4375,393.4375,407.34375,407.34375,393.4375,396.875,420.3125,407.34375,416.25,420.3125,420.3125,393.4375,407.34375,393.4375,396.875,416.25,420.3125,407.34375,407.34375,404.21875,392.8125,404.21875,404.21875,407.34375,420.3125,392.8125,404.21875,392.8125,396.875,392.8125,392.8125,404.21875,392.8125,392.8125,392.8125,392.8125,392.8125,392.8125,392.8125,413.59375,407.34375,244.375,244.84375,248.28125,237.8125,244.375,244.84375,244.84375,244.84375,244.84375,244.84375,244.84375,244.84375,244.84375,245.78125,252.96875,252.96875,252.96875,252.96875,252.96875,244.84375,244.84375,237.8125,252.96875,244.84375,244.84375,244.84375,244.84375,244.84375,244.84375,244.84375,244.84375,244.84375,244.84375,244.84375,244.84375,237.8125,237.8125,244.84375,244.84375,244.84375,244.84375,244.84375,244.84375,244.84375,245.78125,244.84375,244.84375,244.84375,244.84375,244.84375,244.84375,244.84375,244.84375,244.84375,244.84375,244.84375,245.78125,249.375,244.84375,244.84375,244.84375,244.84375,244.84375,245.78125,241.875,244.84375,255.0,244.84375,244.84375,244.84375,245.78125,244.84375,244.84375,248.28125,237.8125,244.84375,237.8125,237.8125,237.8125,237.8125,237.8125,237.8125,237.8125,237.8125,244.84375,237.8125,237.8125,244.6875,237.8125,237.8125,237.8125,244.84375,237.8125
hDenV1/Colombia/SAN-UIS-00033/2008,0.0,0.0,0.0,0.0,0.0,0.0,0.0,0.0,0.0,0.0,0.0,12.65625,12.65625,12.65625,0.0,12.65625,0.0,0.0,0.0,0.0,0.0,0.0,0.0,3.59375,0.0,22.65625,0.0,3.59375,3.59375,0.0,0.0,0.0,0.0,0.0,20.625,3.59375,0.0,0.0,3.59375,12.96875,0.0,0.0,3.59375,0.0,0.0,0.0,0.0,0.0,0.0,0.0,0.0,0.0,0.0,0.0,0.0,0.0,0.0,0.0,0.0,0.0,0.0,0.0,0.0,0.0,0.0,0.0,0.0,0.0,0.0,0.0,0.0,0.0,0.0,0.0,0.0,0.0,0.0,0.0,0.0,4.53125,0.0,0.0,0.0,0.0,0.0,0.0,0.0,0.0,0.0,0.0,0.0,0.0,0.0,12.65625,0.0,12.65625,0.0,0.0,0.0,12.65625,0.0,0.0,0.0,0.0,3.28125,207.65625,206.25,206.25,206.25,224.53125,204.84375,191.5625,202.03125,206.25,206.25,206.25,206.25,206.25,206.25,206.25,206.25,206.25,206.25,206.25,206.25,206.25,206.25,206.25,206.25,206.25,206.25,206.25,206.25,206.25,206.25,206.25,206.25,206.25,206.25,206.25,206.25,206.25,206.25,206.25,206.25,206.25,206.25,206.25,206.25,206.25,206.25,206.25,206.25,206.25,206.25,206.25,206.25,206.25,206.25,207.5,206.25,206.25,206.25,206.25,206.25,206.25,206.25,206.25,206.25,206.25,206.25,206.25,206.25,206.25,206.25,206.25,206.25,206.25,206.25,206.25,206.25,206.25,206.25,206.25,206.25,206.25,206.25,206.25,206.25,206.25,206.25,393.4375,393.4375,394.53125,393.4375,407.8125,407.8125,420.3125,386.09375,370.15625,396.875,420.3125,407.34375,420.3125,420.3125,407.34375,407.34375,407.34375,420.3125,420.3125,420.3125,393.4375,407.34375,407.34375,420.3125,407.34375,393.4375,420.3125,416.25,420.3125,407.34375,420.3125,420.3125,407.34375,393.4375,393.4375,407.34375,407.34375,393.4375,393.4375,420.3125,414.0625,407.34375,420.3125,407.34375,407.34375,420.3125,407.34375,396.875,407.34375,407.34375,407.34375,420.3125,407.34375,407.34375,393.4375,393.4375,407.34375,407.34375,393.4375,407.34375,407.34375,393.4375,393.4375,407.34375,407.34375,393.4375,396.875,420.3125,407.34375,416.25,420.3125,420.3125,393.4375,407.34375,393.4375,396.875,416.25,420.3125,407.34375,407.34375,404.21875,392.8125,404.21875,404.21875,407.34375,420.3125,392.8125,404.21875,392.8125,396.875,392.8125,392.8125,404.21875,392.8125,392.8125,392.8125,392.8125,392.8125,392.8125,392.8125,413.59375,407.34375,244.375,244.84375,248.28125,237.8125,244.375,244.84375,244.84375,244.84375,244.84375,244.84375,244.84375,244.84375,244.84375,245.78125,252.96875,252.96875,252.96875,252.96875,252.96875,244.84375,244.84375,237.8125,252.96875,244.84375,244.84375,244.84375,244.84375,244.84375,244.84375,244.84375,244.84375,244.84375,244.84375,244.84375,244.84375,237.8125,237.8125,244.84375,244.84375,244.84375,244.84375,244.84375,244.84375,244.84375,245.78125,244.84375,244.84375,244.84375,244.84375,244.84375,244.84375,244.84375,244.84375,244.84375,244.84375,244.84375,245.78125,249.375,244.84375,244.84375,244.84375,244.84375,244.84375,245.78125,241.875,244.84375,255.0,244.84375,244.84375,244.84375,245.78125,244.84375,244.84375,248.28125,237.8125,244.84375,237.8125,237.8125,237.8125,237.8125,237.8125,237.8125,237.8125,237.8125,244.84375,237.8125,237.8125,244.6875,237.8125,237.8125,237.8125,244.84375,237.8125
hDenV1/Colombia/SAN-UIS-00035/2008,0.0,0.0,0.0,0.0,0.0,0.0,0.0,0.0,0.0,0.0,0.0,12.65625,12.65625,12.65625,0.0,12.65625,0.0,0.0,0.0,0.0,0.0,0.0,0.0,3.59375,0.0,22.65625,0.0,3.59375,3.59375,0.0,0.0,0.0,0.0,0.0,20.625,3.59375,0.0,0.0,3.59375,12.96875,0.0,0.0,3.59375,0.0,0.0,0.0,0.0,0.0,0.0,0.0,0.0,0.0,0.0,0.0,0.0,0.0,0.0,0.0,0.0,0.0,0.0,0.0,0.0,0.0,0.0,0.0,0.0,0.0,0.0,0.0,0.0,0.0,0.0,0.0,0.0,0.0,0.0,0.0,0.0,4.53125,0.0,0.0,0.0,0.0,0.0,0.0,0.0,0.0,0.0,0.0,0.0,0.0,0.0,12.65625,0.0,12.65625,0.0,0.0,0.0,12.65625,0.0,0.0,0.0,0.0,3.28125,207.65625,206.25,206.25,206.25,224.53125,204.84375,191.5625,202.03125,206.25,206.25,206.25,206.25,206.25,206.25,206.25,206.25,206.25,206.25,206.25,206.25,206.25,206.25,206.25,206.25,206.25,206.25,206.25,206.25,206.25,206.25,206.25,206.25,206.25,206.25,206.25,206.25,206.25,206.25,206.25,206.25,206.25,206.25,206.25,206.25,206.25,206.25,206.25,206.25,206.25,206.25,206.25,206.25,206.25,206.25,207.5,206.25,206.25,206.25,206.25,206.25,206.25,206.25,206.25,206.25,206.25,206.25,206.25,206.25,206.25,206.25,206.25,206.25,206.25,206.25,206.25,206.25,206.25,206.25,206.25,206.25,206.25,206.25,206.25,206.25,206.25,206.25,393.4375,393.4375,394.53125,393.4375,407.8125,407.8125,420.3125,386.09375,370.15625,396.875,420.3125,407.34375,420.3125,420.3125,407.34375,407.34375,407.34375,420.3125,420.3125,420.3125,393.4375,407.34375,407.34375,420.3125,407.34375,393.4375,420.3125,416.25,420.3125,407.34375,420.3125,420.3125,407.34375,393.4375,393.4375,407.34375,407.34375,393.4375,393.4375,420.3125,414.0625,407.34375,420.3125,407.34375,407.34375,420.3125,407.34375,396.875,407.34375,407.34375,407.34375,420.3125,407.34375,407.34375,393.4375,393.4375,407.34375,407.34375,393.4375,407.34375,407.34375,393.4375,393.4375,407.34375,407.34375,393.4375,396.875,420.3125,407.34375,416.25,420.3125,420.3125,393.4375,407.34375,393.4375,396.875,416.25,420.3125,407.34375,407.34375,404.21875,392.8125,404.21875,404.21875,407.34375,420.3125,392.8125,404.21875,392.8125,396.875,392.8125,392.8125,404.21875,392.8125,392.8125,392.8125,392.8125,392.8125,392.8125,392.8125,413.59375,407.34375,244.375,244.84375,248.28125,237.8125,244.375,244.84375,244.84375,244.84375,244.84375,244.84375,244.84375,244.84375,244.84375,245.78125,252.96875,252.96875,252.96875,252.96875,252.96875,244.84375,244.84375,237.8125,252.96875,244.84375,244.84375,244.84375,244.84375,244.84375,244.84375,244.84375,244.84375,244.84375,244.84375,244.84375,244.84375,237.8125,237.8125,244.84375,244.84375,244.84375,244.84375,244.84375,244.84375,244.84375,245.78125,244.84375,244.84375,244.84375,244.84375,244.84375,244.84375,244.84375,244.84375,244.84375,244.84375,244.84375,245.78125,249.375,244.84375,244.84375,244.84375,244.84375,244.84375,245.78125,241.875,244.84375,255.0,244.84375,244.84375,244.84375,245.78125,244.84375,244.84375,248.28125,237.8125,244.84375,237.8125,237.8125,237.8125,237.8125,237.8125,237.8125,237.8125,237.8125,244.84375,237.8125,237.8125,244.6875,237.8125,237.8125,237.8125,244.84375,237.8125
hDenV1/Colombia/SAN-UIS-00036/2007,0.0,0.0,0.0,0.0,0.0,0.0,0.0,0.0,0.0,0.0,0.0,12.65625,12.65625,12.65625,0.0,12.65625,0.0,0.0,0.0,0.0,0.0,0.0,0.0,3.59375,0.0,22.65625,0.0,3.59375,3.59375,0.0,0.0,0.0,0.0,0.0,20.625,3.59375,0.0,0.0,3.59375,12.96875,0.0,0.0,3.59375,0.0,0.0,0.0,0.0,0.0,0.0,0.0,0.0,0.0,0.0,0.0,0.0,0.0,0.0,0.0,0.0,0.0,0.0,0.0,0.0,0.0,0.0,0.0,0.0,0.0,0.0,0.0,0.0,0.0,0.0,0.0,0.0,0.0,0.0,0.0,0.0,4.53125,0.0,0.0,0.0,0.0,0.0,0.0,0.0,0.0,0.0,0.0,0.0,0.0,0.0,12.65625,0.0,12.65625,0.0,0.0,0.0,12.65625,0.0,0.0,0.0,0.0,3.28125,207.65625,206.25,206.25,206.25,224.53125,204.84375,191.5625,202.03125,206.25,206.25,206.25,206.25,206.25,206.25,206.25,206.25,206.25,206.25,206.25,206.25,206.25,206.25,206.25,206.25,206.25,206.25,206.25,206.25,206.25,206.25,206.25,206.25,206.25,206.25,206.25,206.25,206.25,206.25,206.25,206.25,206.25,206.25,206.25,206.25,206.25,206.25,206.25,206.25,206.25,206.25,206.25,206.25,206.25,206.25,207.5,206.25,206.25,206.25,206.25,206.25,206.25,206.25,206.25,206.25,206.25,206.25,206.25,206.25,206.25,206.25,206.25,206.25,206.25,206.25,206.25,206.25,206.25,206.25,206.25,206.25,206.25,206.25,206.25,206.25,206.25,206.25,393.4375,393.4375,394.53125,393.4375,407.8125,407.8125,420.3125,386.09375,370.15625,396.875,420.3125,407.34375,420.3125,420.3125,407.34375,407.34375,407.34375,420.3125,420.3125,420.3125,393.4375,407.34375,407.34375,420.3125,407.34375,393.4375,420.3125,416.25,420.3125,407.34375,420.3125,420.3125,407.34375,393.4375,393.4375,407.34375,407.34375,393.4375,393.4375,420.3125,414.0625,407.34375,420.3125,407.34375,407.34375,420.3125,407.34375,396.875,407.34375,407.34375,407.34375,420.3125,407.34375,407.34375,393.4375,393.4375,407.34375,407.34375,393.4375,407.34375,407.34375,393.4375,393.4375,407.34375,407.34375,393.4375,396.875,420.3125,407.34375,416.25,420.3125,420.3125,393.4375,407.34375,393.4375,396.875,416.25,420.3125,407.34375,407.34375,404.21875,392.8125,404.21875,404.21875,407.34375,420.3125,392.8125,404.21875,392.8125,396.875,392.8125,392.8125,404.21875,392.8125,392.8125,392.8125,392.8125,392.8125,392.8125,392.8125,413.59375,407.34375,244.375,244.84375,248.28125,237.8125,244.375,244.84375,244.84375,244.84375,244.84375,244.84375,244.84375,244.84375,244.84375,245.78125,252.96875,252.96875,252.96875,252.96875,252.96875,244.84375,244.84375,237.8125,252.96875,244.84375,244.84375,244.84375,244.84375,244.84375,244.84375,244.84375,244.84375,244.84375,244.84375,244.84375,244.84375,237.8125,237.8125,244.84375,244.84375,244.84375,244.84375,244.84375,244.84375,244.84375,245.78125,244.84375,244.84375,244.84375,244.84375,244.84375,244.84375,244.84375,244.84375,244.84375,244.84375,244.84375,245.78125,249.375,244.84375,244.84375,244.84375,244.84375,244.84375,245.78125,241.875,244.84375,255.0,244.84375,244.84375,244.84375,245.78125,244.84375,244.84375,248.28125,237.8125,244.84375,237.8125,237.8125,237.8125,237.8125,237.8125,237.8125,237.8125,237.8125,244.84375,237.8125,237.8125,244.6875,237.8125,237.8125,237.8125,244.84375,237.8125
hDenV1/Colombia/SAN-UIS-00050/2001,0.0,0.0,0.0,0.0,0.0,0.0,0.0,0.0,0.0,0.0,0.0,12.65625,12.65625,12.65625,0.0,12.65625,0.0,0.0,0.0,0.0,0.0,0.0,0.0,3.59375,0.0,22.65625,0.0,3.59375,3.59375,0.0,0.0,0.0,0.0,0.0,20.625,3.59375,0.0,0.0,3.59375,12.96875,0.0,0.0,3.59375,0.0,0.0,0.0,0.0,0.0,0.0,0.0,0.0,0.0,0.0,0.0,0.0,0.0,0.0,0.0,0.0,0.0,0.0,0.0,0.0,0.0,0.0,0.0,0.0,0.0,0.0,0.0,0.0,0.0,0.0,0.0,0.0,0.0,0.0,0.0,0.0,4.53125,0.0,0.0,0.0,0.0,0.0,0.0,0.0,0.0,0.0,0.0,0.0,0.0,0.0,12.65625,0.0,12.65625,0.0,0.0,0.0,12.65625,0.0,0.0,0.0,0.0,3.28125,207.65625,206.25,206.25,206.25,224.53125,204.84375,191.5625,202.03125,206.25,206.25,206.25,206.25,206.25,206.25,206.25,206.25,206.25,206.25,206.25,206.25,206.25,206.25,206.25,206.25,206.25,206.25,206.25,206.25,206.25,206.25,206.25,206.25,206.25,206.25,206.25,206.25,206.25,206.25,206.25,206.25,206.25,206.25,206.25,206.25,206.25,206.25,206.25,206.25,206.25,206.25,206.25,206.25,206.25,206.25,207.5,206.25,206.25,206.25,206.25,206.25,206.25,206.25,206.25,206.25,206.25,206.25,206.25,206.25,206.25,206.25,206.25,206.25,206.25,206.25,206.25,206.25,206.25,206.25,206.25,206.25,206.25,206.25,206.25,206.25,206.25,206.25,393.4375,393.4375,394.53125,393.4375,407.8125,407.8125,420.3125,386.09375,370.15625,396.875,420.3125,407.34375,420.3125,420.3125,407.34375,407.34375,407.34375,420.3125,420.3125,420.3125,393.4375,407.34375,407.34375,420.3125,407.34375,393.4375,420.3125,416.25,420.3125,407.34375,420.3125,420.3125,407.34375,393.4375,393.4375,407.34375,407.34375,393.4375,393.4375,420.3125,414.0625,407.34375,420.3125,407.34375,407.34375,420.3125,407.34375,396.875,407.34375,407.34375,407.34375,420.3125,407.34375,407.34375,393.4375,393.4375,407.34375,407.34375,393.4375,407.34375,407.34375,393.4375,393.4375,407.34375,407.34375,393.4375,396.875,420.3125,407.34375,416.25,420.3125,420.3125,393.4375,407.34375,393.4375,396.875,416.25,420.3125,407.34375,407.34375,404.21875,392.8125,404.21875,404.21875,407.34375,420.3125,392.8125,404.21875,392.8125,396.875,392.8125,392.8125,404.21875,392.8125,392.8125,392.8125,392.8125,392.8125,392.8125,392.8125,413.59375,407.34375,244.375,244.84375,248.28125,237.8125,244.375,244.84375,244.84375,244.84375,244.84375,244.84375,244.84375,244.84375,244.84375,245.78125,252.96875,252.96875,252.96875,252.96875,252.96875,244.84375,244.84375,237.8125,252.96875,244.84375,244.84375,244.84375,244.84375,244.84375,244.84375,244.84375,244.84375,244.84375,244.84375,244.84375,244.84375,237.8125,237.8125,244.84375,244.84375,244.84375,244.84375,244.84375,244.84375,244.84375,245.78125,244.84375,244.84375,244.84375,244.84375,244.84375,244.84375,244.84375,244.84375,244.84375,244.84375,244.84375,245.78125,249.375,244.84375,244.84375,244.84375,244.84375,244.84375,245.78125,241.875,244.84375,255.0,244.84375,244.84375,244.84375,245.78125,244.84375,244.84375,248.28125,237.8125,244.84375,237.8125,237.8125,237.8125,237.8125,237.8125,237.8125,237.8125,237.8125,244.84375,237.8125,237.8125,244.6875,237.8125,237.8125,237.8125,244.84375,237.8125
hDenV1/Colombia/SAN-UIS-00051/2002,0.0,0.0,0.0,0.0,0.0,0.0,0.0,0.0,0.0,0.0,0.0,12.65625,12.65625,12.65625,0.0,12.65625,0.0,0.0,0.0,0.0,0.0,0.0,0.0,3.59375,0.0,22.65625,0.0,3.59375,3.59375,0.0,0.0,0.0,0.0,0.0,20.625,3.59375,0.0,0.0,3.59375,12.96875,0.0,0.0,3.59375,0.0,0.0,0.0,0.0,0.0,0.0,0.0,0.0,0.0,0.0,0.0,0.0,0.0,0.0,0.0,0.0,0.0,0.0,0.0,0.0,0.0,0.0,0.0,0.0,0.0,0.0,0.0,0.0,0.0,0.0,0.0,0.0,0.0,0.0,0.0,0.0,4.53125,0.0,0.0,0.0,0.0,0.0,0.0,0.0,0.0,0.0,0.0,0.0,0.0,0.0,12.65625,0.0,12.65625,0.0,0.0,0.0,12.65625,0.0,0.0,0.0,0.0,3.28125,207.65625,206.25,206.25,206.25,224.53125,204.84375,191.5625,202.03125,206.25,206.25,206.25,206.25,206.25,206.25,206.25,206.25,206.25,206.25,206.25,206.25,206.25,206.25,206.25,206.25,206.25,206.25,206.25,206.25,206.25,206.25,206.25,206.25,206.25,206.25,206.25,206.25,206.25,206.25,206.25,206.25,206.25,206.25,206.25,206.25,206.25,206.25,206.25,206.25,206.25,206.25,206.25,206.25,206.25,206.25,207.5,206.25,206.25,206.25,206.25,206.25,206.25,206.25,206.25,206.25,206.25,206.25,206.25,206.25,206.25,206.25,206.25,206.25,206.25,206.25,206.25,206.25,206.25,206.25,206.25,206.25,206.25,206.25,206.25,206.25,206.25,206.25,393.4375,393.4375,394.53125,393.4375,407.8125,407.8125,420.3125,386.09375,370.15625,396.875,420.3125,407.34375,420.3125,420.3125,407.34375,407.34375,407.34375,420.3125,420.3125,420.3125,393.4375,407.34375,407.34375,420.3125,407.34375,393.4375,420.3125,416.25,420.3125,407.34375,420.3125,420.3125,407.34375,393.4375,393.4375,407.34375,407.34375,393.4375,393.4375,420.3125,414.0625,407.34375,420.3125,407.34375,407.34375,420.3125,407.34375,396.875,407.34375,407.34375,407.34375,420.3125,407.34375,407.34375,393.4375,393.4375,407.34375,407.34375,393.4375,407.34375,407.34375,393.4375,393.4375,407.34375,407.34375,393.4375,396.875,420.3125,407.34375,416.25,420.3125,420.3125,393.4375,407.34375,393.4375,396.875,416.25,420.3125,407.34375,407.34375,404.21875,392.8125,404.21875,404.21875,407.34375,420.3125,392.8125,404.21875,392.8125,396.875,392.8125,392.8125,404.21875,392.8125,392.8125,392.8125,392.8125,392.8125,392.8125,392.8125,413.59375,407.34375,244.375,244.84375,248.28125,237.8125,244.375,244.84375,244.84375,244.84375,244.84375,244.84375,244.84375,244.84375,244.84375,245.78125,252.96875,252.96875,252.96875,252.96875,252.96875,244.84375,244.84375,237.8125,252.96875,244.84375,244.84375,244.84375,244.84375,244.84375,244.84375,244.84375,244.84375,244.84375,244.84375,244.84375,244.84375,237.8125,237.8125,244.84375,244.84375,244.84375,244.84375,244.84375,244.84375,244.84375,245.78125,244.84375,244.84375,244.84375,244.84375,244.84375,244.84375,244.84375,244.84375,244.84375,244.84375,244.84375,245.78125,249.375,244.84375,244.84375,244.84375,244.84375,244.84375,245.78125,241.875,244.84375,255.0,244.84375,244.84375,244.84375,245.78125,244.84375,244.84375,248.28125,237.8125,244.84375,237.8125,237.8125,237.8125,237.8125,237.8125,237.8125,237.8125,237.8125,244.84375,237.8125,237.8125,244.6875,237.8125,237.8125,237.8125,244.84375,237.8125
hDenV1/Colombia/SAN-UR-F15030291/2014,0.0,0.0,0.0,0.0,0.0,0.0,0.0,0.0,0.0,0.0,0.0,12.65625,12.65625,12.65625,0.0,12.65625,0.0,0.0,0.0,0.0,0.0,0.0,0.0,3.59375,0.0,22.65625,0.0,3.59375,3.59375,0.0,0.0,0.0,0.0,0.0,20.625,3.59375,0.0,0.0,3.59375,12.96875,0.0,0.0,3.59375,0.0,0.0,0.0,0.0,0.0,0.0,0.0,0.0,0.0,0.0,0.0,0.0,0.0,0.0,0.0,0.0,0.0,0.0,0.0,0.0,0.0,0.0,0.0,0.0,0.0,0.0,0.0,0.0,0.0,0.0,0.0,0.0,0.0,0.0,0.0,0.0,4.53125,0.0,0.0,0.0,0.0,0.0,0.0,0.0,0.0,0.0,0.0,0.0,0.0,0.0,12.65625,0.0,12.65625,0.0,0.0,0.0,12.65625,0.0,0.0,0.0,0.0,3.28125,207.65625,206.25,206.25,206.25,224.53125,204.84375,191.5625,202.03125,206.25,206.25,206.25,206.25,206.25,206.25,206.25,206.25,206.25,206.25,206.25,206.25,206.25,206.25,206.25,206.25,206.25,206.25,206.25,206.25,206.25,206.25,206.25,206.25,206.25,206.25,206.25,206.25,206.25,206.25,206.25,206.25,206.25,206.25,206.25,206.25,206.25,206.25,206.25,206.25,206.25,206.25,206.25,206.25,206.25,206.25,207.5,206.25,206.25,206.25,206.25,206.25,206.25,206.25,206.25,206.25,206.25,206.25,206.25,206.25,206.25,206.25,206.25,206.25,206.25,206.25,206.25,206.25,206.25,206.25,206.25,206.25,206.25,206.25,206.25,206.25,206.25,206.25,393.4375,393.4375,394.53125,393.4375,407.8125,407.8125,420.3125,386.09375,370.15625,396.875,420.3125,407.34375,420.3125,420.3125,407.34375,407.34375,407.34375,420.3125,420.3125,420.3125,393.4375,407.34375,407.34375,420.3125,407.34375,393.4375,420.3125,416.25,420.3125,407.34375,420.3125,420.3125,407.34375,393.4375,393.4375,407.34375,407.34375,393.4375,393.4375,420.3125,414.0625,407.34375,420.3125,407.34375,407.34375,420.3125,407.34375,396.875,407.34375,407.34375,407.34375,420.3125,407.34375,407.34375,393.4375,393.4375,407.34375,407.34375,393.4375,407.34375,407.34375,393.4375,393.4375,407.34375,407.34375,393.4375,396.875,420.3125,407.34375,416.25,420.3125,420.3125,393.4375,407.34375,393.4375,396.875,416.25,420.3125,407.34375,407.34375,404.21875,392.8125,404.21875,404.21875,407.34375,420.3125,392.8125,404.21875,392.8125,396.875,392.8125,392.8125,404.21875,392.8125,392.8125,392.8125,392.8125,392.8125,392.8125,392.8125,413.59375,407.34375,244.375,244.84375,248.28125,237.8125,244.375,244.84375,244.84375,244.84375,244.84375,244.84375,244.84375,244.84375,244.84375,245.78125,252.96875,252.96875,252.96875,252.96875,252.96875,244.84375,244.84375,237.8125,252.96875,244.84375,244.84375,244.84375,244.84375,244.84375,244.84375,244.84375,244.84375,244.84375,244.84375,244.84375,244.84375,237.8125,237.8125,244.84375,244.84375,244.84375,244.84375,244.84375,244.84375,244.84375,245.78125,244.84375,244.84375,244.84375,244.84375,244.84375,244.84375,244.84375,244.84375,244.84375,244.84375,244.84375,245.78125,249.375,244.84375,244.84375,244.84375,244.84375,244.84375,245.78125,241.875,244.84375,255.0,244.84375,244.84375,244.84375,245.78125,244.84375,244.84375,248.28125,237.8125,244.84375,237.8125,237.8125,237.8125,237.8125,237.8125,237.8125,237.8125,237.8125,244.84375,237.8125,237.8125,244.6875,237.8125,237.8125,237.8125,244.84375,237.8125
hDenV1/Colombia/SAN-UR-LV121086/2010,0.0,0.0,0.0,0.0,0.0,0.0,0.0,0.0,0.0,0.0,0.0,12.65625,12.65625,12.65625,0.0,12.65625,0.0,0.0,0.0,0.0,0.0,0.0,0.0,3.59375,0.0,22.65625,0.0,3.59375,3.59375,0.0,0.0,0.0,0.0,0.0,20.625,3.59375,0.0,0.0,3.59375,12.96875,0.0,0.0,3.59375,0.0,0.0,0.0,0.0,0.0,0.0,0.0,0.0,0.0,0.0,0.0,0.0,0.0,0.0,0.0,0.0,0.0,0.0,0.0,0.0,0.0,0.0,0.0,0.0,0.0,0.0,0.0,0.0,0.0,0.0,0.0,0.0,0.0,0.0,0.0,0.0,4.53125,0.0,0.0,0.0,0.0,0.0,0.0,0.0,0.0,0.0,0.0,0.0,0.0,0.0,12.65625,0.0,12.65625,0.0,0.0,0.0,12.65625,0.0,0.0,0.0,0.0,3.28125,207.65625,206.25,206.25,206.25,224.53125,204.84375,191.5625,202.03125,206.25,206.25,206.25,206.25,206.25,206.25,206.25,206.25,206.25,206.25,206.25,206.25,206.25,206.25,206.25,206.25,206.25,206.25,206.25,206.25,206.25,206.25,206.25,206.25,206.25,206.25,206.25,206.25,206.25,206.25,206.25,206.25,206.25,206.25,206.25,206.25,206.25,206.25,206.25,206.25,206.25,206.25,206.25,206.25,206.25,206.25,207.5,206.25,206.25,206.25,206.25,206.25,206.25,206.25,206.25,206.25,206.25,206.25,206.25,206.25,206.25,206.25,206.25,206.25,206.25,206.25,206.25,206.25,206.25,206.25,206.25,206.25,206.25,206.25,206.25,206.25,206.25,206.25,393.4375,393.4375,394.53125,393.4375,407.8125,407.8125,420.3125,386.09375,370.15625,396.875,420.3125,407.34375,420.3125,420.3125,407.34375,407.34375,407.34375,420.3125,420.3125,420.3125,393.4375,407.34375,407.34375,420.3125,407.34375,393.4375,420.3125,416.25,420.3125,407.34375,420.3125,420.3125,407.34375,393.4375,393.4375,407.34375,407.34375,393.4375,393.4375,420.3125,414.0625,407.34375,420.3125,407.34375,407.34375,420.3125,407.34375,396.875,407.34375,407.34375,407.34375,420.3125,407.34375,407.34375,393.4375,393.4375,407.34375,407.34375,393.4375,407.34375,407.34375,393.4375,393.4375,407.34375,407.34375,393.4375,396.875,420.3125,407.34375,416.25,420.3125,420.3125,393.4375,407.34375,393.4375,396.875,416.25,420.3125,407.34375,407.34375,404.21875,392.8125,404.21875,404.21875,407.34375,420.3125,392.8125,404.21875,392.8125,396.875,392.8125,392.8125,404.21875,392.8125,392.8125,392.8125,392.8125,392.8125,392.8125,392.8125,413.59375,407.34375,244.375,244.84375,248.28125,237.8125,244.375,244.84375,244.84375,244.84375,244.84375,244.84375,244.84375,244.84375,244.84375,245.78125,252.96875,252.96875,252.96875,252.96875,252.96875,244.84375,244.84375,237.8125,252.96875,244.84375,244.84375,244.84375,244.84375,244.84375,244.84375,244.84375,244.84375,244.84375,244.84375,244.84375,244.84375,237.8125,237.8125,244.84375,244.84375,244.84375,244.84375,244.84375,244.84375,244.84375,245.78125,244.84375,244.84375,244.84375,244.84375,244.84375,244.84375,244.84375,244.84375,244.84375,244.84375,244.84375,245.78125,249.375,244.84375,244.84375,244.84375,244.84375,244.84375,245.78125,241.875,244.84375,255.0,244.84375,244.84375,244.84375,245.78125,244.84375,244.84375,248.28125,237.8125,244.84375,237.8125,237.8125,237.8125,237.8125,237.8125,237.8125,237.8125,237.8125,244.84375,237.8125,237.8125,244.6875,237.8125,237.8125,237.8125,244.84375,237.8125
hDenV1/Colombia/SAN-UR-LV122007/2009,0.0,0.0,0.0,0.0,0.0,0.0,0.0,0.0,0.0,0.0,0.0,12.65625,12.65625,12.65625,0.0,12.65625,0.0,0.0,0.0,0.0,0.0,0.0,0.0,3.59375,0.0,22.65625,0.0,3.59375,3.59375,0.0,0.0,0.0,0.0,0.0,20.625,3.59375,0.0,0.0,3.59375,12.96875,0.0,0.0,3.59375,0.0,0.0,0.0,0.0,0.0,0.0,0.0,0.0,0.0,0.0,0.0,0.0,0.0,0.0,0.0,0.0,0.0,0.0,0.0,0.0,0.0,0.0,0.0,0.0,0.0,0.0,0.0,0.0,0.0,0.0,0.0,0.0,0.0,0.0,0.0,0.0,4.53125,0.0,0.0,0.0,0.0,0.0,0.0,0.0,0.0,0.0,0.0,0.0,0.0,0.0,12.65625,0.0,12.65625,0.0,0.0,0.0,12.65625,0.0,0.0,0.0,0.0,3.28125,207.65625,206.25,206.25,206.25,224.53125,204.84375,191.5625,202.03125,206.25,206.25,206.25,206.25,206.25,206.25,206.25,206.25,206.25,206.25,206.25,206.25,206.25,206.25,206.25,206.25,206.25,206.25,206.25,206.25,206.25,206.25,206.25,206.25,206.25,206.25,206.25,206.25,206.25,206.25,206.25,206.25,206.25,206.25,206.25,206.25,206.25,206.25,206.25,206.25,206.25,206.25,206.25,206.25,206.25,206.25,207.5,206.25,206.25,206.25,206.25,206.25,206.25,206.25,206.25,206.25,206.25,206.25,206.25,206.25,206.25,206.25,206.25,206.25,206.25,206.25,206.25,206.25,206.25,206.25,206.25,206.25,206.25,206.25,206.25,206.25,206.25,206.25,393.4375,393.4375,394.53125,393.4375,407.8125,407.8125,420.3125,386.09375,370.15625,396.875,420.3125,407.34375,420.3125,420.3125,407.34375,407.34375,407.34375,420.3125,420.3125,420.3125,393.4375,407.34375,407.34375,420.3125,407.34375,393.4375,420.3125,416.25,420.3125,407.34375,420.3125,420.3125,407.34375,393.4375,393.4375,407.34375,407.34375,393.4375,393.4375,420.3125,414.0625,407.34375,420.3125,407.34375,407.34375,420.3125,407.34375,396.875,407.34375,407.34375,407.34375,420.3125,407.34375,407.34375,393.4375,393.4375,407.34375,407.34375,393.4375,407.34375,407.34375,393.4375,393.4375,407.34375,407.34375,393.4375,396.875,420.3125,407.34375,416.25,420.3125,420.3125,393.4375,407.34375,393.4375,396.875,416.25,420.3125,407.34375,407.34375,404.21875,392.8125,404.21875,404.21875,407.34375,420.3125,392.8125,404.21875,392.8125,396.875,392.8125,392.8125,404.21875,392.8125,392.8125,392.8125,392.8125,392.8125,392.8125,392.8125,413.59375,407.34375,244.375,244.84375,248.28125,237.8125,244.375,244.84375,244.84375,244.84375,244.84375,244.84375,244.84375,244.84375,244.84375,245.78125,252.96875,252.96875,252.96875,252.96875,252.96875,244.84375,244.84375,237.8125,252.96875,244.84375,244.84375,244.84375,244.84375,244.84375,244.84375,244.84375,244.84375,244.84375,244.84375,244.84375,244.84375,237.8125,237.8125,244.84375,244.84375,244.84375,244.84375,244.84375,244.84375,244.84375,245.78125,244.84375,244.84375,244.84375,244.84375,244.84375,244.84375,244.84375,244.84375,244.84375,244.84375,244.84375,245.78125,249.375,244.84375,244.84375,244.84375,244.84375,244.84375,245.78125,241.875,244.84375,255.0,244.84375,244.84375,244.84375,245.78125,244.84375,244.84375,248.28125,237.8125,244.84375,237.8125,237.8125,237.8125,237.8125,237.8125,237.8125,237.8125,237.8125,244.84375,237.8125,237.8125,244.6875,237.8125,237.8125,237.8125,244.84375,237.8125
hDenV1/Colombia/SAN-UR-P201080030/2015,0.0,0.0,0.0,0.0,0.0,0.0,0.0,0.0,0.0,0.0,0.0,12.65625,12.65625,12.65625,0.0,12.65625,0.0,0.0,0.0,0.0,0.0,0.0,0.0,3.59375,0.0,22.65625,0.0,3.59375,3.59375,0.0,0.0,0.0,0.0,0.0,20.625,3.59375,0.0,0.0,3.59375,12.96875,0.0,0.0,3.59375,0.0,0.0,0.0,0.0,0.0,0.0,0.0,0.0,0.0,0.0,0.0,0.0,0.0,0.0,0.0,0.0,0.0,0.0,0.0,0.0,0.0,0.0,0.0,0.0,0.0,0.0,0.0,0.0,0.0,0.0,0.0,0.0,0.0,0.0,0.0,0.0,4.53125,0.0,0.0,0.0,0.0,0.0,0.0,0.0,0.0,0.0,0.0,0.0,0.0,0.0,12.65625,0.0,12.65625,0.0,0.0,0.0,12.65625,0.0,0.0,0.0,0.0,3.28125,207.65625,206.25,206.25,206.25,224.53125,204.84375,191.5625,202.03125,206.25,206.25,206.25,206.25,206.25,206.25,206.25,206.25,206.25,206.25,206.25,206.25,206.25,206.25,206.25,206.25,206.25,206.25,206.25,206.25,206.25,206.25,206.25,206.25,206.25,206.25,206.25,206.25,206.25,206.25,206.25,206.25,206.25,206.25,206.25,206.25,206.25,206.25,206.25,206.25,206.25,206.25,206.25,206.25,206.25,206.25,207.5,206.25,206.25,206.25,206.25,206.25,206.25,206.25,206.25,206.25,206.25,206.25,206.25,206.25,206.25,206.25,206.25,206.25,206.25,206.25,206.25,206.25,206.25,206.25,206.25,206.25,206.25,206.25,206.25,206.25,206.25,206.25,393.4375,393.4375,394.53125,393.4375,407.8125,407.8125,420.3125,386.09375,370.15625,396.875,420.3125,407.34375,420.3125,420.3125,407.34375,407.34375,407.34375,420.3125,420.3125,420.3125,393.4375,407.34375,407.34375,420.3125,407.34375,393.4375,420.3125,416.25,420.3125,407.34375,420.3125,420.3125,407.34375,393.4375,393.4375,407.34375,407.34375,393.4375,393.4375,420.3125,414.0625,407.34375,420.3125,407.34375,407.34375,420.3125,407.34375,396.875,407.34375,407.34375,407.34375,420.3125,407.34375,407.34375,393.4375,393.4375,407.34375,407.34375,393.4375,407.34375,407.34375,393.4375,393.4375,407.34375,407.34375,393.4375,396.875,420.3125,407.34375,416.25,420.3125,420.3125,393.4375,407.34375,393.4375,396.875,416.25,420.3125,407.34375,407.34375,404.21875,392.8125,404.21875,404.21875,407.34375,420.3125,392.8125,404.21875,392.8125,396.875,392.8125,392.8125,404.21875,392.8125,392.8125,392.8125,392.8125,392.8125,392.8125,392.8125,413.59375,407.34375,244.375,244.84375,248.28125,237.8125,244.375,244.84375,244.84375,244.84375,244.84375,244.84375,244.84375,244.84375,244.84375,245.78125,252.96875,252.96875,252.96875,252.96875,252.96875,244.84375,244.84375,237.8125,252.96875,244.84375,244.84375,244.84375,244.84375,244.84375,244.84375,244.84375,244.84375,244.84375,244.84375,244.84375,244.84375,237.8125,237.8125,244.84375,244.84375,244.84375,244.84375,244.84375,244.84375,244.84375,245.78125,244.84375,244.84375,244.84375,244.84375,244.84375,244.84375,244.84375,244.84375,244.84375,244.84375,244.84375,245.78125,249.375,244.84375,244.84375,244.84375,244.84375,244.84375,245.78125,241.875,244.84375,255.0,244.84375,244.84375,244.84375,245.78125,244.84375,244.84375,248.28125,237.8125,244.84375,237.8125,237.8125,237.8125,237.8125,237.8125,237.8125,237.8125,237.8125,244.84375,237.8125,237.8125,244.6875,237.8125,237.8125,237.8125,244.84375,237.8125
hDenV1/Colombia/SAN-Yale-DH141-P2/2004,0.0,0.0,0.0,0.0,0.0,0.0,0.0,0.0,0.0,0.0,0.0,12.65625,12.65625,12.65625,0.0,12.65625,0.0,0.0,0.0,0.0,0.0,0.0,0.0,3.59375,0.0,22.65625,0.0,3.59375,3.59375,0.0,0.0,0.0,0.0,0.0,20.625,3.59375,0.0,0.0,3.59375,12.96875,0.0,0.0,3.59375,0.0,0.0,0.0,0.0,0.0,0.0,0.0,0.0,0.0,0.0,0.0,0.0,0.0,0.0,0.0,0.0,0.0,0.0,0.0,0.0,0.0,0.0,0.0,0.0,0.0,0.0,0.0,0.0,0.0,0.0,0.0,0.0,0.0,0.0,0.0,0.0,4.53125,0.0,0.0,0.0,0.0,0.0,0.0,0.0,0.0,0.0,0.0,0.0,0.0,0.0,12.65625,0.0,12.65625,0.0,0.0,0.0,12.65625,0.0,0.0,0.0,0.0,3.28125,207.65625,206.25,206.25,206.25,224.53125,204.84375,191.5625,202.03125,206.25,206.25,206.25,206.25,206.25,206.25,206.25,206.25,206.25,206.25,206.25,206.25,206.25,206.25,206.25,206.25,206.25,206.25,206.25,206.25,206.25,206.25,206.25,206.25,206.25,206.25,206.25,206.25,206.25,206.25,206.25,206.25,206.25,206.25,206.25,206.25,206.25,206.25,206.25,206.25,206.25,206.25,206.25,206.25,206.25,206.25,207.5,206.25,206.25,206.25,206.25,206.25,206.25,206.25,206.25,206.25,206.25,206.25,206.25,206.25,206.25,206.25,206.25,206.25,206.25,206.25,206.25,206.25,206.25,206.25,206.25,206.25,206.25,206.25,206.25,206.25,206.25,206.25,393.4375,393.4375,394.53125,393.4375,407.8125,407.8125,420.3125,386.09375,370.15625,396.875,420.3125,407.34375,420.3125,420.3125,407.34375,407.34375,407.34375,420.3125,420.3125,420.3125,393.4375,407.34375,407.34375,420.3125,407.34375,393.4375,420.3125,416.25,420.3125,407.34375,420.3125,420.3125,407.34375,393.4375,393.4375,407.34375,407.34375,393.4375,393.4375,420.3125,414.0625,407.34375,420.3125,407.34375,407.34375,420.3125,407.34375,396.875,407.34375,407.34375,407.34375,420.3125,407.34375,407.34375,393.4375,393.4375,407.34375,407.34375,393.4375,407.34375,407.34375,393.4375,393.4375,407.34375,407.34375,393.4375,396.875,420.3125,407.34375,416.25,420.3125,420.3125,393.4375,407.34375,393.4375,396.875,416.25,420.3125,407.34375,407.34375,404.21875,392.8125,404.21875,404.21875,407.34375,420.3125,392.8125,404.21875,392.8125,396.875,392.8125,392.8125,404.21875,392.8125,392.8125,392.8125,392.8125,392.8125,392.8125,392.8125,413.59375,407.34375,244.375,244.84375,248.28125,237.8125,244.375,244.84375,244.84375,244.84375,244.84375,244.84375,244.84375,244.84375,244.84375,245.78125,252.96875,252.96875,252.96875,252.96875,252.96875,244.84375,244.84375,237.8125,252.96875,244.84375,244.84375,244.84375,244.84375,244.84375,244.84375,244.84375,244.84375,244.84375,244.84375,244.84375,244.84375,237.8125,237.8125,244.84375,244.84375,244.84375,244.84375,244.84375,244.84375,244.84375,245.78125,244.84375,244.84375,244.84375,244.84375,244.84375,244.84375,244.84375,244.84375,244.84375,244.84375,244.84375,245.78125,249.375,244.84375,244.84375,244.84375,244.84375,244.84375,245.78125,241.875,244.84375,255.0,244.84375,244.84375,244.84375,245.78125,244.84375,244.84375,248.28125,237.8125,244.84375,237.8125,237.8125,237.8125,237.8125,237.8125,237.8125,237.8125,237.8125,244.84375,237.8125,237.8125,244.6875,237.8125,237.8125,237.8125,244.84375,237.8125
hDenV1/Colombia/VAC-LSPVAC-2300876/2023,0.0,0.0,0.0,0.0,0.0,0.0,0.0,0.0,0.0,0.0,0.0,12.65625,12.65625,12.65625,0.0,12.65625,0.0,0.0,0.0,0.0,0.0,0.0,0.0,3.59375,0.0,22.65625,0.0,3.59375,3.59375,0.0,0.0,0.0,0.0,0.0,20.625,3.59375,0.0,0.0,3.59375,12.96875,0.0,0.0,3.59375,0.0,0.0,0.0,0.0,0.0,0.0,0.0,0.0,0.0,0.0,0.0,0.0,0.0,0.0,0.0,0.0,0.0,0.0,0.0,0.0,0.0,0.0,0.0,0.0,0.0,0.0,0.0,0.0,0.0,0.0,0.0,0.0,0.0,0.0,0.0,0.0,4.53125,0.0,0.0,0.0,0.0,0.0,0.0,0.0,0.0,0.0,0.0,0.0,0.0,0.0,12.65625,0.0,12.65625,0.0,0.0,0.0,12.65625,0.0,0.0,0.0,0.0,3.28125,207.65625,206.25,206.25,206.25,224.53125,204.84375,191.5625,202.03125,206.25,206.25,206.25,206.25,206.25,206.25,206.25,206.25,206.25,206.25,206.25,206.25,206.25,206.25,206.25,206.25,206.25,206.25,206.25,206.25,206.25,206.25,206.25,206.25,206.25,206.25,206.25,206.25,206.25,206.25,206.25,206.25,206.25,206.25,206.25,206.25,206.25,206.25,206.25,206.25,206.25,206.25,206.25,206.25,206.25,206.25,207.5,206.25,206.25,206.25,206.25,206.25,206.25,206.25,206.25,206.25,206.25,206.25,206.25,206.25,206.25,206.25,206.25,206.25,206.25,206.25,206.25,206.25,206.25,206.25,206.25,206.25,206.25,206.25,206.25,206.25,206.25,206.25,393.4375,393.4375,394.53125,393.4375,407.8125,407.8125,420.3125,386.09375,370.15625,396.875,420.3125,407.34375,420.3125,420.3125,407.34375,407.34375,407.34375,420.3125,420.3125,420.3125,393.4375,407.34375,407.34375,420.3125,407.34375,393.4375,420.3125,416.25,420.3125,407.34375,420.3125,420.3125,407.34375,393.4375,393.4375,407.34375,407.34375,393.4375,393.4375,420.3125,414.0625,407.34375,420.3125,407.34375,407.34375,420.3125,407.34375,396.875,407.34375,407.34375,407.34375,420.3125,407.34375,407.34375,393.4375,393.4375,407.34375,407.34375,393.4375,407.34375,407.34375,393.4375,393.4375,407.34375,407.34375,393.4375,396.875,420.3125,407.34375,416.25,420.3125,420.3125,393.4375,407.34375,393.4375,396.875,416.25,420.3125,407.34375,407.34375,404.21875,392.8125,404.21875,404.21875,407.34375,420.3125,392.8125,404.21875,392.8125,396.875,392.8125,392.8125,404.21875,392.8125,392.8125,392.8125,392.8125,392.8125,392.8125,392.8125,413.59375,407.34375,244.375,244.84375,248.28125,237.8125,244.375,244.84375,244.84375,244.84375,244.84375,244.84375,244.84375,244.84375,244.84375,245.78125,252.96875,252.96875,252.96875,252.96875,252.96875,244.84375,244.84375,237.8125,252.96875,244.84375,244.84375,244.84375,244.84375,244.84375,244.84375,244.84375,244.84375,244.84375,244.84375,244.84375,244.84375,237.8125,237.8125,244.84375,244.84375,244.84375,244.84375,244.84375,244.84375,244.84375,245.78125,244.84375,244.84375,244.84375,244.84375,244.84375,244.84375,244.84375,244.84375,244.84375,244.84375,244.84375,245.78125,249.375,244.84375,244.84375,244.84375,244.84375,244.84375,245.78125,241.875,244.84375,255.0,244.84375,244.84375,244.84375,245.78125,244.84375,244.84375,248.28125,237.8125,244.84375,237.8125,237.8125,237.8125,237.8125,237.8125,237.8125,237.8125,237.8125,244.84375,237.8125,237.8125,244.6875,237.8125,237.8125,237.8125,244.84375,237.8125
hDenV1/Colombia/VAC-LSPVAC-2306001/2023,0.0,0.0,0.0,0.0,0.0,0.0,0.0,0.0,0.0,0.0,0.0,12.65625,12.65625,12.65625,0.0,12.65625,0.0,0.0,0.0,0.0,0.0,0.0,0.0,3.59375,0.0,22.65625,0.0,3.59375,3.59375,0.0,0.0,0.0,0.0,0.0,20.625,3.59375,0.0,0.0,3.59375,12.96875,0.0,0.0,3.59375,0.0,0.0,0.0,0.0,0.0,0.0,0.0,0.0,0.0,0.0,0.0,0.0,0.0,0.0,0.0,0.0,0.0,0.0,0.0,0.0,0.0,0.0,0.0,0.0,0.0,0.0,0.0,0.0,0.0,0.0,0.0,0.0,0.0,0.0,0.0,0.0,4.53125,0.0,0.0,0.0,0.0,0.0,0.0,0.0,0.0,0.0,0.0,0.0,0.0,0.0,12.65625,0.0,12.65625,0.0,0.0,0.0,12.65625,0.0,0.0,0.0,0.0,3.28125,207.65625,206.25,206.25,206.25,224.53125,204.84375,191.5625,202.03125,206.25,206.25,206.25,206.25,206.25,206.25,206.25,206.25,206.25,206.25,206.25,206.25,206.25,206.25,206.25,206.25,206.25,206.25,206.25,206.25,206.25,206.25,206.25,206.25,206.25,206.25,206.25,206.25,206.25,206.25,206.25,206.25,206.25,206.25,206.25,206.25,206.25,206.25,206.25,206.25,206.25,206.25,206.25,206.25,206.25,206.25,207.5,206.25,206.25,206.25,206.25,206.25,206.25,206.25,206.25,206.25,206.25,206.25,206.25,206.25,206.25,206.25,206.25,206.25,206.25,206.25,206.25,206.25,206.25,206.25,206.25,206.25,206.25,206.25,206.25,206.25,206.25,206.25,393.4375,393.4375,394.53125,393.4375,407.8125,407.8125,420.3125,386.09375,370.15625,396.875,420.3125,407.34375,420.3125,420.3125,407.34375,407.34375,407.34375,420.3125,420.3125,420.3125,393.4375,407.34375,407.34375,420.3125,407.34375,393.4375,420.3125,416.25,420.3125,407.34375,420.3125,420.3125,407.34375,393.4375,393.4375,407.34375,407.34375,393.4375,393.4375,420.3125,414.0625,407.34375,420.3125,407.34375,407.34375,420.3125,407.34375,396.875,407.34375,407.34375,407.34375,420.3125,407.34375,407.34375,393.4375,393.4375,407.34375,407.34375,393.4375,407.34375,407.34375,393.4375,393.4375,407.34375,407.34375,393.4375,396.875,420.3125,407.34375,416.25,420.3125,420.3125,393.4375,407.34375,393.4375,396.875,416.25,420.3125,407.34375,407.34375,404.21875,392.8125,404.21875,404.21875,407.34375,420.3125,392.8125,404.21875,392.8125,396.875,392.8125,392.8125,404.21875,392.8125,392.8125,392.8125,392.8125,392.8125,392.8125,392.8125,413.59375,407.34375,244.375,244.84375,248.28125,237.8125,244.375,244.84375,244.84375,244.84375,244.84375,244.84375,244.84375,244.84375,244.84375,245.78125,252.96875,252.96875,252.96875,252.96875,252.96875,244.84375,244.84375,237.8125,252.96875,244.84375,244.84375,244.84375,244.84375,244.84375,244.84375,244.84375,244.84375,244.84375,244.84375,244.84375,244.84375,237.8125,237.8125,244.84375,244.84375,244.84375,244.84375,244.84375,244.84375,244.84375,245.78125,244.84375,244.84375,244.84375,244.84375,244.84375,244.84375,244.84375,244.84375,244.84375,244.84375,244.84375,245.78125,249.375,244.84375,244.84375,244.84375,244.84375,244.84375,245.78125,241.875,244.84375,255.0,244.84375,244.84375,244.84375,245.78125,244.84375,244.84375,248.28125,237.8125,244.84375,237.8125,237.8125,237.8125,237.8125,237.8125,237.8125,237.8125,237.8125,244.84375,237.8125,237.8125,244.6875,237.8125,237.8125,237.8125,244.84375,237.8125
hDenV1/Colombia/VAC-LSPVAC-2400035/2024,0.0,0.0,0.0,0.0,0.0,0.0,0.0,0.0,0.0,0.0,0.0,12.65625,12.65625,12.65625,0.0,12.65625,0.0,0.0,0.0,0.0,0.0,0.0,0.0,3.59375,0.0,22.65625,0.0,3.59375,3.59375,0.0,0.0,0.0,0.0,0.0,20.625,3.59375,0.0,0.0,3.59375,12.96875,0.0,0.0,3.59375,0.0,0.0,0.0,0.0,0.0,0.0,0.0,0.0,0.0,0.0,0.0,0.0,0.0,0.0,0.0,0.0,0.0,0.0,0.0,0.0,0.0,0.0,0.0,0.0,0.0,0.0,0.0,0.0,0.0,0.0,0.0,0.0,0.0,0.0,0.0,0.0,4.53125,0.0,0.0,0.0,0.0,0.0,0.0,0.0,0.0,0.0,0.0,0.0,0.0,0.0,12.65625,0.0,12.65625,0.0,0.0,0.0,12.65625,0.0,0.0,0.0,0.0,3.28125,207.65625,206.25,206.25,206.25,224.53125,204.84375,191.5625,202.03125,206.25,206.25,206.25,206.25,206.25,206.25,206.25,206.25,206.25,206.25,206.25,206.25,206.25,206.25,206.25,206.25,206.25,206.25,206.25,206.25,206.25,206.25,206.25,206.25,206.25,206.25,206.25,206.25,206.25,206.25,206.25,206.25,206.25,206.25,206.25,206.25,206.25,206.25,206.25,206.25,206.25,206.25,206.25,206.25,206.25,206.25,207.5,206.25,206.25,206.25,206.25,206.25,206.25,206.25,206.25,206.25,206.25,206.25,206.25,206.25,206.25,206.25,206.25,206.25,206.25,206.25,206.25,206.25,206.25,206.25,206.25,206.25,206.25,206.25,206.25,206.25,206.25,206.25,393.4375,393.4375,394.53125,393.4375,407.8125,407.8125,420.3125,386.09375,370.15625,396.875,420.3125,407.34375,420.3125,420.3125,407.34375,407.34375,407.34375,420.3125,420.3125,420.3125,393.4375,407.34375,407.34375,420.3125,407.34375,393.4375,420.3125,416.25,420.3125,407.34375,420.3125,420.3125,407.34375,393.4375,393.4375,407.34375,407.34375,393.4375,393.4375,420.3125,414.0625,407.34375,420.3125,407.34375,407.34375,420.3125,407.34375,396.875,407.34375,407.34375,407.34375,420.3125,407.34375,407.34375,393.4375,393.4375,407.34375,407.34375,393.4375,407.34375,407.34375,393.4375,393.4375,407.34375,407.34375,393.4375,396.875,420.3125,407.34375,416.25,420.3125,420.3125,393.4375,407.34375,393.4375,396.875,416.25,420.3125,407.34375,407.34375,404.21875,392.8125,404.21875,404.21875,407.34375,420.3125,392.8125,404.21875,392.8125,396.875,392.8125,392.8125,404.21875,392.8125,392.8125,392.8125,392.8125,392.8125,392.8125,392.8125,413.59375,407.34375,244.375,244.84375,248.28125,237.8125,244.375,244.84375,244.84375,244.84375,244.84375,244.84375,244.84375,244.84375,244.84375,245.78125,252.96875,252.96875,252.96875,252.96875,252.96875,244.84375,244.84375,237.8125,252.96875,244.84375,244.84375,244.84375,244.84375,244.84375,244.84375,244.84375,244.84375,244.84375,244.84375,244.84375,244.84375,237.8125,237.8125,244.84375,244.84375,244.84375,244.84375,244.84375,244.84375,244.84375,245.78125,244.84375,244.84375,244.84375,244.84375,244.84375,244.84375,244.84375,244.84375,244.84375,244.84375,244.84375,245.78125,249.375,244.84375,244.84375,244.84375,244.84375,244.84375,245.78125,241.875,244.84375,255.0,244.84375,244.84375,244.84375,245.78125,244.84375,244.84375,248.28125,237.8125,244.84375,237.8125,237.8125,237.8125,237.8125,237.8125,237.8125,237.8125,237.8125,244.84375,237.8125,237.8125,244.6875,237.8125,237.8125,237.8125,244.84375,237.8125
hDenV1/Colombia/VAC-LSPVAC-2400054/2024,0.0,0.0,0.0,0.0,0.0,0.0,0.0,0.0,0.0,0.0,0.0,12.65625,12.65625,12.65625,0.0,12.65625,0.0,0.0,0.0,0.0,0.0,0.0,0.0,3.59375,0.0,22.65625,0.0,3.59375,3.59375,0.0,0.0,0.0,0.0,0.0,20.625,3.59375,0.0,0.0,3.59375,12.96875,0.0,0.0,3.59375,0.0,0.0,0.0,0.0,0.0,0.0,0.0,0.0,0.0,0.0,0.0,0.0,0.0,0.0,0.0,0.0,0.0,0.0,0.0,0.0,0.0,0.0,0.0,0.0,0.0,0.0,0.0,0.0,0.0,0.0,0.0,0.0,0.0,0.0,0.0,0.0,4.53125,0.0,0.0,0.0,0.0,0.0,0.0,0.0,0.0,0.0,0.0,0.0,0.0,0.0,12.65625,0.0,12.65625,0.0,0.0,0.0,12.65625,0.0,0.0,0.0,0.0,3.28125,207.65625,206.25,206.25,206.25,224.53125,204.84375,191.5625,202.03125,206.25,206.25,206.25,206.25,206.25,206.25,206.25,206.25,206.25,206.25,206.25,206.25,206.25,206.25,206.25,206.25,206.25,206.25,206.25,206.25,206.25,206.25,206.25,206.25,206.25,206.25,206.25,206.25,206.25,206.25,206.25,206.25,206.25,206.25,206.25,206.25,206.25,206.25,206.25,206.25,206.25,206.25,206.25,206.25,206.25,206.25,207.5,206.25,206.25,206.25,206.25,206.25,206.25,206.25,206.25,206.25,206.25,206.25,206.25,206.25,206.25,206.25,206.25,206.25,206.25,206.25,206.25,206.25,206.25,206.25,206.25,206.25,206.25,206.25,206.25,206.25,206.25,206.25,393.4375,393.4375,394.53125,393.4375,407.8125,407.8125,420.3125,386.09375,370.15625,396.875,420.3125,407.34375,420.3125,420.3125,407.34375,407.34375,407.34375,420.3125,420.3125,420.3125,393.4375,407.34375,407.34375,420.3125,407.34375,393.4375,420.3125,416.25,420.3125,407.34375,420.3125,420.3125,407.34375,393.4375,393.4375,407.34375,407.34375,393.4375,393.4375,420.3125,414.0625,407.34375,420.3125,407.34375,407.34375,420.3125,407.34375,396.875,407.34375,407.34375,407.34375,420.3125,407.34375,407.34375,393.4375,393.4375,407.34375,407.34375,393.4375,407.34375,407.34375,393.4375,393.4375,407.34375,407.34375,393.4375,396.875,420.3125,407.34375,416.25,420.3125,420.3125,393.4375,407.34375,393.4375,396.875,416.25,420.3125,407.34375,407.34375,404.21875,392.8125,404.21875,404.21875,407.34375,420.3125,392.8125,404.21875,392.8125,396.875,392.8125,392.8125,404.21875,392.8125,392.8125,392.8125,392.8125,392.8125,392.8125,392.8125,413.59375,407.34375,244.375,244.84375,248.28125,237.8125,244.375,244.84375,244.84375,244.84375,244.84375,244.84375,244.84375,244.84375,244.84375,245.78125,252.96875,252.96875,252.96875,252.96875,252.96875,244.84375,244.84375,237.8125,252.96875,244.84375,244.84375,244.84375,244.84375,244.84375,244.84375,244.84375,244.84375,244.84375,244.84375,244.84375,244.84375,237.8125,237.8125,244.84375,244.84375,244.84375,244.84375,244.84375,244.84375,244.84375,245.78125,244.84375,244.84375,244.84375,244.84375,244.84375,244.84375,244.84375,244.84375,244.84375,244.84375,244.84375,245.78125,249.375,244.84375,244.84375,244.84375,244.84375,244.84375,245.78125,241.875,244.84375,255.0,244.84375,244.84375,244.84375,245.78125,244.84375,244.84375,248.28125,237.8125,244.84375,237.8125,237.8125,237.8125,237.8125,237.8125,237.8125,237.8125,237.8125,244.84375,237.8125,237.8125,244.6875,237.8125,237.8125,237.8125,244.84375,237.8125
hDenV1/Colombia/VAC-LSPVAC-2400146/2024,0.0,0.0,0.0,0.0,0.0,0.0,0.0,0.0,0.0,0.0,0.0,12.65625,12.65625,12.65625,0.0,12.65625,0.0,0.0,0.0,0.0,0.0,0.0,0.0,3.59375,0.0,22.65625,0.0,3.59375,3.59375,0.0,0.0,0.0,0.0,0.0,20.625,3.59375,0.0,0.0,3.59375,12.96875,0.0,0.0,3.59375,0.0,0.0,0.0,0.0,0.0,0.0,0.0,0.0,0.0,0.0,0.0,0.0,0.0,0.0,0.0,0.0,0.0,0.0,0.0,0.0,0.0,0.0,0.0,0.0,0.0,0.0,0.0,0.0,0.0,0.0,0.0,0.0,0.0,0.0,0.0,0.0,4.53125,0.0,0.0,0.0,0.0,0.0,0.0,0.0,0.0,0.0,0.0,0.0,0.0,0.0,12.65625,0.0,12.65625,0.0,0.0,0.0,12.65625,0.0,0.0,0.0,0.0,3.28125,207.65625,206.25,206.25,206.25,224.53125,204.84375,191.5625,202.03125,206.25,206.25,206.25,206.25,206.25,206.25,206.25,206.25,206.25,206.25,206.25,206.25,206.25,206.25,206.25,206.25,206.25,206.25,206.25,206.25,206.25,206.25,206.25,206.25,206.25,206.25,206.25,206.25,206.25,206.25,206.25,206.25,206.25,206.25,206.25,206.25,206.25,206.25,206.25,206.25,206.25,206.25,206.25,206.25,206.25,206.25,207.5,206.25,206.25,206.25,206.25,206.25,206.25,206.25,206.25,206.25,206.25,206.25,206.25,206.25,206.25,206.25,206.25,206.25,206.25,206.25,206.25,206.25,206.25,206.25,206.25,206.25,206.25,206.25,206.25,206.25,206.25,206.25,393.4375,393.4375,394.53125,393.4375,407.8125,407.8125,420.3125,386.09375,370.15625,396.875,420.3125,407.34375,420.3125,420.3125,407.34375,407.34375,407.34375,420.3125,420.3125,420.3125,393.4375,407.34375,407.34375,420.3125,407.34375,393.4375,420.3125,416.25,420.3125,407.34375,420.3125,420.3125,407.34375,393.4375,393.4375,407.34375,407.34375,393.4375,393.4375,420.3125,414.0625,407.34375,420.3125,407.34375,407.34375,420.3125,407.34375,396.875,407.34375,407.34375,407.34375,420.3125,407.34375,407.34375,393.4375,393.4375,407.34375,407.34375,393.4375,407.34375,407.34375,393.4375,393.4375,407.34375,407.34375,393.4375,396.875,420.3125,407.34375,416.25,420.3125,420.3125,393.4375,407.34375,393.4375,396.875,416.25,420.3125,407.34375,407.34375,404.21875,392.8125,404.21875,404.21875,407.34375,420.3125,392.8125,404.21875,392.8125,396.875,392.8125,392.8125,404.21875,392.8125,392.8125,392.8125,392.8125,392.8125,392.8125,392.8125,413.59375,407.34375,244.375,244.84375,248.28125,237.8125,244.375,244.84375,244.84375,244.84375,244.84375,244.84375,244.84375,244.84375,244.84375,245.78125,252.96875,252.96875,252.96875,252.96875,252.96875,244.84375,244.84375,237.8125,252.96875,244.84375,244.84375,244.84375,244.84375,244.84375,244.84375,244.84375,244.84375,244.84375,244.84375,244.84375,244.84375,237.8125,237.8125,244.84375,244.84375,244.84375,244.84375,244.84375,244.84375,244.84375,245.78125,244.84375,244.84375,244.84375,244.84375,244.84375,244.84375,244.84375,244.84375,244.84375,244.84375,244.84375,245.78125,249.375,244.84375,244.84375,244.84375,244.84375,244.84375,245.78125,241.875,244.84375,255.0,244.84375,244.84375,244.84375,245.78125,244.84375,244.84375,248.28125,237.8125,244.84375,237.8125,237.8125,237.8125,237.8125,237.8125,237.8125,237.8125,237.8125,244.84375,237.8125,237.8125,244.6875,237.8125,237.8125,237.8125,244.84375,237.8125
hDenV1/Colombia/VAC-LSPVAC-2400227/2024,0.0,0.0,0.0,0.0,0.0,0.0,0.0,0.0,0.0,0.0,0.0,12.65625,12.65625,12.65625,0.0,12.65625,0.0,0.0,0.0,0.0,0.0,0.0,0.0,3.59375,0.0,22.65625,0.0,3.59375,3.59375,0.0,0.0,0.0,0.0,0.0,20.625,3.59375,0.0,0.0,3.59375,12.96875,0.0,0.0,3.59375,0.0,0.0,0.0,0.0,0.0,0.0,0.0,0.0,0.0,0.0,0.0,0.0,0.0,0.0,0.0,0.0,0.0,0.0,0.0,0.0,0.0,0.0,0.0,0.0,0.0,0.0,0.0,0.0,0.0,0.0,0.0,0.0,0.0,0.0,0.0,0.0,4.53125,0.0,0.0,0.0,0.0,0.0,0.0,0.0,0.0,0.0,0.0,0.0,0.0,0.0,12.65625,0.0,12.65625,0.0,0.0,0.0,12.65625,0.0,0.0,0.0,0.0,3.28125,207.65625,206.25,206.25,206.25,224.53125,204.84375,191.5625,202.03125,206.25,206.25,206.25,206.25,206.25,206.25,206.25,206.25,206.25,206.25,206.25,206.25,206.25,206.25,206.25,206.25,206.25,206.25,206.25,206.25,206.25,206.25,206.25,206.25,206.25,206.25,206.25,206.25,206.25,206.25,206.25,206.25,206.25,206.25,206.25,206.25,206.25,206.25,206.25,206.25,206.25,206.25,206.25,206.25,206.25,206.25,207.5,206.25,206.25,206.25,206.25,206.25,206.25,206.25,206.25,206.25,206.25,206.25,206.25,206.25,206.25,206.25,206.25,206.25,206.25,206.25,206.25,206.25,206.25,206.25,206.25,206.25,206.25,206.25,206.25,206.25,206.25,206.25,393.4375,393.4375,394.53125,393.4375,407.8125,407.8125,420.3125,386.09375,370.15625,396.875,420.3125,407.34375,420.3125,420.3125,407.34375,407.34375,407.34375,420.3125,420.3125,420.3125,393.4375,407.34375,407.34375,420.3125,407.34375,393.4375,420.3125,416.25,420.3125,407.34375,420.3125,420.3125,407.34375,393.4375,393.4375,407.34375,407.34375,393.4375,393.4375,420.3125,414.0625,407.34375,420.3125,407.34375,407.34375,420.3125,407.34375,396.875,407.34375,407.34375,407.34375,420.3125,407.34375,407.34375,393.4375,393.4375,407.34375,407.34375,393.4375,407.34375,407.34375,393.4375,393.4375,407.34375,407.34375,393.4375,396.875,420.3125,407.34375,416.25,420.3125,420.3125,393.4375,407.34375,393.4375,396.875,416.25,420.3125,407.34375,407.34375,404.21875,392.8125,404.21875,404.21875,407.34375,420.3125,392.8125,404.21875,392.8125,396.875,392.8125,392.8125,404.21875,392.8125,392.8125,392.8125,392.8125,392.8125,392.8125,392.8125,413.59375,407.34375,244.375,244.84375,248.28125,237.8125,244.375,244.84375,244.84375,244.84375,244.84375,244.84375,244.84375,244.84375,244.84375,245.78125,252.96875,252.96875,252.96875,252.96875,252.96875,244.84375,244.84375,237.8125,252.96875,244.84375,244.84375,244.84375,244.84375,244.84375,244.84375,244.84375,244.84375,244.84375,244.84375,244.84375,244.84375,237.8125,237.8125,244.84375,244.84375,244.84375,244.84375,244.84375,244.84375,244.84375,245.78125,244.84375,244.84375,244.84375,244.84375,244.84375,244.84375,244.84375,244.84375,244.84375,244.84375,244.84375,245.78125,249.375,244.84375,244.84375,244.84375,244.84375,244.84375,245.78125,241.875,244.84375,255.0,244.84375,244.84375,244.84375,245.78125,244.84375,244.84375,248.28125,237.8125,244.84375,237.8125,237.8125,237.8125,237.8125,237.8125,237.8125,237.8125,237.8125,244.84375,237.8125,237.8125,244.6875,237.8125,237.8125,237.8125,244.84375,237.8125
hDenV1/Colombia/VAC-LSPVAC-2400262/2024,0.0,0.0,0.0,0.0,0.0,0.0,0.0,0.0,0.0,0.0,0.0,12.65625,12.65625,12.65625,0.0,12.65625,0.0,0.0,0.0,0.0,0.0,0.0,0.0,3.59375,0.0,22.65625,0.0,3.59375,3.59375,0.0,0.0,0.0,0.0,0.0,20.625,3.59375,0.0,0.0,3.59375,12.96875,0.0,0.0,3.59375,0.0,0.0,0.0,0.0,0.0,0.0,0.0,0.0,0.0,0.0,0.0,0.0,0.0,0.0,0.0,0.0,0.0,0.0,0.0,0.0,0.0,0.0,0.0,0.0,0.0,0.0,0.0,0.0,0.0,0.0,0.0,0.0,0.0,0.0,0.0,0.0,4.53125,0.0,0.0,0.0,0.0,0.0,0.0,0.0,0.0,0.0,0.0,0.0,0.0,0.0,12.65625,0.0,12.65625,0.0,0.0,0.0,12.65625,0.0,0.0,0.0,0.0,3.28125,207.65625,206.25,206.25,206.25,224.53125,204.84375,191.5625,202.03125,206.25,206.25,206.25,206.25,206.25,206.25,206.25,206.25,206.25,206.25,206.25,206.25,206.25,206.25,206.25,206.25,206.25,206.25,206.25,206.25,206.25,206.25,206.25,206.25,206.25,206.25,206.25,206.25,206.25,206.25,206.25,206.25,206.25,206.25,206.25,206.25,206.25,206.25,206.25,206.25,206.25,206.25,206.25,206.25,206.25,206.25,207.5,206.25,206.25,206.25,206.25,206.25,206.25,206.25,206.25,206.25,206.25,206.25,206.25,206.25,206.25,206.25,206.25,206.25,206.25,206.25,206.25,206.25,206.25,206.25,206.25,206.25,206.25,206.25,206.25,206.25,206.25,206.25,393.4375,393.4375,394.53125,393.4375,407.8125,407.8125,420.3125,386.09375,370.15625,396.875,420.3125,407.34375,420.3125,420.3125,407.34375,407.34375,407.34375,420.3125,420.3125,420.3125,393.4375,407.34375,407.34375,420.3125,407.34375,393.4375,420.3125,416.25,420.3125,407.34375,420.3125,420.3125,407.34375,393.4375,393.4375,407.34375,407.34375,393.4375,393.4375,420.3125,414.0625,407.34375,420.3125,407.34375,407.34375,420.3125,407.34375,396.875,407.34375,407.34375,407.34375,420.3125,407.34375,407.34375,393.4375,393.4375,407.34375,407.34375,393.4375,407.34375,407.34375,393.4375,393.4375,407.34375,407.34375,393.4375,396.875,420.3125,407.34375,416.25,420.3125,420.3125,393.4375,407.34375,393.4375,396.875,416.25,420.3125,407.34375,407.34375,404.21875,392.8125,404.21875,404.21875,407.34375,420.3125,392.8125,404.21875,392.8125,396.875,392.8125,392.8125,404.21875,392.8125,392.8125,392.8125,392.8125,392.8125,392.8125,392.8125,413.59375,407.34375,244.375,244.84375,248.28125,237.8125,244.375,244.84375,244.84375,244.84375,244.84375,244.84375,244.84375,244.84375,244.84375,245.78125,252.96875,252.96875,252.96875,252.96875,252.96875,244.84375,244.84375,237.8125,252.96875,244.84375,244.84375,244.84375,244.84375,244.84375,244.84375,244.84375,244.84375,244.84375,244.84375,244.84375,244.84375,237.8125,237.8125,244.84375,244.84375,244.84375,244.84375,244.84375,244.84375,244.84375,245.78125,244.84375,244.84375,244.84375,244.84375,244.84375,244.84375,244.84375,244.84375,244.84375,244.84375,244.84375,245.78125,249.375,244.84375,244.84375,244.84375,244.84375,244.84375,245.78125,241.875,244.84375,255.0,244.84375,244.84375,244.84375,245.78125,244.84375,244.84375,248.28125,237.8125,244.84375,237.8125,237.8125,237.8125,237.8125,237.8125,237.8125,237.8125,237.8125,244.84375,237.8125,237.8125,244.6875,237.8125,237.8125,237.8125,244.84375,237.8125
hDenV1/Colombia/VAC-LSPVAC-2400298/2024,0.0,0.0,0.0,0.0,0.0,0.0,0.0,0.0,0.0,0.0,0.0,12.65625,12.65625,12.65625,0.0,12.65625,0.0,0.0,0.0,0.0,0.0,0.0,0.0,3.59375,0.0,22.65625,0.0,3.59375,3.59375,0.0,0.0,0.0,0.0,0.0,20.625,3.59375,0.0,0.0,3.59375,12.96875,0.0,0.0,3.59375,0.0,0.0,0.0,0.0,0.0,0.0,0.0,0.0,0.0,0.0,0.0,0.0,0.0,0.0,0.0,0.0,0.0,0.0,0.0,0.0,0.0,0.0,0.0,0.0,0.0,0.0,0.0,0.0,0.0,0.0,0.0,0.0,0.0,0.0,0.0,0.0,4.53125,0.0,0.0,0.0,0.0,0.0,0.0,0.0,0.0,0.0,0.0,0.0,0.0,0.0,12.65625,0.0,12.65625,0.0,0.0,0.0,12.65625,0.0,0.0,0.0,0.0,3.28125,207.65625,206.25,206.25,206.25,224.53125,204.84375,191.5625,202.03125,206.25,206.25,206.25,206.25,206.25,206.25,206.25,206.25,206.25,206.25,206.25,206.25,206.25,206.25,206.25,206.25,206.25,206.25,206.25,206.25,206.25,206.25,206.25,206.25,206.25,206.25,206.25,206.25,206.25,206.25,206.25,206.25,206.25,206.25,206.25,206.25,206.25,206.25,206.25,206.25,206.25,206.25,206.25,206.25,206.25,206.25,207.5,206.25,206.25,206.25,206.25,206.25,206.25,206.25,206.25,206.25,206.25,206.25,206.25,206.25,206.25,206.25,206.25,206.25,206.25,206.25,206.25,206.25,206.25,206.25,206.25,206.25,206.25,206.25,206.25,206.25,206.25,206.25,393.4375,393.4375,394.53125,393.4375,407.8125,407.8125,420.3125,386.09375,370.15625,396.875,420.3125,407.34375,420.3125,420.3125,407.34375,407.34375,407.34375,420.3125,420.3125,420.3125,393.4375,407.34375,407.34375,420.3125,407.34375,393.4375,420.3125,416.25,420.3125,407.34375,420.3125,420.3125,407.34375,393.4375,393.4375,407.34375,407.34375,393.4375,393.4375,420.3125,414.0625,407.34375,420.3125,407.34375,407.34375,420.3125,407.34375,396.875,407.34375,407.34375,407.34375,420.3125,407.34375,407.34375,393.4375,393.4375,407.34375,407.34375,393.4375,407.34375,407.34375,393.4375,393.4375,407.34375,407.34375,393.4375,396.875,420.3125,407.34375,416.25,420.3125,420.3125,393.4375,407.34375,393.4375,396.875,416.25,420.3125,407.34375,407.34375,404.21875,392.8125,404.21875,404.21875,407.34375,420.3125,392.8125,404.21875,392.8125,396.875,392.8125,392.8125,404.21875,392.8125,392.8125,392.8125,392.8125,392.8125,392.8125,392.8125,413.59375,407.34375,244.375,244.84375,248.28125,237.8125,244.375,244.84375,244.84375,244.84375,244.84375,244.84375,244.84375,244.84375,244.84375,245.78125,252.96875,252.96875,252.96875,252.96875,252.96875,244.84375,244.84375,237.8125,252.96875,244.84375,244.84375,244.84375,244.84375,244.84375,244.84375,244.84375,244.84375,244.84375,244.84375,244.84375,244.84375,237.8125,237.8125,244.84375,244.84375,244.84375,244.84375,244.84375,244.84375,244.84375,245.78125,244.84375,244.84375,244.84375,244.84375,244.84375,244.84375,244.84375,244.84375,244.84375,244.84375,244.84375,245.78125,249.375,244.84375,244.84375,244.84375,244.84375,244.84375,245.78125,241.875,244.84375,255.0,244.84375,244.84375,244.84375,245.78125,244.84375,244.84375,248.28125,237.8125,244.84375,237.8125,237.8125,237.8125,237.8125,237.8125,237.8125,237.8125,237.8125,244.84375,237.8125,237.8125,244.6875,237.8125,237.8125,237.8125,244.84375,237.8125
hDenV1/Colombia/VAC-LSPVAC-2400368/2024,0.0,0.0,0.0,0.0,0.0,0.0,0.0,0.0,0.0,0.0,0.0,12.65625,12.65625,12.65625,0.0,12.65625,0.0,0.0,0.0,0.0,0.0,0.0,0.0,3.59375,0.0,22.65625,0.0,3.59375,3.59375,0.0,0.0,0.0,0.0,0.0,20.625,3.59375,0.0,0.0,3.59375,12.96875,0.0,0.0,3.59375,0.0,0.0,0.0,0.0,0.0,0.0,0.0,0.0,0.0,0.0,0.0,0.0,0.0,0.0,0.0,0.0,0.0,0.0,0.0,0.0,0.0,0.0,0.0,0.0,0.0,0.0,0.0,0.0,0.0,0.0,0.0,0.0,0.0,0.0,0.0,0.0,4.53125,0.0,0.0,0.0,0.0,0.0,0.0,0.0,0.0,0.0,0.0,0.0,0.0,0.0,12.65625,0.0,12.65625,0.0,0.0,0.0,12.65625,0.0,0.0,0.0,0.0,3.28125,207.65625,206.25,206.25,206.25,224.53125,204.84375,191.5625,202.03125,206.25,206.25,206.25,206.25,206.25,206.25,206.25,206.25,206.25,206.25,206.25,206.25,206.25,206.25,206.25,206.25,206.25,206.25,206.25,206.25,206.25,206.25,206.25,206.25,206.25,206.25,206.25,206.25,206.25,206.25,206.25,206.25,206.25,206.25,206.25,206.25,206.25,206.25,206.25,206.25,206.25,206.25,206.25,206.25,206.25,206.25,207.5,206.25,206.25,206.25,206.25,206.25,206.25,206.25,206.25,206.25,206.25,206.25,206.25,206.25,206.25,206.25,206.25,206.25,206.25,206.25,206.25,206.25,206.25,206.25,206.25,206.25,206.25,206.25,206.25,206.25,206.25,206.25,393.4375,393.4375,394.53125,393.4375,407.8125,407.8125,420.3125,386.09375,370.15625,396.875,420.3125,407.34375,420.3125,420.3125,407.34375,407.34375,407.34375,420.3125,420.3125,420.3125,393.4375,407.34375,407.34375,420.3125,407.34375,393.4375,420.3125,416.25,420.3125,407.34375,420.3125,420.3125,407.34375,393.4375,393.4375,407.34375,407.34375,393.4375,393.4375,420.3125,414.0625,407.34375,420.3125,407.34375,407.34375,420.3125,407.34375,396.875,407.34375,407.34375,407.34375,420.3125,407.34375,407.34375,393.4375,393.4375,407.34375,407.34375,393.4375,407.34375,407.34375,393.4375,393.4375,407.34375,407.34375,393.4375,396.875,420.3125,407.34375,416.25,420.3125,420.3125,393.4375,407.34375,393.4375,396.875,416.25,420.3125,407.34375,407.34375,404.21875,392.8125,404.21875,404.21875,407.34375,420.3125,392.8125,404.21875,392.8125,396.875,392.8125,392.8125,404.21875,392.8125,392.8125,392.8125,392.8125,392.8125,392.8125,392.8125,413.59375,407.34375,244.375,244.84375,248.28125,237.8125,244.375,244.84375,244.84375,244.84375,244.84375,244.84375,244.84375,244.84375,244.84375,245.78125,252.96875,252.96875,252.96875,252.96875,252.96875,244.84375,244.84375,237.8125,252.96875,244.84375,244.84375,244.84375,244.84375,244.84375,244.84375,244.84375,244.84375,244.84375,244.84375,244.84375,244.84375,237.8125,237.8125,244.84375,244.84375,244.84375,244.84375,244.84375,244.84375,244.84375,245.78125,244.84375,244.84375,244.84375,244.84375,244.84375,244.84375,244.84375,244.84375,244.84375,244.84375,244.84375,245.78125,249.375,244.84375,244.84375,244.84375,244.84375,244.84375,245.78125,241.875,244.84375,255.0,244.84375,244.84375,244.84375,245.78125,244.84375,244.84375,248.28125,237.8125,244.84375,237.8125,237.8125,237.8125,237.8125,237.8125,237.8125,237.8125,237.8125,244.84375,237.8125,237.8125,244.6875,237.8125,237.8125,237.8125,244.84375,237.8125
hDenV1/Colombia/VAC-LSPVAC-2401121/2024,22.65625,22.65625,22.65625,22.65625,22.65625,22.65625,22.65625,22.65625,22.65625,22.65625,22.65625,35.3125,35.3125,35.3125,22.65625,35.3125,22.65625,22.65625,22.65625,22.65625,22.65625,22.65625,22.65625,26.25,22.65625,0.0,22.65625,26.25,26.25,22.65625,22.65625,22.65625,22.65625,22.65625,24.375,26.25,22.65625,22.65625,26.25,35.625,22.65625,22.65625,26.25,22.65625,22.65625,22.65625,22.65625,22.65625,22.65625,22.65625,22.65625,22.65625,22.65625,22.65625,22.65625,22.65625,22.65625,22.65625,22.65625,22.65625,22.65625,22.65625,22.65625,22.65625,22.65625,22.65625,22.65625,22.65625,22.65625,22.65625,22.65625,22.65625,22.65625,22.65625,22.65625,22.65625,22.65625,22.65625,22.65625,27.1875,22.65625,22.65625,22.65625,22.65625,22.65625,22.65625,22.65625,22.65625,22.65625,22.65625,22.65625,22.65625,22.65625,35.3125,22.65625,35.3125,22.65625,22.65625,22.65625,35.3125,22.65625,22.65625,22.65625,22.65625,25.9375,205.46875,204.0625,204.0625,204.0625,222.34375,202.65625,189.375,199.84375,204.0625,204.0625,204.0625,204.0625,204.0625,204.0625,204.0625,204.0625,204.0625,204.0625,204.0625,204.0625,204.0625,204.0625,204.0625,204.0625,204.0625,204.0625,204.0625,204.0625,204.0625,204.0625,204.0625,204.0625,204.0625,204.0625,204.0625,204.0625,204.0625,204.0625,204.0625,204.0625,204.0625,204.0625,204.0625,204.0625,204.0625,204.0625,204.0625,204.0625,204.0625,204.0625,204.0625,204.0625,204.0625,204.0625,205.3125,204.0625,204.0625,204.0625,204.0625,204.0625,204.0625,204.0625,204.0625,204.0625,204.0625,204.0625,204.0625,204.0625,204.0625,204.0625,204.0625,204.0625,204.0625,204.0625,204.0625,204.0625,204.0625,204.0625,204.0625,204.0625,204.0625,204.0625,204.0625,204.0625,204.0625,204.0625,379.0625,379.0625,380.15625,379.0625,393.4375,393.4375,405.9375,371.71875,355.78125,382.5,405.9375,392.96875,405.9375,405.9375,392.96875,392.96875,392.96875,405.9375,405.9375,405.9375,379.0625,392.96875,392.96875,405.9375,392.96875,379.0625,405.9375,401.875,405.9375,392.96875,405.9375,405.9375,392.96875,379.0625,379.0625,392.96875,392.96875,379.0625,379.0625,405.9375,399.6875,392.96875,405.9375,392.96875,392.96875,405.9375,392.96875,382.5,392.96875,392.96875,392.96875,405.9375,392.96875,392.96875,379.0625,379.0625,392.96875,392.96875,379.0625,392.96875,392.96875,379.0625,379.0625,392.96875,392.96875,379.0625,382.5,405.9375,392.96875,401.875,405.9375,405.9375,379.0625,392.96875,379.0625,382.5,401.875,405.9375,392.96875,392.96875,389.84375,378.4375,389.84375,389.84375,392.96875,405.9375,378.4375,389.84375,378.4375,382.5,378.4375,378.4375,389.84375,378.4375,378.4375,378.4375,378.4375,378.4375,378.4375,378.4375,399.21875,392.96875,242.1875,242.65625,246.09375,235.625,242.1875,242.65625,242.65625,242.65625,242.65625,242.65625,242.65625,242.65625,242.65625,243.59375,250.78125,250.78125,250.78125,250.78125,250.78125,242.65625,242.65625,235.625,250.78125,242.65625,242.65625,242.65625,242.65625,242.65625,242.65625,242.65625,242.65625,242.65625,242.65625,242.65625,242.65625,235.625,235.625,242.65625,242.65625,242.65625,242.65625,242.65625,242.65625,242.65625,243.59375,242.65625,242.65625,242.65625,242.65625,242.65625,242.65625,242.65625,242.65625,242.65625,242.65625,242.65625,243.59375,247.1875,242.65625,242.65625,242.65625,242.65625,242.65625,243.59375,239.6875,242.65625,252.8125,242.65625,242.65625,242.65625,243.59375,242.65625,242.65625,246.09375,235.625,242.65625,235.625,235.625,235.625,235.625,235.625,235.625,235.625,235.625,242.65625,235.625,235.625,242.5,235.625,235.625,235.625,242.65625,235.625
hDenV1/Colombia/VAC-LSPVAC-2401601/2024,0.0,0.0,0.0,0.0,0.0,0.0,0.0,0.0,0.0,0.0,0.0,12.65625,12.65625,12.65625,0.0,12.65625,0.0,0.0,0.0,0.0,0.0,0.0,0.0,3.59375,0.0,22.65625,0.0,3.59375,3.59375,0.0,0.0,0.0,0.0,0.0,20.625,3.59375,0.0,0.0,3.59375,12.96875,0.0,0.0,3.59375,0.0,0.0,0.0,0.0,0.0,0.0,0.0,0.0,0.0,0.0,0.0,0.0,0.0,0.0,0.0,0.0,0.0,0.0,0.0,0.0,0.0,0.0,0.0,0.0,0.0,0.0,0.0,0.0,0.0,0.0,0.0,0.0,0.0,0.0,0.0,0.0,4.53125,0.0,0.0,0.0,0.0,0.0,0.0,0.0,0.0,0.0,0.0,0.0,0.0,0.0,12.65625,0.0,12.65625,0.0,0.0,0.0,12.65625,0.0,0.0,0.0,0.0,3.28125,207.65625,206.25,206.25,206.25,224.53125,204.84375,191.5625,202.03125,206.25,206.25,206.25,206.25,206.25,206.25,206.25,206.25,206.25,206.25,206.25,206.25,206.25,206.25,206.25,206.25,206.25,206.25,206.25,206.25,206.25,206.25,206.25,206.25,206.25,206.25,206.25,206.25,206.25,206.25,206.25,206.25,206.25,206.25,206.25,206.25,206.25,206.25,206.25,206.25,206.25,206.25,206.25,206.25,206.25,206.25,207.5,206.25,206.25,206.25,206.25,206.25,206.25,206.25,206.25,206.25,206.25,206.25,206.25,206.25,206.25,206.25,206.25,206.25,206.25,206.25,206.25,206.25,206.25,206.25,206.25,206.25,206.25,206.25,206.25,206.25,206.25,206.25,393.4375,393.4375,394.53125,393.4375,407.8125,407.8125,420.3125,386.09375,370.15625,396.875,420.3125,407.34375,420.3125,420.3125,407.34375,407.34375,407.34375,420.3125,420.3125,420.3125,393.4375,407.34375,407.34375,420.3125,407.34375,393.4375,420.3125,416.25,420.3125,407.34375,420.3125,420.3125,407.34375,393.4375,393.4375,407.34375,407.34375,393.4375,393.4375,420.3125,414.0625,407.34375,420.3125,407.34375,407.34375,420.3125,407.34375,396.875,407.34375,407.34375,407.34375,420.3125,407.34375,407.34375,393.4375,393.4375,407.34375,407.34375,393.4375,407.34375,407.34375,393.4375,393.4375,407.34375,407.34375,393.4375,396.875,420.3125,407.34375,416.25,420.3125,420.3125,393.4375,407.34375,393.4375,396.875,416.25,420.3125,407.34375,407.34375,404.21875,392.8125,404.21875,404.21875,407.34375,420.3125,392.8125,404.21875,392.8125,396.875,392.8125,392.8125,404.21875,392.8125,392.8125,392.8125,392.8125,392.8125,392.8125,392.8125,413.59375,407.34375,244.375,244.84375,248.28125,237.8125,244.375,244.84375,244.84375,244.84375,244.84375,244.84375,244.84375,244.84375,244.84375,245.78125,252.96875,252.96875,252.96875,252.96875,252.96875,244.84375,244.84375,237.8125,252.96875,244.84375,244.84375,244.84375,244.84375,244.84375,244.84375,244.84375,244.84375,244.84375,244.84375,244.84375,244.84375,237.8125,237.8125,244.84375,244.84375,244.84375,244.84375,244.84375,244.84375,244.84375,245.78125,244.84375,244.84375,244.84375,244.84375,244.84375,244.84375,244.84375,244.84375,244.84375,244.84375,244.84375,245.78125,249.375,244.84375,244.84375,244.84375,244.84375,244.84375,245.78125,241.875,244.84375,255.0,244.84375,244.84375,244.84375,245.78125,244.84375,244.84375,248.28125,237.8125,244.84375,237.8125,237.8125,237.8125,237.8125,237.8125,237.8125,237.8125,237.8125,244.84375,237.8125,237.8125,244.6875,237.8125,237.8125,237.8125,244.84375,237.8125
hDenV1/Colombia/VAC-LSPVAC-2401811/2024,0.0,0.0,0.0,0.0,0.0,0.0,0.0,0.0,0.0,0.0,0.0,12.65625,12.65625,12.65625,0.0,12.65625,0.0,0.0,0.0,0.0,0.0,0.0,0.0,3.59375,0.0,22.65625,0.0,3.59375,3.59375,0.0,0.0,0.0,0.0,0.0,20.625,3.59375,0.0,0.0,3.59375,12.96875,0.0,0.0,3.59375,0.0,0.0,0.0,0.0,0.0,0.0,0.0,0.0,0.0,0.0,0.0,0.0,0.0,0.0,0.0,0.0,0.0,0.0,0.0,0.0,0.0,0.0,0.0,0.0,0.0,0.0,0.0,0.0,0.0,0.0,0.0,0.0,0.0,0.0,0.0,0.0,4.53125,0.0,0.0,0.0,0.0,0.0,0.0,0.0,0.0,0.0,0.0,0.0,0.0,0.0,12.65625,0.0,12.65625,0.0,0.0,0.0,12.65625,0.0,0.0,0.0,0.0,3.28125,207.65625,206.25,206.25,206.25,224.53125,204.84375,191.5625,202.03125,206.25,206.25,206.25,206.25,206.25,206.25,206.25,206.25,206.25,206.25,206.25,206.25,206.25,206.25,206.25,206.25,206.25,206.25,206.25,206.25,206.25,206.25,206.25,206.25,206.25,206.25,206.25,206.25,206.25,206.25,206.25,206.25,206.25,206.25,206.25,206.25,206.25,206.25,206.25,206.25,206.25,206.25,206.25,206.25,206.25,206.25,207.5,206.25,206.25,206.25,206.25,206.25,206.25,206.25,206.25,206.25,206.25,206.25,206.25,206.25,206.25,206.25,206.25,206.25,206.25,206.25,206.25,206.25,206.25,206.25,206.25,206.25,206.25,206.25,206.25,206.25,206.25,206.25,393.4375,393.4375,394.53125,393.4375,407.8125,407.8125,420.3125,386.09375,370.15625,396.875,420.3125,407.34375,420.3125,420.3125,407.34375,407.34375,407.34375,420.3125,420.3125,420.3125,393.4375,407.34375,407.34375,420.3125,407.34375,393.4375,420.3125,416.25,420.3125,407.34375,420.3125,420.3125,407.34375,393.4375,393.4375,407.34375,407.34375,393.4375,393.4375,420.3125,414.0625,407.34375,420.3125,407.34375,407.34375,420.3125,407.34375,396.875,407.34375,407.34375,407.34375,420.3125,407.34375,407.34375,393.4375,393.4375,407.34375,407.34375,393.4375,407.34375,407.34375,393.4375,393.4375,407.34375,407.34375,393.4375,396.875,420.3125,407.34375,416.25,420.3125,420.3125,393.4375,407.34375,393.4375,396.875,416.25,420.3125,407.34375,407.34375,404.21875,392.8125,404.21875,404.21875,407.34375,420.3125,392.8125,404.21875,392.8125,396.875,392.8125,392.8125,404.21875,392.8125,392.8125,392.8125,392.8125,392.8125,392.8125,392.8125,413.59375,407.34375,244.375,244.84375,248.28125,237.8125,244.375,244.84375,244.84375,244.84375,244.84375,244.84375,244.84375,244.84375,244.84375,245.78125,252.96875,252.96875,252.96875,252.96875,252.96875,244.84375,244.84375,237.8125,252.96875,244.84375,244.84375,244.84375,244.84375,244.84375,244.84375,244.84375,244.84375,244.84375,244.84375,244.84375,244.84375,237.8125,237.8125,244.84375,244.84375,244.84375,244.84375,244.84375,244.84375,244.84375,245.78125,244.84375,244.84375,244.84375,244.84375,244.84375,244.84375,244.84375,244.84375,244.84375,244.84375,244.84375,245.78125,249.375,244.84375,244.84375,244.84375,244.84375,244.84375,245.78125,241.875,244.84375,255.0,244.84375,244.84375,244.84375,245.78125,244.84375,244.84375,248.28125,237.8125,244.84375,237.8125,237.8125,237.8125,237.8125,237.8125,237.8125,237.8125,237.8125,244.84375,237.8125,237.8125,244.6875,237.8125,237.8125,237.8125,244.84375,237.8125
hDenV1/Colombia/VAC-LSPVAC-2401935/2024,0.0,0.0,0.0,0.0,0.0,0.0,0.0,0.0,0.0,0.0,0.0,12.65625,12.65625,12.65625,0.0,12.65625,0.0,0.0,0.0,0.0,0.0,0.0,0.0,3.59375,0.0,22.65625,0.0,3.59375,3.59375,0.0,0.0,0.0,0.0,0.0,20.625,3.59375,0.0,0.0,3.59375,12.96875,0.0,0.0,3.59375,0.0,0.0,0.0,0.0,0.0,0.0,0.0,0.0,0.0,0.0,0.0,0.0,0.0,0.0,0.0,0.0,0.0,0.0,0.0,0.0,0.0,0.0,0.0,0.0,0.0,0.0,0.0,0.0,0.0,0.0,0.0,0.0,0.0,0.0,0.0,0.0,4.53125,0.0,0.0,0.0,0.0,0.0,0.0,0.0,0.0,0.0,0.0,0.0,0.0,0.0,12.65625,0.0,12.65625,0.0,0.0,0.0,12.65625,0.0,0.0,0.0,0.0,3.28125,207.65625,206.25,206.25,206.25,224.53125,204.84375,191.5625,202.03125,206.25,206.25,206.25,206.25,206.25,206.25,206.25,206.25,206.25,206.25,206.25,206.25,206.25,206.25,206.25,206.25,206.25,206.25,206.25,206.25,206.25,206.25,206.25,206.25,206.25,206.25,206.25,206.25,206.25,206.25,206.25,206.25,206.25,206.25,206.25,206.25,206.25,206.25,206.25,206.25,206.25,206.25,206.25,206.25,206.25,206.25,207.5,206.25,206.25,206.25,206.25,206.25,206.25,206.25,206.25,206.25,206.25,206.25,206.25,206.25,206.25,206.25,206.25,206.25,206.25,206.25,206.25,206.25,206.25,206.25,206.25,206.25,206.25,206.25,206.25,206.25,206.25,206.25,393.4375,393.4375,394.53125,393.4375,407.8125,407.8125,420.3125,386.09375,370.15625,396.875,420.3125,407.34375,420.3125,420.3125,407.34375,407.34375,407.34375,420.3125,420.3125,420.3125,393.4375,407.34375,407.34375,420.3125,407.34375,393.4375,420.3125,416.25,420.3125,407.34375,420.3125,420.3125,407.34375,393.4375,393.4375,407.34375,407.34375,393.4375,393.4375,420.3125,414.0625,407.34375,420.3125,407.34375,407.34375,420.3125,407.34375,396.875,407.34375,407.34375,407.34375,420.3125,407.34375,407.34375,393.4375,393.4375,407.34375,407.34375,393.4375,407.34375,407.34375,393.4375,393.4375,407.34375,407.34375,393.4375,396.875,420.3125,407.34375,416.25,420.3125,420.3125,393.4375,407.34375,393.4375,396.875,416.25,420.3125,407.34375,407.34375,404.21875,392.8125,404.21875,404.21875,407.34375,420.3125,392.8125,404.21875,392.8125,396.875,392.8125,392.8125,404.21875,392.8125,392.8125,392.8125,392.8125,392.8125,392.8125,392.8125,413.59375,407.34375,244.375,244.84375,248.28125,237.8125,244.375,244.84375,244.84375,244.84375,244.84375,244.84375,244.84375,244.84375,244.84375,245.78125,252.96875,252.96875,252.96875,252.96875,252.96875,244.84375,244.84375,237.8125,252.96875,244.84375,244.84375,244.84375,244.84375,244.84375,244.84375,244.84375,244.84375,244.84375,244.84375,244.84375,244.84375,237.8125,237.8125,244.84375,244.84375,244.84375,244.84375,244.84375,244.84375,244.84375,245.78125,244.84375,244.84375,244.84375,244.84375,244.84375,244.84375,244.84375,244.84375,244.84375,244.84375,244.84375,245.78125,249.375,244.84375,244.84375,244.84375,244.84375,244.84375,245.78125,241.875,244.84375,255.0,244.84375,244.84375,244.84375,245.78125,244.84375,244.84375,248.28125,237.8125,244.84375,237.8125,237.8125,237.8125,237.8125,237.8125,237.8125,237.8125,237.8125,244.84375,237.8125,237.8125,244.6875,237.8125,237.8125,237.8125,244.84375,237.8125
hDenV1/Colombia/VAC-LSPVAC-2402024/2024,0.0,0.0,0.0,0.0,0.0,0.0,0.0,0.0,0.0,0.0,0.0,12.65625,12.65625,12.65625,0.0,12.65625,0.0,0.0,0.0,0.0,0.0,0.0,0.0,3.59375,0.0,22.65625,0.0,3.59375,3.59375,0.0,0.0,0.0,0.0,0.0,20.625,3.59375,0.0,0.0,3.59375,12.96875,0.0,0.0,3.59375,0.0,0.0,0.0,0.0,0.0,0.0,0.0,0.0,0.0,0.0,0.0,0.0,0.0,0.0,0.0,0.0,0.0,0.0,0.0,0.0,0.0,0.0,0.0,0.0,0.0,0.0,0.0,0.0,0.0,0.0,0.0,0.0,0.0,0.0,0.0,0.0,4.53125,0.0,0.0,0.0,0.0,0.0,0.0,0.0,0.0,0.0,0.0,0.0,0.0,0.0,12.65625,0.0,12.65625,0.0,0.0,0.0,12.65625,0.0,0.0,0.0,0.0,3.28125,207.65625,206.25,206.25,206.25,224.53125,204.84375,191.5625,202.03125,206.25,206.25,206.25,206.25,206.25,206.25,206.25,206.25,206.25,206.25,206.25,206.25,206.25,206.25,206.25,206.25,206.25,206.25,206.25,206.25,206.25,206.25,206.25,206.25,206.25,206.25,206.25,206.25,206.25,206.25,206.25,206.25,206.25,206.25,206.25,206.25,206.25,206.25,206.25,206.25,206.25,206.25,206.25,206.25,206.25,206.25,207.5,206.25,206.25,206.25,206.25,206.25,206.25,206.25,206.25,206.25,206.25,206.25,206.25,206.25,206.25,206.25,206.25,206.25,206.25,206.25,206.25,206.25,206.25,206.25,206.25,206.25,206.25,206.25,206.25,206.25,206.25,206.25,393.4375,393.4375,394.53125,393.4375,407.8125,407.8125,420.3125,386.09375,370.15625,396.875,420.3125,407.34375,420.3125,420.3125,407.34375,407.34375,407.34375,420.3125,420.3125,420.3125,393.4375,407.34375,407.34375,420.3125,407.34375,393.4375,420.3125,416.25,420.3125,407.34375,420.3125,420.3125,407.34375,393.4375,393.4375,407.34375,407.34375,393.4375,393.4375,420.3125,414.0625,407.34375,420.3125,407.34375,407.34375,420.3125,407.34375,396.875,407.34375,407.34375,407.34375,420.3125,407.34375,407.34375,393.4375,393.4375,407.34375,407.34375,393.4375,407.34375,407.34375,393.4375,393.4375,407.34375,407.34375,393.4375,396.875,420.3125,407.34375,416.25,420.3125,420.3125,393.4375,407.34375,393.4375,396.875,416.25,420.3125,407.34375,407.34375,404.21875,392.8125,404.21875,404.21875,407.34375,420.3125,392.8125,404.21875,392.8125,396.875,392.8125,392.8125,404.21875,392.8125,392.8125,392.8125,392.8125,392.8125,392.8125,392.8125,413.59375,407.34375,244.375,244.84375,248.28125,237.8125,244.375,244.84375,244.84375,244.84375,244.84375,244.84375,244.84375,244.84375,244.84375,245.78125,252.96875,252.96875,252.96875,252.96875,252.96875,244.84375,244.84375,237.8125,252.96875,244.84375,244.84375,244.84375,244.84375,244.84375,244.84375,244.84375,244.84375,244.84375,244.84375,244.84375,244.84375,237.8125,237.8125,244.84375,244.84375,244.84375,244.84375,244.84375,244.84375,244.84375,245.78125,244.84375,244.84375,244.84375,244.84375,244.84375,244.84375,244.84375,244.84375,244.84375,244.84375,244.84375,245.78125,249.375,244.84375,244.84375,244.84375,244.84375,244.84375,245.78125,241.875,244.84375,255.0,244.84375,244.84375,244.84375,245.78125,244.84375,244.84375,248.28125,237.8125,244.84375,237.8125,237.8125,237.8125,237.8125,237.8125,237.8125,237.8125,237.8125,244.84375,237.8125,237.8125,244.6875,237.8125,237.8125,237.8125,244.84375,237.8125
hDenV1/Colombia/VAC-LSPVAC-2402457/2024,0.0,0.0,0.0,0.0,0.0,0.0,0.0,0.0,0.0,0.0,0.0,12.65625,12.65625,12.65625,0.0,12.65625,0.0,0.0,0.0,0.0,0.0,0.0,0.0,3.59375,0.0,22.65625,0.0,3.59375,3.59375,0.0,0.0,0.0,0.0,0.0,20.625,3.59375,0.0,0.0,3.59375,12.96875,0.0,0.0,3.59375,0.0,0.0,0.0,0.0,0.0,0.0,0.0,0.0,0.0,0.0,0.0,0.0,0.0,0.0,0.0,0.0,0.0,0.0,0.0,0.0,0.0,0.0,0.0,0.0,0.0,0.0,0.0,0.0,0.0,0.0,0.0,0.0,0.0,0.0,0.0,0.0,4.53125,0.0,0.0,0.0,0.0,0.0,0.0,0.0,0.0,0.0,0.0,0.0,0.0,0.0,12.65625,0.0,12.65625,0.0,0.0,0.0,12.65625,0.0,0.0,0.0,0.0,3.28125,207.65625,206.25,206.25,206.25,224.53125,204.84375,191.5625,202.03125,206.25,206.25,206.25,206.25,206.25,206.25,206.25,206.25,206.25,206.25,206.25,206.25,206.25,206.25,206.25,206.25,206.25,206.25,206.25,206.25,206.25,206.25,206.25,206.25,206.25,206.25,206.25,206.25,206.25,206.25,206.25,206.25,206.25,206.25,206.25,206.25,206.25,206.25,206.25,206.25,206.25,206.25,206.25,206.25,206.25,206.25,207.5,206.25,206.25,206.25,206.25,206.25,206.25,206.25,206.25,206.25,206.25,206.25,206.25,206.25,206.25,206.25,206.25,206.25,206.25,206.25,206.25,206.25,206.25,206.25,206.25,206.25,206.25,206.25,206.25,206.25,206.25,206.25,393.4375,393.4375,394.53125,393.4375,407.8125,407.8125,420.3125,386.09375,370.15625,396.875,420.3125,407.34375,420.3125,420.3125,407.34375,407.34375,407.34375,420.3125,420.3125,420.3125,393.4375,407.34375,407.34375,420.3125,407.34375,393.4375,420.3125,416.25,420.3125,407.34375,420.3125,420.3125,407.34375,393.4375,393.4375,407.34375,407.34375,393.4375,393.4375,420.3125,414.0625,407.34375,420.3125,407.34375,407.34375,420.3125,407.34375,396.875,407.34375,407.34375,407.34375,420.3125,407.34375,407.34375,393.4375,393.4375,407.34375,407.34375,393.4375,407.34375,407.34375,393.4375,393.4375,407.34375,407.34375,393.4375,396.875,420.3125,407.34375,416.25,420.3125,420.3125,393.4375,407.34375,393.4375,396.875,416.25,420.3125,407.34375,407.34375,404.21875,392.8125,404.21875,404.21875,407.34375,420.3125,392.8125,404.21875,392.8125,396.875,392.8125,392.8125,404.21875,392.8125,392.8125,392.8125,392.8125,392.8125,392.8125,392.8125,413.59375,407.34375,244.375,244.84375,248.28125,237.8125,244.375,244.84375,244.84375,244.84375,244.84375,244.84375,244.84375,244.84375,244.84375,245.78125,252.96875,252.96875,252.96875,252.96875,252.96875,244.84375,244.84375,237.8125,252.96875,244.84375,244.84375,244.84375,244.84375,244.84375,244.84375,244.84375,244.84375,244.84375,244.84375,244.84375,244.84375,237.8125,237.8125,244.84375,244.84375,244.84375,244.84375,244.84375,244.84375,244.84375,245.78125,244.84375,244.84375,244.84375,244.84375,244.84375,244.84375,244.84375,244.84375,244.84375,244.84375,244.84375,245.78125,249.375,244.84375,244.84375,244.84375,244.84375,244.84375,245.78125,241.875,244.84375,255.0,244.84375,244.84375,244.84375,245.78125,244.84375,244.84375,248.28125,237.8125,244.84375,237.8125,237.8125,237.8125,237.8125,237.8125,237.8125,237.8125,237.8125,244.84375,237.8125,237.8125,244.6875,237.8125,237.8125,237.8125,244.84375,237.8125
hDenV1/Colombia/VAC-LSPVAC-2402566/2024,2.34375,2.34375,2.34375,2.34375,2.34375,2.34375,2.34375,2.34375,2.34375,2.34375,2.34375,15.0,15.0,15.0,2.34375,15.0,2.34375,2.34375,2.34375,2.34375,2.34375,2.34375,2.34375,5.9375,2.34375,25.0,2.34375,5.9375,5.9375,2.34375,2.34375,2.34375,2.34375,2.34375,22.96875,5.9375,2.34375,2.34375,5.9375,15.3125,2.34375,2.34375,5.9375,2.34375,2.34375,2.34375,2.34375,2.34375,2.34375,2.34375,2.34375,2.34375,2.34375,2.34375,2.34375,2.34375,2.34375,2.34375,2.34375,2.34375,2.34375,2.34375,2.34375,2.34375,2.34375,2.34375,2.34375,2.34375,2.34375,2.34375,2.34375,2.34375,2.34375,2.34375,2.34375,2.34375,2.34375,2.34375,2.34375,6.875,2.34375,2.34375,2.34375,2.34375,2.34375,2.34375,2.34375,2.34375,2.34375,2.34375,2.34375,2.34375,2.34375,15.0,2.34375,15.0,2.34375,2.34375,2.34375,15.0,2.34375,2.34375,2.34375,2.34375,5.625,210.0,208.59375,208.59375,208.59375,226.875,207.1875,193.90625,204.375,208.59375,208.59375,208.59375,208.59375,208.59375,208.59375,208.59375,208.59375,208.59375,208.59375,208.59375,208.59375,208.59375,208.59375,208.59375,208.59375,208.59375,208.59375,208.59375,208.59375,208.59375,208.59375,208.59375,208.59375,208.59375,208.59375,208.59375,208.59375,208.59375,208.59375,208.59375,208.59375,208.59375,208.59375,208.59375,208.59375,208.59375,208.59375,208.59375,208.59375,208.59375,208.59375,208.59375,208.59375,208.59375,208.59375,209.84375,208.59375,208.59375,208.59375,208.59375,208.59375,208.59375,208.59375,208.59375,208.59375,208.59375,208.59375,208.59375,208.59375,208.59375,208.59375,208.59375,208.59375,208.59375,208.59375,208.59375,208.59375,208.59375,208.59375,208.59375,208.59375,208.59375,208.59375,208.59375,208.59375,208.59375,208.59375,394.21875,394.21875,395.3125,394.21875,408.59375,408.59375,421.09375,386.875,370.9375,397.65625,421.09375,408.125,421.09375,421.09375,408.125,408.125,408.125,421.09375,421.09375,421.09375,394.21875,408.125,408.125,421.09375,408.125,394.21875,421.09375,417.03125,421.09375,408.125,421.09375,421.09375,408.125,394.21875,394.21875,408.125,408.125,394.21875,394.21875,421.09375,414.84375,408.125,421.09375,408.125,408.125,421.09375,408.125,397.65625,408.125,408.125,408.125,421.09375,408.125,408.125,394.21875,394.21875,408.125,408.125,394.21875,408.125,408.125,394.21875,394.21875,408.125,408.125,394.21875,397.65625,421.09375,408.125,417.03125,421.09375,421.09375,394.21875,408.125,394.21875,397.65625,417.03125,421.09375,408.125,408.125,405.0,393.59375,405.0,405.0,408.125,421.09375,393.59375,405.0,393.59375,397.65625,393.59375,393.59375,405.0,393.59375,393.59375,393.59375,393.59375,393.59375,393.59375,393.59375,414.375,408.125,246.71875,247.1875,250.625,240.15625,246.71875,247.1875,247.1875,247.1875,247.1875,247.1875,247.1875,247.1875,247.1875,248.125,255.3125,255.3125,255.3125,255.3125,255.3125,247.1875,247.1875,240.15625,255.3125,247.1875,247.1875,247.1875,247.1875,247.1875,247.1875,247.1875,247.1875,247.1875,247.1875,247.1875,247.1875,240.15625,240.15625,247.1875,247.1875,247.1875,247.1875,247.1875,247.1875,247.1875,248.125,247.1875,247.1875,247.1875,247.1875,247.1875,247.1875,247.1875,247.1875,247.1875,247.1875,247.1875,248.125,251.71875,247.1875,247.1875,247.1875,247.1875,247.1875,248.125,244.21875,247.1875,257.34375,247.1875,247.1875,247.1875,248.125,247.1875,247.1875,250.625,240.15625,247.1875,240.15625,240.15625,240.15625,240.15625,240.15625,240.15625,240.15625,240.15625,247.1875,240.15625,240.15625,247.03125,240.15625,240.15625,240.15625,247.1875,240.15625
hDenV1/Colombia/VAC-LSPVAC-2402583/2024,0.0,0.0,0.0,0.0,0.0,0.0,0.0,0.0,0.0,0.0,0.0,12.65625,12.65625,12.65625,0.0,12.65625,0.0,0.0,0.0,0.0,0.0,0.0,0.0,3.59375,0.0,22.65625,0.0,3.59375,3.59375,0.0,0.0,0.0,0.0,0.0,20.625,3.59375,0.0,0.0,3.59375,12.96875,0.0,0.0,3.59375,0.0,0.0,0.0,0.0,0.0,0.0,0.0,0.0,0.0,0.0,0.0,0.0,0.0,0.0,0.0,0.0,0.0,0.0,0.0,0.0,0.0,0.0,0.0,0.0,0.0,0.0,0.0,0.0,0.0,0.0,0.0,0.0,0.0,0.0,0.0,0.0,4.53125,0.0,0.0,0.0,0.0,0.0,0.0,0.0,0.0,0.0,0.0,0.0,0.0,0.0,12.65625,0.0,12.65625,0.0,0.0,0.0,12.65625,0.0,0.0,0.0,0.0,3.28125,207.65625,206.25,206.25,206.25,224.53125,204.84375,191.5625,202.03125,206.25,206.25,206.25,206.25,206.25,206.25,206.25,206.25,206.25,206.25,206.25,206.25,206.25,206.25,206.25,206.25,206.25,206.25,206.25,206.25,206.25,206.25,206.25,206.25,206.25,206.25,206.25,206.25,206.25,206.25,206.25,206.25,206.25,206.25,206.25,206.25,206.25,206.25,206.25,206.25,206.25,206.25,206.25,206.25,206.25,206.25,207.5,206.25,206.25,206.25,206.25,206.25,206.25,206.25,206.25,206.25,206.25,206.25,206.25,206.25,206.25,206.25,206.25,206.25,206.25,206.25,206.25,206.25,206.25,206.25,206.25,206.25,206.25,206.25,206.25,206.25,206.25,206.25,393.4375,393.4375,394.53125,393.4375,407.8125,407.8125,420.3125,386.09375,370.15625,396.875,420.3125,407.34375,420.3125,420.3125,407.34375,407.34375,407.34375,420.3125,420.3125,420.3125,393.4375,407.34375,407.34375,420.3125,407.34375,393.4375,420.3125,416.25,420.3125,407.34375,420.3125,420.3125,407.34375,393.4375,393.4375,407.34375,407.34375,393.4375,393.4375,420.3125,414.0625,407.34375,420.3125,407.34375,407.34375,420.3125,407.34375,396.875,407.34375,407.34375,407.34375,420.3125,407.34375,407.34375,393.4375,393.4375,407.34375,407.34375,393.4375,407.34375,407.34375,393.4375,393.4375,407.34375,407.34375,393.4375,396.875,420.3125,407.34375,416.25,420.3125,420.3125,393.4375,407.34375,393.4375,396.875,416.25,420.3125,407.34375,407.34375,404.21875,392.8125,404.21875,404.21875,407.34375,420.3125,392.8125,404.21875,392.8125,396.875,392.8125,392.8125,404.21875,392.8125,392.8125,392.8125,392.8125,392.8125,392.8125,392.8125,413.59375,407.34375,244.375,244.84375,248.28125,237.8125,244.375,244.84375,244.84375,244.84375,244.84375,244.84375,244.84375,244.84375,244.84375,245.78125,252.96875,252.96875,252.96875,252.96875,252.96875,244.84375,244.84375,237.8125,252.96875,244.84375,244.84375,244.84375,244.84375,244.84375,244.84375,244.84375,244.84375,244.84375,244.84375,244.84375,244.84375,237.8125,237.8125,244.84375,244.84375,244.84375,244.84375,244.84375,244.84375,244.84375,245.78125,244.84375,244.84375,244.84375,244.84375,244.84375,244.84375,244.84375,244.84375,244.84375,244.84375,244.84375,245.78125,249.375,244.84375,244.84375,244.84375,244.84375,244.84375,245.78125,241.875,244.84375,255.0,244.84375,244.84375,244.84375,245.78125,244.84375,244.84375,248.28125,237.8125,244.84375,237.8125,237.8125,237.8125,237.8125,237.8125,237.8125,237.8125,237.8125,244.84375,237.8125,237.8125,244.6875,237.8125,237.8125,237.8125,244.84375,237.8125
hDenV1/Colombia/VAC-LSPVAC-2402847/2024,0.0,0.0,0.0,0.0,0.0,0.0,0.0,0.0,0.0,0.0,0.0,12.65625,12.65625,12.65625,0.0,12.65625,0.0,0.0,0.0,0.0,0.0,0.0,0.0,3.59375,0.0,22.65625,0.0,3.59375,3.59375,0.0,0.0,0.0,0.0,0.0,20.625,3.59375,0.0,0.0,3.59375,12.96875,0.0,0.0,3.59375,0.0,0.0,0.0,0.0,0.0,0.0,0.0,0.0,0.0,0.0,0.0,0.0,0.0,0.0,0.0,0.0,0.0,0.0,0.0,0.0,0.0,0.0,0.0,0.0,0.0,0.0,0.0,0.0,0.0,0.0,0.0,0.0,0.0,0.0,0.0,0.0,4.53125,0.0,0.0,0.0,0.0,0.0,0.0,0.0,0.0,0.0,0.0,0.0,0.0,0.0,12.65625,0.0,12.65625,0.0,0.0,0.0,12.65625,0.0,0.0,0.0,0.0,3.28125,207.65625,206.25,206.25,206.25,224.53125,204.84375,191.5625,202.03125,206.25,206.25,206.25,206.25,206.25,206.25,206.25,206.25,206.25,206.25,206.25,206.25,206.25,206.25,206.25,206.25,206.25,206.25,206.25,206.25,206.25,206.25,206.25,206.25,206.25,206.25,206.25,206.25,206.25,206.25,206.25,206.25,206.25,206.25,206.25,206.25,206.25,206.25,206.25,206.25,206.25,206.25,206.25,206.25,206.25,206.25,207.5,206.25,206.25,206.25,206.25,206.25,206.25,206.25,206.25,206.25,206.25,206.25,206.25,206.25,206.25,206.25,206.25,206.25,206.25,206.25,206.25,206.25,206.25,206.25,206.25,206.25,206.25,206.25,206.25,206.25,206.25,206.25,393.4375,393.4375,394.53125,393.4375,407.8125,407.8125,420.3125,386.09375,370.15625,396.875,420.3125,407.34375,420.3125,420.3125,407.34375,407.34375,407.34375,420.3125,420.3125,420.3125,393.4375,407.34375,407.34375,420.3125,407.34375,393.4375,420.3125,416.25,420.3125,407.34375,420.3125,420.3125,407.34375,393.4375,393.4375,407.34375,407.34375,393.4375,393.4375,420.3125,414.0625,407.34375,420.3125,407.34375,407.34375,420.3125,407.34375,396.875,407.34375,407.34375,407.34375,420.3125,407.34375,407.34375,393.4375,393.4375,407.34375,407.34375,393.4375,407.34375,407.34375,393.4375,393.4375,407.34375,407.34375,393.4375,396.875,420.3125,407.34375,416.25,420.3125,420.3125,393.4375,407.34375,393.4375,396.875,416.25,420.3125,407.34375,407.34375,404.21875,392.8125,404.21875,404.21875,407.34375,420.3125,392.8125,404.21875,392.8125,396.875,392.8125,392.8125,404.21875,392.8125,392.8125,392.8125,392.8125,392.8125,392.8125,392.8125,413.59375,407.34375,244.375,244.84375,248.28125,237.8125,244.375,244.84375,244.84375,244.84375,244.84375,244.84375,244.84375,244.84375,244.84375,245.78125,252.96875,252.96875,252.96875,252.96875,252.96875,244.84375,244.84375,237.8125,252.96875,244.84375,244.84375,244.84375,244.84375,244.84375,244.84375,244.84375,244.84375,244.84375,244.84375,244.84375,244.84375,237.8125,237.8125,244.84375,244.84375,244.84375,244.84375,244.84375,244.84375,244.84375,245.78125,244.84375,244.84375,244.84375,244.84375,244.84375,244.84375,244.84375,244.84375,244.84375,244.84375,244.84375,245.78125,249.375,244.84375,244.84375,244.84375,244.84375,244.84375,245.78125,241.875,244.84375,255.0,244.84375,244.84375,244.84375,245.78125,244.84375,244.84375,248.28125,237.8125,244.84375,237.8125,237.8125,237.8125,237.8125,237.8125,237.8125,237.8125,237.8125,244.84375,237.8125,237.8125,244.6875,237.8125,237.8125,237.8125,244.84375,237.8125
hDenV1/Colombia/VAC-LSPVAC-2403830/2024,0.0,0.0,0.0,0.0,0.0,0.0,0.0,0.0,0.0,0.0,0.0,12.65625,12.65625,12.65625,0.0,12.65625,0.0,0.0,0.0,0.0,0.0,0.0,0.0,3.59375,0.0,22.65625,0.0,3.59375,3.59375,0.0,0.0,0.0,0.0,0.0,20.625,3.59375,0.0,0.0,3.59375,12.96875,0.0,0.0,3.59375,0.0,0.0,0.0,0.0,0.0,0.0,0.0,0.0,0.0,0.0,0.0,0.0,0.0,0.0,0.0,0.0,0.0,0.0,0.0,0.0,0.0,0.0,0.0,0.0,0.0,0.0,0.0,0.0,0.0,0.0,0.0,0.0,0.0,0.0,0.0,0.0,4.53125,0.0,0.0,0.0,0.0,0.0,0.0,0.0,0.0,0.0,0.0,0.0,0.0,0.0,12.65625,0.0,12.65625,0.0,0.0,0.0,12.65625,0.0,0.0,0.0,0.0,3.28125,207.65625,206.25,206.25,206.25,224.53125,204.84375,191.5625,202.03125,206.25,206.25,206.25,206.25,206.25,206.25,206.25,206.25,206.25,206.25,206.25,206.25,206.25,206.25,206.25,206.25,206.25,206.25,206.25,206.25,206.25,206.25,206.25,206.25,206.25,206.25,206.25,206.25,206.25,206.25,206.25,206.25,206.25,206.25,206.25,206.25,206.25,206.25,206.25,206.25,206.25,206.25,206.25,206.25,206.25,206.25,207.5,206.25,206.25,206.25,206.25,206.25,206.25,206.25,206.25,206.25,206.25,206.25,206.25,206.25,206.25,206.25,206.25,206.25,206.25,206.25,206.25,206.25,206.25,206.25,206.25,206.25,206.25,206.25,206.25,206.25,206.25,206.25,393.4375,393.4375,394.53125,393.4375,407.8125,407.8125,420.3125,386.09375,370.15625,396.875,420.3125,407.34375,420.3125,420.3125,407.34375,407.34375,407.34375,420.3125,420.3125,420.3125,393.4375,407.34375,407.34375,420.3125,407.34375,393.4375,420.3125,416.25,420.3125,407.34375,420.3125,420.3125,407.34375,393.4375,393.4375,407.34375,407.34375,393.4375,393.4375,420.3125,414.0625,407.34375,420.3125,407.34375,407.34375,420.3125,407.34375,396.875,407.34375,407.34375,407.34375,420.3125,407.34375,407.34375,393.4375,393.4375,407.34375,407.34375,393.4375,407.34375,407.34375,393.4375,393.4375,407.34375,407.34375,393.4375,396.875,420.3125,407.34375,416.25,420.3125,420.3125,393.4375,407.34375,393.4375,396.875,416.25,420.3125,407.34375,407.34375,404.21875,392.8125,404.21875,404.21875,407.34375,420.3125,392.8125,404.21875,392.8125,396.875,392.8125,392.8125,404.21875,392.8125,392.8125,392.8125,392.8125,392.8125,392.8125,392.8125,413.59375,407.34375,244.375,244.84375,248.28125,237.8125,244.375,244.84375,244.84375,244.84375,244.84375,244.84375,244.84375,244.84375,244.84375,245.78125,252.96875,252.96875,252.96875,252.96875,252.96875,244.84375,244.84375,237.8125,252.96875,244.84375,244.84375,244.84375,244.84375,244.84375,244.84375,244.84375,244.84375,244.84375,244.84375,244.84375,244.84375,237.8125,237.8125,244.84375,244.84375,244.84375,244.84375,244.84375,244.84375,244.84375,245.78125,244.84375,244.84375,244.84375,244.84375,244.84375,244.84375,244.84375,244.84375,244.84375,244.84375,244.84375,245.78125,249.375,244.84375,244.84375,244.84375,244.84375,244.84375,245.78125,241.875,244.84375,255.0,244.84375,244.84375,244.84375,245.78125,244.84375,244.84375,248.28125,237.8125,244.84375,237.8125,237.8125,237.8125,237.8125,237.8125,237.8125,237.8125,237.8125,244.84375,237.8125,237.8125,244.6875,237.8125,237.8125,237.8125,244.84375,237.8125
hDenV1/Colombia/VAC-LSPVAC-2404263/2024,0.0,0.0,0.0,0.0,0.0,0.0,0.0,0.0,0.0,0.0,0.0,12.65625,12.65625,12.65625,0.0,12.65625,0.0,0.0,0.0,0.0,0.0,0.0,0.0,3.59375,0.0,22.65625,0.0,3.59375,3.59375,0.0,0.0,0.0,0.0,0.0,20.625,3.59375,0.0,0.0,3.59375,12.96875,0.0,0.0,3.59375,0.0,0.0,0.0,0.0,0.0,0.0,0.0,0.0,0.0,0.0,0.0,0.0,0.0,0.0,0.0,0.0,0.0,0.0,0.0,0.0,0.0,0.0,0.0,0.0,0.0,0.0,0.0,0.0,0.0,0.0,0.0,0.0,0.0,0.0,0.0,0.0,4.53125,0.0,0.0,0.0,0.0,0.0,0.0,0.0,0.0,0.0,0.0,0.0,0.0,0.0,12.65625,0.0,12.65625,0.0,0.0,0.0,12.65625,0.0,0.0,0.0,0.0,3.28125,207.65625,206.25,206.25,206.25,224.53125,204.84375,191.5625,202.03125,206.25,206.25,206.25,206.25,206.25,206.25,206.25,206.25,206.25,206.25,206.25,206.25,206.25,206.25,206.25,206.25,206.25,206.25,206.25,206.25,206.25,206.25,206.25,206.25,206.25,206.25,206.25,206.25,206.25,206.25,206.25,206.25,206.25,206.25,206.25,206.25,206.25,206.25,206.25,206.25,206.25,206.25,206.25,206.25,206.25,206.25,207.5,206.25,206.25,206.25,206.25,206.25,206.25,206.25,206.25,206.25,206.25,206.25,206.25,206.25,206.25,206.25,206.25,206.25,206.25,206.25,206.25,206.25,206.25,206.25,206.25,206.25,206.25,206.25,206.25,206.25,206.25,206.25,393.4375,393.4375,394.53125,393.4375,407.8125,407.8125,420.3125,386.09375,370.15625,396.875,420.3125,407.34375,420.3125,420.3125,407.34375,407.34375,407.34375,420.3125,420.3125,420.3125,393.4375,407.34375,407.34375,420.3125,407.34375,393.4375,420.3125,416.25,420.3125,407.34375,420.3125,420.3125,407.34375,393.4375,393.4375,407.34375,407.34375,393.4375,393.4375,420.3125,414.0625,407.34375,420.3125,407.34375,407.34375,420.3125,407.34375,396.875,407.34375,407.34375,407.34375,420.3125,407.34375,407.34375,393.4375,393.4375,407.34375,407.34375,393.4375,407.34375,407.34375,393.4375,393.4375,407.34375,407.34375,393.4375,396.875,420.3125,407.34375,416.25,420.3125,420.3125,393.4375,407.34375,393.4375,396.875,416.25,420.3125,407.34375,407.34375,404.21875,392.8125,404.21875,404.21875,407.34375,420.3125,392.8125,404.21875,392.8125,396.875,392.8125,392.8125,404.21875,392.8125,392.8125,392.8125,392.8125,392.8125,392.8125,392.8125,413.59375,407.34375,244.375,244.84375,248.28125,237.8125,244.375,244.84375,244.84375,244.84375,244.84375,244.84375,244.84375,244.84375,244.84375,245.78125,252.96875,252.96875,252.96875,252.96875,252.96875,244.84375,244.84375,237.8125,252.96875,244.84375,244.84375,244.84375,244.84375,244.84375,244.84375,244.84375,244.84375,244.84375,244.84375,244.84375,244.84375,237.8125,237.8125,244.84375,244.84375,244.84375,244.84375,244.84375,244.84375,244.84375,245.78125,244.84375,244.84375,244.84375,244.84375,244.84375,244.84375,244.84375,244.84375,244.84375,244.84375,244.84375,245.78125,249.375,244.84375,244.84375,244.84375,244.84375,244.84375,245.78125,241.875,244.84375,255.0,244.84375,244.84375,244.84375,245.78125,244.84375,244.84375,248.28125,237.8125,244.84375,237.8125,237.8125,237.8125,237.8125,237.8125,237.8125,237.8125,237.8125,244.84375,237.8125,237.8125,244.6875,237.8125,237.8125,237.8125,244.84375,237.8125
hDenV1/Colombia/VAC-LSPVAC-2404314/2024,0.0,0.0,0.0,0.0,0.0,0.0,0.0,0.0,0.0,0.0,0.0,12.65625,12.65625,12.65625,0.0,12.65625,0.0,0.0,0.0,0.0,0.0,0.0,0.0,3.59375,0.0,22.65625,0.0,3.59375,3.59375,0.0,0.0,0.0,0.0,0.0,20.625,3.59375,0.0,0.0,3.59375,12.96875,0.0,0.0,3.59375,0.0,0.0,0.0,0.0,0.0,0.0,0.0,0.0,0.0,0.0,0.0,0.0,0.0,0.0,0.0,0.0,0.0,0.0,0.0,0.0,0.0,0.0,0.0,0.0,0.0,0.0,0.0,0.0,0.0,0.0,0.0,0.0,0.0,0.0,0.0,0.0,4.53125,0.0,0.0,0.0,0.0,0.0,0.0,0.0,0.0,0.0,0.0,0.0,0.0,0.0,12.65625,0.0,12.65625,0.0,0.0,0.0,12.65625,0.0,0.0,0.0,0.0,3.28125,207.65625,206.25,206.25,206.25,224.53125,204.84375,191.5625,202.03125,206.25,206.25,206.25,206.25,206.25,206.25,206.25,206.25,206.25,206.25,206.25,206.25,206.25,206.25,206.25,206.25,206.25,206.25,206.25,206.25,206.25,206.25,206.25,206.25,206.25,206.25,206.25,206.25,206.25,206.25,206.25,206.25,206.25,206.25,206.25,206.25,206.25,206.25,206.25,206.25,206.25,206.25,206.25,206.25,206.25,206.25,207.5,206.25,206.25,206.25,206.25,206.25,206.25,206.25,206.25,206.25,206.25,206.25,206.25,206.25,206.25,206.25,206.25,206.25,206.25,206.25,206.25,206.25,206.25,206.25,206.25,206.25,206.25,206.25,206.25,206.25,206.25,206.25,393.4375,393.4375,394.53125,393.4375,407.8125,407.8125,420.3125,386.09375,370.15625,396.875,420.3125,407.34375,420.3125,420.3125,407.34375,407.34375,407.34375,420.3125,420.3125,420.3125,393.4375,407.34375,407.34375,420.3125,407.34375,393.4375,420.3125,416.25,420.3125,407.34375,420.3125,420.3125,407.34375,393.4375,393.4375,407.34375,407.34375,393.4375,393.4375,420.3125,414.0625,407.34375,420.3125,407.34375,407.34375,420.3125,407.34375,396.875,407.34375,407.34375,407.34375,420.3125,407.34375,407.34375,393.4375,393.4375,407.34375,407.34375,393.4375,407.34375,407.34375,393.4375,393.4375,407.34375,407.34375,393.4375,396.875,420.3125,407.34375,416.25,420.3125,420.3125,393.4375,407.34375,393.4375,396.875,416.25,420.3125,407.34375,407.34375,404.21875,392.8125,404.21875,404.21875,407.34375,420.3125,392.8125,404.21875,392.8125,396.875,392.8125,392.8125,404.21875,392.8125,392.8125,392.8125,392.8125,392.8125,392.8125,392.8125,413.59375,407.34375,244.375,244.84375,248.28125,237.8125,244.375,244.84375,244.84375,244.84375,244.84375,244.84375,244.84375,244.84375,244.84375,245.78125,252.96875,252.96875,252.96875,252.96875,252.96875,244.84375,244.84375,237.8125,252.96875,244.84375,244.84375,244.84375,244.84375,244.84375,244.84375,244.84375,244.84375,244.84375,244.84375,244.84375,244.84375,237.8125,237.8125,244.84375,244.84375,244.84375,244.84375,244.84375,244.84375,244.84375,245.78125,244.84375,244.84375,244.84375,244.84375,244.84375,244.84375,244.84375,244.84375,244.84375,244.84375,244.84375,245.78125,249.375,244.84375,244.84375,244.84375,244.84375,244.84375,245.78125,241.875,244.84375,255.0,244.84375,244.84375,244.84375,245.78125,244.84375,244.84375,248.28125,237.8125,244.84375,237.8125,237.8125,237.8125,237.8125,237.8125,237.8125,237.8125,237.8125,244.84375,237.8125,237.8125,244.6875,237.8125,237.8125,237.8125,244.84375,237.8125
hDenV1/Colombia/VAC-LSPVAC-2404461/2024,2.34375,2.34375,2.34375,2.34375,2.34375,2.34375,2.34375,2.34375,2.34375,2.34375,2.34375,15.0,15.0,15.0,2.34375,15.0,2.34375,2.34375,2.34375,2.34375,2.34375,2.34375,2.34375,5.9375,2.34375,25.0,2.34375,5.9375,5.9375,2.34375,2.34375,2.34375,2.34375,2.34375,22.96875,5.9375,2.34375,2.34375,5.9375,15.3125,2.34375,2.34375,5.9375,2.34375,2.34375,2.34375,2.34375,2.34375,2.34375,2.34375,2.34375,2.34375,2.34375,2.34375,2.34375,2.34375,2.34375,2.34375,2.34375,2.34375,2.34375,2.34375,2.34375,2.34375,2.34375,2.34375,2.34375,2.34375,2.34375,2.34375,2.34375,2.34375,2.34375,2.34375,2.34375,2.34375,2.34375,2.34375,2.34375,6.875,2.34375,2.34375,2.34375,2.34375,2.34375,2.34375,2.34375,2.34375,2.34375,2.34375,2.34375,2.34375,2.34375,15.0,2.34375,15.0,2.34375,2.34375,2.34375,15.0,2.34375,2.34375,2.34375,2.34375,5.625,210.0,208.59375,208.59375,208.59375,226.875,207.1875,193.90625,204.375,208.59375,208.59375,208.59375,208.59375,208.59375,208.59375,208.59375,208.59375,208.59375,208.59375,208.59375,208.59375,208.59375,208.59375,208.59375,208.59375,208.59375,208.59375,208.59375,208.59375,208.59375,208.59375,208.59375,208.59375,208.59375,208.59375,208.59375,208.59375,208.59375,208.59375,208.59375,208.59375,208.59375,208.59375,208.59375,208.59375,208.59375,208.59375,208.59375,208.59375,208.59375,208.59375,208.59375,208.59375,208.59375,208.59375,209.84375,208.59375,208.59375,208.59375,208.59375,208.59375,208.59375,208.59375,208.59375,208.59375,208.59375,208.59375,208.59375,208.59375,208.59375,208.59375,208.59375,208.59375,208.59375,208.59375,208.59375,208.59375,208.59375,208.59375,208.59375,208.59375,208.59375,208.59375,208.59375,208.59375,208.59375,208.59375,394.21875,394.21875,395.3125,394.21875,408.59375,408.59375,421.09375,386.875,370.9375,397.65625,421.09375,408.125,421.09375,421.09375,408.125,408.125,408.125,421.09375,421.09375,421.09375,394.21875,408.125,408.125,421.09375,408.125,394.21875,421.09375,417.03125,421.09375,408.125,421.09375,421.09375,408.125,394.21875,394.21875,408.125,408.125,394.21875,394.21875,421.09375,414.84375,408.125,421.09375,408.125,408.125,421.09375,408.125,397.65625,408.125,408.125,408.125,421.09375,408.125,408.125,394.21875,394.21875,408.125,408.125,394.21875,408.125,408.125,394.21875,394.21875,408.125,408.125,394.21875,397.65625,421.09375,408.125,417.03125,421.09375,421.09375,394.21875,408.125,394.21875,397.65625,417.03125,421.09375,408.125,408.125,405.0,393.59375,405.0,405.0,408.125,421.09375,393.59375,405.0,393.59375,397.65625,393.59375,393.59375,405.0,393.59375,393.59375,393.59375,393.59375,393.59375,393.59375,393.59375,414.375,408.125,246.71875,247.1875,250.625,240.15625,246.71875,247.1875,247.1875,247.1875,247.1875,247.1875,247.1875,247.1875,247.1875,248.125,255.3125,255.3125,255.3125,255.3125,255.3125,247.1875,247.1875,240.15625,255.3125,247.1875,247.1875,247.1875,247.1875,247.1875,247.1875,247.1875,247.1875,247.1875,247.1875,247.1875,247.1875,240.15625,240.15625,247.1875,247.1875,247.1875,247.1875,247.1875,247.1875,247.1875,248.125,247.1875,247.1875,247.1875,247.1875,247.1875,247.1875,247.1875,247.1875,247.1875,247.1875,247.1875,248.125,251.71875,247.1875,247.1875,247.1875,247.1875,247.1875,248.125,244.21875,247.1875,257.34375,247.1875,247.1875,247.1875,248.125,247.1875,247.1875,250.625,240.15625,247.1875,240.15625,240.15625,240.15625,240.15625,240.15625,240.15625,240.15625,240.15625,247.1875,240.15625,240.15625,247.03125,240.15625,240.15625,240.15625,247.1875,240.15625
hDenV1/Colombia/VAC-LSPVAC-2404681/2024,0.0,0.0,0.0,0.0,0.0,0.0,0.0,0.0,0.0,0.0,0.0,12.65625,12.65625,12.65625,0.0,12.65625,0.0,0.0,0.0,0.0,0.0,0.0,0.0,3.59375,0.0,22.65625,0.0,3.59375,3.59375,0.0,0.0,0.0,0.0,0.0,20.625,3.59375,0.0,0.0,3.59375,12.96875,0.0,0.0,3.59375,0.0,0.0,0.0,0.0,0.0,0.0,0.0,0.0,0.0,0.0,0.0,0.0,0.0,0.0,0.0,0.0,0.0,0.0,0.0,0.0,0.0,0.0,0.0,0.0,0.0,0.0,0.0,0.0,0.0,0.0,0.0,0.0,0.0,0.0,0.0,0.0,4.53125,0.0,0.0,0.0,0.0,0.0,0.0,0.0,0.0,0.0,0.0,0.0,0.0,0.0,12.65625,0.0,12.65625,0.0,0.0,0.0,12.65625,0.0,0.0,0.0,0.0,3.28125,207.65625,206.25,206.25,206.25,224.53125,204.84375,191.5625,202.03125,206.25,206.25,206.25,206.25,206.25,206.25,206.25,206.25,206.25,206.25,206.25,206.25,206.25,206.25,206.25,206.25,206.25,206.25,206.25,206.25,206.25,206.25,206.25,206.25,206.25,206.25,206.25,206.25,206.25,206.25,206.25,206.25,206.25,206.25,206.25,206.25,206.25,206.25,206.25,206.25,206.25,206.25,206.25,206.25,206.25,206.25,207.5,206.25,206.25,206.25,206.25,206.25,206.25,206.25,206.25,206.25,206.25,206.25,206.25,206.25,206.25,206.25,206.25,206.25,206.25,206.25,206.25,206.25,206.25,206.25,206.25,206.25,206.25,206.25,206.25,206.25,206.25,206.25,393.4375,393.4375,394.53125,393.4375,407.8125,407.8125,420.3125,386.09375,370.15625,396.875,420.3125,407.34375,420.3125,420.3125,407.34375,407.34375,407.34375,420.3125,420.3125,420.3125,393.4375,407.34375,407.34375,420.3125,407.34375,393.4375,420.3125,416.25,420.3125,407.34375,420.3125,420.3125,407.34375,393.4375,393.4375,407.34375,407.34375,393.4375,393.4375,420.3125,414.0625,407.34375,420.3125,407.34375,407.34375,420.3125,407.34375,396.875,407.34375,407.34375,407.34375,420.3125,407.34375,407.34375,393.4375,393.4375,407.34375,407.34375,393.4375,407.34375,407.34375,393.4375,393.4375,407.34375,407.34375,393.4375,396.875,420.3125,407.34375,416.25,420.3125,420.3125,393.4375,407.34375,393.4375,396.875,416.25,420.3125,407.34375,407.34375,404.21875,392.8125,404.21875,404.21875,407.34375,420.3125,392.8125,404.21875,392.8125,396.875,392.8125,392.8125,404.21875,392.8125,392.8125,392.8125,392.8125,392.8125,392.8125,392.8125,413.59375,407.34375,244.375,244.84375,248.28125,237.8125,244.375,244.84375,244.84375,244.84375,244.84375,244.84375,244.84375,244.84375,244.84375,245.78125,252.96875,252.96875,252.96875,252.96875,252.96875,244.84375,244.84375,237.8125,252.96875,244.84375,244.84375,244.84375,244.84375,244.84375,244.84375,244.84375,244.84375,244.84375,244.84375,244.84375,244.84375,237.8125,237.8125,244.84375,244.84375,244.84375,244.84375,244.84375,244.84375,244.84375,245.78125,244.84375,244.84375,244.84375,244.84375,244.84375,244.84375,244.84375,244.84375,244.84375,244.84375,244.84375,245.78125,249.375,244.84375,244.84375,244.84375,244.84375,244.84375,245.78125,241.875,244.84375,255.0,244.84375,244.84375,244.84375,245.78125,244.84375,244.84375,248.28125,237.8125,244.84375,237.8125,237.8125,237.8125,237.8125,237.8125,237.8125,237.8125,237.8125,244.84375,237.8125,237.8125,244.6875,237.8125,237.8125,237.8125,244.84375,237.8125
hDenV1/Colombia/VAC-LSPVAC-2404789/2024,0.0,0.0,0.0,0.0,0.0,0.0,0.0,0.0,0.0,0.0,0.0,12.65625,12.65625,12.65625,0.0,12.65625,0.0,0.0,0.0,0.0,0.0,0.0,0.0,3.59375,0.0,22.65625,0.0,3.59375,3.59375,0.0,0.0,0.0,0.0,0.0,20.625,3.59375,0.0,0.0,3.59375,12.96875,0.0,0.0,3.59375,0.0,0.0,0.0,0.0,0.0,0.0,0.0,0.0,0.0,0.0,0.0,0.0,0.0,0.0,0.0,0.0,0.0,0.0,0.0,0.0,0.0,0.0,0.0,0.0,0.0,0.0,0.0,0.0,0.0,0.0,0.0,0.0,0.0,0.0,0.0,0.0,4.53125,0.0,0.0,0.0,0.0,0.0,0.0,0.0,0.0,0.0,0.0,0.0,0.0,0.0,12.65625,0.0,12.65625,0.0,0.0,0.0,12.65625,0.0,0.0,0.0,0.0,3.28125,207.65625,206.25,206.25,206.25,224.53125,204.84375,191.5625,202.03125,206.25,206.25,206.25,206.25,206.25,206.25,206.25,206.25,206.25,206.25,206.25,206.25,206.25,206.25,206.25,206.25,206.25,206.25,206.25,206.25,206.25,206.25,206.25,206.25,206.25,206.25,206.25,206.25,206.25,206.25,206.25,206.25,206.25,206.25,206.25,206.25,206.25,206.25,206.25,206.25,206.25,206.25,206.25,206.25,206.25,206.25,207.5,206.25,206.25,206.25,206.25,206.25,206.25,206.25,206.25,206.25,206.25,206.25,206.25,206.25,206.25,206.25,206.25,206.25,206.25,206.25,206.25,206.25,206.25,206.25,206.25,206.25,206.25,206.25,206.25,206.25,206.25,206.25,393.4375,393.4375,394.53125,393.4375,407.8125,407.8125,420.3125,386.09375,370.15625,396.875,420.3125,407.34375,420.3125,420.3125,407.34375,407.34375,407.34375,420.3125,420.3125,420.3125,393.4375,407.34375,407.34375,420.3125,407.34375,393.4375,420.3125,416.25,420.3125,407.34375,420.3125,420.3125,407.34375,393.4375,393.4375,407.34375,407.34375,393.4375,393.4375,420.3125,414.0625,407.34375,420.3125,407.34375,407.34375,420.3125,407.34375,396.875,407.34375,407.34375,407.34375,420.3125,407.34375,407.34375,393.4375,393.4375,407.34375,407.34375,393.4375,407.34375,407.34375,393.4375,393.4375,407.34375,407.34375,393.4375,396.875,420.3125,407.34375,416.25,420.3125,420.3125,393.4375,407.34375,393.4375,396.875,416.25,420.3125,407.34375,407.34375,404.21875,392.8125,404.21875,404.21875,407.34375,420.3125,392.8125,404.21875,392.8125,396.875,392.8125,392.8125,404.21875,392.8125,392.8125,392.8125,392.8125,392.8125,392.8125,392.8125,413.59375,407.34375,244.375,244.84375,248.28125,237.8125,244.375,244.84375,244.84375,244.84375,244.84375,244.84375,244.84375,244.84375,244.84375,245.78125,252.96875,252.96875,252.96875,252.96875,252.96875,244.84375,244.84375,237.8125,252.96875,244.84375,244.84375,244.84375,244.84375,244.84375,244.84375,244.84375,244.84375,244.84375,244.84375,244.84375,244.84375,237.8125,237.8125,244.84375,244.84375,244.84375,244.84375,244.84375,244.84375,244.84375,245.78125,244.84375,244.84375,244.84375,244.84375,244.84375,244.84375,244.84375,244.84375,244.84375,244.84375,244.84375,245.78125,249.375,244.84375,244.84375,244.84375,244.84375,244.84375,245.78125,241.875,244.84375,255.0,244.84375,244.84375,244.84375,245.78125,244.84375,244.84375,248.28125,237.8125,244.84375,237.8125,237.8125,237.8125,237.8125,237.8125,237.8125,237.8125,237.8125,244.84375,237.8125,237.8125,244.6875,237.8125,237.8125,237.8125,244.84375,237.8125
hDenV1/Colombia/VAC-LSPVAC-2405179/2024,0.0,0.0,0.0,0.0,0.0,0.0,0.0,0.0,0.0,0.0,0.0,12.65625,12.65625,12.65625,0.0,12.65625,0.0,0.0,0.0,0.0,0.0,0.0,0.0,3.59375,0.0,22.65625,0.0,3.59375,3.59375,0.0,0.0,0.0,0.0,0.0,20.625,3.59375,0.0,0.0,3.59375,12.96875,0.0,0.0,3.59375,0.0,0.0,0.0,0.0,0.0,0.0,0.0,0.0,0.0,0.0,0.0,0.0,0.0,0.0,0.0,0.0,0.0,0.0,0.0,0.0,0.0,0.0,0.0,0.0,0.0,0.0,0.0,0.0,0.0,0.0,0.0,0.0,0.0,0.0,0.0,0.0,4.53125,0.0,0.0,0.0,0.0,0.0,0.0,0.0,0.0,0.0,0.0,0.0,0.0,0.0,12.65625,0.0,12.65625,0.0,0.0,0.0,12.65625,0.0,0.0,0.0,0.0,3.28125,207.65625,206.25,206.25,206.25,224.53125,204.84375,191.5625,202.03125,206.25,206.25,206.25,206.25,206.25,206.25,206.25,206.25,206.25,206.25,206.25,206.25,206.25,206.25,206.25,206.25,206.25,206.25,206.25,206.25,206.25,206.25,206.25,206.25,206.25,206.25,206.25,206.25,206.25,206.25,206.25,206.25,206.25,206.25,206.25,206.25,206.25,206.25,206.25,206.25,206.25,206.25,206.25,206.25,206.25,206.25,207.5,206.25,206.25,206.25,206.25,206.25,206.25,206.25,206.25,206.25,206.25,206.25,206.25,206.25,206.25,206.25,206.25,206.25,206.25,206.25,206.25,206.25,206.25,206.25,206.25,206.25,206.25,206.25,206.25,206.25,206.25,206.25,393.4375,393.4375,394.53125,393.4375,407.8125,407.8125,420.3125,386.09375,370.15625,396.875,420.3125,407.34375,420.3125,420.3125,407.34375,407.34375,407.34375,420.3125,420.3125,420.3125,393.4375,407.34375,407.34375,420.3125,407.34375,393.4375,420.3125,416.25,420.3125,407.34375,420.3125,420.3125,407.34375,393.4375,393.4375,407.34375,407.34375,393.4375,393.4375,420.3125,414.0625,407.34375,420.3125,407.34375,407.34375,420.3125,407.34375,396.875,407.34375,407.34375,407.34375,420.3125,407.34375,407.34375,393.4375,393.4375,407.34375,407.34375,393.4375,407.34375,407.34375,393.4375,393.4375,407.34375,407.34375,393.4375,396.875,420.3125,407.34375,416.25,420.3125,420.3125,393.4375,407.34375,393.4375,396.875,416.25,420.3125,407.34375,407.34375,404.21875,392.8125,404.21875,404.21875,407.34375,420.3125,392.8125,404.21875,392.8125,396.875,392.8125,392.8125,404.21875,392.8125,392.8125,392.8125,392.8125,392.8125,392.8125,392.8125,413.59375,407.34375,244.375,244.84375,248.28125,237.8125,244.375,244.84375,244.84375,244.84375,244.84375,244.84375,244.84375,244.84375,244.84375,245.78125,252.96875,252.96875,252.96875,252.96875,252.96875,244.84375,244.84375,237.8125,252.96875,244.84375,244.84375,244.84375,244.84375,244.84375,244.84375,244.84375,244.84375,244.84375,244.84375,244.84375,244.84375,237.8125,237.8125,244.84375,244.84375,244.84375,244.84375,244.84375,244.84375,244.84375,245.78125,244.84375,244.84375,244.84375,244.84375,244.84375,244.84375,244.84375,244.84375,244.84375,244.84375,244.84375,245.78125,249.375,244.84375,244.84375,244.84375,244.84375,244.84375,245.78125,241.875,244.84375,255.0,244.84375,244.84375,244.84375,245.78125,244.84375,244.84375,248.28125,237.8125,244.84375,237.8125,237.8125,237.8125,237.8125,237.8125,237.8125,237.8125,237.8125,244.84375,237.8125,237.8125,244.6875,237.8125,237.8125,237.8125,244.84375,237.8125
hDenV1/Colombia/VAC-LSPVAC-2405205/2024,0.0,0.0,0.0,0.0,0.0,0.0,0.0,0.0,0.0,0.0,0.0,12.65625,12.65625,12.65625,0.0,12.65625,0.0,0.0,0.0,0.0,0.0,0.0,0.0,3.59375,0.0,22.65625,0.0,3.59375,3.59375,0.0,0.0,0.0,0.0,0.0,20.625,3.59375,0.0,0.0,3.59375,12.96875,0.0,0.0,3.59375,0.0,0.0,0.0,0.0,0.0,0.0,0.0,0.0,0.0,0.0,0.0,0.0,0.0,0.0,0.0,0.0,0.0,0.0,0.0,0.0,0.0,0.0,0.0,0.0,0.0,0.0,0.0,0.0,0.0,0.0,0.0,0.0,0.0,0.0,0.0,0.0,4.53125,0.0,0.0,0.0,0.0,0.0,0.0,0.0,0.0,0.0,0.0,0.0,0.0,0.0,12.65625,0.0,12.65625,0.0,0.0,0.0,12.65625,0.0,0.0,0.0,0.0,3.28125,207.65625,206.25,206.25,206.25,224.53125,204.84375,191.5625,202.03125,206.25,206.25,206.25,206.25,206.25,206.25,206.25,206.25,206.25,206.25,206.25,206.25,206.25,206.25,206.25,206.25,206.25,206.25,206.25,206.25,206.25,206.25,206.25,206.25,206.25,206.25,206.25,206.25,206.25,206.25,206.25,206.25,206.25,206.25,206.25,206.25,206.25,206.25,206.25,206.25,206.25,206.25,206.25,206.25,206.25,206.25,207.5,206.25,206.25,206.25,206.25,206.25,206.25,206.25,206.25,206.25,206.25,206.25,206.25,206.25,206.25,206.25,206.25,206.25,206.25,206.25,206.25,206.25,206.25,206.25,206.25,206.25,206.25,206.25,206.25,206.25,206.25,206.25,393.4375,393.4375,394.53125,393.4375,407.8125,407.8125,420.3125,386.09375,370.15625,396.875,420.3125,407.34375,420.3125,420.3125,407.34375,407.34375,407.34375,420.3125,420.3125,420.3125,393.4375,407.34375,407.34375,420.3125,407.34375,393.4375,420.3125,416.25,420.3125,407.34375,420.3125,420.3125,407.34375,393.4375,393.4375,407.34375,407.34375,393.4375,393.4375,420.3125,414.0625,407.34375,420.3125,407.34375,407.34375,420.3125,407.34375,396.875,407.34375,407.34375,407.34375,420.3125,407.34375,407.34375,393.4375,393.4375,407.34375,407.34375,393.4375,407.34375,407.34375,393.4375,393.4375,407.34375,407.34375,393.4375,396.875,420.3125,407.34375,416.25,420.3125,420.3125,393.4375,407.34375,393.4375,396.875,416.25,420.3125,407.34375,407.34375,404.21875,392.8125,404.21875,404.21875,407.34375,420.3125,392.8125,404.21875,392.8125,396.875,392.8125,392.8125,404.21875,392.8125,392.8125,392.8125,392.8125,392.8125,392.8125,392.8125,413.59375,407.34375,244.375,244.84375,248.28125,237.8125,244.375,244.84375,244.84375,244.84375,244.84375,244.84375,244.84375,244.84375,244.84375,245.78125,252.96875,252.96875,252.96875,252.96875,252.96875,244.84375,244.84375,237.8125,252.96875,244.84375,244.84375,244.84375,244.84375,244.84375,244.84375,244.84375,244.84375,244.84375,244.84375,244.84375,244.84375,237.8125,237.8125,244.84375,244.84375,244.84375,244.84375,244.84375,244.84375,244.84375,245.78125,244.84375,244.84375,244.84375,244.84375,244.84375,244.84375,244.84375,244.84375,244.84375,244.84375,244.84375,245.78125,249.375,244.84375,244.84375,244.84375,244.84375,244.84375,245.78125,241.875,244.84375,255.0,244.84375,244.84375,244.84375,245.78125,244.84375,244.84375,248.28125,237.8125,244.84375,237.8125,237.8125,237.8125,237.8125,237.8125,237.8125,237.8125,237.8125,244.84375,237.8125,237.8125,244.6875,237.8125,237.8125,237.8125,244.84375,237.8125
hDenV1/Colombia/VAC-LSPVAC-2405404/2024,0.0,0.0,0.0,0.0,0.0,0.0,0.0,0.0,0.0,0.0,0.0,12.65625,12.65625,12.65625,0.0,12.65625,0.0,0.0,0.0,0.0,0.0,0.0,0.0,3.59375,0.0,22.65625,0.0,3.59375,3.59375,0.0,0.0,0.0,0.0,0.0,20.625,3.59375,0.0,0.0,3.59375,12.96875,0.0,0.0,3.59375,0.0,0.0,0.0,0.0,0.0,0.0,0.0,0.0,0.0,0.0,0.0,0.0,0.0,0.0,0.0,0.0,0.0,0.0,0.0,0.0,0.0,0.0,0.0,0.0,0.0,0.0,0.0,0.0,0.0,0.0,0.0,0.0,0.0,0.0,0.0,0.0,4.53125,0.0,0.0,0.0,0.0,0.0,0.0,0.0,0.0,0.0,0.0,0.0,0.0,0.0,12.65625,0.0,12.65625,0.0,0.0,0.0,12.65625,0.0,0.0,0.0,0.0,3.28125,207.65625,206.25,206.25,206.25,224.53125,204.84375,191.5625,202.03125,206.25,206.25,206.25,206.25,206.25,206.25,206.25,206.25,206.25,206.25,206.25,206.25,206.25,206.25,206.25,206.25,206.25,206.25,206.25,206.25,206.25,206.25,206.25,206.25,206.25,206.25,206.25,206.25,206.25,206.25,206.25,206.25,206.25,206.25,206.25,206.25,206.25,206.25,206.25,206.25,206.25,206.25,206.25,206.25,206.25,206.25,207.5,206.25,206.25,206.25,206.25,206.25,206.25,206.25,206.25,206.25,206.25,206.25,206.25,206.25,206.25,206.25,206.25,206.25,206.25,206.25,206.25,206.25,206.25,206.25,206.25,206.25,206.25,206.25,206.25,206.25,206.25,206.25,393.4375,393.4375,394.53125,393.4375,407.8125,407.8125,420.3125,386.09375,370.15625,396.875,420.3125,407.34375,420.3125,420.3125,407.34375,407.34375,407.34375,420.3125,420.3125,420.3125,393.4375,407.34375,407.34375,420.3125,407.34375,393.4375,420.3125,416.25,420.3125,407.34375,420.3125,420.3125,407.34375,393.4375,393.4375,407.34375,407.34375,393.4375,393.4375,420.3125,414.0625,407.34375,420.3125,407.34375,407.34375,420.3125,407.34375,396.875,407.34375,407.34375,407.34375,420.3125,407.34375,407.34375,393.4375,393.4375,407.34375,407.34375,393.4375,407.34375,407.34375,393.4375,393.4375,407.34375,407.34375,393.4375,396.875,420.3125,407.34375,416.25,420.3125,420.3125,393.4375,407.34375,393.4375,396.875,416.25,420.3125,407.34375,407.34375,404.21875,392.8125,404.21875,404.21875,407.34375,420.3125,392.8125,404.21875,392.8125,396.875,392.8125,392.8125,404.21875,392.8125,392.8125,392.8125,392.8125,392.8125,392.8125,392.8125,413.59375,407.34375,244.375,244.84375,248.28125,237.8125,244.375,244.84375,244.84375,244.84375,244.84375,244.84375,244.84375,244.84375,244.84375,245.78125,252.96875,252.96875,252.96875,252.96875,252.96875,244.84375,244.84375,237.8125,252.96875,244.84375,244.84375,244.84375,244.84375,244.84375,244.84375,244.84375,244.84375,244.84375,244.84375,244.84375,244.84375,237.8125,237.8125,244.84375,244.84375,244.84375,244.84375,244.84375,244.84375,244.84375,245.78125,244.84375,244.84375,244.84375,244.84375,244.84375,244.84375,244.84375,244.84375,244.84375,244.84375,244.84375,245.78125,249.375,244.84375,244.84375,244.84375,244.84375,244.84375,245.78125,241.875,244.84375,255.0,244.84375,244.84375,244.84375,245.78125,244.84375,244.84375,248.28125,237.8125,244.84375,237.8125,237.8125,237.8125,237.8125,237.8125,237.8125,237.8125,237.8125,244.84375,237.8125,237.8125,244.6875,237.8125,237.8125,237.8125,244.84375,237.8125
hDenV1/Colombia/VAC-LSPVAC-2405498/2024,0.0,0.0,0.0,0.0,0.0,0.0,0.0,0.0,0.0,0.0,0.0,12.65625,12.65625,12.65625,0.0,12.65625,0.0,0.0,0.0,0.0,0.0,0.0,0.0,3.59375,0.0,22.65625,0.0,3.59375,3.59375,0.0,0.0,0.0,0.0,0.0,20.625,3.59375,0.0,0.0,3.59375,12.96875,0.0,0.0,3.59375,0.0,0.0,0.0,0.0,0.0,0.0,0.0,0.0,0.0,0.0,0.0,0.0,0.0,0.0,0.0,0.0,0.0,0.0,0.0,0.0,0.0,0.0,0.0,0.0,0.0,0.0,0.0,0.0,0.0,0.0,0.0,0.0,0.0,0.0,0.0,0.0,4.53125,0.0,0.0,0.0,0.0,0.0,0.0,0.0,0.0,0.0,0.0,0.0,0.0,0.0,12.65625,0.0,12.65625,0.0,0.0,0.0,12.65625,0.0,0.0,0.0,0.0,3.28125,207.65625,206.25,206.25,206.25,224.53125,204.84375,191.5625,202.03125,206.25,206.25,206.25,206.25,206.25,206.25,206.25,206.25,206.25,206.25,206.25,206.25,206.25,206.25,206.25,206.25,206.25,206.25,206.25,206.25,206.25,206.25,206.25,206.25,206.25,206.25,206.25,206.25,206.25,206.25,206.25,206.25,206.25,206.25,206.25,206.25,206.25,206.25,206.25,206.25,206.25,206.25,206.25,206.25,206.25,206.25,207.5,206.25,206.25,206.25,206.25,206.25,206.25,206.25,206.25,206.25,206.25,206.25,206.25,206.25,206.25,206.25,206.25,206.25,206.25,206.25,206.25,206.25,206.25,206.25,206.25,206.25,206.25,206.25,206.25,206.25,206.25,206.25,393.4375,393.4375,394.53125,393.4375,407.8125,407.8125,420.3125,386.09375,370.15625,396.875,420.3125,407.34375,420.3125,420.3125,407.34375,407.34375,407.34375,420.3125,420.3125,420.3125,393.4375,407.34375,407.34375,420.3125,407.34375,393.4375,420.3125,416.25,420.3125,407.34375,420.3125,420.3125,407.34375,393.4375,393.4375,407.34375,407.34375,393.4375,393.4375,420.3125,414.0625,407.34375,420.3125,407.34375,407.34375,420.3125,407.34375,396.875,407.34375,407.34375,407.34375,420.3125,407.34375,407.34375,393.4375,393.4375,407.34375,407.34375,393.4375,407.34375,407.34375,393.4375,393.4375,407.34375,407.34375,393.4375,396.875,420.3125,407.34375,416.25,420.3125,420.3125,393.4375,407.34375,393.4375,396.875,416.25,420.3125,407.34375,407.34375,404.21875,392.8125,404.21875,404.21875,407.34375,420.3125,392.8125,404.21875,392.8125,396.875,392.8125,392.8125,404.21875,392.8125,392.8125,392.8125,392.8125,392.8125,392.8125,392.8125,413.59375,407.34375,244.375,244.84375,248.28125,237.8125,244.375,244.84375,244.84375,244.84375,244.84375,244.84375,244.84375,244.84375,244.84375,245.78125,252.96875,252.96875,252.96875,252.96875,252.96875,244.84375,244.84375,237.8125,252.96875,244.84375,244.84375,244.84375,244.84375,244.84375,244.84375,244.84375,244.84375,244.84375,244.84375,244.84375,244.84375,237.8125,237.8125,244.84375,244.84375,244.84375,244.84375,244.84375,244.84375,244.84375,245.78125,244.84375,244.84375,244.84375,244.84375,244.84375,244.84375,244.84375,244.84375,244.84375,244.84375,244.84375,245.78125,249.375,244.84375,244.84375,244.84375,244.84375,244.84375,245.78125,241.875,244.84375,255.0,244.84375,244.84375,244.84375,245.78125,244.84375,244.84375,248.28125,237.8125,244.84375,237.8125,237.8125,237.8125,237.8125,237.8125,237.8125,237.8125,237.8125,244.84375,237.8125,237.8125,244.6875,237.8125,237.8125,237.8125,244.84375,237.8125
hDenV1/Colombia/VAC-LSPVAC-2405525/2024,0.0,0.0,0.0,0.0,0.0,0.0,0.0,0.0,0.0,0.0,0.0,12.65625,12.65625,12.65625,0.0,12.65625,0.0,0.0,0.0,0.0,0.0,0.0,0.0,3.59375,0.0,22.65625,0.0,3.59375,3.59375,0.0,0.0,0.0,0.0,0.0,20.625,3.59375,0.0,0.0,3.59375,12.96875,0.0,0.0,3.59375,0.0,0.0,0.0,0.0,0.0,0.0,0.0,0.0,0.0,0.0,0.0,0.0,0.0,0.0,0.0,0.0,0.0,0.0,0.0,0.0,0.0,0.0,0.0,0.0,0.0,0.0,0.0,0.0,0.0,0.0,0.0,0.0,0.0,0.0,0.0,0.0,4.53125,0.0,0.0,0.0,0.0,0.0,0.0,0.0,0.0,0.0,0.0,0.0,0.0,0.0,12.65625,0.0,12.65625,0.0,0.0,0.0,12.65625,0.0,0.0,0.0,0.0,3.28125,207.65625,206.25,206.25,206.25,224.53125,204.84375,191.5625,202.03125,206.25,206.25,206.25,206.25,206.25,206.25,206.25,206.25,206.25,206.25,206.25,206.25,206.25,206.25,206.25,206.25,206.25,206.25,206.25,206.25,206.25,206.25,206.25,206.25,206.25,206.25,206.25,206.25,206.25,206.25,206.25,206.25,206.25,206.25,206.25,206.25,206.25,206.25,206.25,206.25,206.25,206.25,206.25,206.25,206.25,206.25,207.5,206.25,206.25,206.25,206.25,206.25,206.25,206.25,206.25,206.25,206.25,206.25,206.25,206.25,206.25,206.25,206.25,206.25,206.25,206.25,206.25,206.25,206.25,206.25,206.25,206.25,206.25,206.25,206.25,206.25,206.25,206.25,393.4375,393.4375,394.53125,393.4375,407.8125,407.8125,420.3125,386.09375,370.15625,396.875,420.3125,407.34375,420.3125,420.3125,407.34375,407.34375,407.34375,420.3125,420.3125,420.3125,393.4375,407.34375,407.34375,420.3125,407.34375,393.4375,420.3125,416.25,420.3125,407.34375,420.3125,420.3125,407.34375,393.4375,393.4375,407.34375,407.34375,393.4375,393.4375,420.3125,414.0625,407.34375,420.3125,407.34375,407.34375,420.3125,407.34375,396.875,407.34375,407.34375,407.34375,420.3125,407.34375,407.34375,393.4375,393.4375,407.34375,407.34375,393.4375,407.34375,407.34375,393.4375,393.4375,407.34375,407.34375,393.4375,396.875,420.3125,407.34375,416.25,420.3125,420.3125,393.4375,407.34375,393.4375,396.875,416.25,420.3125,407.34375,407.34375,404.21875,392.8125,404.21875,404.21875,407.34375,420.3125,392.8125,404.21875,392.8125,396.875,392.8125,392.8125,404.21875,392.8125,392.8125,392.8125,392.8125,392.8125,392.8125,392.8125,413.59375,407.34375,244.375,244.84375,248.28125,237.8125,244.375,244.84375,244.84375,244.84375,244.84375,244.84375,244.84375,244.84375,244.84375,245.78125,252.96875,252.96875,252.96875,252.96875,252.96875,244.84375,244.84375,237.8125,252.96875,244.84375,244.84375,244.84375,244.84375,244.84375,244.84375,244.84375,244.84375,244.84375,244.84375,244.84375,244.84375,237.8125,237.8125,244.84375,244.84375,244.84375,244.84375,244.84375,244.84375,244.84375,245.78125,244.84375,244.84375,244.84375,244.84375,244.84375,244.84375,244.84375,244.84375,244.84375,244.84375,244.84375,245.78125,249.375,244.84375,244.84375,244.84375,244.84375,244.84375,245.78125,241.875,244.84375,255.0,244.84375,244.84375,244.84375,245.78125,244.84375,244.84375,248.28125,237.8125,244.84375,237.8125,237.8125,237.8125,237.8125,237.8125,237.8125,237.8125,237.8125,244.84375,237.8125,237.8125,244.6875,237.8125,237.8125,237.8125,244.84375,237.8125
hDenV1/Colombia/VAC-LSPVAC-2405553/2024,0.0,0.0,0.0,0.0,0.0,0.0,0.0,0.0,0.0,0.0,0.0,12.65625,12.65625,12.65625,0.0,12.65625,0.0,0.0,0.0,0.0,0.0,0.0,0.0,3.59375,0.0,22.65625,0.0,3.59375,3.59375,0.0,0.0,0.0,0.0,0.0,20.625,3.59375,0.0,0.0,3.59375,12.96875,0.0,0.0,3.59375,0.0,0.0,0.0,0.0,0.0,0.0,0.0,0.0,0.0,0.0,0.0,0.0,0.0,0.0,0.0,0.0,0.0,0.0,0.0,0.0,0.0,0.0,0.0,0.0,0.0,0.0,0.0,0.0,0.0,0.0,0.0,0.0,0.0,0.0,0.0,0.0,4.53125,0.0,0.0,0.0,0.0,0.0,0.0,0.0,0.0,0.0,0.0,0.0,0.0,0.0,12.65625,0.0,12.65625,0.0,0.0,0.0,12.65625,0.0,0.0,0.0,0.0,3.28125,207.65625,206.25,206.25,206.25,224.53125,204.84375,191.5625,202.03125,206.25,206.25,206.25,206.25,206.25,206.25,206.25,206.25,206.25,206.25,206.25,206.25,206.25,206.25,206.25,206.25,206.25,206.25,206.25,206.25,206.25,206.25,206.25,206.25,206.25,206.25,206.25,206.25,206.25,206.25,206.25,206.25,206.25,206.25,206.25,206.25,206.25,206.25,206.25,206.25,206.25,206.25,206.25,206.25,206.25,206.25,207.5,206.25,206.25,206.25,206.25,206.25,206.25,206.25,206.25,206.25,206.25,206.25,206.25,206.25,206.25,206.25,206.25,206.25,206.25,206.25,206.25,206.25,206.25,206.25,206.25,206.25,206.25,206.25,206.25,206.25,206.25,206.25,393.4375,393.4375,394.53125,393.4375,407.8125,407.8125,420.3125,386.09375,370.15625,396.875,420.3125,407.34375,420.3125,420.3125,407.34375,407.34375,407.34375,420.3125,420.3125,420.3125,393.4375,407.34375,407.34375,420.3125,407.34375,393.4375,420.3125,416.25,420.3125,407.34375,420.3125,420.3125,407.34375,393.4375,393.4375,407.34375,407.34375,393.4375,393.4375,420.3125,414.0625,407.34375,420.3125,407.34375,407.34375,420.3125,407.34375,396.875,407.34375,407.34375,407.34375,420.3125,407.34375,407.34375,393.4375,393.4375,407.34375,407.34375,393.4375,407.34375,407.34375,393.4375,393.4375,407.34375,407.34375,393.4375,396.875,420.3125,407.34375,416.25,420.3125,420.3125,393.4375,407.34375,393.4375,396.875,416.25,420.3125,407.34375,407.34375,404.21875,392.8125,404.21875,404.21875,407.34375,420.3125,392.8125,404.21875,392.8125,396.875,392.8125,392.8125,404.21875,392.8125,392.8125,392.8125,392.8125,392.8125,392.8125,392.8125,413.59375,407.34375,244.375,244.84375,248.28125,237.8125,244.375,244.84375,244.84375,244.84375,244.84375,244.84375,244.84375,244.84375,244.84375,245.78125,252.96875,252.96875,252.96875,252.96875,252.96875,244.84375,244.84375,237.8125,252.96875,244.84375,244.84375,244.84375,244.84375,244.84375,244.84375,244.84375,244.84375,244.84375,244.84375,244.84375,244.84375,237.8125,237.8125,244.84375,244.84375,244.84375,244.84375,244.84375,244.84375,244.84375,245.78125,244.84375,244.84375,244.84375,244.84375,244.84375,244.84375,244.84375,244.84375,244.84375,244.84375,244.84375,245.78125,249.375,244.84375,244.84375,244.84375,244.84375,244.84375,245.78125,241.875,244.84375,255.0,244.84375,244.84375,244.84375,245.78125,244.84375,244.84375,248.28125,237.8125,244.84375,237.8125,237.8125,237.8125,237.8125,237.8125,237.8125,237.8125,237.8125,244.84375,237.8125,237.8125,244.6875,237.8125,237.8125,237.8125,244.84375,237.8125
hDenV1/Colombia/VAC-LSPVAC-2405625/2024,0.0,0.0,0.0,0.0,0.0,0.0,0.0,0.0,0.0,0.0,0.0,12.65625,12.65625,12.65625,0.0,12.65625,0.0,0.0,0.0,0.0,0.0,0.0,0.0,3.59375,0.0,22.65625,0.0,3.59375,3.59375,0.0,0.0,0.0,0.0,0.0,20.625,3.59375,0.0,0.0,3.59375,12.96875,0.0,0.0,3.59375,0.0,0.0,0.0,0.0,0.0,0.0,0.0,0.0,0.0,0.0,0.0,0.0,0.0,0.0,0.0,0.0,0.0,0.0,0.0,0.0,0.0,0.0,0.0,0.0,0.0,0.0,0.0,0.0,0.0,0.0,0.0,0.0,0.0,0.0,0.0,0.0,4.53125,0.0,0.0,0.0,0.0,0.0,0.0,0.0,0.0,0.0,0.0,0.0,0.0,0.0,12.65625,0.0,12.65625,0.0,0.0,0.0,12.65625,0.0,0.0,0.0,0.0,3.28125,207.65625,206.25,206.25,206.25,224.53125,204.84375,191.5625,202.03125,206.25,206.25,206.25,206.25,206.25,206.25,206.25,206.25,206.25,206.25,206.25,206.25,206.25,206.25,206.25,206.25,206.25,206.25,206.25,206.25,206.25,206.25,206.25,206.25,206.25,206.25,206.25,206.25,206.25,206.25,206.25,206.25,206.25,206.25,206.25,206.25,206.25,206.25,206.25,206.25,206.25,206.25,206.25,206.25,206.25,206.25,207.5,206.25,206.25,206.25,206.25,206.25,206.25,206.25,206.25,206.25,206.25,206.25,206.25,206.25,206.25,206.25,206.25,206.25,206.25,206.25,206.25,206.25,206.25,206.25,206.25,206.25,206.25,206.25,206.25,206.25,206.25,206.25,393.4375,393.4375,394.53125,393.4375,407.8125,407.8125,420.3125,386.09375,370.15625,396.875,420.3125,407.34375,420.3125,420.3125,407.34375,407.34375,407.34375,420.3125,420.3125,420.3125,393.4375,407.34375,407.34375,420.3125,407.34375,393.4375,420.3125,416.25,420.3125,407.34375,420.3125,420.3125,407.34375,393.4375,393.4375,407.34375,407.34375,393.4375,393.4375,420.3125,414.0625,407.34375,420.3125,407.34375,407.34375,420.3125,407.34375,396.875,407.34375,407.34375,407.34375,420.3125,407.34375,407.34375,393.4375,393.4375,407.34375,407.34375,393.4375,407.34375,407.34375,393.4375,393.4375,407.34375,407.34375,393.4375,396.875,420.3125,407.34375,416.25,420.3125,420.3125,393.4375,407.34375,393.4375,396.875,416.25,420.3125,407.34375,407.34375,404.21875,392.8125,404.21875,404.21875,407.34375,420.3125,392.8125,404.21875,392.8125,396.875,392.8125,392.8125,404.21875,392.8125,392.8125,392.8125,392.8125,392.8125,392.8125,392.8125,413.59375,407.34375,244.375,244.84375,248.28125,237.8125,244.375,244.84375,244.84375,244.84375,244.84375,244.84375,244.84375,244.84375,244.84375,245.78125,252.96875,252.96875,252.96875,252.96875,252.96875,244.84375,244.84375,237.8125,252.96875,244.84375,244.84375,244.84375,244.84375,244.84375,244.84375,244.84375,244.84375,244.84375,244.84375,244.84375,244.84375,237.8125,237.8125,244.84375,244.84375,244.84375,244.84375,244.84375,244.84375,244.84375,245.78125,244.84375,244.84375,244.84375,244.84375,244.84375,244.84375,244.84375,244.84375,244.84375,244.84375,244.84375,245.78125,249.375,244.84375,244.84375,244.84375,244.84375,244.84375,245.78125,241.875,244.84375,255.0,244.84375,244.84375,244.84375,245.78125,244.84375,244.84375,248.28125,237.8125,244.84375,237.8125,237.8125,237.8125,237.8125,237.8125,237.8125,237.8125,237.8125,244.84375,237.8125,237.8125,244.6875,237.8125,237.8125,237.8125,244.84375,237.8125
hDenV1/Colombia/VAC-LSPVAC-2405690/2024,0.0,0.0,0.0,0.0,0.0,0.0,0.0,0.0,0.0,0.0,0.0,12.65625,12.65625,12.65625,0.0,12.65625,0.0,0.0,0.0,0.0,0.0,0.0,0.0,3.59375,0.0,22.65625,0.0,3.59375,3.59375,0.0,0.0,0.0,0.0,0.0,20.625,3.59375,0.0,0.0,3.59375,12.96875,0.0,0.0,3.59375,0.0,0.0,0.0,0.0,0.0,0.0,0.0,0.0,0.0,0.0,0.0,0.0,0.0,0.0,0.0,0.0,0.0,0.0,0.0,0.0,0.0,0.0,0.0,0.0,0.0,0.0,0.0,0.0,0.0,0.0,0.0,0.0,0.0,0.0,0.0,0.0,4.53125,0.0,0.0,0.0,0.0,0.0,0.0,0.0,0.0,0.0,0.0,0.0,0.0,0.0,12.65625,0.0,12.65625,0.0,0.0,0.0,12.65625,0.0,0.0,0.0,0.0,3.28125,207.65625,206.25,206.25,206.25,224.53125,204.84375,191.5625,202.03125,206.25,206.25,206.25,206.25,206.25,206.25,206.25,206.25,206.25,206.25,206.25,206.25,206.25,206.25,206.25,206.25,206.25,206.25,206.25,206.25,206.25,206.25,206.25,206.25,206.25,206.25,206.25,206.25,206.25,206.25,206.25,206.25,206.25,206.25,206.25,206.25,206.25,206.25,206.25,206.25,206.25,206.25,206.25,206.25,206.25,206.25,207.5,206.25,206.25,206.25,206.25,206.25,206.25,206.25,206.25,206.25,206.25,206.25,206.25,206.25,206.25,206.25,206.25,206.25,206.25,206.25,206.25,206.25,206.25,206.25,206.25,206.25,206.25,206.25,206.25,206.25,206.25,206.25,393.4375,393.4375,394.53125,393.4375,407.8125,407.8125,420.3125,386.09375,370.15625,396.875,420.3125,407.34375,420.3125,420.3125,407.34375,407.34375,407.34375,420.3125,420.3125,420.3125,393.4375,407.34375,407.34375,420.3125,407.34375,393.4375,420.3125,416.25,420.3125,407.34375,420.3125,420.3125,407.34375,393.4375,393.4375,407.34375,407.34375,393.4375,393.4375,420.3125,414.0625,407.34375,420.3125,407.34375,407.34375,420.3125,407.34375,396.875,407.34375,407.34375,407.34375,420.3125,407.34375,407.34375,393.4375,393.4375,407.34375,407.34375,393.4375,407.34375,407.34375,393.4375,393.4375,407.34375,407.34375,393.4375,396.875,420.3125,407.34375,416.25,420.3125,420.3125,393.4375,407.34375,393.4375,396.875,416.25,420.3125,407.34375,407.34375,404.21875,392.8125,404.21875,404.21875,407.34375,420.3125,392.8125,404.21875,392.8125,396.875,392.8125,392.8125,404.21875,392.8125,392.8125,392.8125,392.8125,392.8125,392.8125,392.8125,413.59375,407.34375,244.375,244.84375,248.28125,237.8125,244.375,244.84375,244.84375,244.84375,244.84375,244.84375,244.84375,244.84375,244.84375,245.78125,252.96875,252.96875,252.96875,252.96875,252.96875,244.84375,244.84375,237.8125,252.96875,244.84375,244.84375,244.84375,244.84375,244.84375,244.84375,244.84375,244.84375,244.84375,244.84375,244.84375,244.84375,237.8125,237.8125,244.84375,244.84375,244.84375,244.84375,244.84375,244.84375,244.84375,245.78125,244.84375,244.84375,244.84375,244.84375,244.84375,244.84375,244.84375,244.84375,244.84375,244.84375,244.84375,245.78125,249.375,244.84375,244.84375,244.84375,244.84375,244.84375,245.78125,241.875,244.84375,255.0,244.84375,244.84375,244.84375,245.78125,244.84375,244.84375,248.28125,237.8125,244.84375,237.8125,237.8125,237.8125,237.8125,237.8125,237.8125,237.8125,237.8125,244.84375,237.8125,237.8125,244.6875,237.8125,237.8125,237.8125,244.84375,237.8125
hDenV1/Colombia/VAC-LSPVAC-2405731/2024,2.34375,2.34375,2.34375,2.34375,2.34375,2.34375,2.34375,2.34375,2.34375,2.34375,2.34375,15.0,15.0,15.0,2.34375,15.0,2.34375,2.34375,2.34375,2.34375,2.34375,2.34375,2.34375,5.9375,2.34375,25.0,2.34375,5.9375,5.9375,2.34375,2.34375,2.34375,2.34375,2.34375,22.96875,5.9375,2.34375,2.34375,5.9375,15.3125,2.34375,2.34375,5.9375,2.34375,2.34375,2.34375,2.34375,2.34375,2.34375,2.34375,2.34375,2.34375,2.34375,2.34375,2.34375,2.34375,2.34375,2.34375,2.34375,2.34375,2.34375,2.34375,2.34375,2.34375,2.34375,2.34375,2.34375,2.34375,2.34375,2.34375,2.34375,2.34375,2.34375,2.34375,2.34375,2.34375,2.34375,2.34375,2.34375,6.875,2.34375,2.34375,2.34375,2.34375,2.34375,2.34375,2.34375,2.34375,2.34375,2.34375,2.34375,2.34375,2.34375,15.0,2.34375,15.0,2.34375,2.34375,2.34375,15.0,2.34375,2.34375,2.34375,2.34375,5.625,210.0,208.59375,208.59375,208.59375,226.875,207.1875,193.90625,204.375,208.59375,208.59375,208.59375,208.59375,208.59375,208.59375,208.59375,208.59375,208.59375,208.59375,208.59375,208.59375,208.59375,208.59375,208.59375,208.59375,208.59375,208.59375,208.59375,208.59375,208.59375,208.59375,208.59375,208.59375,208.59375,208.59375,208.59375,208.59375,208.59375,208.59375,208.59375,208.59375,208.59375,208.59375,208.59375,208.59375,208.59375,208.59375,208.59375,208.59375,208.59375,208.59375,208.59375,208.59375,208.59375,208.59375,209.84375,208.59375,208.59375,208.59375,208.59375,208.59375,208.59375,208.59375,208.59375,208.59375,208.59375,208.59375,208.59375,208.59375,208.59375,208.59375,208.59375,208.59375,208.59375,208.59375,208.59375,208.59375,208.59375,208.59375,208.59375,208.59375,208.59375,208.59375,208.59375,208.59375,208.59375,208.59375,394.21875,394.21875,395.3125,394.21875,408.59375,408.59375,421.09375,386.875,370.9375,397.65625,421.09375,408.125,421.09375,421.09375,408.125,408.125,408.125,421.09375,421.09375,421.09375,394.21875,408.125,408.125,421.09375,408.125,394.21875,421.09375,417.03125,421.09375,408.125,421.09375,421.09375,408.125,394.21875,394.21875,408.125,408.125,394.21875,394.21875,421.09375,414.84375,408.125,421.09375,408.125,408.125,421.09375,408.125,397.65625,408.125,408.125,408.125,421.09375,408.125,408.125,394.21875,394.21875,408.125,408.125,394.21875,408.125,408.125,394.21875,394.21875,408.125,408.125,394.21875,397.65625,421.09375,408.125,417.03125,421.09375,421.09375,394.21875,408.125,394.21875,397.65625,417.03125,421.09375,408.125,408.125,405.0,393.59375,405.0,405.0,408.125,421.09375,393.59375,405.0,393.59375,397.65625,393.59375,393.59375,405.0,393.59375,393.59375,393.59375,393.59375,393.59375,393.59375,393.59375,414.375,408.125,246.71875,247.1875,250.625,240.15625,246.71875,247.1875,247.1875,247.1875,247.1875,247.1875,247.1875,247.1875,247.1875,248.125,255.3125,255.3125,255.3125,255.3125,255.3125,247.1875,247.1875,240.15625,255.3125,247.1875,247.1875,247.1875,247.1875,247.1875,247.1875,247.1875,247.1875,247.1875,247.1875,247.1875,247.1875,240.15625,240.15625,247.1875,247.1875,247.1875,247.1875,247.1875,247.1875,247.1875,248.125,247.1875,247.1875,247.1875,247.1875,247.1875,247.1875,247.1875,247.1875,247.1875,247.1875,247.1875,248.125,251.71875,247.1875,247.1875,247.1875,247.1875,247.1875,248.125,244.21875,247.1875,257.34375,247.1875,247.1875,247.1875,248.125,247.1875,247.1875,250.625,240.15625,247.1875,240.15625,240.15625,240.15625,240.15625,240.15625,240.15625,240.15625,240.15625,247.1875,240.15625,240.15625,247.03125,240.15625,240.15625,240.15625,247.1875,240.15625
hDenV1/Colombia/VAC-LSPVAC-2405754/2024,0.0,0.0,0.0,0.0,0.0,0.0,0.0,0.0,0.0,0.0,0.0,12.65625,12.65625,12.65625,0.0,12.65625,0.0,0.0,0.0,0.0,0.0,0.0,0.0,3.59375,0.0,22.65625,0.0,3.59375,3.59375,0.0,0.0,0.0,0.0,0.0,20.625,3.59375,0.0,0.0,3.59375,12.96875,0.0,0.0,3.59375,0.0,0.0,0.0,0.0,0.0,0.0,0.0,0.0,0.0,0.0,0.0,0.0,0.0,0.0,0.0,0.0,0.0,0.0,0.0,0.0,0.0,0.0,0.0,0.0,0.0,0.0,0.0,0.0,0.0,0.0,0.0,0.0,0.0,0.0,0.0,0.0,4.53125,0.0,0.0,0.0,0.0,0.0,0.0,0.0,0.0,0.0,0.0,0.0,0.0,0.0,12.65625,0.0,12.65625,0.0,0.0,0.0,12.65625,0.0,0.0,0.0,0.0,3.28125,207.65625,206.25,206.25,206.25,224.53125,204.84375,191.5625,202.03125,206.25,206.25,206.25,206.25,206.25,206.25,206.25,206.25,206.25,206.25,206.25,206.25,206.25,206.25,206.25,206.25,206.25,206.25,206.25,206.25,206.25,206.25,206.25,206.25,206.25,206.25,206.25,206.25,206.25,206.25,206.25,206.25,206.25,206.25,206.25,206.25,206.25,206.25,206.25,206.25,206.25,206.25,206.25,206.25,206.25,206.25,207.5,206.25,206.25,206.25,206.25,206.25,206.25,206.25,206.25,206.25,206.25,206.25,206.25,206.25,206.25,206.25,206.25,206.25,206.25,206.25,206.25,206.25,206.25,206.25,206.25,206.25,206.25,206.25,206.25,206.25,206.25,206.25,393.4375,393.4375,394.53125,393.4375,407.8125,407.8125,420.3125,386.09375,370.15625,396.875,420.3125,407.34375,420.3125,420.3125,407.34375,407.34375,407.34375,420.3125,420.3125,420.3125,393.4375,407.34375,407.34375,420.3125,407.34375,393.4375,420.3125,416.25,420.3125,407.34375,420.3125,420.3125,407.34375,393.4375,393.4375,407.34375,407.34375,393.4375,393.4375,420.3125,414.0625,407.34375,420.3125,407.34375,407.34375,420.3125,407.34375,396.875,407.34375,407.34375,407.34375,420.3125,407.34375,407.34375,393.4375,393.4375,407.34375,407.34375,393.4375,407.34375,407.34375,393.4375,393.4375,407.34375,407.34375,393.4375,396.875,420.3125,407.34375,416.25,420.3125,420.3125,393.4375,407.34375,393.4375,396.875,416.25,420.3125,407.34375,407.34375,404.21875,392.8125,404.21875,404.21875,407.34375,420.3125,392.8125,404.21875,392.8125,396.875,392.8125,392.8125,404.21875,392.8125,392.8125,392.8125,392.8125,392.8125,392.8125,392.8125,413.59375,407.34375,244.375,244.84375,248.28125,237.8125,244.375,244.84375,244.84375,244.84375,244.84375,244.84375,244.84375,244.84375,244.84375,245.78125,252.96875,252.96875,252.96875,252.96875,252.96875,244.84375,244.84375,237.8125,252.96875,244.84375,244.84375,244.84375,244.84375,244.84375,244.84375,244.84375,244.84375,244.84375,244.84375,244.84375,244.84375,237.8125,237.8125,244.84375,244.84375,244.84375,244.84375,244.84375,244.84375,244.84375,245.78125,244.84375,244.84375,244.84375,244.84375,244.84375,244.84375,244.84375,244.84375,244.84375,244.84375,244.84375,245.78125,249.375,244.84375,244.84375,244.84375,244.84375,244.84375,245.78125,241.875,244.84375,255.0,244.84375,244.84375,244.84375,245.78125,244.84375,244.84375,248.28125,237.8125,244.84375,237.8125,237.8125,237.8125,237.8125,237.8125,237.8125,237.8125,237.8125,244.84375,237.8125,237.8125,244.6875,237.8125,237.8125,237.8125,244.84375,237.8125
hDenV1/Colombia/VAC-LSPVAC-2405774/2024,0.0,0.0,0.0,0.0,0.0,0.0,0.0,0.0,0.0,0.0,0.0,12.65625,12.65625,12.65625,0.0,12.65625,0.0,0.0,0.0,0.0,0.0,0.0,0.0,3.59375,0.0,22.65625,0.0,3.59375,3.59375,0.0,0.0,0.0,0.0,0.0,20.625,3.59375,0.0,0.0,3.59375,12.96875,0.0,0.0,3.59375,0.0,0.0,0.0,0.0,0.0,0.0,0.0,0.0,0.0,0.0,0.0,0.0,0.0,0.0,0.0,0.0,0.0,0.0,0.0,0.0,0.0,0.0,0.0,0.0,0.0,0.0,0.0,0.0,0.0,0.0,0.0,0.0,0.0,0.0,0.0,0.0,4.53125,0.0,0.0,0.0,0.0,0.0,0.0,0.0,0.0,0.0,0.0,0.0,0.0,0.0,12.65625,0.0,12.65625,0.0,0.0,0.0,12.65625,0.0,0.0,0.0,0.0,3.28125,207.65625,206.25,206.25,206.25,224.53125,204.84375,191.5625,202.03125,206.25,206.25,206.25,206.25,206.25,206.25,206.25,206.25,206.25,206.25,206.25,206.25,206.25,206.25,206.25,206.25,206.25,206.25,206.25,206.25,206.25,206.25,206.25,206.25,206.25,206.25,206.25,206.25,206.25,206.25,206.25,206.25,206.25,206.25,206.25,206.25,206.25,206.25,206.25,206.25,206.25,206.25,206.25,206.25,206.25,206.25,207.5,206.25,206.25,206.25,206.25,206.25,206.25,206.25,206.25,206.25,206.25,206.25,206.25,206.25,206.25,206.25,206.25,206.25,206.25,206.25,206.25,206.25,206.25,206.25,206.25,206.25,206.25,206.25,206.25,206.25,206.25,206.25,393.4375,393.4375,394.53125,393.4375,407.8125,407.8125,420.3125,386.09375,370.15625,396.875,420.3125,407.34375,420.3125,420.3125,407.34375,407.34375,407.34375,420.3125,420.3125,420.3125,393.4375,407.34375,407.34375,420.3125,407.34375,393.4375,420.3125,416.25,420.3125,407.34375,420.3125,420.3125,407.34375,393.4375,393.4375,407.34375,407.34375,393.4375,393.4375,420.3125,414.0625,407.34375,420.3125,407.34375,407.34375,420.3125,407.34375,396.875,407.34375,407.34375,407.34375,420.3125,407.34375,407.34375,393.4375,393.4375,407.34375,407.34375,393.4375,407.34375,407.34375,393.4375,393.4375,407.34375,407.34375,393.4375,396.875,420.3125,407.34375,416.25,420.3125,420.3125,393.4375,407.34375,393.4375,396.875,416.25,420.3125,407.34375,407.34375,404.21875,392.8125,404.21875,404.21875,407.34375,420.3125,392.8125,404.21875,392.8125,396.875,392.8125,392.8125,404.21875,392.8125,392.8125,392.8125,392.8125,392.8125,392.8125,392.8125,413.59375,407.34375,244.375,244.84375,248.28125,237.8125,244.375,244.84375,244.84375,244.84375,244.84375,244.84375,244.84375,244.84375,244.84375,245.78125,252.96875,252.96875,252.96875,252.96875,252.96875,244.84375,244.84375,237.8125,252.96875,244.84375,244.84375,244.84375,244.84375,244.84375,244.84375,244.84375,244.84375,244.84375,244.84375,244.84375,244.84375,237.8125,237.8125,244.84375,244.84375,244.84375,244.84375,244.84375,244.84375,244.84375,245.78125,244.84375,244.84375,244.84375,244.84375,244.84375,244.84375,244.84375,244.84375,244.84375,244.84375,244.84375,245.78125,249.375,244.84375,244.84375,244.84375,244.84375,244.84375,245.78125,241.875,244.84375,255.0,244.84375,244.84375,244.84375,245.78125,244.84375,244.84375,248.28125,237.8125,244.84375,237.8125,237.8125,237.8125,237.8125,237.8125,237.8125,237.8125,237.8125,244.84375,237.8125,237.8125,244.6875,237.8125,237.8125,237.8125,244.84375,237.8125
hDenV1/Colombia/VAC-LSPVAC-2407081-VI/2024,0.0,0.0,0.0,0.0,0.0,0.0,0.0,0.0,0.0,0.0,0.0,12.65625,12.65625,12.65625,0.0,12.65625,0.0,0.0,0.0,0.0,0.0,0.0,0.0,3.59375,0.0,22.65625,0.0,3.59375,3.59375,0.0,0.0,0.0,0.0,0.0,20.625,3.59375,0.0,0.0,3.59375,12.96875,0.0,0.0,3.59375,0.0,0.0,0.0,0.0,0.0,0.0,0.0,0.0,0.0,0.0,0.0,0.0,0.0,0.0,0.0,0.0,0.0,0.0,0.0,0.0,0.0,0.0,0.0,0.0,0.0,0.0,0.0,0.0,0.0,0.0,0.0,0.0,0.0,0.0,0.0,0.0,4.53125,0.0,0.0,0.0,0.0,0.0,0.0,0.0,0.0,0.0,0.0,0.0,0.0,0.0,12.65625,0.0,12.65625,0.0,0.0,0.0,12.65625,0.0,0.0,0.0,0.0,3.28125,207.65625,206.25,206.25,206.25,224.53125,204.84375,191.5625,202.03125,206.25,206.25,206.25,206.25,206.25,206.25,206.25,206.25,206.25,206.25,206.25,206.25,206.25,206.25,206.25,206.25,206.25,206.25,206.25,206.25,206.25,206.25,206.25,206.25,206.25,206.25,206.25,206.25,206.25,206.25,206.25,206.25,206.25,206.25,206.25,206.25,206.25,206.25,206.25,206.25,206.25,206.25,206.25,206.25,206.25,206.25,207.5,206.25,206.25,206.25,206.25,206.25,206.25,206.25,206.25,206.25,206.25,206.25,206.25,206.25,206.25,206.25,206.25,206.25,206.25,206.25,206.25,206.25,206.25,206.25,206.25,206.25,206.25,206.25,206.25,206.25,206.25,206.25,393.4375,393.4375,394.53125,393.4375,407.8125,407.8125,420.3125,386.09375,370.15625,396.875,420.3125,407.34375,420.3125,420.3125,407.34375,407.34375,407.34375,420.3125,420.3125,420.3125,393.4375,407.34375,407.34375,420.3125,407.34375,393.4375,420.3125,416.25,420.3125,407.34375,420.3125,420.3125,407.34375,393.4375,393.4375,407.34375,407.34375,393.4375,393.4375,420.3125,414.0625,407.34375,420.3125,407.34375,407.34375,420.3125,407.34375,396.875,407.34375,407.34375,407.34375,420.3125,407.34375,407.34375,393.4375,393.4375,407.34375,407.34375,393.4375,407.34375,407.34375,393.4375,393.4375,407.34375,407.34375,393.4375,396.875,420.3125,407.34375,416.25,420.3125,420.3125,393.4375,407.34375,393.4375,396.875,416.25,420.3125,407.34375,407.34375,404.21875,392.8125,404.21875,404.21875,407.34375,420.3125,392.8125,404.21875,392.8125,396.875,392.8125,392.8125,404.21875,392.8125,392.8125,392.8125,392.8125,392.8125,392.8125,392.8125,413.59375,407.34375,244.375,244.84375,248.28125,237.8125,244.375,244.84375,244.84375,244.84375,244.84375,244.84375,244.84375,244.84375,244.84375,245.78125,252.96875,252.96875,252.96875,252.96875,252.96875,244.84375,244.84375,237.8125,252.96875,244.84375,244.84375,244.84375,244.84375,244.84375,244.84375,244.84375,244.84375,244.84375,244.84375,244.84375,244.84375,237.8125,237.8125,244.84375,244.84375,244.84375,244.84375,244.84375,244.84375,244.84375,245.78125,244.84375,244.84375,244.84375,244.84375,244.84375,244.84375,244.84375,244.84375,244.84375,244.84375,244.84375,245.78125,249.375,244.84375,244.84375,244.84375,244.84375,244.84375,245.78125,241.875,244.84375,255.0,244.84375,244.84375,244.84375,245.78125,244.84375,244.84375,248.28125,237.8125,244.84375,237.8125,237.8125,237.8125,237.8125,237.8125,237.8125,237.8125,237.8125,244.84375,237.8125,237.8125,244.6875,237.8125,237.8125,237.8125,244.84375,237.8125
hDenV1/Colombia/VAC-LSPVAC-2407539-VI/2024,0.0,0.0,0.0,0.0,0.0,0.0,0.0,0.0,0.0,0.0,0.0,12.65625,12.65625,12.65625,0.0,12.65625,0.0,0.0,0.0,0.0,0.0,0.0,0.0,3.59375,0.0,22.65625,0.0,3.59375,3.59375,0.0,0.0,0.0,0.0,0.0,20.625,3.59375,0.0,0.0,3.59375,12.96875,0.0,0.0,3.59375,0.0,0.0,0.0,0.0,0.0,0.0,0.0,0.0,0.0,0.0,0.0,0.0,0.0,0.0,0.0,0.0,0.0,0.0,0.0,0.0,0.0,0.0,0.0,0.0,0.0,0.0,0.0,0.0,0.0,0.0,0.0,0.0,0.0,0.0,0.0,0.0,4.53125,0.0,0.0,0.0,0.0,0.0,0.0,0.0,0.0,0.0,0.0,0.0,0.0,0.0,12.65625,0.0,12.65625,0.0,0.0,0.0,12.65625,0.0,0.0,0.0,0.0,3.28125,207.65625,206.25,206.25,206.25,224.53125,204.84375,191.5625,202.03125,206.25,206.25,206.25,206.25,206.25,206.25,206.25,206.25,206.25,206.25,206.25,206.25,206.25,206.25,206.25,206.25,206.25,206.25,206.25,206.25,206.25,206.25,206.25,206.25,206.25,206.25,206.25,206.25,206.25,206.25,206.25,206.25,206.25,206.25,206.25,206.25,206.25,206.25,206.25,206.25,206.25,206.25,206.25,206.25,206.25,206.25,207.5,206.25,206.25,206.25,206.25,206.25,206.25,206.25,206.25,206.25,206.25,206.25,206.25,206.25,206.25,206.25,206.25,206.25,206.25,206.25,206.25,206.25,206.25,206.25,206.25,206.25,206.25,206.25,206.25,206.25,206.25,206.25,393.4375,393.4375,394.53125,393.4375,407.8125,407.8125,420.3125,386.09375,370.15625,396.875,420.3125,407.34375,420.3125,420.3125,407.34375,407.34375,407.34375,420.3125,420.3125,420.3125,393.4375,407.34375,407.34375,420.3125,407.34375,393.4375,420.3125,416.25,420.3125,407.34375,420.3125,420.3125,407.34375,393.4375,393.4375,407.34375,407.34375,393.4375,393.4375,420.3125,414.0625,407.34375,420.3125,407.34375,407.34375,420.3125,407.34375,396.875,407.34375,407.34375,407.34375,420.3125,407.34375,407.34375,393.4375,393.4375,407.34375,407.34375,393.4375,407.34375,407.34375,393.4375,393.4375,407.34375,407.34375,393.4375,396.875,420.3125,407.34375,416.25,420.3125,420.3125,393.4375,407.34375,393.4375,396.875,416.25,420.3125,407.34375,407.34375,404.21875,392.8125,404.21875,404.21875,407.34375,420.3125,392.8125,404.21875,392.8125,396.875,392.8125,392.8125,404.21875,392.8125,392.8125,392.8125,392.8125,392.8125,392.8125,392.8125,413.59375,407.34375,244.375,244.84375,248.28125,237.8125,244.375,244.84375,244.84375,244.84375,244.84375,244.84375,244.84375,244.84375,244.84375,245.78125,252.96875,252.96875,252.96875,252.96875,252.96875,244.84375,244.84375,237.8125,252.96875,244.84375,244.84375,244.84375,244.84375,244.84375,244.84375,244.84375,244.84375,244.84375,244.84375,244.84375,244.84375,237.8125,237.8125,244.84375,244.84375,244.84375,244.84375,244.84375,244.84375,244.84375,245.78125,244.84375,244.84375,244.84375,244.84375,244.84375,244.84375,244.84375,244.84375,244.84375,244.84375,244.84375,245.78125,249.375,244.84375,244.84375,244.84375,244.84375,244.84375,245.78125,241.875,244.84375,255.0,244.84375,244.84375,244.84375,245.78125,244.84375,244.84375,248.28125,237.8125,244.84375,237.8125,237.8125,237.8125,237.8125,237.8125,237.8125,237.8125,237.8125,244.84375,237.8125,237.8125,244.6875,237.8125,237.8125,237.8125,244.84375,237.8125
hDenV1/Colombia/VAC-LSPVAC-2409164-VI/2024,0.0,0.0,0.0,0.0,0.0,0.0,0.0,0.0,0.0,0.0,0.0,12.65625,12.65625,12.65625,0.0,12.65625,0.0,0.0,0.0,0.0,0.0,0.0,0.0,3.59375,0.0,22.65625,0.0,3.59375,3.59375,0.0,0.0,0.0,0.0,0.0,20.625,3.59375,0.0,0.0,3.59375,12.96875,0.0,0.0,3.59375,0.0,0.0,0.0,0.0,0.0,0.0,0.0,0.0,0.0,0.0,0.0,0.0,0.0,0.0,0.0,0.0,0.0,0.0,0.0,0.0,0.0,0.0,0.0,0.0,0.0,0.0,0.0,0.0,0.0,0.0,0.0,0.0,0.0,0.0,0.0,0.0,4.53125,0.0,0.0,0.0,0.0,0.0,0.0,0.0,0.0,0.0,0.0,0.0,0.0,0.0,12.65625,0.0,12.65625,0.0,0.0,0.0,12.65625,0.0,0.0,0.0,0.0,3.28125,207.65625,206.25,206.25,206.25,224.53125,204.84375,191.5625,202.03125,206.25,206.25,206.25,206.25,206.25,206.25,206.25,206.25,206.25,206.25,206.25,206.25,206.25,206.25,206.25,206.25,206.25,206.25,206.25,206.25,206.25,206.25,206.25,206.25,206.25,206.25,206.25,206.25,206.25,206.25,206.25,206.25,206.25,206.25,206.25,206.25,206.25,206.25,206.25,206.25,206.25,206.25,206.25,206.25,206.25,206.25,207.5,206.25,206.25,206.25,206.25,206.25,206.25,206.25,206.25,206.25,206.25,206.25,206.25,206.25,206.25,206.25,206.25,206.25,206.25,206.25,206.25,206.25,206.25,206.25,206.25,206.25,206.25,206.25,206.25,206.25,206.25,206.25,393.4375,393.4375,394.53125,393.4375,407.8125,407.8125,420.3125,386.09375,370.15625,396.875,420.3125,407.34375,420.3125,420.3125,407.34375,407.34375,407.34375,420.3125,420.3125,420.3125,393.4375,407.34375,407.34375,420.3125,407.34375,393.4375,420.3125,416.25,420.3125,407.34375,420.3125,420.3125,407.34375,393.4375,393.4375,407.34375,407.34375,393.4375,393.4375,420.3125,414.0625,407.34375,420.3125,407.34375,407.34375,420.3125,407.34375,396.875,407.34375,407.34375,407.34375,420.3125,407.34375,407.34375,393.4375,393.4375,407.34375,407.34375,393.4375,407.34375,407.34375,393.4375,393.4375,407.34375,407.34375,393.4375,396.875,420.3125,407.34375,416.25,420.3125,420.3125,393.4375,407.34375,393.4375,396.875,416.25,420.3125,407.34375,407.34375,404.21875,392.8125,404.21875,404.21875,407.34375,420.3125,392.8125,404.21875,392.8125,396.875,392.8125,392.8125,404.21875,392.8125,392.8125,392.8125,392.8125,392.8125,392.8125,392.8125,413.59375,407.34375,244.375,244.84375,248.28125,237.8125,244.375,244.84375,244.84375,244.84375,244.84375,244.84375,244.84375,244.84375,244.84375,245.78125,252.96875,252.96875,252.96875,252.96875,252.96875,244.84375,244.84375,237.8125,252.96875,244.84375,244.84375,244.84375,244.84375,244.84375,244.84375,244.84375,244.84375,244.84375,244.84375,244.84375,244.84375,237.8125,237.8125,244.84375,244.84375,244.84375,244.84375,244.84375,244.84375,244.84375,245.78125,244.84375,244.84375,244.84375,244.84375,244.84375,244.84375,244.84375,244.84375,244.84375,244.84375,244.84375,245.78125,249.375,244.84375,244.84375,244.84375,244.84375,244.84375,245.78125,241.875,244.84375,255.0,244.84375,244.84375,244.84375,245.78125,244.84375,244.84375,248.28125,237.8125,244.84375,237.8125,237.8125,237.8125,237.8125,237.8125,237.8125,237.8125,237.8125,244.84375,237.8125,237.8125,244.6875,237.8125,237.8125,237.8125,244.84375,237.8125
hDenV1/Colombia/un-BNITM-363/2018,0.0,0.0,0.0,0.0,0.0,0.0,0.0,0.0,0.0,0.0,0.0,12.65625,12.65625,12.65625,0.0,12.65625,0.0,0.0,0.0,0.0,0.0,0.0,0.0,3.59375,0.0,22.65625,0.0,3.59375,3.59375,0.0,0.0,0.0,0.0,0.0,20.625,3.59375,0.0,0.0,3.59375,12.96875,0.0,0.0,3.59375,0.0,0.0,0.0,0.0,0.0,0.0,0.0,0.0,0.0,0.0,0.0,0.0,0.0,0.0,0.0,0.0,0.0,0.0,0.0,0.0,0.0,0.0,0.0,0.0,0.0,0.0,0.0,0.0,0.0,0.0,0.0,0.0,0.0,0.0,0.0,0.0,4.53125,0.0,0.0,0.0,0.0,0.0,0.0,0.0,0.0,0.0,0.0,0.0,0.0,0.0,12.65625,0.0,12.65625,0.0,0.0,0.0,12.65625,0.0,0.0,0.0,0.0,3.28125,207.65625,206.25,206.25,206.25,224.53125,204.84375,191.5625,202.03125,206.25,206.25,206.25,206.25,206.25,206.25,206.25,206.25,206.25,206.25,206.25,206.25,206.25,206.25,206.25,206.25,206.25,206.25,206.25,206.25,206.25,206.25,206.25,206.25,206.25,206.25,206.25,206.25,206.25,206.25,206.25,206.25,206.25,206.25,206.25,206.25,206.25,206.25,206.25,206.25,206.25,206.25,206.25,206.25,206.25,206.25,207.5,206.25,206.25,206.25,206.25,206.25,206.25,206.25,206.25,206.25,206.25,206.25,206.25,206.25,206.25,206.25,206.25,206.25,206.25,206.25,206.25,206.25,206.25,206.25,206.25,206.25,206.25,206.25,206.25,206.25,206.25,206.25,393.4375,393.4375,394.53125,393.4375,407.8125,407.8125,420.3125,386.09375,370.15625,396.875,420.3125,407.34375,420.3125,420.3125,407.34375,407.34375,407.34375,420.3125,420.3125,420.3125,393.4375,407.34375,407.34375,420.3125,407.34375,393.4375,420.3125,416.25,420.3125,407.34375,420.3125,420.3125,407.34375,393.4375,393.4375,407.34375,407.34375,393.4375,393.4375,420.3125,414.0625,407.34375,420.3125,407.34375,407.34375,420.3125,407.34375,396.875,407.34375,407.34375,407.34375,420.3125,407.34375,407.34375,393.4375,393.4375,407.34375,407.34375,393.4375,407.34375,407.34375,393.4375,393.4375,407.34375,407.34375,393.4375,396.875,420.3125,407.34375,416.25,420.3125,420.3125,393.4375,407.34375,393.4375,396.875,416.25,420.3125,407.34375,407.34375,404.21875,392.8125,404.21875,404.21875,407.34375,420.3125,392.8125,404.21875,392.8125,396.875,392.8125,392.8125,404.21875,392.8125,392.8125,392.8125,392.8125,392.8125,392.8125,392.8125,413.59375,407.34375,244.375,244.84375,248.28125,237.8125,244.375,244.84375,244.84375,244.84375,244.84375,244.84375,244.84375,244.84375,244.84375,245.78125,252.96875,252.96875,252.96875,252.96875,252.96875,244.84375,244.84375,237.8125,252.96875,244.84375,244.84375,244.84375,244.84375,244.84375,244.84375,244.84375,244.84375,244.84375,244.84375,244.84375,244.84375,237.8125,237.8125,244.84375,244.84375,244.84375,244.84375,244.84375,244.84375,244.84375,245.78125,244.84375,244.84375,244.84375,244.84375,244.84375,244.84375,244.84375,244.84375,244.84375,244.84375,244.84375,245.78125,249.375,244.84375,244.84375,244.84375,244.84375,244.84375,245.78125,241.875,244.84375,255.0,244.84375,244.84375,244.84375,245.78125,244.84375,244.84375,248.28125,237.8125,244.84375,237.8125,237.8125,237.8125,237.8125,237.8125,237.8125,237.8125,237.8125,244.84375,237.8125,237.8125,244.6875,237.8125,237.8125,237.8125,244.84375,237.8125
hDenV1/Colombia/un-BROAD-0000007/2005,0.0,0.0,0.0,0.0,0.0,0.0,0.0,0.0,0.0,0.0,0.0,12.65625,12.65625,12.65625,0.0,12.65625,0.0,0.0,0.0,0.0,0.0,0.0,0.0,3.59375,0.0,22.65625,0.0,3.59375,3.59375,0.0,0.0,0.0,0.0,0.0,20.625,3.59375,0.0,0.0,3.59375,12.96875,0.0,0.0,3.59375,0.0,0.0,0.0,0.0,0.0,0.0,0.0,0.0,0.0,0.0,0.0,0.0,0.0,0.0,0.0,0.0,0.0,0.0,0.0,0.0,0.0,0.0,0.0,0.0,0.0,0.0,0.0,0.0,0.0,0.0,0.0,0.0,0.0,0.0,0.0,0.0,4.53125,0.0,0.0,0.0,0.0,0.0,0.0,0.0,0.0,0.0,0.0,0.0,0.0,0.0,12.65625,0.0,12.65625,0.0,0.0,0.0,12.65625,0.0,0.0,0.0,0.0,3.28125,207.65625,206.25,206.25,206.25,224.53125,204.84375,191.5625,202.03125,206.25,206.25,206.25,206.25,206.25,206.25,206.25,206.25,206.25,206.25,206.25,206.25,206.25,206.25,206.25,206.25,206.25,206.25,206.25,206.25,206.25,206.25,206.25,206.25,206.25,206.25,206.25,206.25,206.25,206.25,206.25,206.25,206.25,206.25,206.25,206.25,206.25,206.25,206.25,206.25,206.25,206.25,206.25,206.25,206.25,206.25,207.5,206.25,206.25,206.25,206.25,206.25,206.25,206.25,206.25,206.25,206.25,206.25,206.25,206.25,206.25,206.25,206.25,206.25,206.25,206.25,206.25,206.25,206.25,206.25,206.25,206.25,206.25,206.25,206.25,206.25,206.25,206.25,393.4375,393.4375,394.53125,393.4375,407.8125,407.8125,420.3125,386.09375,370.15625,396.875,420.3125,407.34375,420.3125,420.3125,407.34375,407.34375,407.34375,420.3125,420.3125,420.3125,393.4375,407.34375,407.34375,420.3125,407.34375,393.4375,420.3125,416.25,420.3125,407.34375,420.3125,420.3125,407.34375,393.4375,393.4375,407.34375,407.34375,393.4375,393.4375,420.3125,414.0625,407.34375,420.3125,407.34375,407.34375,420.3125,407.34375,396.875,407.34375,407.34375,407.34375,420.3125,407.34375,407.34375,393.4375,393.4375,407.34375,407.34375,393.4375,407.34375,407.34375,393.4375,393.4375,407.34375,407.34375,393.4375,396.875,420.3125,407.34375,416.25,420.3125,420.3125,393.4375,407.34375,393.4375,396.875,416.25,420.3125,407.34375,407.34375,404.21875,392.8125,404.21875,404.21875,407.34375,420.3125,392.8125,404.21875,392.8125,396.875,392.8125,392.8125,404.21875,392.8125,392.8125,392.8125,392.8125,392.8125,392.8125,392.8125,413.59375,407.34375,244.375,244.84375,248.28125,237.8125,244.375,244.84375,244.84375,244.84375,244.84375,244.84375,244.84375,244.84375,244.84375,245.78125,252.96875,252.96875,252.96875,252.96875,252.96875,244.84375,244.84375,237.8125,252.96875,244.84375,244.84375,244.84375,244.84375,244.84375,244.84375,244.84375,244.84375,244.84375,244.84375,244.84375,244.84375,237.8125,237.8125,244.84375,244.84375,244.84375,244.84375,244.84375,244.84375,244.84375,245.78125,244.84375,244.84375,244.84375,244.84375,244.84375,244.84375,244.84375,244.84375,244.84375,244.84375,244.84375,245.78125,249.375,244.84375,244.84375,244.84375,244.84375,244.84375,245.78125,241.875,244.84375,255.0,244.84375,244.84375,244.84375,245.78125,244.84375,244.84375,248.28125,237.8125,244.84375,237.8125,237.8125,237.8125,237.8125,237.8125,237.8125,237.8125,237.8125,244.84375,237.8125,237.8125,244.6875,237.8125,237.8125,237.8125,244.84375,237.8125
hDenV1/Colombia/un-CDC-002/2007,0.0,0.0,0.0,0.0,0.0,0.0,0.0,0.0,0.0,0.0,0.0,12.65625,12.65625,12.65625,0.0,12.65625,0.0,0.0,0.0,0.0,0.0,0.0,0.0,3.59375,0.0,22.65625,0.0,3.59375,3.59375,0.0,0.0,0.0,0.0,0.0,20.625,3.59375,0.0,0.0,3.59375,12.96875,0.0,0.0,3.59375,0.0,0.0,0.0,0.0,0.0,0.0,0.0,0.0,0.0,0.0,0.0,0.0,0.0,0.0,0.0,0.0,0.0,0.0,0.0,0.0,0.0,0.0,0.0,0.0,0.0,0.0,0.0,0.0,0.0,0.0,0.0,0.0,0.0,0.0,0.0,0.0,4.53125,0.0,0.0,0.0,0.0,0.0,0.0,0.0,0.0,0.0,0.0,0.0,0.0,0.0,12.65625,0.0,12.65625,0.0,0.0,0.0,12.65625,0.0,0.0,0.0,0.0,3.28125,207.65625,206.25,206.25,206.25,224.53125,204.84375,191.5625,202.03125,206.25,206.25,206.25,206.25,206.25,206.25,206.25,206.25,206.25,206.25,206.25,206.25,206.25,206.25,206.25,206.25,206.25,206.25,206.25,206.25,206.25,206.25,206.25,206.25,206.25,206.25,206.25,206.25,206.25,206.25,206.25,206.25,206.25,206.25,206.25,206.25,206.25,206.25,206.25,206.25,206.25,206.25,206.25,206.25,206.25,206.25,207.5,206.25,206.25,206.25,206.25,206.25,206.25,206.25,206.25,206.25,206.25,206.25,206.25,206.25,206.25,206.25,206.25,206.25,206.25,206.25,206.25,206.25,206.25,206.25,206.25,206.25,206.25,206.25,206.25,206.25,206.25,206.25,393.4375,393.4375,394.53125,393.4375,407.8125,407.8125,420.3125,386.09375,370.15625,396.875,420.3125,407.34375,420.3125,420.3125,407.34375,407.34375,407.34375,420.3125,420.3125,420.3125,393.4375,407.34375,407.34375,420.3125,407.34375,393.4375,420.3125,416.25,420.3125,407.34375,420.3125,420.3125,407.34375,393.4375,393.4375,407.34375,407.34375,393.4375,393.4375,420.3125,414.0625,407.34375,420.3125,407.34375,407.34375,420.3125,407.34375,396.875,407.34375,407.34375,407.34375,420.3125,407.34375,407.34375,393.4375,393.4375,407.34375,407.34375,393.4375,407.34375,407.34375,393.4375,393.4375,407.34375,407.34375,393.4375,396.875,420.3125,407.34375,416.25,420.3125,420.3125,393.4375,407.34375,393.4375,396.875,416.25,420.3125,407.34375,407.34375,404.21875,392.8125,404.21875,404.21875,407.34375,420.3125,392.8125,404.21875,392.8125,396.875,392.8125,392.8125,404.21875,392.8125,392.8125,392.8125,392.8125,392.8125,392.8125,392.8125,413.59375,407.34375,244.375,244.84375,248.28125,237.8125,244.375,244.84375,244.84375,244.84375,244.84375,244.84375,244.84375,244.84375,244.84375,245.78125,252.96875,252.96875,252.96875,252.96875,252.96875,244.84375,244.84375,237.8125,252.96875,244.84375,244.84375,244.84375,244.84375,244.84375,244.84375,244.84375,244.84375,244.84375,244.84375,244.84375,244.84375,237.8125,237.8125,244.84375,244.84375,244.84375,244.84375,244.84375,244.84375,244.84375,245.78125,244.84375,244.84375,244.84375,244.84375,244.84375,244.84375,244.84375,244.84375,244.84375,244.84375,244.84375,245.78125,249.375,244.84375,244.84375,244.84375,244.84375,244.84375,245.78125,241.875,244.84375,255.0,244.84375,244.84375,244.84375,245.78125,244.84375,244.84375,248.28125,237.8125,244.84375,237.8125,237.8125,237.8125,237.8125,237.8125,237.8125,237.8125,237.8125,244.84375,237.8125,237.8125,244.6875,237.8125,237.8125,237.8125,244.84375,237.8125
hDenV1/Colombia/un-FUAA-AFI007673/2019,0.0,0.0,0.0,0.0,0.0,0.0,0.0,0.0,0.0,0.0,0.0,12.65625,12.65625,12.65625,0.0,12.65625,0.0,0.0,0.0,0.0,0.0,0.0,0.0,3.59375,0.0,22.65625,0.0,3.59375,3.59375,0.0,0.0,0.0,0.0,0.0,20.625,3.59375,0.0,0.0,3.59375,12.96875,0.0,0.0,3.59375,0.0,0.0,0.0,0.0,0.0,0.0,0.0,0.0,0.0,0.0,0.0,0.0,0.0,0.0,0.0,0.0,0.0,0.0,0.0,0.0,0.0,0.0,0.0,0.0,0.0,0.0,0.0,0.0,0.0,0.0,0.0,0.0,0.0,0.0,0.0,0.0,4.53125,0.0,0.0,0.0,0.0,0.0,0.0,0.0,0.0,0.0,0.0,0.0,0.0,0.0,12.65625,0.0,12.65625,0.0,0.0,0.0,12.65625,0.0,0.0,0.0,0.0,3.28125,207.65625,206.25,206.25,206.25,224.53125,204.84375,191.5625,202.03125,206.25,206.25,206.25,206.25,206.25,206.25,206.25,206.25,206.25,206.25,206.25,206.25,206.25,206.25,206.25,206.25,206.25,206.25,206.25,206.25,206.25,206.25,206.25,206.25,206.25,206.25,206.25,206.25,206.25,206.25,206.25,206.25,206.25,206.25,206.25,206.25,206.25,206.25,206.25,206.25,206.25,206.25,206.25,206.25,206.25,206.25,207.5,206.25,206.25,206.25,206.25,206.25,206.25,206.25,206.25,206.25,206.25,206.25,206.25,206.25,206.25,206.25,206.25,206.25,206.25,206.25,206.25,206.25,206.25,206.25,206.25,206.25,206.25,206.25,206.25,206.25,206.25,206.25,393.4375,393.4375,394.53125,393.4375,407.8125,407.8125,420.3125,386.09375,370.15625,396.875,420.3125,407.34375,420.3125,420.3125,407.34375,407.34375,407.34375,420.3125,420.3125,420.3125,393.4375,407.34375,407.34375,420.3125,407.34375,393.4375,420.3125,416.25,420.3125,407.34375,420.3125,420.3125,407.34375,393.4375,393.4375,407.34375,407.34375,393.4375,393.4375,420.3125,414.0625,407.34375,420.3125,407.34375,407.34375,420.3125,407.34375,396.875,407.34375,407.34375,407.34375,420.3125,407.34375,407.34375,393.4375,393.4375,407.34375,407.34375,393.4375,407.34375,407.34375,393.4375,393.4375,407.34375,407.34375,393.4375,396.875,420.3125,407.34375,416.25,420.3125,420.3125,393.4375,407.34375,393.4375,396.875,416.25,420.3125,407.34375,407.34375,404.21875,392.8125,404.21875,404.21875,407.34375,420.3125,392.8125,404.21875,392.8125,396.875,392.8125,392.8125,404.21875,392.8125,392.8125,392.8125,392.8125,392.8125,392.8125,392.8125,413.59375,407.34375,244.375,244.84375,248.28125,237.8125,244.375,244.84375,244.84375,244.84375,244.84375,244.84375,244.84375,244.84375,244.84375,245.78125,252.96875,252.96875,252.96875,252.96875,252.96875,244.84375,244.84375,237.8125,252.96875,244.84375,244.84375,244.84375,244.84375,244.84375,244.84375,244.84375,244.84375,244.84375,244.84375,244.84375,244.84375,237.8125,237.8125,244.84375,244.84375,244.84375,244.84375,244.84375,244.84375,244.84375,245.78125,244.84375,244.84375,244.84375,244.84375,244.84375,244.84375,244.84375,244.84375,244.84375,244.84375,244.84375,245.78125,249.375,244.84375,244.84375,244.84375,244.84375,244.84375,245.78125,241.875,244.84375,255.0,244.84375,244.84375,244.84375,245.78125,244.84375,244.84375,248.28125,237.8125,244.84375,237.8125,237.8125,237.8125,237.8125,237.8125,237.8125,237.8125,237.8125,244.84375,237.8125,237.8125,244.6875,237.8125,237.8125,237.8125,244.84375,237.8125
hDenV1/Colombia/un-FUAA-DFC063/2021,0.0,0.0,0.0,0.0,0.0,0.0,0.0,0.0,0.0,0.0,0.0,12.65625,12.65625,12.65625,0.0,12.65625,0.0,0.0,0.0,0.0,0.0,0.0,0.0,3.59375,0.0,22.65625,0.0,3.59375,3.59375,0.0,0.0,0.0,0.0,0.0,20.625,3.59375,0.0,0.0,3.59375,12.96875,0.0,0.0,3.59375,0.0,0.0,0.0,0.0,0.0,0.0,0.0,0.0,0.0,0.0,0.0,0.0,0.0,0.0,0.0,0.0,0.0,0.0,0.0,0.0,0.0,0.0,0.0,0.0,0.0,0.0,0.0,0.0,0.0,0.0,0.0,0.0,0.0,0.0,0.0,0.0,4.53125,0.0,0.0,0.0,0.0,0.0,0.0,0.0,0.0,0.0,0.0,0.0,0.0,0.0,12.65625,0.0,12.65625,0.0,0.0,0.0,12.65625,0.0,0.0,0.0,0.0,3.28125,207.65625,206.25,206.25,206.25,224.53125,204.84375,191.5625,202.03125,206.25,206.25,206.25,206.25,206.25,206.25,206.25,206.25,206.25,206.25,206.25,206.25,206.25,206.25,206.25,206.25,206.25,206.25,206.25,206.25,206.25,206.25,206.25,206.25,206.25,206.25,206.25,206.25,206.25,206.25,206.25,206.25,206.25,206.25,206.25,206.25,206.25,206.25,206.25,206.25,206.25,206.25,206.25,206.25,206.25,206.25,207.5,206.25,206.25,206.25,206.25,206.25,206.25,206.25,206.25,206.25,206.25,206.25,206.25,206.25,206.25,206.25,206.25,206.25,206.25,206.25,206.25,206.25,206.25,206.25,206.25,206.25,206.25,206.25,206.25,206.25,206.25,206.25,393.4375,393.4375,394.53125,393.4375,407.8125,407.8125,420.3125,386.09375,370.15625,396.875,420.3125,407.34375,420.3125,420.3125,407.34375,407.34375,407.34375,420.3125,420.3125,420.3125,393.4375,407.34375,407.34375,420.3125,407.34375,393.4375,420.3125,416.25,420.3125,407.34375,420.3125,420.3125,407.34375,393.4375,393.4375,407.34375,407.34375,393.4375,393.4375,420.3125,414.0625,407.34375,420.3125,407.34375,407.34375,420.3125,407.34375,396.875,407.34375,407.34375,407.34375,420.3125,407.34375,407.34375,393.4375,393.4375,407.34375,407.34375,393.4375,407.34375,407.34375,393.4375,393.4375,407.34375,407.34375,393.4375,396.875,420.3125,407.34375,416.25,420.3125,420.3125,393.4375,407.34375,393.4375,396.875,416.25,420.3125,407.34375,407.34375,404.21875,392.8125,404.21875,404.21875,407.34375,420.3125,392.8125,404.21875,392.8125,396.875,392.8125,392.8125,404.21875,392.8125,392.8125,392.8125,392.8125,392.8125,392.8125,392.8125,413.59375,407.34375,244.375,244.84375,248.28125,237.8125,244.375,244.84375,244.84375,244.84375,244.84375,244.84375,244.84375,244.84375,244.84375,245.78125,252.96875,252.96875,252.96875,252.96875,252.96875,244.84375,244.84375,237.8125,252.96875,244.84375,244.84375,244.84375,244.84375,244.84375,244.84375,244.84375,244.84375,244.84375,244.84375,244.84375,244.84375,237.8125,237.8125,244.84375,244.84375,244.84375,244.84375,244.84375,244.84375,244.84375,245.78125,244.84375,244.84375,244.84375,244.84375,244.84375,244.84375,244.84375,244.84375,244.84375,244.84375,244.84375,245.78125,249.375,244.84375,244.84375,244.84375,244.84375,244.84375,245.78125,241.875,244.84375,255.0,244.84375,244.84375,244.84375,245.78125,244.84375,244.84375,248.28125,237.8125,244.84375,237.8125,237.8125,237.8125,237.8125,237.8125,237.8125,237.8125,237.8125,244.84375,237.8125,237.8125,244.6875,237.8125,237.8125,237.8125,244.84375,237.8125
hDenV1/Colombia/un-FUAA-DFC087/2021,0.0,0.0,0.0,0.0,0.0,0.0,0.0,0.0,0.0,0.0,0.0,12.65625,12.65625,12.65625,0.0,12.65625,0.0,0.0,0.0,0.0,0.0,0.0,0.0,3.59375,0.0,22.65625,0.0,3.59375,3.59375,0.0,0.0,0.0,0.0,0.0,20.625,3.59375,0.0,0.0,3.59375,12.96875,0.0,0.0,3.59375,0.0,0.0,0.0,0.0,0.0,0.0,0.0,0.0,0.0,0.0,0.0,0.0,0.0,0.0,0.0,0.0,0.0,0.0,0.0,0.0,0.0,0.0,0.0,0.0,0.0,0.0,0.0,0.0,0.0,0.0,0.0,0.0,0.0,0.0,0.0,0.0,4.53125,0.0,0.0,0.0,0.0,0.0,0.0,0.0,0.0,0.0,0.0,0.0,0.0,0.0,12.65625,0.0,12.65625,0.0,0.0,0.0,12.65625,0.0,0.0,0.0,0.0,3.28125,207.65625,206.25,206.25,206.25,224.53125,204.84375,191.5625,202.03125,206.25,206.25,206.25,206.25,206.25,206.25,206.25,206.25,206.25,206.25,206.25,206.25,206.25,206.25,206.25,206.25,206.25,206.25,206.25,206.25,206.25,206.25,206.25,206.25,206.25,206.25,206.25,206.25,206.25,206.25,206.25,206.25,206.25,206.25,206.25,206.25,206.25,206.25,206.25,206.25,206.25,206.25,206.25,206.25,206.25,206.25,207.5,206.25,206.25,206.25,206.25,206.25,206.25,206.25,206.25,206.25,206.25,206.25,206.25,206.25,206.25,206.25,206.25,206.25,206.25,206.25,206.25,206.25,206.25,206.25,206.25,206.25,206.25,206.25,206.25,206.25,206.25,206.25,393.4375,393.4375,394.53125,393.4375,407.8125,407.8125,420.3125,386.09375,370.15625,396.875,420.3125,407.34375,420.3125,420.3125,407.34375,407.34375,407.34375,420.3125,420.3125,420.3125,393.4375,407.34375,407.34375,420.3125,407.34375,393.4375,420.3125,416.25,420.3125,407.34375,420.3125,420.3125,407.34375,393.4375,393.4375,407.34375,407.34375,393.4375,393.4375,420.3125,414.0625,407.34375,420.3125,407.34375,407.34375,420.3125,407.34375,396.875,407.34375,407.34375,407.34375,420.3125,407.34375,407.34375,393.4375,393.4375,407.34375,407.34375,393.4375,407.34375,407.34375,393.4375,393.4375,407.34375,407.34375,393.4375,396.875,420.3125,407.34375,416.25,420.3125,420.3125,393.4375,407.34375,393.4375,396.875,416.25,420.3125,407.34375,407.34375,404.21875,392.8125,404.21875,404.21875,407.34375,420.3125,392.8125,404.21875,392.8125,396.875,392.8125,392.8125,404.21875,392.8125,392.8125,392.8125,392.8125,392.8125,392.8125,392.8125,413.59375,407.34375,244.375,244.84375,248.28125,237.8125,244.375,244.84375,244.84375,244.84375,244.84375,244.84375,244.84375,244.84375,244.84375,245.78125,252.96875,252.96875,252.96875,252.96875,252.96875,244.84375,244.84375,237.8125,252.96875,244.84375,244.84375,244.84375,244.84375,244.84375,244.84375,244.84375,244.84375,244.84375,244.84375,244.84375,244.84375,237.8125,237.8125,244.84375,244.84375,244.84375,244.84375,244.84375,244.84375,244.84375,245.78125,244.84375,244.84375,244.84375,244.84375,244.84375,244.84375,244.84375,244.84375,244.84375,244.84375,244.84375,245.78125,249.375,244.84375,244.84375,244.84375,244.84375,244.84375,245.78125,241.875,244.84375,255.0,244.84375,244.84375,244.84375,245.78125,244.84375,244.84375,248.28125,237.8125,244.84375,237.8125,237.8125,237.8125,237.8125,237.8125,237.8125,237.8125,237.8125,244.84375,237.8125,237.8125,244.6875,237.8125,237.8125,237.8125,244.84375,237.8125
hDenV1/Colombia/un-FUAA-DFC088/2021,0.0,0.0,0.0,0.0,0.0,0.0,0.0,0.0,0.0,0.0,0.0,12.65625,12.65625,12.65625,0.0,12.65625,0.0,0.0,0.0,0.0,0.0,0.0,0.0,3.59375,0.0,22.65625,0.0,3.59375,3.59375,0.0,0.0,0.0,0.0,0.0,20.625,3.59375,0.0,0.0,3.59375,12.96875,0.0,0.0,3.59375,0.0,0.0,0.0,0.0,0.0,0.0,0.0,0.0,0.0,0.0,0.0,0.0,0.0,0.0,0.0,0.0,0.0,0.0,0.0,0.0,0.0,0.0,0.0,0.0,0.0,0.0,0.0,0.0,0.0,0.0,0.0,0.0,0.0,0.0,0.0,0.0,4.53125,0.0,0.0,0.0,0.0,0.0,0.0,0.0,0.0,0.0,0.0,0.0,0.0,0.0,12.65625,0.0,12.65625,0.0,0.0,0.0,12.65625,0.0,0.0,0.0,0.0,3.28125,207.65625,206.25,206.25,206.25,224.53125,204.84375,191.5625,202.03125,206.25,206.25,206.25,206.25,206.25,206.25,206.25,206.25,206.25,206.25,206.25,206.25,206.25,206.25,206.25,206.25,206.25,206.25,206.25,206.25,206.25,206.25,206.25,206.25,206.25,206.25,206.25,206.25,206.25,206.25,206.25,206.25,206.25,206.25,206.25,206.25,206.25,206.25,206.25,206.25,206.25,206.25,206.25,206.25,206.25,206.25,207.5,206.25,206.25,206.25,206.25,206.25,206.25,206.25,206.25,206.25,206.25,206.25,206.25,206.25,206.25,206.25,206.25,206.25,206.25,206.25,206.25,206.25,206.25,206.25,206.25,206.25,206.25,206.25,206.25,206.25,206.25,206.25,393.4375,393.4375,394.53125,393.4375,407.8125,407.8125,420.3125,386.09375,370.15625,396.875,420.3125,407.34375,420.3125,420.3125,407.34375,407.34375,407.34375,420.3125,420.3125,420.3125,393.4375,407.34375,407.34375,420.3125,407.34375,393.4375,420.3125,416.25,420.3125,407.34375,420.3125,420.3125,407.34375,393.4375,393.4375,407.34375,407.34375,393.4375,393.4375,420.3125,414.0625,407.34375,420.3125,407.34375,407.34375,420.3125,407.34375,396.875,407.34375,407.34375,407.34375,420.3125,407.34375,407.34375,393.4375,393.4375,407.34375,407.34375,393.4375,407.34375,407.34375,393.4375,393.4375,407.34375,407.34375,393.4375,396.875,420.3125,407.34375,416.25,420.3125,420.3125,393.4375,407.34375,393.4375,396.875,416.25,420.3125,407.34375,407.34375,404.21875,392.8125,404.21875,404.21875,407.34375,420.3125,392.8125,404.21875,392.8125,396.875,392.8125,392.8125,404.21875,392.8125,392.8125,392.8125,392.8125,392.8125,392.8125,392.8125,413.59375,407.34375,244.375,244.84375,248.28125,237.8125,244.375,244.84375,244.84375,244.84375,244.84375,244.84375,244.84375,244.84375,244.84375,245.78125,252.96875,252.96875,252.96875,252.96875,252.96875,244.84375,244.84375,237.8125,252.96875,244.84375,244.84375,244.84375,244.84375,244.84375,244.84375,244.84375,244.84375,244.84375,244.84375,244.84375,244.84375,237.8125,237.8125,244.84375,244.84375,244.84375,244.84375,244.84375,244.84375,244.84375,245.78125,244.84375,244.84375,244.84375,244.84375,244.84375,244.84375,244.84375,244.84375,244.84375,244.84375,244.84375,245.78125,249.375,244.84375,244.84375,244.84375,244.84375,244.84375,245.78125,241.875,244.84375,255.0,244.84375,244.84375,244.84375,245.78125,244.84375,244.84375,248.28125,237.8125,244.84375,237.8125,237.8125,237.8125,237.8125,237.8125,237.8125,237.8125,237.8125,244.84375,237.8125,237.8125,244.6875,237.8125,237.8125,237.8125,244.84375,237.8125
hDenV1/Colombia/un-FUAA-DFC096/2021,0.0,0.0,0.0,0.0,0.0,0.0,0.0,0.0,0.0,0.0,0.0,12.65625,12.65625,12.65625,0.0,12.65625,0.0,0.0,0.0,0.0,0.0,0.0,0.0,3.59375,0.0,22.65625,0.0,3.59375,3.59375,0.0,0.0,0.0,0.0,0.0,20.625,3.59375,0.0,0.0,3.59375,12.96875,0.0,0.0,3.59375,0.0,0.0,0.0,0.0,0.0,0.0,0.0,0.0,0.0,0.0,0.0,0.0,0.0,0.0,0.0,0.0,0.0,0.0,0.0,0.0,0.0,0.0,0.0,0.0,0.0,0.0,0.0,0.0,0.0,0.0,0.0,0.0,0.0,0.0,0.0,0.0,4.53125,0.0,0.0,0.0,0.0,0.0,0.0,0.0,0.0,0.0,0.0,0.0,0.0,0.0,12.65625,0.0,12.65625,0.0,0.0,0.0,12.65625,0.0,0.0,0.0,0.0,3.28125,207.65625,206.25,206.25,206.25,224.53125,204.84375,191.5625,202.03125,206.25,206.25,206.25,206.25,206.25,206.25,206.25,206.25,206.25,206.25,206.25,206.25,206.25,206.25,206.25,206.25,206.25,206.25,206.25,206.25,206.25,206.25,206.25,206.25,206.25,206.25,206.25,206.25,206.25,206.25,206.25,206.25,206.25,206.25,206.25,206.25,206.25,206.25,206.25,206.25,206.25,206.25,206.25,206.25,206.25,206.25,207.5,206.25,206.25,206.25,206.25,206.25,206.25,206.25,206.25,206.25,206.25,206.25,206.25,206.25,206.25,206.25,206.25,206.25,206.25,206.25,206.25,206.25,206.25,206.25,206.25,206.25,206.25,206.25,206.25,206.25,206.25,206.25,393.4375,393.4375,394.53125,393.4375,407.8125,407.8125,420.3125,386.09375,370.15625,396.875,420.3125,407.34375,420.3125,420.3125,407.34375,407.34375,407.34375,420.3125,420.3125,420.3125,393.4375,407.34375,407.34375,420.3125,407.34375,393.4375,420.3125,416.25,420.3125,407.34375,420.3125,420.3125,407.34375,393.4375,393.4375,407.34375,407.34375,393.4375,393.4375,420.3125,414.0625,407.34375,420.3125,407.34375,407.34375,420.3125,407.34375,396.875,407.34375,407.34375,407.34375,420.3125,407.34375,407.34375,393.4375,393.4375,407.34375,407.34375,393.4375,407.34375,407.34375,393.4375,393.4375,407.34375,407.34375,393.4375,396.875,420.3125,407.34375,416.25,420.3125,420.3125,393.4375,407.34375,393.4375,396.875,416.25,420.3125,407.34375,407.34375,404.21875,392.8125,404.21875,404.21875,407.34375,420.3125,392.8125,404.21875,392.8125,396.875,392.8125,392.8125,404.21875,392.8125,392.8125,392.8125,392.8125,392.8125,392.8125,392.8125,413.59375,407.34375,244.375,244.84375,248.28125,237.8125,244.375,244.84375,244.84375,244.84375,244.84375,244.84375,244.84375,244.84375,244.84375,245.78125,252.96875,252.96875,252.96875,252.96875,252.96875,244.84375,244.84375,237.8125,252.96875,244.84375,244.84375,244.84375,244.84375,244.84375,244.84375,244.84375,244.84375,244.84375,244.84375,244.84375,244.84375,237.8125,237.8125,244.84375,244.84375,244.84375,244.84375,244.84375,244.84375,244.84375,245.78125,244.84375,244.84375,244.84375,244.84375,244.84375,244.84375,244.84375,244.84375,244.84375,244.84375,244.84375,245.78125,249.375,244.84375,244.84375,244.84375,244.84375,244.84375,245.78125,241.875,244.84375,255.0,244.84375,244.84375,244.84375,245.78125,244.84375,244.84375,248.28125,237.8125,244.84375,237.8125,237.8125,237.8125,237.8125,237.8125,237.8125,237.8125,237.8125,244.84375,237.8125,237.8125,244.6875,237.8125,237.8125,237.8125,244.84375,237.8125
hDenV1/Colombia/un-FUAA-DFC112/2021,0.0,0.0,0.0,0.0,0.0,0.0,0.0,0.0,0.0,0.0,0.0,12.65625,12.65625,12.65625,0.0,12.65625,0.0,0.0,0.0,0.0,0.0,0.0,0.0,3.59375,0.0,22.65625,0.0,3.59375,3.59375,0.0,0.0,0.0,0.0,0.0,20.625,3.59375,0.0,0.0,3.59375,12.96875,0.0,0.0,3.59375,0.0,0.0,0.0,0.0,0.0,0.0,0.0,0.0,0.0,0.0,0.0,0.0,0.0,0.0,0.0,0.0,0.0,0.0,0.0,0.0,0.0,0.0,0.0,0.0,0.0,0.0,0.0,0.0,0.0,0.0,0.0,0.0,0.0,0.0,0.0,0.0,4.53125,0.0,0.0,0.0,0.0,0.0,0.0,0.0,0.0,0.0,0.0,0.0,0.0,0.0,12.65625,0.0,12.65625,0.0,0.0,0.0,12.65625,0.0,0.0,0.0,0.0,3.28125,207.65625,206.25,206.25,206.25,224.53125,204.84375,191.5625,202.03125,206.25,206.25,206.25,206.25,206.25,206.25,206.25,206.25,206.25,206.25,206.25,206.25,206.25,206.25,206.25,206.25,206.25,206.25,206.25,206.25,206.25,206.25,206.25,206.25,206.25,206.25,206.25,206.25,206.25,206.25,206.25,206.25,206.25,206.25,206.25,206.25,206.25,206.25,206.25,206.25,206.25,206.25,206.25,206.25,206.25,206.25,207.5,206.25,206.25,206.25,206.25,206.25,206.25,206.25,206.25,206.25,206.25,206.25,206.25,206.25,206.25,206.25,206.25,206.25,206.25,206.25,206.25,206.25,206.25,206.25,206.25,206.25,206.25,206.25,206.25,206.25,206.25,206.25,393.4375,393.4375,394.53125,393.4375,407.8125,407.8125,420.3125,386.09375,370.15625,396.875,420.3125,407.34375,420.3125,420.3125,407.34375,407.34375,407.34375,420.3125,420.3125,420.3125,393.4375,407.34375,407.34375,420.3125,407.34375,393.4375,420.3125,416.25,420.3125,407.34375,420.3125,420.3125,407.34375,393.4375,393.4375,407.34375,407.34375,393.4375,393.4375,420.3125,414.0625,407.34375,420.3125,407.34375,407.34375,420.3125,407.34375,396.875,407.34375,407.34375,407.34375,420.3125,407.34375,407.34375,393.4375,393.4375,407.34375,407.34375,393.4375,407.34375,407.34375,393.4375,393.4375,407.34375,407.34375,393.4375,396.875,420.3125,407.34375,416.25,420.3125,420.3125,393.4375,407.34375,393.4375,396.875,416.25,420.3125,407.34375,407.34375,404.21875,392.8125,404.21875,404.21875,407.34375,420.3125,392.8125,404.21875,392.8125,396.875,392.8125,392.8125,404.21875,392.8125,392.8125,392.8125,392.8125,392.8125,392.8125,392.8125,413.59375,407.34375,244.375,244.84375,248.28125,237.8125,244.375,244.84375,244.84375,244.84375,244.84375,244.84375,244.84375,244.84375,244.84375,245.78125,252.96875,252.96875,252.96875,252.96875,252.96875,244.84375,244.84375,237.8125,252.96875,244.84375,244.84375,244.84375,244.84375,244.84375,244.84375,244.84375,244.84375,244.84375,244.84375,244.84375,244.84375,237.8125,237.8125,244.84375,244.84375,244.84375,244.84375,244.84375,244.84375,244.84375,245.78125,244.84375,244.84375,244.84375,244.84375,244.84375,244.84375,244.84375,244.84375,244.84375,244.84375,244.84375,245.78125,249.375,244.84375,244.84375,244.84375,244.84375,244.84375,245.78125,241.875,244.84375,255.0,244.84375,244.84375,244.84375,245.78125,244.84375,244.84375,248.28125,237.8125,244.84375,237.8125,237.8125,237.8125,237.8125,237.8125,237.8125,237.8125,237.8125,244.84375,237.8125,237.8125,244.6875,237.8125,237.8125,237.8125,244.84375,237.8125
hDenV1/Colombia/un-FUAA-DFC114/2021,0.0,0.0,0.0,0.0,0.0,0.0,0.0,0.0,0.0,0.0,0.0,12.65625,12.65625,12.65625,0.0,12.65625,0.0,0.0,0.0,0.0,0.0,0.0,0.0,3.59375,0.0,22.65625,0.0,3.59375,3.59375,0.0,0.0,0.0,0.0,0.0,20.625,3.59375,0.0,0.0,3.59375,12.96875,0.0,0.0,3.59375,0.0,0.0,0.0,0.0,0.0,0.0,0.0,0.0,0.0,0.0,0.0,0.0,0.0,0.0,0.0,0.0,0.0,0.0,0.0,0.0,0.0,0.0,0.0,0.0,0.0,0.0,0.0,0.0,0.0,0.0,0.0,0.0,0.0,0.0,0.0,0.0,4.53125,0.0,0.0,0.0,0.0,0.0,0.0,0.0,0.0,0.0,0.0,0.0,0.0,0.0,12.65625,0.0,12.65625,0.0,0.0,0.0,12.65625,0.0,0.0,0.0,0.0,3.28125,207.65625,206.25,206.25,206.25,224.53125,204.84375,191.5625,202.03125,206.25,206.25,206.25,206.25,206.25,206.25,206.25,206.25,206.25,206.25,206.25,206.25,206.25,206.25,206.25,206.25,206.25,206.25,206.25,206.25,206.25,206.25,206.25,206.25,206.25,206.25,206.25,206.25,206.25,206.25,206.25,206.25,206.25,206.25,206.25,206.25,206.25,206.25,206.25,206.25,206.25,206.25,206.25,206.25,206.25,206.25,207.5,206.25,206.25,206.25,206.25,206.25,206.25,206.25,206.25,206.25,206.25,206.25,206.25,206.25,206.25,206.25,206.25,206.25,206.25,206.25,206.25,206.25,206.25,206.25,206.25,206.25,206.25,206.25,206.25,206.25,206.25,206.25,393.4375,393.4375,394.53125,393.4375,407.8125,407.8125,420.3125,386.09375,370.15625,396.875,420.3125,407.34375,420.3125,420.3125,407.34375,407.34375,407.34375,420.3125,420.3125,420.3125,393.4375,407.34375,407.34375,420.3125,407.34375,393.4375,420.3125,416.25,420.3125,407.34375,420.3125,420.3125,407.34375,393.4375,393.4375,407.34375,407.34375,393.4375,393.4375,420.3125,414.0625,407.34375,420.3125,407.34375,407.34375,420.3125,407.34375,396.875,407.34375,407.34375,407.34375,420.3125,407.34375,407.34375,393.4375,393.4375,407.34375,407.34375,393.4375,407.34375,407.34375,393.4375,393.4375,407.34375,407.34375,393.4375,396.875,420.3125,407.34375,416.25,420.3125,420.3125,393.4375,407.34375,393.4375,396.875,416.25,420.3125,407.34375,407.34375,404.21875,392.8125,404.21875,404.21875,407.34375,420.3125,392.8125,404.21875,392.8125,396.875,392.8125,392.8125,404.21875,392.8125,392.8125,392.8125,392.8125,392.8125,392.8125,392.8125,413.59375,407.34375,244.375,244.84375,248.28125,237.8125,244.375,244.84375,244.84375,244.84375,244.84375,244.84375,244.84375,244.84375,244.84375,245.78125,252.96875,252.96875,252.96875,252.96875,252.96875,244.84375,244.84375,237.8125,252.96875,244.84375,244.84375,244.84375,244.84375,244.84375,244.84375,244.84375,244.84375,244.84375,244.84375,244.84375,244.84375,237.8125,237.8125,244.84375,244.84375,244.84375,244.84375,244.84375,244.84375,244.84375,245.78125,244.84375,244.84375,244.84375,244.84375,244.84375,244.84375,244.84375,244.84375,244.84375,244.84375,244.84375,245.78125,249.375,244.84375,244.84375,244.84375,244.84375,244.84375,245.78125,241.875,244.84375,255.0,244.84375,244.84375,244.84375,245.78125,244.84375,244.84375,248.28125,237.8125,244.84375,237.8125,237.8125,237.8125,237.8125,237.8125,237.8125,237.8125,237.8125,244.84375,237.8125,237.8125,244.6875,237.8125,237.8125,237.8125,244.84375,237.8125
hDenV1/Colombia/un-FUAA-DFC161/2021,0.0,0.0,0.0,0.0,0.0,0.0,0.0,0.0,0.0,0.0,0.0,12.65625,12.65625,12.65625,0.0,12.65625,0.0,0.0,0.0,0.0,0.0,0.0,0.0,3.59375,0.0,22.65625,0.0,3.59375,3.59375,0.0,0.0,0.0,0.0,0.0,20.625,3.59375,0.0,0.0,3.59375,12.96875,0.0,0.0,3.59375,0.0,0.0,0.0,0.0,0.0,0.0,0.0,0.0,0.0,0.0,0.0,0.0,0.0,0.0,0.0,0.0,0.0,0.0,0.0,0.0,0.0,0.0,0.0,0.0,0.0,0.0,0.0,0.0,0.0,0.0,0.0,0.0,0.0,0.0,0.0,0.0,4.53125,0.0,0.0,0.0,0.0,0.0,0.0,0.0,0.0,0.0,0.0,0.0,0.0,0.0,12.65625,0.0,12.65625,0.0,0.0,0.0,12.65625,0.0,0.0,0.0,0.0,3.28125,207.65625,206.25,206.25,206.25,224.53125,204.84375,191.5625,202.03125,206.25,206.25,206.25,206.25,206.25,206.25,206.25,206.25,206.25,206.25,206.25,206.25,206.25,206.25,206.25,206.25,206.25,206.25,206.25,206.25,206.25,206.25,206.25,206.25,206.25,206.25,206.25,206.25,206.25,206.25,206.25,206.25,206.25,206.25,206.25,206.25,206.25,206.25,206.25,206.25,206.25,206.25,206.25,206.25,206.25,206.25,207.5,206.25,206.25,206.25,206.25,206.25,206.25,206.25,206.25,206.25,206.25,206.25,206.25,206.25,206.25,206.25,206.25,206.25,206.25,206.25,206.25,206.25,206.25,206.25,206.25,206.25,206.25,206.25,206.25,206.25,206.25,206.25,393.4375,393.4375,394.53125,393.4375,407.8125,407.8125,420.3125,386.09375,370.15625,396.875,420.3125,407.34375,420.3125,420.3125,407.34375,407.34375,407.34375,420.3125,420.3125,420.3125,393.4375,407.34375,407.34375,420.3125,407.34375,393.4375,420.3125,416.25,420.3125,407.34375,420.3125,420.3125,407.34375,393.4375,393.4375,407.34375,407.34375,393.4375,393.4375,420.3125,414.0625,407.34375,420.3125,407.34375,407.34375,420.3125,407.34375,396.875,407.34375,407.34375,407.34375,420.3125,407.34375,407.34375,393.4375,393.4375,407.34375,407.34375,393.4375,407.34375,407.34375,393.4375,393.4375,407.34375,407.34375,393.4375,396.875,420.3125,407.34375,416.25,420.3125,420.3125,393.4375,407.34375,393.4375,396.875,416.25,420.3125,407.34375,407.34375,404.21875,392.8125,404.21875,404.21875,407.34375,420.3125,392.8125,404.21875,392.8125,396.875,392.8125,392.8125,404.21875,392.8125,392.8125,392.8125,392.8125,392.8125,392.8125,392.8125,413.59375,407.34375,244.375,244.84375,248.28125,237.8125,244.375,244.84375,244.84375,244.84375,244.84375,244.84375,244.84375,244.84375,244.84375,245.78125,252.96875,252.96875,252.96875,252.96875,252.96875,244.84375,244.84375,237.8125,252.96875,244.84375,244.84375,244.84375,244.84375,244.84375,244.84375,244.84375,244.84375,244.84375,244.84375,244.84375,244.84375,237.8125,237.8125,244.84375,244.84375,244.84375,244.84375,244.84375,244.84375,244.84375,245.78125,244.84375,244.84375,244.84375,244.84375,244.84375,244.84375,244.84375,244.84375,244.84375,244.84375,244.84375,245.78125,249.375,244.84375,244.84375,244.84375,244.84375,244.84375,245.78125,241.875,244.84375,255.0,244.84375,244.84375,244.84375,245.78125,244.84375,244.84375,248.28125,237.8125,244.84375,237.8125,237.8125,237.8125,237.8125,237.8125,237.8125,237.8125,237.8125,244.84375,237.8125,237.8125,244.6875,237.8125,237.8125,237.8125,244.84375,237.8125
hDenV1/Colombia/un-FUAA-DFC162/2021,0.0,0.0,0.0,0.0,0.0,0.0,0.0,0.0,0.0,0.0,0.0,12.65625,12.65625,12.65625,0.0,12.65625,0.0,0.0,0.0,0.0,0.0,0.0,0.0,3.59375,0.0,22.65625,0.0,3.59375,3.59375,0.0,0.0,0.0,0.0,0.0,20.625,3.59375,0.0,0.0,3.59375,12.96875,0.0,0.0,3.59375,0.0,0.0,0.0,0.0,0.0,0.0,0.0,0.0,0.0,0.0,0.0,0.0,0.0,0.0,0.0,0.0,0.0,0.0,0.0,0.0,0.0,0.0,0.0,0.0,0.0,0.0,0.0,0.0,0.0,0.0,0.0,0.0,0.0,0.0,0.0,0.0,4.53125,0.0,0.0,0.0,0.0,0.0,0.0,0.0,0.0,0.0,0.0,0.0,0.0,0.0,12.65625,0.0,12.65625,0.0,0.0,0.0,12.65625,0.0,0.0,0.0,0.0,3.28125,207.65625,206.25,206.25,206.25,224.53125,204.84375,191.5625,202.03125,206.25,206.25,206.25,206.25,206.25,206.25,206.25,206.25,206.25,206.25,206.25,206.25,206.25,206.25,206.25,206.25,206.25,206.25,206.25,206.25,206.25,206.25,206.25,206.25,206.25,206.25,206.25,206.25,206.25,206.25,206.25,206.25,206.25,206.25,206.25,206.25,206.25,206.25,206.25,206.25,206.25,206.25,206.25,206.25,206.25,206.25,207.5,206.25,206.25,206.25,206.25,206.25,206.25,206.25,206.25,206.25,206.25,206.25,206.25,206.25,206.25,206.25,206.25,206.25,206.25,206.25,206.25,206.25,206.25,206.25,206.25,206.25,206.25,206.25,206.25,206.25,206.25,206.25,393.4375,393.4375,394.53125,393.4375,407.8125,407.8125,420.3125,386.09375,370.15625,396.875,420.3125,407.34375,420.3125,420.3125,407.34375,407.34375,407.34375,420.3125,420.3125,420.3125,393.4375,407.34375,407.34375,420.3125,407.34375,393.4375,420.3125,416.25,420.3125,407.34375,420.3125,420.3125,407.34375,393.4375,393.4375,407.34375,407.34375,393.4375,393.4375,420.3125,414.0625,407.34375,420.3125,407.34375,407.34375,420.3125,407.34375,396.875,407.34375,407.34375,407.34375,420.3125,407.34375,407.34375,393.4375,393.4375,407.34375,407.34375,393.4375,407.34375,407.34375,393.4375,393.4375,407.34375,407.34375,393.4375,396.875,420.3125,407.34375,416.25,420.3125,420.3125,393.4375,407.34375,393.4375,396.875,416.25,420.3125,407.34375,407.34375,404.21875,392.8125,404.21875,404.21875,407.34375,420.3125,392.8125,404.21875,392.8125,396.875,392.8125,392.8125,404.21875,392.8125,392.8125,392.8125,392.8125,392.8125,392.8125,392.8125,413.59375,407.34375,244.375,244.84375,248.28125,237.8125,244.375,244.84375,244.84375,244.84375,244.84375,244.84375,244.84375,244.84375,244.84375,245.78125,252.96875,252.96875,252.96875,252.96875,252.96875,244.84375,244.84375,237.8125,252.96875,244.84375,244.84375,244.84375,244.84375,244.84375,244.84375,244.84375,244.84375,244.84375,244.84375,244.84375,244.84375,237.8125,237.8125,244.84375,244.84375,244.84375,244.84375,244.84375,244.84375,244.84375,245.78125,244.84375,244.84375,244.84375,244.84375,244.84375,244.84375,244.84375,244.84375,244.84375,244.84375,244.84375,245.78125,249.375,244.84375,244.84375,244.84375,244.84375,244.84375,245.78125,241.875,244.84375,255.0,244.84375,244.84375,244.84375,245.78125,244.84375,244.84375,248.28125,237.8125,244.84375,237.8125,237.8125,237.8125,237.8125,237.8125,237.8125,237.8125,237.8125,244.84375,237.8125,237.8125,244.6875,237.8125,237.8125,237.8125,244.84375,237.8125
hDenV1/Colombia/un-FUAA-DFC177/2021,0.0,0.0,0.0,0.0,0.0,0.0,0.0,0.0,0.0,0.0,0.0,12.65625,12.65625,12.65625,0.0,12.65625,0.0,0.0,0.0,0.0,0.0,0.0,0.0,3.59375,0.0,22.65625,0.0,3.59375,3.59375,0.0,0.0,0.0,0.0,0.0,20.625,3.59375,0.0,0.0,3.59375,12.96875,0.0,0.0,3.59375,0.0,0.0,0.0,0.0,0.0,0.0,0.0,0.0,0.0,0.0,0.0,0.0,0.0,0.0,0.0,0.0,0.0,0.0,0.0,0.0,0.0,0.0,0.0,0.0,0.0,0.0,0.0,0.0,0.0,0.0,0.0,0.0,0.0,0.0,0.0,0.0,4.53125,0.0,0.0,0.0,0.0,0.0,0.0,0.0,0.0,0.0,0.0,0.0,0.0,0.0,12.65625,0.0,12.65625,0.0,0.0,0.0,12.65625,0.0,0.0,0.0,0.0,3.28125,207.65625,206.25,206.25,206.25,224.53125,204.84375,191.5625,202.03125,206.25,206.25,206.25,206.25,206.25,206.25,206.25,206.25,206.25,206.25,206.25,206.25,206.25,206.25,206.25,206.25,206.25,206.25,206.25,206.25,206.25,206.25,206.25,206.25,206.25,206.25,206.25,206.25,206.25,206.25,206.25,206.25,206.25,206.25,206.25,206.25,206.25,206.25,206.25,206.25,206.25,206.25,206.25,206.25,206.25,206.25,207.5,206.25,206.25,206.25,206.25,206.25,206.25,206.25,206.25,206.25,206.25,206.25,206.25,206.25,206.25,206.25,206.25,206.25,206.25,206.25,206.25,206.25,206.25,206.25,206.25,206.25,206.25,206.25,206.25,206.25,206.25,206.25,393.4375,393.4375,394.53125,393.4375,407.8125,407.8125,420.3125,386.09375,370.15625,396.875,420.3125,407.34375,420.3125,420.3125,407.34375,407.34375,407.34375,420.3125,420.3125,420.3125,393.4375,407.34375,407.34375,420.3125,407.34375,393.4375,420.3125,416.25,420.3125,407.34375,420.3125,420.3125,407.34375,393.4375,393.4375,407.34375,407.34375,393.4375,393.4375,420.3125,414.0625,407.34375,420.3125,407.34375,407.34375,420.3125,407.34375,396.875,407.34375,407.34375,407.34375,420.3125,407.34375,407.34375,393.4375,393.4375,407.34375,407.34375,393.4375,407.34375,407.34375,393.4375,393.4375,407.34375,407.34375,393.4375,396.875,420.3125,407.34375,416.25,420.3125,420.3125,393.4375,407.34375,393.4375,396.875,416.25,420.3125,407.34375,407.34375,404.21875,392.8125,404.21875,404.21875,407.34375,420.3125,392.8125,404.21875,392.8125,396.875,392.8125,392.8125,404.21875,392.8125,392.8125,392.8125,392.8125,392.8125,392.8125,392.8125,413.59375,407.34375,244.375,244.84375,248.28125,237.8125,244.375,244.84375,244.84375,244.84375,244.84375,244.84375,244.84375,244.84375,244.84375,245.78125,252.96875,252.96875,252.96875,252.96875,252.96875,244.84375,244.84375,237.8125,252.96875,244.84375,244.84375,244.84375,244.84375,244.84375,244.84375,244.84375,244.84375,244.84375,244.84375,244.84375,244.84375,237.8125,237.8125,244.84375,244.84375,244.84375,244.84375,244.84375,244.84375,244.84375,245.78125,244.84375,244.84375,244.84375,244.84375,244.84375,244.84375,244.84375,244.84375,244.84375,244.84375,244.84375,245.78125,249.375,244.84375,244.84375,244.84375,244.84375,244.84375,245.78125,241.875,244.84375,255.0,244.84375,244.84375,244.84375,245.78125,244.84375,244.84375,248.28125,237.8125,244.84375,237.8125,237.8125,237.8125,237.8125,237.8125,237.8125,237.8125,237.8125,244.84375,237.8125,237.8125,244.6875,237.8125,237.8125,237.8125,244.84375,237.8125
hDenV1/Colombia/un-FUAA-DFC217/2021,0.0,0.0,0.0,0.0,0.0,0.0,0.0,0.0,0.0,0.0,0.0,12.65625,12.65625,12.65625,0.0,12.65625,0.0,0.0,0.0,0.0,0.0,0.0,0.0,3.59375,0.0,22.65625,0.0,3.59375,3.59375,0.0,0.0,0.0,0.0,0.0,20.625,3.59375,0.0,0.0,3.59375,12.96875,0.0,0.0,3.59375,0.0,0.0,0.0,0.0,0.0,0.0,0.0,0.0,0.0,0.0,0.0,0.0,0.0,0.0,0.0,0.0,0.0,0.0,0.0,0.0,0.0,0.0,0.0,0.0,0.0,0.0,0.0,0.0,0.0,0.0,0.0,0.0,0.0,0.0,0.0,0.0,4.53125,0.0,0.0,0.0,0.0,0.0,0.0,0.0,0.0,0.0,0.0,0.0,0.0,0.0,12.65625,0.0,12.65625,0.0,0.0,0.0,12.65625,0.0,0.0,0.0,0.0,3.28125,207.65625,206.25,206.25,206.25,224.53125,204.84375,191.5625,202.03125,206.25,206.25,206.25,206.25,206.25,206.25,206.25,206.25,206.25,206.25,206.25,206.25,206.25,206.25,206.25,206.25,206.25,206.25,206.25,206.25,206.25,206.25,206.25,206.25,206.25,206.25,206.25,206.25,206.25,206.25,206.25,206.25,206.25,206.25,206.25,206.25,206.25,206.25,206.25,206.25,206.25,206.25,206.25,206.25,206.25,206.25,207.5,206.25,206.25,206.25,206.25,206.25,206.25,206.25,206.25,206.25,206.25,206.25,206.25,206.25,206.25,206.25,206.25,206.25,206.25,206.25,206.25,206.25,206.25,206.25,206.25,206.25,206.25,206.25,206.25,206.25,206.25,206.25,393.4375,393.4375,394.53125,393.4375,407.8125,407.8125,420.3125,386.09375,370.15625,396.875,420.3125,407.34375,420.3125,420.3125,407.34375,407.34375,407.34375,420.3125,420.3125,420.3125,393.4375,407.34375,407.34375,420.3125,407.34375,393.4375,420.3125,416.25,420.3125,407.34375,420.3125,420.3125,407.34375,393.4375,393.4375,407.34375,407.34375,393.4375,393.4375,420.3125,414.0625,407.34375,420.3125,407.34375,407.34375,420.3125,407.34375,396.875,407.34375,407.34375,407.34375,420.3125,407.34375,407.34375,393.4375,393.4375,407.34375,407.34375,393.4375,407.34375,407.34375,393.4375,393.4375,407.34375,407.34375,393.4375,396.875,420.3125,407.34375,416.25,420.3125,420.3125,393.4375,407.34375,393.4375,396.875,416.25,420.3125,407.34375,407.34375,404.21875,392.8125,404.21875,404.21875,407.34375,420.3125,392.8125,404.21875,392.8125,396.875,392.8125,392.8125,404.21875,392.8125,392.8125,392.8125,392.8125,392.8125,392.8125,392.8125,413.59375,407.34375,244.375,244.84375,248.28125,237.8125,244.375,244.84375,244.84375,244.84375,244.84375,244.84375,244.84375,244.84375,244.84375,245.78125,252.96875,252.96875,252.96875,252.96875,252.96875,244.84375,244.84375,237.8125,252.96875,244.84375,244.84375,244.84375,244.84375,244.84375,244.84375,244.84375,244.84375,244.84375,244.84375,244.84375,244.84375,237.8125,237.8125,244.84375,244.84375,244.84375,244.84375,244.84375,244.84375,244.84375,245.78125,244.84375,244.84375,244.84375,244.84375,244.84375,244.84375,244.84375,244.84375,244.84375,244.84375,244.84375,245.78125,249.375,244.84375,244.84375,244.84375,244.84375,244.84375,245.78125,241.875,244.84375,255.0,244.84375,244.84375,244.84375,245.78125,244.84375,244.84375,248.28125,237.8125,244.84375,237.8125,237.8125,237.8125,237.8125,237.8125,237.8125,237.8125,237.8125,244.84375,237.8125,237.8125,244.6875,237.8125,237.8125,237.8125,244.84375,237.8125
hDenV1/Colombia/un-FUAA-DFC222/2021,0.0,0.0,0.0,0.0,0.0,0.0,0.0,0.0,0.0,0.0,0.0,12.65625,12.65625,12.65625,0.0,12.65625,0.0,0.0,0.0,0.0,0.0,0.0,0.0,3.59375,0.0,22.65625,0.0,3.59375,3.59375,0.0,0.0,0.0,0.0,0.0,20.625,3.59375,0.0,0.0,3.59375,12.96875,0.0,0.0,3.59375,0.0,0.0,0.0,0.0,0.0,0.0,0.0,0.0,0.0,0.0,0.0,0.0,0.0,0.0,0.0,0.0,0.0,0.0,0.0,0.0,0.0,0.0,0.0,0.0,0.0,0.0,0.0,0.0,0.0,0.0,0.0,0.0,0.0,0.0,0.0,0.0,4.53125,0.0,0.0,0.0,0.0,0.0,0.0,0.0,0.0,0.0,0.0,0.0,0.0,0.0,12.65625,0.0,12.65625,0.0,0.0,0.0,12.65625,0.0,0.0,0.0,0.0,3.28125,207.65625,206.25,206.25,206.25,224.53125,204.84375,191.5625,202.03125,206.25,206.25,206.25,206.25,206.25,206.25,206.25,206.25,206.25,206.25,206.25,206.25,206.25,206.25,206.25,206.25,206.25,206.25,206.25,206.25,206.25,206.25,206.25,206.25,206.25,206.25,206.25,206.25,206.25,206.25,206.25,206.25,206.25,206.25,206.25,206.25,206.25,206.25,206.25,206.25,206.25,206.25,206.25,206.25,206.25,206.25,207.5,206.25,206.25,206.25,206.25,206.25,206.25,206.25,206.25,206.25,206.25,206.25,206.25,206.25,206.25,206.25,206.25,206.25,206.25,206.25,206.25,206.25,206.25,206.25,206.25,206.25,206.25,206.25,206.25,206.25,206.25,206.25,393.4375,393.4375,394.53125,393.4375,407.8125,407.8125,420.3125,386.09375,370.15625,396.875,420.3125,407.34375,420.3125,420.3125,407.34375,407.34375,407.34375,420.3125,420.3125,420.3125,393.4375,407.34375,407.34375,420.3125,407.34375,393.4375,420.3125,416.25,420.3125,407.34375,420.3125,420.3125,407.34375,393.4375,393.4375,407.34375,407.34375,393.4375,393.4375,420.3125,414.0625,407.34375,420.3125,407.34375,407.34375,420.3125,407.34375,396.875,407.34375,407.34375,407.34375,420.3125,407.34375,407.34375,393.4375,393.4375,407.34375,407.34375,393.4375,407.34375,407.34375,393.4375,393.4375,407.34375,407.34375,393.4375,396.875,420.3125,407.34375,416.25,420.3125,420.3125,393.4375,407.34375,393.4375,396.875,416.25,420.3125,407.34375,407.34375,404.21875,392.8125,404.21875,404.21875,407.34375,420.3125,392.8125,404.21875,392.8125,396.875,392.8125,392.8125,404.21875,392.8125,392.8125,392.8125,392.8125,392.8125,392.8125,392.8125,413.59375,407.34375,244.375,244.84375,248.28125,237.8125,244.375,244.84375,244.84375,244.84375,244.84375,244.84375,244.84375,244.84375,244.84375,245.78125,252.96875,252.96875,252.96875,252.96875,252.96875,244.84375,244.84375,237.8125,252.96875,244.84375,244.84375,244.84375,244.84375,244.84375,244.84375,244.84375,244.84375,244.84375,244.84375,244.84375,244.84375,237.8125,237.8125,244.84375,244.84375,244.84375,244.84375,244.84375,244.84375,244.84375,245.78125,244.84375,244.84375,244.84375,244.84375,244.84375,244.84375,244.84375,244.84375,244.84375,244.84375,244.84375,245.78125,249.375,244.84375,244.84375,244.84375,244.84375,244.84375,245.78125,241.875,244.84375,255.0,244.84375,244.84375,244.84375,245.78125,244.84375,244.84375,248.28125,237.8125,244.84375,237.8125,237.8125,237.8125,237.8125,237.8125,237.8125,237.8125,237.8125,244.84375,237.8125,237.8125,244.6875,237.8125,237.8125,237.8125,244.84375,237.8125
hDenV1/Colombia/un-FUAA-DFC238/2021,0.0,0.0,0.0,0.0,0.0,0.0,0.0,0.0,0.0,0.0,0.0,12.65625,12.65625,12.65625,0.0,12.65625,0.0,0.0,0.0,0.0,0.0,0.0,0.0,3.59375,0.0,22.65625,0.0,3.59375,3.59375,0.0,0.0,0.0,0.0,0.0,20.625,3.59375,0.0,0.0,3.59375,12.96875,0.0,0.0,3.59375,0.0,0.0,0.0,0.0,0.0,0.0,0.0,0.0,0.0,0.0,0.0,0.0,0.0,0.0,0.0,0.0,0.0,0.0,0.0,0.0,0.0,0.0,0.0,0.0,0.0,0.0,0.0,0.0,0.0,0.0,0.0,0.0,0.0,0.0,0.0,0.0,4.53125,0.0,0.0,0.0,0.0,0.0,0.0,0.0,0.0,0.0,0.0,0.0,0.0,0.0,12.65625,0.0,12.65625,0.0,0.0,0.0,12.65625,0.0,0.0,0.0,0.0,3.28125,207.65625,206.25,206.25,206.25,224.53125,204.84375,191.5625,202.03125,206.25,206.25,206.25,206.25,206.25,206.25,206.25,206.25,206.25,206.25,206.25,206.25,206.25,206.25,206.25,206.25,206.25,206.25,206.25,206.25,206.25,206.25,206.25,206.25,206.25,206.25,206.25,206.25,206.25,206.25,206.25,206.25,206.25,206.25,206.25,206.25,206.25,206.25,206.25,206.25,206.25,206.25,206.25,206.25,206.25,206.25,207.5,206.25,206.25,206.25,206.25,206.25,206.25,206.25,206.25,206.25,206.25,206.25,206.25,206.25,206.25,206.25,206.25,206.25,206.25,206.25,206.25,206.25,206.25,206.25,206.25,206.25,206.25,206.25,206.25,206.25,206.25,206.25,393.4375,393.4375,394.53125,393.4375,407.8125,407.8125,420.3125,386.09375,370.15625,396.875,420.3125,407.34375,420.3125,420.3125,407.34375,407.34375,407.34375,420.3125,420.3125,420.3125,393.4375,407.34375,407.34375,420.3125,407.34375,393.4375,420.3125,416.25,420.3125,407.34375,420.3125,420.3125,407.34375,393.4375,393.4375,407.34375,407.34375,393.4375,393.4375,420.3125,414.0625,407.34375,420.3125,407.34375,407.34375,420.3125,407.34375,396.875,407.34375,407.34375,407.34375,420.3125,407.34375,407.34375,393.4375,393.4375,407.34375,407.34375,393.4375,407.34375,407.34375,393.4375,393.4375,407.34375,407.34375,393.4375,396.875,420.3125,407.34375,416.25,420.3125,420.3125,393.4375,407.34375,393.4375,396.875,416.25,420.3125,407.34375,407.34375,404.21875,392.8125,404.21875,404.21875,407.34375,420.3125,392.8125,404.21875,392.8125,396.875,392.8125,392.8125,404.21875,392.8125,392.8125,392.8125,392.8125,392.8125,392.8125,392.8125,413.59375,407.34375,244.375,244.84375,248.28125,237.8125,244.375,244.84375,244.84375,244.84375,244.84375,244.84375,244.84375,244.84375,244.84375,245.78125,252.96875,252.96875,252.96875,252.96875,252.96875,244.84375,244.84375,237.8125,252.96875,244.84375,244.84375,244.84375,244.84375,244.84375,244.84375,244.84375,244.84375,244.84375,244.84375,244.84375,244.84375,237.8125,237.8125,244.84375,244.84375,244.84375,244.84375,244.84375,244.84375,244.84375,245.78125,244.84375,244.84375,244.84375,244.84375,244.84375,244.84375,244.84375,244.84375,244.84375,244.84375,244.84375,245.78125,249.375,244.84375,244.84375,244.84375,244.84375,244.84375,245.78125,241.875,244.84375,255.0,244.84375,244.84375,244.84375,245.78125,244.84375,244.84375,248.28125,237.8125,244.84375,237.8125,237.8125,237.8125,237.8125,237.8125,237.8125,237.8125,237.8125,244.84375,237.8125,237.8125,244.6875,237.8125,237.8125,237.8125,244.84375,237.8125
hDenV1/Colombia/un-FUAA-DFC245/2022,0.0,0.0,0.0,0.0,0.0,0.0,0.0,0.0,0.0,0.0,0.0,12.65625,12.65625,12.65625,0.0,12.65625,0.0,0.0,0.0,0.0,0.0,0.0,0.0,3.59375,0.0,22.65625,0.0,3.59375,3.59375,0.0,0.0,0.0,0.0,0.0,20.625,3.59375,0.0,0.0,3.59375,12.96875,0.0,0.0,3.59375,0.0,0.0,0.0,0.0,0.0,0.0,0.0,0.0,0.0,0.0,0.0,0.0,0.0,0.0,0.0,0.0,0.0,0.0,0.0,0.0,0.0,0.0,0.0,0.0,0.0,0.0,0.0,0.0,0.0,0.0,0.0,0.0,0.0,0.0,0.0,0.0,4.53125,0.0,0.0,0.0,0.0,0.0,0.0,0.0,0.0,0.0,0.0,0.0,0.0,0.0,12.65625,0.0,12.65625,0.0,0.0,0.0,12.65625,0.0,0.0,0.0,0.0,3.28125,207.65625,206.25,206.25,206.25,224.53125,204.84375,191.5625,202.03125,206.25,206.25,206.25,206.25,206.25,206.25,206.25,206.25,206.25,206.25,206.25,206.25,206.25,206.25,206.25,206.25,206.25,206.25,206.25,206.25,206.25,206.25,206.25,206.25,206.25,206.25,206.25,206.25,206.25,206.25,206.25,206.25,206.25,206.25,206.25,206.25,206.25,206.25,206.25,206.25,206.25,206.25,206.25,206.25,206.25,206.25,207.5,206.25,206.25,206.25,206.25,206.25,206.25,206.25,206.25,206.25,206.25,206.25,206.25,206.25,206.25,206.25,206.25,206.25,206.25,206.25,206.25,206.25,206.25,206.25,206.25,206.25,206.25,206.25,206.25,206.25,206.25,206.25,393.4375,393.4375,394.53125,393.4375,407.8125,407.8125,420.3125,386.09375,370.15625,396.875,420.3125,407.34375,420.3125,420.3125,407.34375,407.34375,407.34375,420.3125,420.3125,420.3125,393.4375,407.34375,407.34375,420.3125,407.34375,393.4375,420.3125,416.25,420.3125,407.34375,420.3125,420.3125,407.34375,393.4375,393.4375,407.34375,407.34375,393.4375,393.4375,420.3125,414.0625,407.34375,420.3125,407.34375,407.34375,420.3125,407.34375,396.875,407.34375,407.34375,407.34375,420.3125,407.34375,407.34375,393.4375,393.4375,407.34375,407.34375,393.4375,407.34375,407.34375,393.4375,393.4375,407.34375,407.34375,393.4375,396.875,420.3125,407.34375,416.25,420.3125,420.3125,393.4375,407.34375,393.4375,396.875,416.25,420.3125,407.34375,407.34375,404.21875,392.8125,404.21875,404.21875,407.34375,420.3125,392.8125,404.21875,392.8125,396.875,392.8125,392.8125,404.21875,392.8125,392.8125,392.8125,392.8125,392.8125,392.8125,392.8125,413.59375,407.34375,244.375,244.84375,248.28125,237.8125,244.375,244.84375,244.84375,244.84375,244.84375,244.84375,244.84375,244.84375,244.84375,245.78125,252.96875,252.96875,252.96875,252.96875,252.96875,244.84375,244.84375,237.8125,252.96875,244.84375,244.84375,244.84375,244.84375,244.84375,244.84375,244.84375,244.84375,244.84375,244.84375,244.84375,244.84375,237.8125,237.8125,244.84375,244.84375,244.84375,244.84375,244.84375,244.84375,244.84375,245.78125,244.84375,244.84375,244.84375,244.84375,244.84375,244.84375,244.84375,244.84375,244.84375,244.84375,244.84375,245.78125,249.375,244.84375,244.84375,244.84375,244.84375,244.84375,245.78125,241.875,244.84375,255.0,244.84375,244.84375,244.84375,245.78125,244.84375,244.84375,248.28125,237.8125,244.84375,237.8125,237.8125,237.8125,237.8125,237.8125,237.8125,237.8125,237.8125,244.84375,237.8125,237.8125,244.6875,237.8125,237.8125,237.8125,244.84375,237.8125
hDenV1/Colombia/un-FUAA-DFC263/2022,0.0,0.0,0.0,0.0,0.0,0.0,0.0,0.0,0.0,0.0,0.0,12.65625,12.65625,12.65625,0.0,12.65625,0.0,0.0,0.0,0.0,0.0,0.0,0.0,3.59375,0.0,22.65625,0.0,3.59375,3.59375,0.0,0.0,0.0,0.0,0.0,20.625,3.59375,0.0,0.0,3.59375,12.96875,0.0,0.0,3.59375,0.0,0.0,0.0,0.0,0.0,0.0,0.0,0.0,0.0,0.0,0.0,0.0,0.0,0.0,0.0,0.0,0.0,0.0,0.0,0.0,0.0,0.0,0.0,0.0,0.0,0.0,0.0,0.0,0.0,0.0,0.0,0.0,0.0,0.0,0.0,0.0,4.53125,0.0,0.0,0.0,0.0,0.0,0.0,0.0,0.0,0.0,0.0,0.0,0.0,0.0,12.65625,0.0,12.65625,0.0,0.0,0.0,12.65625,0.0,0.0,0.0,0.0,3.28125,207.65625,206.25,206.25,206.25,224.53125,204.84375,191.5625,202.03125,206.25,206.25,206.25,206.25,206.25,206.25,206.25,206.25,206.25,206.25,206.25,206.25,206.25,206.25,206.25,206.25,206.25,206.25,206.25,206.25,206.25,206.25,206.25,206.25,206.25,206.25,206.25,206.25,206.25,206.25,206.25,206.25,206.25,206.25,206.25,206.25,206.25,206.25,206.25,206.25,206.25,206.25,206.25,206.25,206.25,206.25,207.5,206.25,206.25,206.25,206.25,206.25,206.25,206.25,206.25,206.25,206.25,206.25,206.25,206.25,206.25,206.25,206.25,206.25,206.25,206.25,206.25,206.25,206.25,206.25,206.25,206.25,206.25,206.25,206.25,206.25,206.25,206.25,393.4375,393.4375,394.53125,393.4375,407.8125,407.8125,420.3125,386.09375,370.15625,396.875,420.3125,407.34375,420.3125,420.3125,407.34375,407.34375,407.34375,420.3125,420.3125,420.3125,393.4375,407.34375,407.34375,420.3125,407.34375,393.4375,420.3125,416.25,420.3125,407.34375,420.3125,420.3125,407.34375,393.4375,393.4375,407.34375,407.34375,393.4375,393.4375,420.3125,414.0625,407.34375,420.3125,407.34375,407.34375,420.3125,407.34375,396.875,407.34375,407.34375,407.34375,420.3125,407.34375,407.34375,393.4375,393.4375,407.34375,407.34375,393.4375,407.34375,407.34375,393.4375,393.4375,407.34375,407.34375,393.4375,396.875,420.3125,407.34375,416.25,420.3125,420.3125,393.4375,407.34375,393.4375,396.875,416.25,420.3125,407.34375,407.34375,404.21875,392.8125,404.21875,404.21875,407.34375,420.3125,392.8125,404.21875,392.8125,396.875,392.8125,392.8125,404.21875,392.8125,392.8125,392.8125,392.8125,392.8125,392.8125,392.8125,413.59375,407.34375,244.375,244.84375,248.28125,237.8125,244.375,244.84375,244.84375,244.84375,244.84375,244.84375,244.84375,244.84375,244.84375,245.78125,252.96875,252.96875,252.96875,252.96875,252.96875,244.84375,244.84375,237.8125,252.96875,244.84375,244.84375,244.84375,244.84375,244.84375,244.84375,244.84375,244.84375,244.84375,244.84375,244.84375,244.84375,237.8125,237.8125,244.84375,244.84375,244.84375,244.84375,244.84375,244.84375,244.84375,245.78125,244.84375,244.84375,244.84375,244.84375,244.84375,244.84375,244.84375,244.84375,244.84375,244.84375,244.84375,245.78125,249.375,244.84375,244.84375,244.84375,244.84375,244.84375,245.78125,241.875,244.84375,255.0,244.84375,244.84375,244.84375,245.78125,244.84375,244.84375,248.28125,237.8125,244.84375,237.8125,237.8125,237.8125,237.8125,237.8125,237.8125,237.8125,237.8125,244.84375,237.8125,237.8125,244.6875,237.8125,237.8125,237.8125,244.84375,237.8125
hDenV1/Colombia/un-FUAA-DFC264/2022,0.0,0.0,0.0,0.0,0.0,0.0,0.0,0.0,0.0,0.0,0.0,12.65625,12.65625,12.65625,0.0,12.65625,0.0,0.0,0.0,0.0,0.0,0.0,0.0,3.59375,0.0,22.65625,0.0,3.59375,3.59375,0.0,0.0,0.0,0.0,0.0,20.625,3.59375,0.0,0.0,3.59375,12.96875,0.0,0.0,3.59375,0.0,0.0,0.0,0.0,0.0,0.0,0.0,0.0,0.0,0.0,0.0,0.0,0.0,0.0,0.0,0.0,0.0,0.0,0.0,0.0,0.0,0.0,0.0,0.0,0.0,0.0,0.0,0.0,0.0,0.0,0.0,0.0,0.0,0.0,0.0,0.0,4.53125,0.0,0.0,0.0,0.0,0.0,0.0,0.0,0.0,0.0,0.0,0.0,0.0,0.0,12.65625,0.0,12.65625,0.0,0.0,0.0,12.65625,0.0,0.0,0.0,0.0,3.28125,207.65625,206.25,206.25,206.25,224.53125,204.84375,191.5625,202.03125,206.25,206.25,206.25,206.25,206.25,206.25,206.25,206.25,206.25,206.25,206.25,206.25,206.25,206.25,206.25,206.25,206.25,206.25,206.25,206.25,206.25,206.25,206.25,206.25,206.25,206.25,206.25,206.25,206.25,206.25,206.25,206.25,206.25,206.25,206.25,206.25,206.25,206.25,206.25,206.25,206.25,206.25,206.25,206.25,206.25,206.25,207.5,206.25,206.25,206.25,206.25,206.25,206.25,206.25,206.25,206.25,206.25,206.25,206.25,206.25,206.25,206.25,206.25,206.25,206.25,206.25,206.25,206.25,206.25,206.25,206.25,206.25,206.25,206.25,206.25,206.25,206.25,206.25,393.4375,393.4375,394.53125,393.4375,407.8125,407.8125,420.3125,386.09375,370.15625,396.875,420.3125,407.34375,420.3125,420.3125,407.34375,407.34375,407.34375,420.3125,420.3125,420.3125,393.4375,407.34375,407.34375,420.3125,407.34375,393.4375,420.3125,416.25,420.3125,407.34375,420.3125,420.3125,407.34375,393.4375,393.4375,407.34375,407.34375,393.4375,393.4375,420.3125,414.0625,407.34375,420.3125,407.34375,407.34375,420.3125,407.34375,396.875,407.34375,407.34375,407.34375,420.3125,407.34375,407.34375,393.4375,393.4375,407.34375,407.34375,393.4375,407.34375,407.34375,393.4375,393.4375,407.34375,407.34375,393.4375,396.875,420.3125,407.34375,416.25,420.3125,420.3125,393.4375,407.34375,393.4375,396.875,416.25,420.3125,407.34375,407.34375,404.21875,392.8125,404.21875,404.21875,407.34375,420.3125,392.8125,404.21875,392.8125,396.875,392.8125,392.8125,404.21875,392.8125,392.8125,392.8125,392.8125,392.8125,392.8125,392.8125,413.59375,407.34375,244.375,244.84375,248.28125,237.8125,244.375,244.84375,244.84375,244.84375,244.84375,244.84375,244.84375,244.84375,244.84375,245.78125,252.96875,252.96875,252.96875,252.96875,252.96875,244.84375,244.84375,237.8125,252.96875,244.84375,244.84375,244.84375,244.84375,244.84375,244.84375,244.84375,244.84375,244.84375,244.84375,244.84375,244.84375,237.8125,237.8125,244.84375,244.84375,244.84375,244.84375,244.84375,244.84375,244.84375,245.78125,244.84375,244.84375,244.84375,244.84375,244.84375,244.84375,244.84375,244.84375,244.84375,244.84375,244.84375,245.78125,249.375,244.84375,244.84375,244.84375,244.84375,244.84375,245.78125,241.875,244.84375,255.0,244.84375,244.84375,244.84375,245.78125,244.84375,244.84375,248.28125,237.8125,244.84375,237.8125,237.8125,237.8125,237.8125,237.8125,237.8125,237.8125,237.8125,244.84375,237.8125,237.8125,244.6875,237.8125,237.8125,237.8125,244.84375,237.8125
hDenV1/Colombia/un-FUAA-DFC265/2022,0.0,0.0,0.0,0.0,0.0,0.0,0.0,0.0,0.0,0.0,0.0,12.65625,12.65625,12.65625,0.0,12.65625,0.0,0.0,0.0,0.0,0.0,0.0,0.0,3.59375,0.0,22.65625,0.0,3.59375,3.59375,0.0,0.0,0.0,0.0,0.0,20.625,3.59375,0.0,0.0,3.59375,12.96875,0.0,0.0,3.59375,0.0,0.0,0.0,0.0,0.0,0.0,0.0,0.0,0.0,0.0,0.0,0.0,0.0,0.0,0.0,0.0,0.0,0.0,0.0,0.0,0.0,0.0,0.0,0.0,0.0,0.0,0.0,0.0,0.0,0.0,0.0,0.0,0.0,0.0,0.0,0.0,4.53125,0.0,0.0,0.0,0.0,0.0,0.0,0.0,0.0,0.0,0.0,0.0,0.0,0.0,12.65625,0.0,12.65625,0.0,0.0,0.0,12.65625,0.0,0.0,0.0,0.0,3.28125,207.65625,206.25,206.25,206.25,224.53125,204.84375,191.5625,202.03125,206.25,206.25,206.25,206.25,206.25,206.25,206.25,206.25,206.25,206.25,206.25,206.25,206.25,206.25,206.25,206.25,206.25,206.25,206.25,206.25,206.25,206.25,206.25,206.25,206.25,206.25,206.25,206.25,206.25,206.25,206.25,206.25,206.25,206.25,206.25,206.25,206.25,206.25,206.25,206.25,206.25,206.25,206.25,206.25,206.25,206.25,207.5,206.25,206.25,206.25,206.25,206.25,206.25,206.25,206.25,206.25,206.25,206.25,206.25,206.25,206.25,206.25,206.25,206.25,206.25,206.25,206.25,206.25,206.25,206.25,206.25,206.25,206.25,206.25,206.25,206.25,206.25,206.25,393.4375,393.4375,394.53125,393.4375,407.8125,407.8125,420.3125,386.09375,370.15625,396.875,420.3125,407.34375,420.3125,420.3125,407.34375,407.34375,407.34375,420.3125,420.3125,420.3125,393.4375,407.34375,407.34375,420.3125,407.34375,393.4375,420.3125,416.25,420.3125,407.34375,420.3125,420.3125,407.34375,393.4375,393.4375,407.34375,407.34375,393.4375,393.4375,420.3125,414.0625,407.34375,420.3125,407.34375,407.34375,420.3125,407.34375,396.875,407.34375,407.34375,407.34375,420.3125,407.34375,407.34375,393.4375,393.4375,407.34375,407.34375,393.4375,407.34375,407.34375,393.4375,393.4375,407.34375,407.34375,393.4375,396.875,420.3125,407.34375,416.25,420.3125,420.3125,393.4375,407.34375,393.4375,396.875,416.25,420.3125,407.34375,407.34375,404.21875,392.8125,404.21875,404.21875,407.34375,420.3125,392.8125,404.21875,392.8125,396.875,392.8125,392.8125,404.21875,392.8125,392.8125,392.8125,392.8125,392.8125,392.8125,392.8125,413.59375,407.34375,244.375,244.84375,248.28125,237.8125,244.375,244.84375,244.84375,244.84375,244.84375,244.84375,244.84375,244.84375,244.84375,245.78125,252.96875,252.96875,252.96875,252.96875,252.96875,244.84375,244.84375,237.8125,252.96875,244.84375,244.84375,244.84375,244.84375,244.84375,244.84375,244.84375,244.84375,244.84375,244.84375,244.84375,244.84375,237.8125,237.8125,244.84375,244.84375,244.84375,244.84375,244.84375,244.84375,244.84375,245.78125,244.84375,244.84375,244.84375,244.84375,244.84375,244.84375,244.84375,244.84375,244.84375,244.84375,244.84375,245.78125,249.375,244.84375,244.84375,244.84375,244.84375,244.84375,245.78125,241.875,244.84375,255.0,244.84375,244.84375,244.84375,245.78125,244.84375,244.84375,248.28125,237.8125,244.84375,237.8125,237.8125,237.8125,237.8125,237.8125,237.8125,237.8125,237.8125,244.84375,237.8125,237.8125,244.6875,237.8125,237.8125,237.8125,244.84375,237.8125
hDenV1/Colombia/un-INS-424233/2013,0.0,0.0,0.0,0.0,0.0,0.0,0.0,0.0,0.0,0.0,0.0,12.65625,12.65625,12.65625,0.0,12.65625,0.0,0.0,0.0,0.0,0.0,0.0,0.0,3.59375,0.0,22.65625,0.0,3.59375,3.59375,0.0,0.0,0.0,0.0,0.0,20.625,3.59375,0.0,0.0,3.59375,12.96875,0.0,0.0,3.59375,0.0,0.0,0.0,0.0,0.0,0.0,0.0,0.0,0.0,0.0,0.0,0.0,0.0,0.0,0.0,0.0,0.0,0.0,0.0,0.0,0.0,0.0,0.0,0.0,0.0,0.0,0.0,0.0,0.0,0.0,0.0,0.0,0.0,0.0,0.0,0.0,4.53125,0.0,0.0,0.0,0.0,0.0,0.0,0.0,0.0,0.0,0.0,0.0,0.0,0.0,12.65625,0.0,12.65625,0.0,0.0,0.0,12.65625,0.0,0.0,0.0,0.0,3.28125,207.65625,206.25,206.25,206.25,224.53125,204.84375,191.5625,202.03125,206.25,206.25,206.25,206.25,206.25,206.25,206.25,206.25,206.25,206.25,206.25,206.25,206.25,206.25,206.25,206.25,206.25,206.25,206.25,206.25,206.25,206.25,206.25,206.25,206.25,206.25,206.25,206.25,206.25,206.25,206.25,206.25,206.25,206.25,206.25,206.25,206.25,206.25,206.25,206.25,206.25,206.25,206.25,206.25,206.25,206.25,207.5,206.25,206.25,206.25,206.25,206.25,206.25,206.25,206.25,206.25,206.25,206.25,206.25,206.25,206.25,206.25,206.25,206.25,206.25,206.25,206.25,206.25,206.25,206.25,206.25,206.25,206.25,206.25,206.25,206.25,206.25,206.25,393.4375,393.4375,394.53125,393.4375,407.8125,407.8125,420.3125,386.09375,370.15625,396.875,420.3125,407.34375,420.3125,420.3125,407.34375,407.34375,407.34375,420.3125,420.3125,420.3125,393.4375,407.34375,407.34375,420.3125,407.34375,393.4375,420.3125,416.25,420.3125,407.34375,420.3125,420.3125,407.34375,393.4375,393.4375,407.34375,407.34375,393.4375,393.4375,420.3125,414.0625,407.34375,420.3125,407.34375,407.34375,420.3125,407.34375,396.875,407.34375,407.34375,407.34375,420.3125,407.34375,407.34375,393.4375,393.4375,407.34375,407.34375,393.4375,407.34375,407.34375,393.4375,393.4375,407.34375,407.34375,393.4375,396.875,420.3125,407.34375,416.25,420.3125,420.3125,393.4375,407.34375,393.4375,396.875,416.25,420.3125,407.34375,407.34375,404.21875,392.8125,404.21875,404.21875,407.34375,420.3125,392.8125,404.21875,392.8125,396.875,392.8125,392.8125,404.21875,392.8125,392.8125,392.8125,392.8125,392.8125,392.8125,392.8125,413.59375,407.34375,244.375,244.84375,248.28125,237.8125,244.375,244.84375,244.84375,244.84375,244.84375,244.84375,244.84375,244.84375,244.84375,245.78125,252.96875,252.96875,252.96875,252.96875,252.96875,244.84375,244.84375,237.8125,252.96875,244.84375,244.84375,244.84375,244.84375,244.84375,244.84375,244.84375,244.84375,244.84375,244.84375,244.84375,244.84375,237.8125,237.8125,244.84375,244.84375,244.84375,244.84375,244.84375,244.84375,244.84375,245.78125,244.84375,244.84375,244.84375,244.84375,244.84375,244.84375,244.84375,244.84375,244.84375,244.84375,244.84375,245.78125,249.375,244.84375,244.84375,244.84375,244.84375,244.84375,245.78125,241.875,244.84375,255.0,244.84375,244.84375,244.84375,245.78125,244.84375,244.84375,248.28125,237.8125,244.84375,237.8125,237.8125,237.8125,237.8125,237.8125,237.8125,237.8125,237.8125,244.84375,237.8125,237.8125,244.6875,237.8125,237.8125,237.8125,244.84375,237.8125
hDenV1/Colombia/un-INS-484930/2016,0.0,0.0,0.0,0.0,0.0,0.0,0.0,0.0,0.0,0.0,0.0,12.65625,12.65625,12.65625,0.0,12.65625,0.0,0.0,0.0,0.0,0.0,0.0,0.0,3.59375,0.0,22.65625,0.0,3.59375,3.59375,0.0,0.0,0.0,0.0,0.0,20.625,3.59375,0.0,0.0,3.59375,12.96875,0.0,0.0,3.59375,0.0,0.0,0.0,0.0,0.0,0.0,0.0,0.0,0.0,0.0,0.0,0.0,0.0,0.0,0.0,0.0,0.0,0.0,0.0,0.0,0.0,0.0,0.0,0.0,0.0,0.0,0.0,0.0,0.0,0.0,0.0,0.0,0.0,0.0,0.0,0.0,4.53125,0.0,0.0,0.0,0.0,0.0,0.0,0.0,0.0,0.0,0.0,0.0,0.0,0.0,12.65625,0.0,12.65625,0.0,0.0,0.0,12.65625,0.0,0.0,0.0,0.0,3.28125,207.65625,206.25,206.25,206.25,224.53125,204.84375,191.5625,202.03125,206.25,206.25,206.25,206.25,206.25,206.25,206.25,206.25,206.25,206.25,206.25,206.25,206.25,206.25,206.25,206.25,206.25,206.25,206.25,206.25,206.25,206.25,206.25,206.25,206.25,206.25,206.25,206.25,206.25,206.25,206.25,206.25,206.25,206.25,206.25,206.25,206.25,206.25,206.25,206.25,206.25,206.25,206.25,206.25,206.25,206.25,207.5,206.25,206.25,206.25,206.25,206.25,206.25,206.25,206.25,206.25,206.25,206.25,206.25,206.25,206.25,206.25,206.25,206.25,206.25,206.25,206.25,206.25,206.25,206.25,206.25,206.25,206.25,206.25,206.25,206.25,206.25,206.25,393.4375,393.4375,394.53125,393.4375,407.8125,407.8125,420.3125,386.09375,370.15625,396.875,420.3125,407.34375,420.3125,420.3125,407.34375,407.34375,407.34375,420.3125,420.3125,420.3125,393.4375,407.34375,407.34375,420.3125,407.34375,393.4375,420.3125,416.25,420.3125,407.34375,420.3125,420.3125,407.34375,393.4375,393.4375,407.34375,407.34375,393.4375,393.4375,420.3125,414.0625,407.34375,420.3125,407.34375,407.34375,420.3125,407.34375,396.875,407.34375,407.34375,407.34375,420.3125,407.34375,407.34375,393.4375,393.4375,407.34375,407.34375,393.4375,407.34375,407.34375,393.4375,393.4375,407.34375,407.34375,393.4375,396.875,420.3125,407.34375,416.25,420.3125,420.3125,393.4375,407.34375,393.4375,396.875,416.25,420.3125,407.34375,407.34375,404.21875,392.8125,404.21875,404.21875,407.34375,420.3125,392.8125,404.21875,392.8125,396.875,392.8125,392.8125,404.21875,392.8125,392.8125,392.8125,392.8125,392.8125,392.8125,392.8125,413.59375,407.34375,244.375,244.84375,248.28125,237.8125,244.375,244.84375,244.84375,244.84375,244.84375,244.84375,244.84375,244.84375,244.84375,245.78125,252.96875,252.96875,252.96875,252.96875,252.96875,244.84375,244.84375,237.8125,252.96875,244.84375,244.84375,244.84375,244.84375,244.84375,244.84375,244.84375,244.84375,244.84375,244.84375,244.84375,244.84375,237.8125,237.8125,244.84375,244.84375,244.84375,244.84375,244.84375,244.84375,244.84375,245.78125,244.84375,244.84375,244.84375,244.84375,244.84375,244.84375,244.84375,244.84375,244.84375,244.84375,244.84375,245.78125,249.375,244.84375,244.84375,244.84375,244.84375,244.84375,245.78125,241.875,244.84375,255.0,244.84375,244.84375,244.84375,245.78125,244.84375,244.84375,248.28125,237.8125,244.84375,237.8125,237.8125,237.8125,237.8125,237.8125,237.8125,237.8125,237.8125,244.84375,237.8125,237.8125,244.6875,237.8125,237.8125,237.8125,244.84375,237.8125
hDenV1/Colombia/un-INS-484940/2016,0.0,0.0,0.0,0.0,0.0,0.0,0.0,0.0,0.0,0.0,0.0,12.65625,12.65625,12.65625,0.0,12.65625,0.0,0.0,0.0,0.0,0.0,0.0,0.0,3.59375,0.0,22.65625,0.0,3.59375,3.59375,0.0,0.0,0.0,0.0,0.0,20.625,3.59375,0.0,0.0,3.59375,12.96875,0.0,0.0,3.59375,0.0,0.0,0.0,0.0,0.0,0.0,0.0,0.0,0.0,0.0,0.0,0.0,0.0,0.0,0.0,0.0,0.0,0.0,0.0,0.0,0.0,0.0,0.0,0.0,0.0,0.0,0.0,0.0,0.0,0.0,0.0,0.0,0.0,0.0,0.0,0.0,4.53125,0.0,0.0,0.0,0.0,0.0,0.0,0.0,0.0,0.0,0.0,0.0,0.0,0.0,12.65625,0.0,12.65625,0.0,0.0,0.0,12.65625,0.0,0.0,0.0,0.0,3.28125,207.65625,206.25,206.25,206.25,224.53125,204.84375,191.5625,202.03125,206.25,206.25,206.25,206.25,206.25,206.25,206.25,206.25,206.25,206.25,206.25,206.25,206.25,206.25,206.25,206.25,206.25,206.25,206.25,206.25,206.25,206.25,206.25,206.25,206.25,206.25,206.25,206.25,206.25,206.25,206.25,206.25,206.25,206.25,206.25,206.25,206.25,206.25,206.25,206.25,206.25,206.25,206.25,206.25,206.25,206.25,207.5,206.25,206.25,206.25,206.25,206.25,206.25,206.25,206.25,206.25,206.25,206.25,206.25,206.25,206.25,206.25,206.25,206.25,206.25,206.25,206.25,206.25,206.25,206.25,206.25,206.25,206.25,206.25,206.25,206.25,206.25,206.25,393.4375,393.4375,394.53125,393.4375,407.8125,407.8125,420.3125,386.09375,370.15625,396.875,420.3125,407.34375,420.3125,420.3125,407.34375,407.34375,407.34375,420.3125,420.3125,420.3125,393.4375,407.34375,407.34375,420.3125,407.34375,393.4375,420.3125,416.25,420.3125,407.34375,420.3125,420.3125,407.34375,393.4375,393.4375,407.34375,407.34375,393.4375,393.4375,420.3125,414.0625,407.34375,420.3125,407.34375,407.34375,420.3125,407.34375,396.875,407.34375,407.34375,407.34375,420.3125,407.34375,407.34375,393.4375,393.4375,407.34375,407.34375,393.4375,407.34375,407.34375,393.4375,393.4375,407.34375,407.34375,393.4375,396.875,420.3125,407.34375,416.25,420.3125,420.3125,393.4375,407.34375,393.4375,396.875,416.25,420.3125,407.34375,407.34375,404.21875,392.8125,404.21875,404.21875,407.34375,420.3125,392.8125,404.21875,392.8125,396.875,392.8125,392.8125,404.21875,392.8125,392.8125,392.8125,392.8125,392.8125,392.8125,392.8125,413.59375,407.34375,244.375,244.84375,248.28125,237.8125,244.375,244.84375,244.84375,244.84375,244.84375,244.84375,244.84375,244.84375,244.84375,245.78125,252.96875,252.96875,252.96875,252.96875,252.96875,244.84375,244.84375,237.8125,252.96875,244.84375,244.84375,244.84375,244.84375,244.84375,244.84375,244.84375,244.84375,244.84375,244.84375,244.84375,244.84375,237.8125,237.8125,244.84375,244.84375,244.84375,244.84375,244.84375,244.84375,244.84375,245.78125,244.84375,244.84375,244.84375,244.84375,244.84375,244.84375,244.84375,244.84375,244.84375,244.84375,244.84375,245.78125,249.375,244.84375,244.84375,244.84375,244.84375,244.84375,245.78125,241.875,244.84375,255.0,244.84375,244.84375,244.84375,245.78125,244.84375,244.84375,248.28125,237.8125,244.84375,237.8125,237.8125,237.8125,237.8125,237.8125,237.8125,237.8125,237.8125,244.84375,237.8125,237.8125,244.6875,237.8125,237.8125,237.8125,244.84375,237.8125
hDenV1/Colombia/un-INS-484942/2016,0.0,0.0,0.0,0.0,0.0,0.0,0.0,0.0,0.0,0.0,0.0,12.65625,12.65625,12.65625,0.0,12.65625,0.0,0.0,0.0,0.0,0.0,0.0,0.0,3.59375,0.0,22.65625,0.0,3.59375,3.59375,0.0,0.0,0.0,0.0,0.0,20.625,3.59375,0.0,0.0,3.59375,12.96875,0.0,0.0,3.59375,0.0,0.0,0.0,0.0,0.0,0.0,0.0,0.0,0.0,0.0,0.0,0.0,0.0,0.0,0.0,0.0,0.0,0.0,0.0,0.0,0.0,0.0,0.0,0.0,0.0,0.0,0.0,0.0,0.0,0.0,0.0,0.0,0.0,0.0,0.0,0.0,4.53125,0.0,0.0,0.0,0.0,0.0,0.0,0.0,0.0,0.0,0.0,0.0,0.0,0.0,12.65625,0.0,12.65625,0.0,0.0,0.0,12.65625,0.0,0.0,0.0,0.0,3.28125,207.65625,206.25,206.25,206.25,224.53125,204.84375,191.5625,202.03125,206.25,206.25,206.25,206.25,206.25,206.25,206.25,206.25,206.25,206.25,206.25,206.25,206.25,206.25,206.25,206.25,206.25,206.25,206.25,206.25,206.25,206.25,206.25,206.25,206.25,206.25,206.25,206.25,206.25,206.25,206.25,206.25,206.25,206.25,206.25,206.25,206.25,206.25,206.25,206.25,206.25,206.25,206.25,206.25,206.25,206.25,207.5,206.25,206.25,206.25,206.25,206.25,206.25,206.25,206.25,206.25,206.25,206.25,206.25,206.25,206.25,206.25,206.25,206.25,206.25,206.25,206.25,206.25,206.25,206.25,206.25,206.25,206.25,206.25,206.25,206.25,206.25,206.25,393.4375,393.4375,394.53125,393.4375,407.8125,407.8125,420.3125,386.09375,370.15625,396.875,420.3125,407.34375,420.3125,420.3125,407.34375,407.34375,407.34375,420.3125,420.3125,420.3125,393.4375,407.34375,407.34375,420.3125,407.34375,393.4375,420.3125,416.25,420.3125,407.34375,420.3125,420.3125,407.34375,393.4375,393.4375,407.34375,407.34375,393.4375,393.4375,420.3125,414.0625,407.34375,420.3125,407.34375,407.34375,420.3125,407.34375,396.875,407.34375,407.34375,407.34375,420.3125,407.34375,407.34375,393.4375,393.4375,407.34375,407.34375,393.4375,407.34375,407.34375,393.4375,393.4375,407.34375,407.34375,393.4375,396.875,420.3125,407.34375,416.25,420.3125,420.3125,393.4375,407.34375,393.4375,396.875,416.25,420.3125,407.34375,407.34375,404.21875,392.8125,404.21875,404.21875,407.34375,420.3125,392.8125,404.21875,392.8125,396.875,392.8125,392.8125,404.21875,392.8125,392.8125,392.8125,392.8125,392.8125,392.8125,392.8125,413.59375,407.34375,244.375,244.84375,248.28125,237.8125,244.375,244.84375,244.84375,244.84375,244.84375,244.84375,244.84375,244.84375,244.84375,245.78125,252.96875,252.96875,252.96875,252.96875,252.96875,244.84375,244.84375,237.8125,252.96875,244.84375,244.84375,244.84375,244.84375,244.84375,244.84375,244.84375,244.84375,244.84375,244.84375,244.84375,244.84375,237.8125,237.8125,244.84375,244.84375,244.84375,244.84375,244.84375,244.84375,244.84375,245.78125,244.84375,244.84375,244.84375,244.84375,244.84375,244.84375,244.84375,244.84375,244.84375,244.84375,244.84375,245.78125,249.375,244.84375,244.84375,244.84375,244.84375,244.84375,245.78125,241.875,244.84375,255.0,244.84375,244.84375,244.84375,245.78125,244.84375,244.84375,248.28125,237.8125,244.84375,237.8125,237.8125,237.8125,237.8125,237.8125,237.8125,237.8125,237.8125,244.84375,237.8125,237.8125,244.6875,237.8125,237.8125,237.8125,244.84375,237.8125
hDenV1/Colombia/un-INS-484948/2016,0.0,0.0,0.0,0.0,0.0,0.0,0.0,0.0,0.0,0.0,0.0,12.65625,12.65625,12.65625,0.0,12.65625,0.0,0.0,0.0,0.0,0.0,0.0,0.0,3.59375,0.0,22.65625,0.0,3.59375,3.59375,0.0,0.0,0.0,0.0,0.0,20.625,3.59375,0.0,0.0,3.59375,12.96875,0.0,0.0,3.59375,0.0,0.0,0.0,0.0,0.0,0.0,0.0,0.0,0.0,0.0,0.0,0.0,0.0,0.0,0.0,0.0,0.0,0.0,0.0,0.0,0.0,0.0,0.0,0.0,0.0,0.0,0.0,0.0,0.0,0.0,0.0,0.0,0.0,0.0,0.0,0.0,4.53125,0.0,0.0,0.0,0.0,0.0,0.0,0.0,0.0,0.0,0.0,0.0,0.0,0.0,12.65625,0.0,12.65625,0.0,0.0,0.0,12.65625,0.0,0.0,0.0,0.0,3.28125,207.65625,206.25,206.25,206.25,224.53125,204.84375,191.5625,202.03125,206.25,206.25,206.25,206.25,206.25,206.25,206.25,206.25,206.25,206.25,206.25,206.25,206.25,206.25,206.25,206.25,206.25,206.25,206.25,206.25,206.25,206.25,206.25,206.25,206.25,206.25,206.25,206.25,206.25,206.25,206.25,206.25,206.25,206.25,206.25,206.25,206.25,206.25,206.25,206.25,206.25,206.25,206.25,206.25,206.25,206.25,207.5,206.25,206.25,206.25,206.25,206.25,206.25,206.25,206.25,206.25,206.25,206.25,206.25,206.25,206.25,206.25,206.25,206.25,206.25,206.25,206.25,206.25,206.25,206.25,206.25,206.25,206.25,206.25,206.25,206.25,206.25,206.25,393.4375,393.4375,394.53125,393.4375,407.8125,407.8125,420.3125,386.09375,370.15625,396.875,420.3125,407.34375,420.3125,420.3125,407.34375,407.34375,407.34375,420.3125,420.3125,420.3125,393.4375,407.34375,407.34375,420.3125,407.34375,393.4375,420.3125,416.25,420.3125,407.34375,420.3125,420.3125,407.34375,393.4375,393.4375,407.34375,407.34375,393.4375,393.4375,420.3125,414.0625,407.34375,420.3125,407.34375,407.34375,420.3125,407.34375,396.875,407.34375,407.34375,407.34375,420.3125,407.34375,407.34375,393.4375,393.4375,407.34375,407.34375,393.4375,407.34375,407.34375,393.4375,393.4375,407.34375,407.34375,393.4375,396.875,420.3125,407.34375,416.25,420.3125,420.3125,393.4375,407.34375,393.4375,396.875,416.25,420.3125,407.34375,407.34375,404.21875,392.8125,404.21875,404.21875,407.34375,420.3125,392.8125,404.21875,392.8125,396.875,392.8125,392.8125,404.21875,392.8125,392.8125,392.8125,392.8125,392.8125,392.8125,392.8125,413.59375,407.34375,244.375,244.84375,248.28125,237.8125,244.375,244.84375,244.84375,244.84375,244.84375,244.84375,244.84375,244.84375,244.84375,245.78125,252.96875,252.96875,252.96875,252.96875,252.96875,244.84375,244.84375,237.8125,252.96875,244.84375,244.84375,244.84375,244.84375,244.84375,244.84375,244.84375,244.84375,244.84375,244.84375,244.84375,244.84375,237.8125,237.8125,244.84375,244.84375,244.84375,244.84375,244.84375,244.84375,244.84375,245.78125,244.84375,244.84375,244.84375,244.84375,244.84375,244.84375,244.84375,244.84375,244.84375,244.84375,244.84375,245.78125,249.375,244.84375,244.84375,244.84375,244.84375,244.84375,245.78125,241.875,244.84375,255.0,244.84375,244.84375,244.84375,245.78125,244.84375,244.84375,248.28125,237.8125,244.84375,237.8125,237.8125,237.8125,237.8125,237.8125,237.8125,237.8125,237.8125,244.84375,237.8125,237.8125,244.6875,237.8125,237.8125,237.8125,244.84375,237.8125
hDenV1/Colombia/un-OUCRU-0000003/2013,0.0,0.0,0.0,0.0,0.0,0.0,0.0,0.0,0.0,0.0,0.0,12.65625,12.65625,12.65625,0.0,12.65625,0.0,0.0,0.0,0.0,0.0,0.0,0.0,3.59375,0.0,22.65625,0.0,3.59375,3.59375,0.0,0.0,0.0,0.0,0.0,20.625,3.59375,0.0,0.0,3.59375,12.96875,0.0,0.0,3.59375,0.0,0.0,0.0,0.0,0.0,0.0,0.0,0.0,0.0,0.0,0.0,0.0,0.0,0.0,0.0,0.0,0.0,0.0,0.0,0.0,0.0,0.0,0.0,0.0,0.0,0.0,0.0,0.0,0.0,0.0,0.0,0.0,0.0,0.0,0.0,0.0,4.53125,0.0,0.0,0.0,0.0,0.0,0.0,0.0,0.0,0.0,0.0,0.0,0.0,0.0,12.65625,0.0,12.65625,0.0,0.0,0.0,12.65625,0.0,0.0,0.0,0.0,3.28125,207.65625,206.25,206.25,206.25,224.53125,204.84375,191.5625,202.03125,206.25,206.25,206.25,206.25,206.25,206.25,206.25,206.25,206.25,206.25,206.25,206.25,206.25,206.25,206.25,206.25,206.25,206.25,206.25,206.25,206.25,206.25,206.25,206.25,206.25,206.25,206.25,206.25,206.25,206.25,206.25,206.25,206.25,206.25,206.25,206.25,206.25,206.25,206.25,206.25,206.25,206.25,206.25,206.25,206.25,206.25,207.5,206.25,206.25,206.25,206.25,206.25,206.25,206.25,206.25,206.25,206.25,206.25,206.25,206.25,206.25,206.25,206.25,206.25,206.25,206.25,206.25,206.25,206.25,206.25,206.25,206.25,206.25,206.25,206.25,206.25,206.25,206.25,393.4375,393.4375,394.53125,393.4375,407.8125,407.8125,420.3125,386.09375,370.15625,396.875,420.3125,407.34375,420.3125,420.3125,407.34375,407.34375,407.34375,420.3125,420.3125,420.3125,393.4375,407.34375,407.34375,420.3125,407.34375,393.4375,420.3125,416.25,420.3125,407.34375,420.3125,420.3125,407.34375,393.4375,393.4375,407.34375,407.34375,393.4375,393.4375,420.3125,414.0625,407.34375,420.3125,407.34375,407.34375,420.3125,407.34375,396.875,407.34375,407.34375,407.34375,420.3125,407.34375,407.34375,393.4375,393.4375,407.34375,407.34375,393.4375,407.34375,407.34375,393.4375,393.4375,407.34375,407.34375,393.4375,396.875,420.3125,407.34375,416.25,420.3125,420.3125,393.4375,407.34375,393.4375,396.875,416.25,420.3125,407.34375,407.34375,404.21875,392.8125,404.21875,404.21875,407.34375,420.3125,392.8125,404.21875,392.8125,396.875,392.8125,392.8125,404.21875,392.8125,392.8125,392.8125,392.8125,392.8125,392.8125,392.8125,413.59375,407.34375,244.375,244.84375,248.28125,237.8125,244.375,244.84375,244.84375,244.84375,244.84375,244.84375,244.84375,244.84375,244.84375,245.78125,252.96875,252.96875,252.96875,252.96875,252.96875,244.84375,244.84375,237.8125,252.96875,244.84375,244.84375,244.84375,244.84375,244.84375,244.84375,244.84375,244.84375,244.84375,244.84375,244.84375,244.84375,237.8125,237.8125,244.84375,244.84375,244.84375,244.84375,244.84375,244.84375,244.84375,245.78125,244.84375,244.84375,244.84375,244.84375,244.84375,244.84375,244.84375,244.84375,244.84375,244.84375,244.84375,245.78125,249.375,244.84375,244.84375,244.84375,244.84375,244.84375,245.78125,241.875,244.84375,255.0,244.84375,244.84375,244.84375,245.78125,244.84375,244.84375,248.28125,237.8125,244.84375,237.8125,237.8125,237.8125,237.8125,237.8125,237.8125,237.8125,237.8125,244.84375,237.8125,237.8125,244.6875,237.8125,237.8125,237.8125,244.84375,237.8125
hDenV1/Colombia/un-OUCRU-0000005/2013,0.0,0.0,0.0,0.0,0.0,0.0,0.0,0.0,0.0,0.0,0.0,12.65625,12.65625,12.65625,0.0,12.65625,0.0,0.0,0.0,0.0,0.0,0.0,0.0,3.59375,0.0,22.65625,0.0,3.59375,3.59375,0.0,0.0,0.0,0.0,0.0,20.625,3.59375,0.0,0.0,3.59375,12.96875,0.0,0.0,3.59375,0.0,0.0,0.0,0.0,0.0,0.0,0.0,0.0,0.0,0.0,0.0,0.0,0.0,0.0,0.0,0.0,0.0,0.0,0.0,0.0,0.0,0.0,0.0,0.0,0.0,0.0,0.0,0.0,0.0,0.0,0.0,0.0,0.0,0.0,0.0,0.0,4.53125,0.0,0.0,0.0,0.0,0.0,0.0,0.0,0.0,0.0,0.0,0.0,0.0,0.0,12.65625,0.0,12.65625,0.0,0.0,0.0,12.65625,0.0,0.0,0.0,0.0,3.28125,207.65625,206.25,206.25,206.25,224.53125,204.84375,191.5625,202.03125,206.25,206.25,206.25,206.25,206.25,206.25,206.25,206.25,206.25,206.25,206.25,206.25,206.25,206.25,206.25,206.25,206.25,206.25,206.25,206.25,206.25,206.25,206.25,206.25,206.25,206.25,206.25,206.25,206.25,206.25,206.25,206.25,206.25,206.25,206.25,206.25,206.25,206.25,206.25,206.25,206.25,206.25,206.25,206.25,206.25,206.25,207.5,206.25,206.25,206.25,206.25,206.25,206.25,206.25,206.25,206.25,206.25,206.25,206.25,206.25,206.25,206.25,206.25,206.25,206.25,206.25,206.25,206.25,206.25,206.25,206.25,206.25,206.25,206.25,206.25,206.25,206.25,206.25,393.4375,393.4375,394.53125,393.4375,407.8125,407.8125,420.3125,386.09375,370.15625,396.875,420.3125,407.34375,420.3125,420.3125,407.34375,407.34375,407.34375,420.3125,420.3125,420.3125,393.4375,407.34375,407.34375,420.3125,407.34375,393.4375,420.3125,416.25,420.3125,407.34375,420.3125,420.3125,407.34375,393.4375,393.4375,407.34375,407.34375,393.4375,393.4375,420.3125,414.0625,407.34375,420.3125,407.34375,407.34375,420.3125,407.34375,396.875,407.34375,407.34375,407.34375,420.3125,407.34375,407.34375,393.4375,393.4375,407.34375,407.34375,393.4375,407.34375,407.34375,393.4375,393.4375,407.34375,407.34375,393.4375,396.875,420.3125,407.34375,416.25,420.3125,420.3125,393.4375,407.34375,393.4375,396.875,416.25,420.3125,407.34375,407.34375,404.21875,392.8125,404.21875,404.21875,407.34375,420.3125,392.8125,404.21875,392.8125,396.875,392.8125,392.8125,404.21875,392.8125,392.8125,392.8125,392.8125,392.8125,392.8125,392.8125,413.59375,407.34375,244.375,244.84375,248.28125,237.8125,244.375,244.84375,244.84375,244.84375,244.84375,244.84375,244.84375,244.84375,244.84375,245.78125,252.96875,252.96875,252.96875,252.96875,252.96875,244.84375,244.84375,237.8125,252.96875,244.84375,244.84375,244.84375,244.84375,244.84375,244.84375,244.84375,244.84375,244.84375,244.84375,244.84375,244.84375,237.8125,237.8125,244.84375,244.84375,244.84375,244.84375,244.84375,244.84375,244.84375,245.78125,244.84375,244.84375,244.84375,244.84375,244.84375,244.84375,244.84375,244.84375,244.84375,244.84375,244.84375,245.78125,249.375,244.84375,244.84375,244.84375,244.84375,244.84375,245.78125,241.875,244.84375,255.0,244.84375,244.84375,244.84375,245.78125,244.84375,244.84375,248.28125,237.8125,244.84375,237.8125,237.8125,237.8125,237.8125,237.8125,237.8125,237.8125,237.8125,244.84375,237.8125,237.8125,244.6875,237.8125,237.8125,237.8125,244.84375,237.8125
hDenV1/Colombia/un-OUCRU-0000006/2012,0.0,0.0,0.0,0.0,0.0,0.0,0.0,0.0,0.0,0.0,0.0,12.65625,12.65625,12.65625,0.0,12.65625,0.0,0.0,0.0,0.0,0.0,0.0,0.0,3.59375,0.0,22.65625,0.0,3.59375,3.59375,0.0,0.0,0.0,0.0,0.0,20.625,3.59375,0.0,0.0,3.59375,12.96875,0.0,0.0,3.59375,0.0,0.0,0.0,0.0,0.0,0.0,0.0,0.0,0.0,0.0,0.0,0.0,0.0,0.0,0.0,0.0,0.0,0.0,0.0,0.0,0.0,0.0,0.0,0.0,0.0,0.0,0.0,0.0,0.0,0.0,0.0,0.0,0.0,0.0,0.0,0.0,4.53125,0.0,0.0,0.0,0.0,0.0,0.0,0.0,0.0,0.0,0.0,0.0,0.0,0.0,12.65625,0.0,12.65625,0.0,0.0,0.0,12.65625,0.0,0.0,0.0,0.0,3.28125,207.65625,206.25,206.25,206.25,224.53125,204.84375,191.5625,202.03125,206.25,206.25,206.25,206.25,206.25,206.25,206.25,206.25,206.25,206.25,206.25,206.25,206.25,206.25,206.25,206.25,206.25,206.25,206.25,206.25,206.25,206.25,206.25,206.25,206.25,206.25,206.25,206.25,206.25,206.25,206.25,206.25,206.25,206.25,206.25,206.25,206.25,206.25,206.25,206.25,206.25,206.25,206.25,206.25,206.25,206.25,207.5,206.25,206.25,206.25,206.25,206.25,206.25,206.25,206.25,206.25,206.25,206.25,206.25,206.25,206.25,206.25,206.25,206.25,206.25,206.25,206.25,206.25,206.25,206.25,206.25,206.25,206.25,206.25,206.25,206.25,206.25,206.25,393.4375,393.4375,394.53125,393.4375,407.8125,407.8125,420.3125,386.09375,370.15625,396.875,420.3125,407.34375,420.3125,420.3125,407.34375,407.34375,407.34375,420.3125,420.3125,420.3125,393.4375,407.34375,407.34375,420.3125,407.34375,393.4375,420.3125,416.25,420.3125,407.34375,420.3125,420.3125,407.34375,393.4375,393.4375,407.34375,407.34375,393.4375,393.4375,420.3125,414.0625,407.34375,420.3125,407.34375,407.34375,420.3125,407.34375,396.875,407.34375,407.34375,407.34375,420.3125,407.34375,407.34375,393.4375,393.4375,407.34375,407.34375,393.4375,407.34375,407.34375,393.4375,393.4375,407.34375,407.34375,393.4375,396.875,420.3125,407.34375,416.25,420.3125,420.3125,393.4375,407.34375,393.4375,396.875,416.25,420.3125,407.34375,407.34375,404.21875,392.8125,404.21875,404.21875,407.34375,420.3125,392.8125,404.21875,392.8125,396.875,392.8125,392.8125,404.21875,392.8125,392.8125,392.8125,392.8125,392.8125,392.8125,392.8125,413.59375,407.34375,244.375,244.84375,248.28125,237.8125,244.375,244.84375,244.84375,244.84375,244.84375,244.84375,244.84375,244.84375,244.84375,245.78125,252.96875,252.96875,252.96875,252.96875,252.96875,244.84375,244.84375,237.8125,252.96875,244.84375,244.84375,244.84375,244.84375,244.84375,244.84375,244.84375,244.84375,244.84375,244.84375,244.84375,244.84375,237.8125,237.8125,244.84375,244.84375,244.84375,244.84375,244.84375,244.84375,244.84375,245.78125,244.84375,244.84375,244.84375,244.84375,244.84375,244.84375,244.84375,244.84375,244.84375,244.84375,244.84375,245.78125,249.375,244.84375,244.84375,244.84375,244.84375,244.84375,245.78125,241.875,244.84375,255.0,244.84375,244.84375,244.84375,245.78125,244.84375,244.84375,248.28125,237.8125,244.84375,237.8125,237.8125,237.8125,237.8125,237.8125,237.8125,237.8125,237.8125,244.84375,237.8125,237.8125,244.6875,237.8125,237.8125,237.8125,244.84375,237.8125
hDenV1/Colombia/un-OUCRU-0000008/2013,0.0,0.0,0.0,0.0,0.0,0.0,0.0,0.0,0.0,0.0,0.0,12.65625,12.65625,12.65625,0.0,12.65625,0.0,0.0,0.0,0.0,0.0,0.0,0.0,3.59375,0.0,22.65625,0.0,3.59375,3.59375,0.0,0.0,0.0,0.0,0.0,20.625,3.59375,0.0,0.0,3.59375,12.96875,0.0,0.0,3.59375,0.0,0.0,0.0,0.0,0.0,0.0,0.0,0.0,0.0,0.0,0.0,0.0,0.0,0.0,0.0,0.0,0.0,0.0,0.0,0.0,0.0,0.0,0.0,0.0,0.0,0.0,0.0,0.0,0.0,0.0,0.0,0.0,0.0,0.0,0.0,0.0,4.53125,0.0,0.0,0.0,0.0,0.0,0.0,0.0,0.0,0.0,0.0,0.0,0.0,0.0,12.65625,0.0,12.65625,0.0,0.0,0.0,12.65625,0.0,0.0,0.0,0.0,3.28125,207.65625,206.25,206.25,206.25,224.53125,204.84375,191.5625,202.03125,206.25,206.25,206.25,206.25,206.25,206.25,206.25,206.25,206.25,206.25,206.25,206.25,206.25,206.25,206.25,206.25,206.25,206.25,206.25,206.25,206.25,206.25,206.25,206.25,206.25,206.25,206.25,206.25,206.25,206.25,206.25,206.25,206.25,206.25,206.25,206.25,206.25,206.25,206.25,206.25,206.25,206.25,206.25,206.25,206.25,206.25,207.5,206.25,206.25,206.25,206.25,206.25,206.25,206.25,206.25,206.25,206.25,206.25,206.25,206.25,206.25,206.25,206.25,206.25,206.25,206.25,206.25,206.25,206.25,206.25,206.25,206.25,206.25,206.25,206.25,206.25,206.25,206.25,393.4375,393.4375,394.53125,393.4375,407.8125,407.8125,420.3125,386.09375,370.15625,396.875,420.3125,407.34375,420.3125,420.3125,407.34375,407.34375,407.34375,420.3125,420.3125,420.3125,393.4375,407.34375,407.34375,420.3125,407.34375,393.4375,420.3125,416.25,420.3125,407.34375,420.3125,420.3125,407.34375,393.4375,393.4375,407.34375,407.34375,393.4375,393.4375,420.3125,414.0625,407.34375,420.3125,407.34375,407.34375,420.3125,407.34375,396.875,407.34375,407.34375,407.34375,420.3125,407.34375,407.34375,393.4375,393.4375,407.34375,407.34375,393.4375,407.34375,407.34375,393.4375,393.4375,407.34375,407.34375,393.4375,396.875,420.3125,407.34375,416.25,420.3125,420.3125,393.4375,407.34375,393.4375,396.875,416.25,420.3125,407.34375,407.34375,404.21875,392.8125,404.21875,404.21875,407.34375,420.3125,392.8125,404.21875,392.8125,396.875,392.8125,392.8125,404.21875,392.8125,392.8125,392.8125,392.8125,392.8125,392.8125,392.8125,413.59375,407.34375,244.375,244.84375,248.28125,237.8125,244.375,244.84375,244.84375,244.84375,244.84375,244.84375,244.84375,244.84375,244.84375,245.78125,252.96875,252.96875,252.96875,252.96875,252.96875,244.84375,244.84375,237.8125,252.96875,244.84375,244.84375,244.84375,244.84375,244.84375,244.84375,244.84375,244.84375,244.84375,244.84375,244.84375,244.84375,237.8125,237.8125,244.84375,244.84375,244.84375,244.84375,244.84375,244.84375,244.84375,245.78125,244.84375,244.84375,244.84375,244.84375,244.84375,244.84375,244.84375,244.84375,244.84375,244.84375,244.84375,245.78125,249.375,244.84375,244.84375,244.84375,244.84375,244.84375,245.78125,241.875,244.84375,255.0,244.84375,244.84375,244.84375,245.78125,244.84375,244.84375,248.28125,237.8125,244.84375,237.8125,237.8125,237.8125,237.8125,237.8125,237.8125,237.8125,237.8125,244.84375,237.8125,237.8125,244.6875,237.8125,237.8125,237.8125,244.84375,237.8125
hDenV1/Colombia/un-OUCRU-0000010/2013,0.0,0.0,0.0,0.0,0.0,0.0,0.0,0.0,0.0,0.0,0.0,12.65625,12.65625,12.65625,0.0,12.65625,0.0,0.0,0.0,0.0,0.0,0.0,0.0,3.59375,0.0,22.65625,0.0,3.59375,3.59375,0.0,0.0,0.0,0.0,0.0,20.625,3.59375,0.0,0.0,3.59375,12.96875,0.0,0.0,3.59375,0.0,0.0,0.0,0.0,0.0,0.0,0.0,0.0,0.0,0.0,0.0,0.0,0.0,0.0,0.0,0.0,0.0,0.0,0.0,0.0,0.0,0.0,0.0,0.0,0.0,0.0,0.0,0.0,0.0,0.0,0.0,0.0,0.0,0.0,0.0,0.0,4.53125,0.0,0.0,0.0,0.0,0.0,0.0,0.0,0.0,0.0,0.0,0.0,0.0,0.0,12.65625,0.0,12.65625,0.0,0.0,0.0,12.65625,0.0,0.0,0.0,0.0,3.28125,207.65625,206.25,206.25,206.25,224.53125,204.84375,191.5625,202.03125,206.25,206.25,206.25,206.25,206.25,206.25,206.25,206.25,206.25,206.25,206.25,206.25,206.25,206.25,206.25,206.25,206.25,206.25,206.25,206.25,206.25,206.25,206.25,206.25,206.25,206.25,206.25,206.25,206.25,206.25,206.25,206.25,206.25,206.25,206.25,206.25,206.25,206.25,206.25,206.25,206.25,206.25,206.25,206.25,206.25,206.25,207.5,206.25,206.25,206.25,206.25,206.25,206.25,206.25,206.25,206.25,206.25,206.25,206.25,206.25,206.25,206.25,206.25,206.25,206.25,206.25,206.25,206.25,206.25,206.25,206.25,206.25,206.25,206.25,206.25,206.25,206.25,206.25,393.4375,393.4375,394.53125,393.4375,407.8125,407.8125,420.3125,386.09375,370.15625,396.875,420.3125,407.34375,420.3125,420.3125,407.34375,407.34375,407.34375,420.3125,420.3125,420.3125,393.4375,407.34375,407.34375,420.3125,407.34375,393.4375,420.3125,416.25,420.3125,407.34375,420.3125,420.3125,407.34375,393.4375,393.4375,407.34375,407.34375,393.4375,393.4375,420.3125,414.0625,407.34375,420.3125,407.34375,407.34375,420.3125,407.34375,396.875,407.34375,407.34375,407.34375,420.3125,407.34375,407.34375,393.4375,393.4375,407.34375,407.34375,393.4375,407.34375,407.34375,393.4375,393.4375,407.34375,407.34375,393.4375,396.875,420.3125,407.34375,416.25,420.3125,420.3125,393.4375,407.34375,393.4375,396.875,416.25,420.3125,407.34375,407.34375,404.21875,392.8125,404.21875,404.21875,407.34375,420.3125,392.8125,404.21875,392.8125,396.875,392.8125,392.8125,404.21875,392.8125,392.8125,392.8125,392.8125,392.8125,392.8125,392.8125,413.59375,407.34375,244.375,244.84375,248.28125,237.8125,244.375,244.84375,244.84375,244.84375,244.84375,244.84375,244.84375,244.84375,244.84375,245.78125,252.96875,252.96875,252.96875,252.96875,252.96875,244.84375,244.84375,237.8125,252.96875,244.84375,244.84375,244.84375,244.84375,244.84375,244.84375,244.84375,244.84375,244.84375,244.84375,244.84375,244.84375,237.8125,237.8125,244.84375,244.84375,244.84375,244.84375,244.84375,244.84375,244.84375,245.78125,244.84375,244.84375,244.84375,244.84375,244.84375,244.84375,244.84375,244.84375,244.84375,244.84375,244.84375,245.78125,249.375,244.84375,244.84375,244.84375,244.84375,244.84375,245.78125,241.875,244.84375,255.0,244.84375,244.84375,244.84375,245.78125,244.84375,244.84375,248.28125,237.8125,244.84375,237.8125,237.8125,237.8125,237.8125,237.8125,237.8125,237.8125,237.8125,244.84375,237.8125,237.8125,244.6875,237.8125,237.8125,237.8125,244.84375,237.8125
hDenV1/Colombia/un-OUCRU-0000011/2012,0.0,0.0,0.0,0.0,0.0,0.0,0.0,0.0,0.0,0.0,0.0,12.65625,12.65625,12.65625,0.0,12.65625,0.0,0.0,0.0,0.0,0.0,0.0,0.0,3.59375,0.0,22.65625,0.0,3.59375,3.59375,0.0,0.0,0.0,0.0,0.0,20.625,3.59375,0.0,0.0,3.59375,12.96875,0.0,0.0,3.59375,0.0,0.0,0.0,0.0,0.0,0.0,0.0,0.0,0.0,0.0,0.0,0.0,0.0,0.0,0.0,0.0,0.0,0.0,0.0,0.0,0.0,0.0,0.0,0.0,0.0,0.0,0.0,0.0,0.0,0.0,0.0,0.0,0.0,0.0,0.0,0.0,4.53125,0.0,0.0,0.0,0.0,0.0,0.0,0.0,0.0,0.0,0.0,0.0,0.0,0.0,12.65625,0.0,12.65625,0.0,0.0,0.0,12.65625,0.0,0.0,0.0,0.0,3.28125,207.65625,206.25,206.25,206.25,224.53125,204.84375,191.5625,202.03125,206.25,206.25,206.25,206.25,206.25,206.25,206.25,206.25,206.25,206.25,206.25,206.25,206.25,206.25,206.25,206.25,206.25,206.25,206.25,206.25,206.25,206.25,206.25,206.25,206.25,206.25,206.25,206.25,206.25,206.25,206.25,206.25,206.25,206.25,206.25,206.25,206.25,206.25,206.25,206.25,206.25,206.25,206.25,206.25,206.25,206.25,207.5,206.25,206.25,206.25,206.25,206.25,206.25,206.25,206.25,206.25,206.25,206.25,206.25,206.25,206.25,206.25,206.25,206.25,206.25,206.25,206.25,206.25,206.25,206.25,206.25,206.25,206.25,206.25,206.25,206.25,206.25,206.25,393.4375,393.4375,394.53125,393.4375,407.8125,407.8125,420.3125,386.09375,370.15625,396.875,420.3125,407.34375,420.3125,420.3125,407.34375,407.34375,407.34375,420.3125,420.3125,420.3125,393.4375,407.34375,407.34375,420.3125,407.34375,393.4375,420.3125,416.25,420.3125,407.34375,420.3125,420.3125,407.34375,393.4375,393.4375,407.34375,407.34375,393.4375,393.4375,420.3125,414.0625,407.34375,420.3125,407.34375,407.34375,420.3125,407.34375,396.875,407.34375,407.34375,407.34375,420.3125,407.34375,407.34375,393.4375,393.4375,407.34375,407.34375,393.4375,407.34375,407.34375,393.4375,393.4375,407.34375,407.34375,393.4375,396.875,420.3125,407.34375,416.25,420.3125,420.3125,393.4375,407.34375,393.4375,396.875,416.25,420.3125,407.34375,407.34375,404.21875,392.8125,404.21875,404.21875,407.34375,420.3125,392.8125,404.21875,392.8125,396.875,392.8125,392.8125,404.21875,392.8125,392.8125,392.8125,392.8125,392.8125,392.8125,392.8125,413.59375,407.34375,244.375,244.84375,248.28125,237.8125,244.375,244.84375,244.84375,244.84375,244.84375,244.84375,244.84375,244.84375,244.84375,245.78125,252.96875,252.96875,252.96875,252.96875,252.96875,244.84375,244.84375,237.8125,252.96875,244.84375,244.84375,244.84375,244.84375,244.84375,244.84375,244.84375,244.84375,244.84375,244.84375,244.84375,244.84375,237.8125,237.8125,244.84375,244.84375,244.84375,244.84375,244.84375,244.84375,244.84375,245.78125,244.84375,244.84375,244.84375,244.84375,244.84375,244.84375,244.84375,244.84375,244.84375,244.84375,244.84375,245.78125,249.375,244.84375,244.84375,244.84375,244.84375,244.84375,245.78125,241.875,244.84375,255.0,244.84375,244.84375,244.84375,245.78125,244.84375,244.84375,248.28125,237.8125,244.84375,237.8125,237.8125,237.8125,237.8125,237.8125,237.8125,237.8125,237.8125,244.84375,237.8125,237.8125,244.6875,237.8125,237.8125,237.8125,244.84375,237.8125
hDenV1/Colombia/un-OUCRU-0000014/2012,0.0,0.0,0.0,0.0,0.0,0.0,0.0,0.0,0.0,0.0,0.0,12.65625,12.65625,12.65625,0.0,12.65625,0.0,0.0,0.0,0.0,0.0,0.0,0.0,3.59375,0.0,22.65625,0.0,3.59375,3.59375,0.0,0.0,0.0,0.0,0.0,20.625,3.59375,0.0,0.0,3.59375,12.96875,0.0,0.0,3.59375,0.0,0.0,0.0,0.0,0.0,0.0,0.0,0.0,0.0,0.0,0.0,0.0,0.0,0.0,0.0,0.0,0.0,0.0,0.0,0.0,0.0,0.0,0.0,0.0,0.0,0.0,0.0,0.0,0.0,0.0,0.0,0.0,0.0,0.0,0.0,0.0,4.53125,0.0,0.0,0.0,0.0,0.0,0.0,0.0,0.0,0.0,0.0,0.0,0.0,0.0,12.65625,0.0,12.65625,0.0,0.0,0.0,12.65625,0.0,0.0,0.0,0.0,3.28125,207.65625,206.25,206.25,206.25,224.53125,204.84375,191.5625,202.03125,206.25,206.25,206.25,206.25,206.25,206.25,206.25,206.25,206.25,206.25,206.25,206.25,206.25,206.25,206.25,206.25,206.25,206.25,206.25,206.25,206.25,206.25,206.25,206.25,206.25,206.25,206.25,206.25,206.25,206.25,206.25,206.25,206.25,206.25,206.25,206.25,206.25,206.25,206.25,206.25,206.25,206.25,206.25,206.25,206.25,206.25,207.5,206.25,206.25,206.25,206.25,206.25,206.25,206.25,206.25,206.25,206.25,206.25,206.25,206.25,206.25,206.25,206.25,206.25,206.25,206.25,206.25,206.25,206.25,206.25,206.25,206.25,206.25,206.25,206.25,206.25,206.25,206.25,393.4375,393.4375,394.53125,393.4375,407.8125,407.8125,420.3125,386.09375,370.15625,396.875,420.3125,407.34375,420.3125,420.3125,407.34375,407.34375,407.34375,420.3125,420.3125,420.3125,393.4375,407.34375,407.34375,420.3125,407.34375,393.4375,420.3125,416.25,420.3125,407.34375,420.3125,420.3125,407.34375,393.4375,393.4375,407.34375,407.34375,393.4375,393.4375,420.3125,414.0625,407.34375,420.3125,407.34375,407.34375,420.3125,407.34375,396.875,407.34375,407.34375,407.34375,420.3125,407.34375,407.34375,393.4375,393.4375,407.34375,407.34375,393.4375,407.34375,407.34375,393.4375,393.4375,407.34375,407.34375,393.4375,396.875,420.3125,407.34375,416.25,420.3125,420.3125,393.4375,407.34375,393.4375,396.875,416.25,420.3125,407.34375,407.34375,404.21875,392.8125,404.21875,404.21875,407.34375,420.3125,392.8125,404.21875,392.8125,396.875,392.8125,392.8125,404.21875,392.8125,392.8125,392.8125,392.8125,392.8125,392.8125,392.8125,413.59375,407.34375,244.375,244.84375,248.28125,237.8125,244.375,244.84375,244.84375,244.84375,244.84375,244.84375,244.84375,244.84375,244.84375,245.78125,252.96875,252.96875,252.96875,252.96875,252.96875,244.84375,244.84375,237.8125,252.96875,244.84375,244.84375,244.84375,244.84375,244.84375,244.84375,244.84375,244.84375,244.84375,244.84375,244.84375,244.84375,237.8125,237.8125,244.84375,244.84375,244.84375,244.84375,244.84375,244.84375,244.84375,245.78125,244.84375,244.84375,244.84375,244.84375,244.84375,244.84375,244.84375,244.84375,244.84375,244.84375,244.84375,245.78125,249.375,244.84375,244.84375,244.84375,244.84375,244.84375,245.78125,241.875,244.84375,255.0,244.84375,244.84375,244.84375,245.78125,244.84375,244.84375,248.28125,237.8125,244.84375,237.8125,237.8125,237.8125,237.8125,237.8125,237.8125,237.8125,237.8125,244.84375,237.8125,237.8125,244.6875,237.8125,237.8125,237.8125,244.84375,237.8125
hDenV1/Colombia/un-OUCRU-0000023/2013,0.0,0.0,0.0,0.0,0.0,0.0,0.0,0.0,0.0,0.0,0.0,12.65625,12.65625,12.65625,0.0,12.65625,0.0,0.0,0.0,0.0,0.0,0.0,0.0,3.59375,0.0,22.65625,0.0,3.59375,3.59375,0.0,0.0,0.0,0.0,0.0,20.625,3.59375,0.0,0.0,3.59375,12.96875,0.0,0.0,3.59375,0.0,0.0,0.0,0.0,0.0,0.0,0.0,0.0,0.0,0.0,0.0,0.0,0.0,0.0,0.0,0.0,0.0,0.0,0.0,0.0,0.0,0.0,0.0,0.0,0.0,0.0,0.0,0.0,0.0,0.0,0.0,0.0,0.0,0.0,0.0,0.0,4.53125,0.0,0.0,0.0,0.0,0.0,0.0,0.0,0.0,0.0,0.0,0.0,0.0,0.0,12.65625,0.0,12.65625,0.0,0.0,0.0,12.65625,0.0,0.0,0.0,0.0,3.28125,207.65625,206.25,206.25,206.25,224.53125,204.84375,191.5625,202.03125,206.25,206.25,206.25,206.25,206.25,206.25,206.25,206.25,206.25,206.25,206.25,206.25,206.25,206.25,206.25,206.25,206.25,206.25,206.25,206.25,206.25,206.25,206.25,206.25,206.25,206.25,206.25,206.25,206.25,206.25,206.25,206.25,206.25,206.25,206.25,206.25,206.25,206.25,206.25,206.25,206.25,206.25,206.25,206.25,206.25,206.25,207.5,206.25,206.25,206.25,206.25,206.25,206.25,206.25,206.25,206.25,206.25,206.25,206.25,206.25,206.25,206.25,206.25,206.25,206.25,206.25,206.25,206.25,206.25,206.25,206.25,206.25,206.25,206.25,206.25,206.25,206.25,206.25,393.4375,393.4375,394.53125,393.4375,407.8125,407.8125,420.3125,386.09375,370.15625,396.875,420.3125,407.34375,420.3125,420.3125,407.34375,407.34375,407.34375,420.3125,420.3125,420.3125,393.4375,407.34375,407.34375,420.3125,407.34375,393.4375,420.3125,416.25,420.3125,407.34375,420.3125,420.3125,407.34375,393.4375,393.4375,407.34375,407.34375,393.4375,393.4375,420.3125,414.0625,407.34375,420.3125,407.34375,407.34375,420.3125,407.34375,396.875,407.34375,407.34375,407.34375,420.3125,407.34375,407.34375,393.4375,393.4375,407.34375,407.34375,393.4375,407.34375,407.34375,393.4375,393.4375,407.34375,407.34375,393.4375,396.875,420.3125,407.34375,416.25,420.3125,420.3125,393.4375,407.34375,393.4375,396.875,416.25,420.3125,407.34375,407.34375,404.21875,392.8125,404.21875,404.21875,407.34375,420.3125,392.8125,404.21875,392.8125,396.875,392.8125,392.8125,404.21875,392.8125,392.8125,392.8125,392.8125,392.8125,392.8125,392.8125,413.59375,407.34375,244.375,244.84375,248.28125,237.8125,244.375,244.84375,244.84375,244.84375,244.84375,244.84375,244.84375,244.84375,244.84375,245.78125,252.96875,252.96875,252.96875,252.96875,252.96875,244.84375,244.84375,237.8125,252.96875,244.84375,244.84375,244.84375,244.84375,244.84375,244.84375,244.84375,244.84375,244.84375,244.84375,244.84375,244.84375,237.8125,237.8125,244.84375,244.84375,244.84375,244.84375,244.84375,244.84375,244.84375,245.78125,244.84375,244.84375,244.84375,244.84375,244.84375,244.84375,244.84375,244.84375,244.84375,244.84375,244.84375,245.78125,249.375,244.84375,244.84375,244.84375,244.84375,244.84375,245.78125,241.875,244.84375,255.0,244.84375,244.84375,244.84375,245.78125,244.84375,244.84375,248.28125,237.8125,244.84375,237.8125,237.8125,237.8125,237.8125,237.8125,237.8125,237.8125,237.8125,244.84375,237.8125,237.8125,244.6875,237.8125,237.8125,237.8125,244.84375,237.8125
hDenV1/Colombia/un-OUCRU-0000040/2013,0.0,0.0,0.0,0.0,0.0,0.0,0.0,0.0,0.0,0.0,0.0,12.65625,12.65625,12.65625,0.0,12.65625,0.0,0.0,0.0,0.0,0.0,0.0,0.0,3.59375,0.0,22.65625,0.0,3.59375,3.59375,0.0,0.0,0.0,0.0,0.0,20.625,3.59375,0.0,0.0,3.59375,12.96875,0.0,0.0,3.59375,0.0,0.0,0.0,0.0,0.0,0.0,0.0,0.0,0.0,0.0,0.0,0.0,0.0,0.0,0.0,0.0,0.0,0.0,0.0,0.0,0.0,0.0,0.0,0.0,0.0,0.0,0.0,0.0,0.0,0.0,0.0,0.0,0.0,0.0,0.0,0.0,4.53125,0.0,0.0,0.0,0.0,0.0,0.0,0.0,0.0,0.0,0.0,0.0,0.0,0.0,12.65625,0.0,12.65625,0.0,0.0,0.0,12.65625,0.0,0.0,0.0,0.0,3.28125,207.65625,206.25,206.25,206.25,224.53125,204.84375,191.5625,202.03125,206.25,206.25,206.25,206.25,206.25,206.25,206.25,206.25,206.25,206.25,206.25,206.25,206.25,206.25,206.25,206.25,206.25,206.25,206.25,206.25,206.25,206.25,206.25,206.25,206.25,206.25,206.25,206.25,206.25,206.25,206.25,206.25,206.25,206.25,206.25,206.25,206.25,206.25,206.25,206.25,206.25,206.25,206.25,206.25,206.25,206.25,207.5,206.25,206.25,206.25,206.25,206.25,206.25,206.25,206.25,206.25,206.25,206.25,206.25,206.25,206.25,206.25,206.25,206.25,206.25,206.25,206.25,206.25,206.25,206.25,206.25,206.25,206.25,206.25,206.25,206.25,206.25,206.25,393.4375,393.4375,394.53125,393.4375,407.8125,407.8125,420.3125,386.09375,370.15625,396.875,420.3125,407.34375,420.3125,420.3125,407.34375,407.34375,407.34375,420.3125,420.3125,420.3125,393.4375,407.34375,407.34375,420.3125,407.34375,393.4375,420.3125,416.25,420.3125,407.34375,420.3125,420.3125,407.34375,393.4375,393.4375,407.34375,407.34375,393.4375,393.4375,420.3125,414.0625,407.34375,420.3125,407.34375,407.34375,420.3125,407.34375,396.875,407.34375,407.34375,407.34375,420.3125,407.34375,407.34375,393.4375,393.4375,407.34375,407.34375,393.4375,407.34375,407.34375,393.4375,393.4375,407.34375,407.34375,393.4375,396.875,420.3125,407.34375,416.25,420.3125,420.3125,393.4375,407.34375,393.4375,396.875,416.25,420.3125,407.34375,407.34375,404.21875,392.8125,404.21875,404.21875,407.34375,420.3125,392.8125,404.21875,392.8125,396.875,392.8125,392.8125,404.21875,392.8125,392.8125,392.8125,392.8125,392.8125,392.8125,392.8125,413.59375,407.34375,244.375,244.84375,248.28125,237.8125,244.375,244.84375,244.84375,244.84375,244.84375,244.84375,244.84375,244.84375,244.84375,245.78125,252.96875,252.96875,252.96875,252.96875,252.96875,244.84375,244.84375,237.8125,252.96875,244.84375,244.84375,244.84375,244.84375,244.84375,244.84375,244.84375,244.84375,244.84375,244.84375,244.84375,244.84375,237.8125,237.8125,244.84375,244.84375,244.84375,244.84375,244.84375,244.84375,244.84375,245.78125,244.84375,244.84375,244.84375,244.84375,244.84375,244.84375,244.84375,244.84375,244.84375,244.84375,244.84375,245.78125,249.375,244.84375,244.84375,244.84375,244.84375,244.84375,245.78125,241.875,244.84375,255.0,244.84375,244.84375,244.84375,245.78125,244.84375,244.84375,248.28125,237.8125,244.84375,237.8125,237.8125,237.8125,237.8125,237.8125,237.8125,237.8125,237.8125,244.84375,237.8125,237.8125,244.6875,237.8125,237.8125,237.8125,244.84375,237.8125
hDenV1/Colombia/un-OUCRU-0000043/2013,0.0,0.0,0.0,0.0,0.0,0.0,0.0,0.0,0.0,0.0,0.0,12.65625,12.65625,12.65625,0.0,12.65625,0.0,0.0,0.0,0.0,0.0,0.0,0.0,3.59375,0.0,22.65625,0.0,3.59375,3.59375,0.0,0.0,0.0,0.0,0.0,20.625,3.59375,0.0,0.0,3.59375,12.96875,0.0,0.0,3.59375,0.0,0.0,0.0,0.0,0.0,0.0,0.0,0.0,0.0,0.0,0.0,0.0,0.0,0.0,0.0,0.0,0.0,0.0,0.0,0.0,0.0,0.0,0.0,0.0,0.0,0.0,0.0,0.0,0.0,0.0,0.0,0.0,0.0,0.0,0.0,0.0,4.53125,0.0,0.0,0.0,0.0,0.0,0.0,0.0,0.0,0.0,0.0,0.0,0.0,0.0,12.65625,0.0,12.65625,0.0,0.0,0.0,12.65625,0.0,0.0,0.0,0.0,3.28125,207.65625,206.25,206.25,206.25,224.53125,204.84375,191.5625,202.03125,206.25,206.25,206.25,206.25,206.25,206.25,206.25,206.25,206.25,206.25,206.25,206.25,206.25,206.25,206.25,206.25,206.25,206.25,206.25,206.25,206.25,206.25,206.25,206.25,206.25,206.25,206.25,206.25,206.25,206.25,206.25,206.25,206.25,206.25,206.25,206.25,206.25,206.25,206.25,206.25,206.25,206.25,206.25,206.25,206.25,206.25,207.5,206.25,206.25,206.25,206.25,206.25,206.25,206.25,206.25,206.25,206.25,206.25,206.25,206.25,206.25,206.25,206.25,206.25,206.25,206.25,206.25,206.25,206.25,206.25,206.25,206.25,206.25,206.25,206.25,206.25,206.25,206.25,393.4375,393.4375,394.53125,393.4375,407.8125,407.8125,420.3125,386.09375,370.15625,396.875,420.3125,407.34375,420.3125,420.3125,407.34375,407.34375,407.34375,420.3125,420.3125,420.3125,393.4375,407.34375,407.34375,420.3125,407.34375,393.4375,420.3125,416.25,420.3125,407.34375,420.3125,420.3125,407.34375,393.4375,393.4375,407.34375,407.34375,393.4375,393.4375,420.3125,414.0625,407.34375,420.3125,407.34375,407.34375,420.3125,407.34375,396.875,407.34375,407.34375,407.34375,420.3125,407.34375,407.34375,393.4375,393.4375,407.34375,407.34375,393.4375,407.34375,407.34375,393.4375,393.4375,407.34375,407.34375,393.4375,396.875,420.3125,407.34375,416.25,420.3125,420.3125,393.4375,407.34375,393.4375,396.875,416.25,420.3125,407.34375,407.34375,404.21875,392.8125,404.21875,404.21875,407.34375,420.3125,392.8125,404.21875,392.8125,396.875,392.8125,392.8125,404.21875,392.8125,392.8125,392.8125,392.8125,392.8125,392.8125,392.8125,413.59375,407.34375,244.375,244.84375,248.28125,237.8125,244.375,244.84375,244.84375,244.84375,244.84375,244.84375,244.84375,244.84375,244.84375,245.78125,252.96875,252.96875,252.96875,252.96875,252.96875,244.84375,244.84375,237.8125,252.96875,244.84375,244.84375,244.84375,244.84375,244.84375,244.84375,244.84375,244.84375,244.84375,244.84375,244.84375,244.84375,237.8125,237.8125,244.84375,244.84375,244.84375,244.84375,244.84375,244.84375,244.84375,245.78125,244.84375,244.84375,244.84375,244.84375,244.84375,244.84375,244.84375,244.84375,244.84375,244.84375,244.84375,245.78125,249.375,244.84375,244.84375,244.84375,244.84375,244.84375,245.78125,241.875,244.84375,255.0,244.84375,244.84375,244.84375,245.78125,244.84375,244.84375,248.28125,237.8125,244.84375,237.8125,237.8125,237.8125,237.8125,237.8125,237.8125,237.8125,237.8125,244.84375,237.8125,237.8125,244.6875,237.8125,237.8125,237.8125,244.84375,237.8125
hDenV1/Colombia/un-OUCRU-0000045/2013,0.0,0.0,0.0,0.0,0.0,0.0,0.0,0.0,0.0,0.0,0.0,12.65625,12.65625,12.65625,0.0,12.65625,0.0,0.0,0.0,0.0,0.0,0.0,0.0,3.59375,0.0,22.65625,0.0,3.59375,3.59375,0.0,0.0,0.0,0.0,0.0,20.625,3.59375,0.0,0.0,3.59375,12.96875,0.0,0.0,3.59375,0.0,0.0,0.0,0.0,0.0,0.0,0.0,0.0,0.0,0.0,0.0,0.0,0.0,0.0,0.0,0.0,0.0,0.0,0.0,0.0,0.0,0.0,0.0,0.0,0.0,0.0,0.0,0.0,0.0,0.0,0.0,0.0,0.0,0.0,0.0,0.0,4.53125,0.0,0.0,0.0,0.0,0.0,0.0,0.0,0.0,0.0,0.0,0.0,0.0,0.0,12.65625,0.0,12.65625,0.0,0.0,0.0,12.65625,0.0,0.0,0.0,0.0,3.28125,207.65625,206.25,206.25,206.25,224.53125,204.84375,191.5625,202.03125,206.25,206.25,206.25,206.25,206.25,206.25,206.25,206.25,206.25,206.25,206.25,206.25,206.25,206.25,206.25,206.25,206.25,206.25,206.25,206.25,206.25,206.25,206.25,206.25,206.25,206.25,206.25,206.25,206.25,206.25,206.25,206.25,206.25,206.25,206.25,206.25,206.25,206.25,206.25,206.25,206.25,206.25,206.25,206.25,206.25,206.25,207.5,206.25,206.25,206.25,206.25,206.25,206.25,206.25,206.25,206.25,206.25,206.25,206.25,206.25,206.25,206.25,206.25,206.25,206.25,206.25,206.25,206.25,206.25,206.25,206.25,206.25,206.25,206.25,206.25,206.25,206.25,206.25,393.4375,393.4375,394.53125,393.4375,407.8125,407.8125,420.3125,386.09375,370.15625,396.875,420.3125,407.34375,420.3125,420.3125,407.34375,407.34375,407.34375,420.3125,420.3125,420.3125,393.4375,407.34375,407.34375,420.3125,407.34375,393.4375,420.3125,416.25,420.3125,407.34375,420.3125,420.3125,407.34375,393.4375,393.4375,407.34375,407.34375,393.4375,393.4375,420.3125,414.0625,407.34375,420.3125,407.34375,407.34375,420.3125,407.34375,396.875,407.34375,407.34375,407.34375,420.3125,407.34375,407.34375,393.4375,393.4375,407.34375,407.34375,393.4375,407.34375,407.34375,393.4375,393.4375,407.34375,407.34375,393.4375,396.875,420.3125,407.34375,416.25,420.3125,420.3125,393.4375,407.34375,393.4375,396.875,416.25,420.3125,407.34375,407.34375,404.21875,392.8125,404.21875,404.21875,407.34375,420.3125,392.8125,404.21875,392.8125,396.875,392.8125,392.8125,404.21875,392.8125,392.8125,392.8125,392.8125,392.8125,392.8125,392.8125,413.59375,407.34375,244.375,244.84375,248.28125,237.8125,244.375,244.84375,244.84375,244.84375,244.84375,244.84375,244.84375,244.84375,244.84375,245.78125,252.96875,252.96875,252.96875,252.96875,252.96875,244.84375,244.84375,237.8125,252.96875,244.84375,244.84375,244.84375,244.84375,244.84375,244.84375,244.84375,244.84375,244.84375,244.84375,244.84375,244.84375,237.8125,237.8125,244.84375,244.84375,244.84375,244.84375,244.84375,244.84375,244.84375,245.78125,244.84375,244.84375,244.84375,244.84375,244.84375,244.84375,244.84375,244.84375,244.84375,244.84375,244.84375,245.78125,249.375,244.84375,244.84375,244.84375,244.84375,244.84375,245.78125,241.875,244.84375,255.0,244.84375,244.84375,244.84375,245.78125,244.84375,244.84375,248.28125,237.8125,244.84375,237.8125,237.8125,237.8125,237.8125,237.8125,237.8125,237.8125,237.8125,244.84375,237.8125,237.8125,244.6875,237.8125,237.8125,237.8125,244.84375,237.8125
hDenV1/Colombia/un-OUCRU-0000046/2013,0.0,0.0,0.0,0.0,0.0,0.0,0.0,0.0,0.0,0.0,0.0,12.65625,12.65625,12.65625,0.0,12.65625,0.0,0.0,0.0,0.0,0.0,0.0,0.0,3.59375,0.0,22.65625,0.0,3.59375,3.59375,0.0,0.0,0.0,0.0,0.0,20.625,3.59375,0.0,0.0,3.59375,12.96875,0.0,0.0,3.59375,0.0,0.0,0.0,0.0,0.0,0.0,0.0,0.0,0.0,0.0,0.0,0.0,0.0,0.0,0.0,0.0,0.0,0.0,0.0,0.0,0.0,0.0,0.0,0.0,0.0,0.0,0.0,0.0,0.0,0.0,0.0,0.0,0.0,0.0,0.0,0.0,4.53125,0.0,0.0,0.0,0.0,0.0,0.0,0.0,0.0,0.0,0.0,0.0,0.0,0.0,12.65625,0.0,12.65625,0.0,0.0,0.0,12.65625,0.0,0.0,0.0,0.0,3.28125,207.65625,206.25,206.25,206.25,224.53125,204.84375,191.5625,202.03125,206.25,206.25,206.25,206.25,206.25,206.25,206.25,206.25,206.25,206.25,206.25,206.25,206.25,206.25,206.25,206.25,206.25,206.25,206.25,206.25,206.25,206.25,206.25,206.25,206.25,206.25,206.25,206.25,206.25,206.25,206.25,206.25,206.25,206.25,206.25,206.25,206.25,206.25,206.25,206.25,206.25,206.25,206.25,206.25,206.25,206.25,207.5,206.25,206.25,206.25,206.25,206.25,206.25,206.25,206.25,206.25,206.25,206.25,206.25,206.25,206.25,206.25,206.25,206.25,206.25,206.25,206.25,206.25,206.25,206.25,206.25,206.25,206.25,206.25,206.25,206.25,206.25,206.25,393.4375,393.4375,394.53125,393.4375,407.8125,407.8125,420.3125,386.09375,370.15625,396.875,420.3125,407.34375,420.3125,420.3125,407.34375,407.34375,407.34375,420.3125,420.3125,420.3125,393.4375,407.34375,407.34375,420.3125,407.34375,393.4375,420.3125,416.25,420.3125,407.34375,420.3125,420.3125,407.34375,393.4375,393.4375,407.34375,407.34375,393.4375,393.4375,420.3125,414.0625,407.34375,420.3125,407.34375,407.34375,420.3125,407.34375,396.875,407.34375,407.34375,407.34375,420.3125,407.34375,407.34375,393.4375,393.4375,407.34375,407.34375,393.4375,407.34375,407.34375,393.4375,393.4375,407.34375,407.34375,393.4375,396.875,420.3125,407.34375,416.25,420.3125,420.3125,393.4375,407.34375,393.4375,396.875,416.25,420.3125,407.34375,407.34375,404.21875,392.8125,404.21875,404.21875,407.34375,420.3125,392.8125,404.21875,392.8125,396.875,392.8125,392.8125,404.21875,392.8125,392.8125,392.8125,392.8125,392.8125,392.8125,392.8125,413.59375,407.34375,244.375,244.84375,248.28125,237.8125,244.375,244.84375,244.84375,244.84375,244.84375,244.84375,244.84375,244.84375,244.84375,245.78125,252.96875,252.96875,252.96875,252.96875,252.96875,244.84375,244.84375,237.8125,252.96875,244.84375,244.84375,244.84375,244.84375,244.84375,244.84375,244.84375,244.84375,244.84375,244.84375,244.84375,244.84375,237.8125,237.8125,244.84375,244.84375,244.84375,244.84375,244.84375,244.84375,244.84375,245.78125,244.84375,244.84375,244.84375,244.84375,244.84375,244.84375,244.84375,244.84375,244.84375,244.84375,244.84375,245.78125,249.375,244.84375,244.84375,244.84375,244.84375,244.84375,245.78125,241.875,244.84375,255.0,244.84375,244.84375,244.84375,245.78125,244.84375,244.84375,248.28125,237.8125,244.84375,237.8125,237.8125,237.8125,237.8125,237.8125,237.8125,237.8125,237.8125,244.84375,237.8125,237.8125,244.6875,237.8125,237.8125,237.8125,244.84375,237.8125
hDenV1/Colombia/un-OUCRU-0000048/2013,0.0,0.0,0.0,0.0,0.0,0.0,0.0,0.0,0.0,0.0,0.0,12.65625,12.65625,12.65625,0.0,12.65625,0.0,0.0,0.0,0.0,0.0,0.0,0.0,3.59375,0.0,22.65625,0.0,3.59375,3.59375,0.0,0.0,0.0,0.0,0.0,20.625,3.59375,0.0,0.0,3.59375,12.96875,0.0,0.0,3.59375,0.0,0.0,0.0,0.0,0.0,0.0,0.0,0.0,0.0,0.0,0.0,0.0,0.0,0.0,0.0,0.0,0.0,0.0,0.0,0.0,0.0,0.0,0.0,0.0,0.0,0.0,0.0,0.0,0.0,0.0,0.0,0.0,0.0,0.0,0.0,0.0,4.53125,0.0,0.0,0.0,0.0,0.0,0.0,0.0,0.0,0.0,0.0,0.0,0.0,0.0,12.65625,0.0,12.65625,0.0,0.0,0.0,12.65625,0.0,0.0,0.0,0.0,3.28125,207.65625,206.25,206.25,206.25,224.53125,204.84375,191.5625,202.03125,206.25,206.25,206.25,206.25,206.25,206.25,206.25,206.25,206.25,206.25,206.25,206.25,206.25,206.25,206.25,206.25,206.25,206.25,206.25,206.25,206.25,206.25,206.25,206.25,206.25,206.25,206.25,206.25,206.25,206.25,206.25,206.25,206.25,206.25,206.25,206.25,206.25,206.25,206.25,206.25,206.25,206.25,206.25,206.25,206.25,206.25,207.5,206.25,206.25,206.25,206.25,206.25,206.25,206.25,206.25,206.25,206.25,206.25,206.25,206.25,206.25,206.25,206.25,206.25,206.25,206.25,206.25,206.25,206.25,206.25,206.25,206.25,206.25,206.25,206.25,206.25,206.25,206.25,393.4375,393.4375,394.53125,393.4375,407.8125,407.8125,420.3125,386.09375,370.15625,396.875,420.3125,407.34375,420.3125,420.3125,407.34375,407.34375,407.34375,420.3125,420.3125,420.3125,393.4375,407.34375,407.34375,420.3125,407.34375,393.4375,420.3125,416.25,420.3125,407.34375,420.3125,420.3125,407.34375,393.4375,393.4375,407.34375,407.34375,393.4375,393.4375,420.3125,414.0625,407.34375,420.3125,407.34375,407.34375,420.3125,407.34375,396.875,407.34375,407.34375,407.34375,420.3125,407.34375,407.34375,393.4375,393.4375,407.34375,407.34375,393.4375,407.34375,407.34375,393.4375,393.4375,407.34375,407.34375,393.4375,396.875,420.3125,407.34375,416.25,420.3125,420.3125,393.4375,407.34375,393.4375,396.875,416.25,420.3125,407.34375,407.34375,404.21875,392.8125,404.21875,404.21875,407.34375,420.3125,392.8125,404.21875,392.8125,396.875,392.8125,392.8125,404.21875,392.8125,392.8125,392.8125,392.8125,392.8125,392.8125,392.8125,413.59375,407.34375,244.375,244.84375,248.28125,237.8125,244.375,244.84375,244.84375,244.84375,244.84375,244.84375,244.84375,244.84375,244.84375,245.78125,252.96875,252.96875,252.96875,252.96875,252.96875,244.84375,244.84375,237.8125,252.96875,244.84375,244.84375,244.84375,244.84375,244.84375,244.84375,244.84375,244.84375,244.84375,244.84375,244.84375,244.84375,237.8125,237.8125,244.84375,244.84375,244.84375,244.84375,244.84375,244.84375,244.84375,245.78125,244.84375,244.84375,244.84375,244.84375,244.84375,244.84375,244.84375,244.84375,244.84375,244.84375,244.84375,245.78125,249.375,244.84375,244.84375,244.84375,244.84375,244.84375,245.78125,241.875,244.84375,255.0,244.84375,244.84375,244.84375,245.78125,244.84375,244.84375,248.28125,237.8125,244.84375,237.8125,237.8125,237.8125,237.8125,237.8125,237.8125,237.8125,237.8125,244.84375,237.8125,237.8125,244.6875,237.8125,237.8125,237.8125,244.84375,237.8125
hDenV1/Colombia/un-OUCRU-0000049/2013,0.0,0.0,0.0,0.0,0.0,0.0,0.0,0.0,0.0,0.0,0.0,12.65625,12.65625,12.65625,0.0,12.65625,0.0,0.0,0.0,0.0,0.0,0.0,0.0,3.59375,0.0,22.65625,0.0,3.59375,3.59375,0.0,0.0,0.0,0.0,0.0,20.625,3.59375,0.0,0.0,3.59375,12.96875,0.0,0.0,3.59375,0.0,0.0,0.0,0.0,0.0,0.0,0.0,0.0,0.0,0.0,0.0,0.0,0.0,0.0,0.0,0.0,0.0,0.0,0.0,0.0,0.0,0.0,0.0,0.0,0.0,0.0,0.0,0.0,0.0,0.0,0.0,0.0,0.0,0.0,0.0,0.0,4.53125,0.0,0.0,0.0,0.0,0.0,0.0,0.0,0.0,0.0,0.0,0.0,0.0,0.0,12.65625,0.0,12.65625,0.0,0.0,0.0,12.65625,0.0,0.0,0.0,0.0,3.28125,207.65625,206.25,206.25,206.25,224.53125,204.84375,191.5625,202.03125,206.25,206.25,206.25,206.25,206.25,206.25,206.25,206.25,206.25,206.25,206.25,206.25,206.25,206.25,206.25,206.25,206.25,206.25,206.25,206.25,206.25,206.25,206.25,206.25,206.25,206.25,206.25,206.25,206.25,206.25,206.25,206.25,206.25,206.25,206.25,206.25,206.25,206.25,206.25,206.25,206.25,206.25,206.25,206.25,206.25,206.25,207.5,206.25,206.25,206.25,206.25,206.25,206.25,206.25,206.25,206.25,206.25,206.25,206.25,206.25,206.25,206.25,206.25,206.25,206.25,206.25,206.25,206.25,206.25,206.25,206.25,206.25,206.25,206.25,206.25,206.25,206.25,206.25,393.4375,393.4375,394.53125,393.4375,407.8125,407.8125,420.3125,386.09375,370.15625,396.875,420.3125,407.34375,420.3125,420.3125,407.34375,407.34375,407.34375,420.3125,420.3125,420.3125,393.4375,407.34375,407.34375,420.3125,407.34375,393.4375,420.3125,416.25,420.3125,407.34375,420.3125,420.3125,407.34375,393.4375,393.4375,407.34375,407.34375,393.4375,393.4375,420.3125,414.0625,407.34375,420.3125,407.34375,407.34375,420.3125,407.34375,396.875,407.34375,407.34375,407.34375,420.3125,407.34375,407.34375,393.4375,393.4375,407.34375,407.34375,393.4375,407.34375,407.34375,393.4375,393.4375,407.34375,407.34375,393.4375,396.875,420.3125,407.34375,416.25,420.3125,420.3125,393.4375,407.34375,393.4375,396.875,416.25,420.3125,407.34375,407.34375,404.21875,392.8125,404.21875,404.21875,407.34375,420.3125,392.8125,404.21875,392.8125,396.875,392.8125,392.8125,404.21875,392.8125,392.8125,392.8125,392.8125,392.8125,392.8125,392.8125,413.59375,407.34375,244.375,244.84375,248.28125,237.8125,244.375,244.84375,244.84375,244.84375,244.84375,244.84375,244.84375,244.84375,244.84375,245.78125,252.96875,252.96875,252.96875,252.96875,252.96875,244.84375,244.84375,237.8125,252.96875,244.84375,244.84375,244.84375,244.84375,244.84375,244.84375,244.84375,244.84375,244.84375,244.84375,244.84375,244.84375,237.8125,237.8125,244.84375,244.84375,244.84375,244.84375,244.84375,244.84375,244.84375,245.78125,244.84375,244.84375,244.84375,244.84375,244.84375,244.84375,244.84375,244.84375,244.84375,244.84375,244.84375,245.78125,249.375,244.84375,244.84375,244.84375,244.84375,244.84375,245.78125,241.875,244.84375,255.0,244.84375,244.84375,244.84375,245.78125,244.84375,244.84375,248.28125,237.8125,244.84375,237.8125,237.8125,237.8125,237.8125,237.8125,237.8125,237.8125,237.8125,244.84375,237.8125,237.8125,244.6875,237.8125,237.8125,237.8125,244.84375,237.8125
hDenV1/Colombia/un-OUCRU-0000052/2013,0.0,0.0,0.0,0.0,0.0,0.0,0.0,0.0,0.0,0.0,0.0,12.65625,12.65625,12.65625,0.0,12.65625,0.0,0.0,0.0,0.0,0.0,0.0,0.0,3.59375,0.0,22.65625,0.0,3.59375,3.59375,0.0,0.0,0.0,0.0,0.0,20.625,3.59375,0.0,0.0,3.59375,12.96875,0.0,0.0,3.59375,0.0,0.0,0.0,0.0,0.0,0.0,0.0,0.0,0.0,0.0,0.0,0.0,0.0,0.0,0.0,0.0,0.0,0.0,0.0,0.0,0.0,0.0,0.0,0.0,0.0,0.0,0.0,0.0,0.0,0.0,0.0,0.0,0.0,0.0,0.0,0.0,4.53125,0.0,0.0,0.0,0.0,0.0,0.0,0.0,0.0,0.0,0.0,0.0,0.0,0.0,12.65625,0.0,12.65625,0.0,0.0,0.0,12.65625,0.0,0.0,0.0,0.0,3.28125,207.65625,206.25,206.25,206.25,224.53125,204.84375,191.5625,202.03125,206.25,206.25,206.25,206.25,206.25,206.25,206.25,206.25,206.25,206.25,206.25,206.25,206.25,206.25,206.25,206.25,206.25,206.25,206.25,206.25,206.25,206.25,206.25,206.25,206.25,206.25,206.25,206.25,206.25,206.25,206.25,206.25,206.25,206.25,206.25,206.25,206.25,206.25,206.25,206.25,206.25,206.25,206.25,206.25,206.25,206.25,207.5,206.25,206.25,206.25,206.25,206.25,206.25,206.25,206.25,206.25,206.25,206.25,206.25,206.25,206.25,206.25,206.25,206.25,206.25,206.25,206.25,206.25,206.25,206.25,206.25,206.25,206.25,206.25,206.25,206.25,206.25,206.25,393.4375,393.4375,394.53125,393.4375,407.8125,407.8125,420.3125,386.09375,370.15625,396.875,420.3125,407.34375,420.3125,420.3125,407.34375,407.34375,407.34375,420.3125,420.3125,420.3125,393.4375,407.34375,407.34375,420.3125,407.34375,393.4375,420.3125,416.25,420.3125,407.34375,420.3125,420.3125,407.34375,393.4375,393.4375,407.34375,407.34375,393.4375,393.4375,420.3125,414.0625,407.34375,420.3125,407.34375,407.34375,420.3125,407.34375,396.875,407.34375,407.34375,407.34375,420.3125,407.34375,407.34375,393.4375,393.4375,407.34375,407.34375,393.4375,407.34375,407.34375,393.4375,393.4375,407.34375,407.34375,393.4375,396.875,420.3125,407.34375,416.25,420.3125,420.3125,393.4375,407.34375,393.4375,396.875,416.25,420.3125,407.34375,407.34375,404.21875,392.8125,404.21875,404.21875,407.34375,420.3125,392.8125,404.21875,392.8125,396.875,392.8125,392.8125,404.21875,392.8125,392.8125,392.8125,392.8125,392.8125,392.8125,392.8125,413.59375,407.34375,244.375,244.84375,248.28125,237.8125,244.375,244.84375,244.84375,244.84375,244.84375,244.84375,244.84375,244.84375,244.84375,245.78125,252.96875,252.96875,252.96875,252.96875,252.96875,244.84375,244.84375,237.8125,252.96875,244.84375,244.84375,244.84375,244.84375,244.84375,244.84375,244.84375,244.84375,244.84375,244.84375,244.84375,244.84375,237.8125,237.8125,244.84375,244.84375,244.84375,244.84375,244.84375,244.84375,244.84375,245.78125,244.84375,244.84375,244.84375,244.84375,244.84375,244.84375,244.84375,244.84375,244.84375,244.84375,244.84375,245.78125,249.375,244.84375,244.84375,244.84375,244.84375,244.84375,245.78125,241.875,244.84375,255.0,244.84375,244.84375,244.84375,245.78125,244.84375,244.84375,248.28125,237.8125,244.84375,237.8125,237.8125,237.8125,237.8125,237.8125,237.8125,237.8125,237.8125,244.84375,237.8125,237.8125,244.6875,237.8125,237.8125,237.8125,244.84375,237.8125
hDenV1/Colombia/un-OUCRU-0000053/2013,0.0,0.0,0.0,0.0,0.0,0.0,0.0,0.0,0.0,0.0,0.0,12.65625,12.65625,12.65625,0.0,12.65625,0.0,0.0,0.0,0.0,0.0,0.0,0.0,3.59375,0.0,22.65625,0.0,3.59375,3.59375,0.0,0.0,0.0,0.0,0.0,20.625,3.59375,0.0,0.0,3.59375,12.96875,0.0,0.0,3.59375,0.0,0.0,0.0,0.0,0.0,0.0,0.0,0.0,0.0,0.0,0.0,0.0,0.0,0.0,0.0,0.0,0.0,0.0,0.0,0.0,0.0,0.0,0.0,0.0,0.0,0.0,0.0,0.0,0.0,0.0,0.0,0.0,0.0,0.0,0.0,0.0,4.53125,0.0,0.0,0.0,0.0,0.0,0.0,0.0,0.0,0.0,0.0,0.0,0.0,0.0,12.65625,0.0,12.65625,0.0,0.0,0.0,12.65625,0.0,0.0,0.0,0.0,3.28125,207.65625,206.25,206.25,206.25,224.53125,204.84375,191.5625,202.03125,206.25,206.25,206.25,206.25,206.25,206.25,206.25,206.25,206.25,206.25,206.25,206.25,206.25,206.25,206.25,206.25,206.25,206.25,206.25,206.25,206.25,206.25,206.25,206.25,206.25,206.25,206.25,206.25,206.25,206.25,206.25,206.25,206.25,206.25,206.25,206.25,206.25,206.25,206.25,206.25,206.25,206.25,206.25,206.25,206.25,206.25,207.5,206.25,206.25,206.25,206.25,206.25,206.25,206.25,206.25,206.25,206.25,206.25,206.25,206.25,206.25,206.25,206.25,206.25,206.25,206.25,206.25,206.25,206.25,206.25,206.25,206.25,206.25,206.25,206.25,206.25,206.25,206.25,393.4375,393.4375,394.53125,393.4375,407.8125,407.8125,420.3125,386.09375,370.15625,396.875,420.3125,407.34375,420.3125,420.3125,407.34375,407.34375,407.34375,420.3125,420.3125,420.3125,393.4375,407.34375,407.34375,420.3125,407.34375,393.4375,420.3125,416.25,420.3125,407.34375,420.3125,420.3125,407.34375,393.4375,393.4375,407.34375,407.34375,393.4375,393.4375,420.3125,414.0625,407.34375,420.3125,407.34375,407.34375,420.3125,407.34375,396.875,407.34375,407.34375,407.34375,420.3125,407.34375,407.34375,393.4375,393.4375,407.34375,407.34375,393.4375,407.34375,407.34375,393.4375,393.4375,407.34375,407.34375,393.4375,396.875,420.3125,407.34375,416.25,420.3125,420.3125,393.4375,407.34375,393.4375,396.875,416.25,420.3125,407.34375,407.34375,404.21875,392.8125,404.21875,404.21875,407.34375,420.3125,392.8125,404.21875,392.8125,396.875,392.8125,392.8125,404.21875,392.8125,392.8125,392.8125,392.8125,392.8125,392.8125,392.8125,413.59375,407.34375,244.375,244.84375,248.28125,237.8125,244.375,244.84375,244.84375,244.84375,244.84375,244.84375,244.84375,244.84375,244.84375,245.78125,252.96875,252.96875,252.96875,252.96875,252.96875,244.84375,244.84375,237.8125,252.96875,244.84375,244.84375,244.84375,244.84375,244.84375,244.84375,244.84375,244.84375,244.84375,244.84375,244.84375,244.84375,237.8125,237.8125,244.84375,244.84375,244.84375,244.84375,244.84375,244.84375,244.84375,245.78125,244.84375,244.84375,244.84375,244.84375,244.84375,244.84375,244.84375,244.84375,244.84375,244.84375,244.84375,245.78125,249.375,244.84375,244.84375,244.84375,244.84375,244.84375,245.78125,241.875,244.84375,255.0,244.84375,244.84375,244.84375,245.78125,244.84375,244.84375,248.28125,237.8125,244.84375,237.8125,237.8125,237.8125,237.8125,237.8125,237.8125,237.8125,237.8125,244.84375,237.8125,237.8125,244.6875,237.8125,237.8125,237.8125,244.84375,237.8125
hDenV1/Colombia/un-OUCRU-0000060/2013,0.0,0.0,0.0,0.0,0.0,0.0,0.0,0.0,0.0,0.0,0.0,12.65625,12.65625,12.65625,0.0,12.65625,0.0,0.0,0.0,0.0,0.0,0.0,0.0,3.59375,0.0,22.65625,0.0,3.59375,3.59375,0.0,0.0,0.0,0.0,0.0,20.625,3.59375,0.0,0.0,3.59375,12.96875,0.0,0.0,3.59375,0.0,0.0,0.0,0.0,0.0,0.0,0.0,0.0,0.0,0.0,0.0,0.0,0.0,0.0,0.0,0.0,0.0,0.0,0.0,0.0,0.0,0.0,0.0,0.0,0.0,0.0,0.0,0.0,0.0,0.0,0.0,0.0,0.0,0.0,0.0,0.0,4.53125,0.0,0.0,0.0,0.0,0.0,0.0,0.0,0.0,0.0,0.0,0.0,0.0,0.0,12.65625,0.0,12.65625,0.0,0.0,0.0,12.65625,0.0,0.0,0.0,0.0,3.28125,207.65625,206.25,206.25,206.25,224.53125,204.84375,191.5625,202.03125,206.25,206.25,206.25,206.25,206.25,206.25,206.25,206.25,206.25,206.25,206.25,206.25,206.25,206.25,206.25,206.25,206.25,206.25,206.25,206.25,206.25,206.25,206.25,206.25,206.25,206.25,206.25,206.25,206.25,206.25,206.25,206.25,206.25,206.25,206.25,206.25,206.25,206.25,206.25,206.25,206.25,206.25,206.25,206.25,206.25,206.25,207.5,206.25,206.25,206.25,206.25,206.25,206.25,206.25,206.25,206.25,206.25,206.25,206.25,206.25,206.25,206.25,206.25,206.25,206.25,206.25,206.25,206.25,206.25,206.25,206.25,206.25,206.25,206.25,206.25,206.25,206.25,206.25,393.4375,393.4375,394.53125,393.4375,407.8125,407.8125,420.3125,386.09375,370.15625,396.875,420.3125,407.34375,420.3125,420.3125,407.34375,407.34375,407.34375,420.3125,420.3125,420.3125,393.4375,407.34375,407.34375,420.3125,407.34375,393.4375,420.3125,416.25,420.3125,407.34375,420.3125,420.3125,407.34375,393.4375,393.4375,407.34375,407.34375,393.4375,393.4375,420.3125,414.0625,407.34375,420.3125,407.34375,407.34375,420.3125,407.34375,396.875,407.34375,407.34375,407.34375,420.3125,407.34375,407.34375,393.4375,393.4375,407.34375,407.34375,393.4375,407.34375,407.34375,393.4375,393.4375,407.34375,407.34375,393.4375,396.875,420.3125,407.34375,416.25,420.3125,420.3125,393.4375,407.34375,393.4375,396.875,416.25,420.3125,407.34375,407.34375,404.21875,392.8125,404.21875,404.21875,407.34375,420.3125,392.8125,404.21875,392.8125,396.875,392.8125,392.8125,404.21875,392.8125,392.8125,392.8125,392.8125,392.8125,392.8125,392.8125,413.59375,407.34375,244.375,244.84375,248.28125,237.8125,244.375,244.84375,244.84375,244.84375,244.84375,244.84375,244.84375,244.84375,244.84375,245.78125,252.96875,252.96875,252.96875,252.96875,252.96875,244.84375,244.84375,237.8125,252.96875,244.84375,244.84375,244.84375,244.84375,244.84375,244.84375,244.84375,244.84375,244.84375,244.84375,244.84375,244.84375,237.8125,237.8125,244.84375,244.84375,244.84375,244.84375,244.84375,244.84375,244.84375,245.78125,244.84375,244.84375,244.84375,244.84375,244.84375,244.84375,244.84375,244.84375,244.84375,244.84375,244.84375,245.78125,249.375,244.84375,244.84375,244.84375,244.84375,244.84375,245.78125,241.875,244.84375,255.0,244.84375,244.84375,244.84375,245.78125,244.84375,244.84375,248.28125,237.8125,244.84375,237.8125,237.8125,237.8125,237.8125,237.8125,237.8125,237.8125,237.8125,244.84375,237.8125,237.8125,244.6875,237.8125,237.8125,237.8125,244.84375,237.8125
hDenV1/Colombia/un-OUCRU-0000061/2012,0.0,0.0,0.0,0.0,0.0,0.0,0.0,0.0,0.0,0.0,0.0,12.65625,12.65625,12.65625,0.0,12.65625,0.0,0.0,0.0,0.0,0.0,0.0,0.0,3.59375,0.0,22.65625,0.0,3.59375,3.59375,0.0,0.0,0.0,0.0,0.0,20.625,3.59375,0.0,0.0,3.59375,12.96875,0.0,0.0,3.59375,0.0,0.0,0.0,0.0,0.0,0.0,0.0,0.0,0.0,0.0,0.0,0.0,0.0,0.0,0.0,0.0,0.0,0.0,0.0,0.0,0.0,0.0,0.0,0.0,0.0,0.0,0.0,0.0,0.0,0.0,0.0,0.0,0.0,0.0,0.0,0.0,4.53125,0.0,0.0,0.0,0.0,0.0,0.0,0.0,0.0,0.0,0.0,0.0,0.0,0.0,12.65625,0.0,12.65625,0.0,0.0,0.0,12.65625,0.0,0.0,0.0,0.0,3.28125,207.65625,206.25,206.25,206.25,224.53125,204.84375,191.5625,202.03125,206.25,206.25,206.25,206.25,206.25,206.25,206.25,206.25,206.25,206.25,206.25,206.25,206.25,206.25,206.25,206.25,206.25,206.25,206.25,206.25,206.25,206.25,206.25,206.25,206.25,206.25,206.25,206.25,206.25,206.25,206.25,206.25,206.25,206.25,206.25,206.25,206.25,206.25,206.25,206.25,206.25,206.25,206.25,206.25,206.25,206.25,207.5,206.25,206.25,206.25,206.25,206.25,206.25,206.25,206.25,206.25,206.25,206.25,206.25,206.25,206.25,206.25,206.25,206.25,206.25,206.25,206.25,206.25,206.25,206.25,206.25,206.25,206.25,206.25,206.25,206.25,206.25,206.25,393.4375,393.4375,394.53125,393.4375,407.8125,407.8125,420.3125,386.09375,370.15625,396.875,420.3125,407.34375,420.3125,420.3125,407.34375,407.34375,407.34375,420.3125,420.3125,420.3125,393.4375,407.34375,407.34375,420.3125,407.34375,393.4375,420.3125,416.25,420.3125,407.34375,420.3125,420.3125,407.34375,393.4375,393.4375,407.34375,407.34375,393.4375,393.4375,420.3125,414.0625,407.34375,420.3125,407.34375,407.34375,420.3125,407.34375,396.875,407.34375,407.34375,407.34375,420.3125,407.34375,407.34375,393.4375,393.4375,407.34375,407.34375,393.4375,407.34375,407.34375,393.4375,393.4375,407.34375,407.34375,393.4375,396.875,420.3125,407.34375,416.25,420.3125,420.3125,393.4375,407.34375,393.4375,396.875,416.25,420.3125,407.34375,407.34375,404.21875,392.8125,404.21875,404.21875,407.34375,420.3125,392.8125,404.21875,392.8125,396.875,392.8125,392.8125,404.21875,392.8125,392.8125,392.8125,392.8125,392.8125,392.8125,392.8125,413.59375,407.34375,244.375,244.84375,248.28125,237.8125,244.375,244.84375,244.84375,244.84375,244.84375,244.84375,244.84375,244.84375,244.84375,245.78125,252.96875,252.96875,252.96875,252.96875,252.96875,244.84375,244.84375,237.8125,252.96875,244.84375,244.84375,244.84375,244.84375,244.84375,244.84375,244.84375,244.84375,244.84375,244.84375,244.84375,244.84375,237.8125,237.8125,244.84375,244.84375,244.84375,244.84375,244.84375,244.84375,244.84375,245.78125,244.84375,244.84375,244.84375,244.84375,244.84375,244.84375,244.84375,244.84375,244.84375,244.84375,244.84375,245.78125,249.375,244.84375,244.84375,244.84375,244.84375,244.84375,245.78125,241.875,244.84375,255.0,244.84375,244.84375,244.84375,245.78125,244.84375,244.84375,248.28125,237.8125,244.84375,237.8125,237.8125,237.8125,237.8125,237.8125,237.8125,237.8125,237.8125,244.84375,237.8125,237.8125,244.6875,237.8125,237.8125,237.8125,244.84375,237.8125
hDenV1/Colombia/un-OUCRU-0000063/2013,0.0,0.0,0.0,0.0,0.0,0.0,0.0,0.0,0.0,0.0,0.0,12.65625,12.65625,12.65625,0.0,12.65625,0.0,0.0,0.0,0.0,0.0,0.0,0.0,3.59375,0.0,22.65625,0.0,3.59375,3.59375,0.0,0.0,0.0,0.0,0.0,20.625,3.59375,0.0,0.0,3.59375,12.96875,0.0,0.0,3.59375,0.0,0.0,0.0,0.0,0.0,0.0,0.0,0.0,0.0,0.0,0.0,0.0,0.0,0.0,0.0,0.0,0.0,0.0,0.0,0.0,0.0,0.0,0.0,0.0,0.0,0.0,0.0,0.0,0.0,0.0,0.0,0.0,0.0,0.0,0.0,0.0,4.53125,0.0,0.0,0.0,0.0,0.0,0.0,0.0,0.0,0.0,0.0,0.0,0.0,0.0,12.65625,0.0,12.65625,0.0,0.0,0.0,12.65625,0.0,0.0,0.0,0.0,3.28125,207.65625,206.25,206.25,206.25,224.53125,204.84375,191.5625,202.03125,206.25,206.25,206.25,206.25,206.25,206.25,206.25,206.25,206.25,206.25,206.25,206.25,206.25,206.25,206.25,206.25,206.25,206.25,206.25,206.25,206.25,206.25,206.25,206.25,206.25,206.25,206.25,206.25,206.25,206.25,206.25,206.25,206.25,206.25,206.25,206.25,206.25,206.25,206.25,206.25,206.25,206.25,206.25,206.25,206.25,206.25,207.5,206.25,206.25,206.25,206.25,206.25,206.25,206.25,206.25,206.25,206.25,206.25,206.25,206.25,206.25,206.25,206.25,206.25,206.25,206.25,206.25,206.25,206.25,206.25,206.25,206.25,206.25,206.25,206.25,206.25,206.25,206.25,393.4375,393.4375,394.53125,393.4375,407.8125,407.8125,420.3125,386.09375,370.15625,396.875,420.3125,407.34375,420.3125,420.3125,407.34375,407.34375,407.34375,420.3125,420.3125,420.3125,393.4375,407.34375,407.34375,420.3125,407.34375,393.4375,420.3125,416.25,420.3125,407.34375,420.3125,420.3125,407.34375,393.4375,393.4375,407.34375,407.34375,393.4375,393.4375,420.3125,414.0625,407.34375,420.3125,407.34375,407.34375,420.3125,407.34375,396.875,407.34375,407.34375,407.34375,420.3125,407.34375,407.34375,393.4375,393.4375,407.34375,407.34375,393.4375,407.34375,407.34375,393.4375,393.4375,407.34375,407.34375,393.4375,396.875,420.3125,407.34375,416.25,420.3125,420.3125,393.4375,407.34375,393.4375,396.875,416.25,420.3125,407.34375,407.34375,404.21875,392.8125,404.21875,404.21875,407.34375,420.3125,392.8125,404.21875,392.8125,396.875,392.8125,392.8125,404.21875,392.8125,392.8125,392.8125,392.8125,392.8125,392.8125,392.8125,413.59375,407.34375,244.375,244.84375,248.28125,237.8125,244.375,244.84375,244.84375,244.84375,244.84375,244.84375,244.84375,244.84375,244.84375,245.78125,252.96875,252.96875,252.96875,252.96875,252.96875,244.84375,244.84375,237.8125,252.96875,244.84375,244.84375,244.84375,244.84375,244.84375,244.84375,244.84375,244.84375,244.84375,244.84375,244.84375,244.84375,237.8125,237.8125,244.84375,244.84375,244.84375,244.84375,244.84375,244.84375,244.84375,245.78125,244.84375,244.84375,244.84375,244.84375,244.84375,244.84375,244.84375,244.84375,244.84375,244.84375,244.84375,245.78125,249.375,244.84375,244.84375,244.84375,244.84375,244.84375,245.78125,241.875,244.84375,255.0,244.84375,244.84375,244.84375,245.78125,244.84375,244.84375,248.28125,237.8125,244.84375,237.8125,237.8125,237.8125,237.8125,237.8125,237.8125,237.8125,237.8125,244.84375,237.8125,237.8125,244.6875,237.8125,237.8125,237.8125,244.84375,237.8125
hDenV1/Colombia/un-OUCRU-0000068/2013,0.0,0.0,0.0,0.0,0.0,0.0,0.0,0.0,0.0,0.0,0.0,12.65625,12.65625,12.65625,0.0,12.65625,0.0,0.0,0.0,0.0,0.0,0.0,0.0,3.59375,0.0,22.65625,0.0,3.59375,3.59375,0.0,0.0,0.0,0.0,0.0,20.625,3.59375,0.0,0.0,3.59375,12.96875,0.0,0.0,3.59375,0.0,0.0,0.0,0.0,0.0,0.0,0.0,0.0,0.0,0.0,0.0,0.0,0.0,0.0,0.0,0.0,0.0,0.0,0.0,0.0,0.0,0.0,0.0,0.0,0.0,0.0,0.0,0.0,0.0,0.0,0.0,0.0,0.0,0.0,0.0,0.0,4.53125,0.0,0.0,0.0,0.0,0.0,0.0,0.0,0.0,0.0,0.0,0.0,0.0,0.0,12.65625,0.0,12.65625,0.0,0.0,0.0,12.65625,0.0,0.0,0.0,0.0,3.28125,207.65625,206.25,206.25,206.25,224.53125,204.84375,191.5625,202.03125,206.25,206.25,206.25,206.25,206.25,206.25,206.25,206.25,206.25,206.25,206.25,206.25,206.25,206.25,206.25,206.25,206.25,206.25,206.25,206.25,206.25,206.25,206.25,206.25,206.25,206.25,206.25,206.25,206.25,206.25,206.25,206.25,206.25,206.25,206.25,206.25,206.25,206.25,206.25,206.25,206.25,206.25,206.25,206.25,206.25,206.25,207.5,206.25,206.25,206.25,206.25,206.25,206.25,206.25,206.25,206.25,206.25,206.25,206.25,206.25,206.25,206.25,206.25,206.25,206.25,206.25,206.25,206.25,206.25,206.25,206.25,206.25,206.25,206.25,206.25,206.25,206.25,206.25,393.4375,393.4375,394.53125,393.4375,407.8125,407.8125,420.3125,386.09375,370.15625,396.875,420.3125,407.34375,420.3125,420.3125,407.34375,407.34375,407.34375,420.3125,420.3125,420.3125,393.4375,407.34375,407.34375,420.3125,407.34375,393.4375,420.3125,416.25,420.3125,407.34375,420.3125,420.3125,407.34375,393.4375,393.4375,407.34375,407.34375,393.4375,393.4375,420.3125,414.0625,407.34375,420.3125,407.34375,407.34375,420.3125,407.34375,396.875,407.34375,407.34375,407.34375,420.3125,407.34375,407.34375,393.4375,393.4375,407.34375,407.34375,393.4375,407.34375,407.34375,393.4375,393.4375,407.34375,407.34375,393.4375,396.875,420.3125,407.34375,416.25,420.3125,420.3125,393.4375,407.34375,393.4375,396.875,416.25,420.3125,407.34375,407.34375,404.21875,392.8125,404.21875,404.21875,407.34375,420.3125,392.8125,404.21875,392.8125,396.875,392.8125,392.8125,404.21875,392.8125,392.8125,392.8125,392.8125,392.8125,392.8125,392.8125,413.59375,407.34375,244.375,244.84375,248.28125,237.8125,244.375,244.84375,244.84375,244.84375,244.84375,244.84375,244.84375,244.84375,244.84375,245.78125,252.96875,252.96875,252.96875,252.96875,252.96875,244.84375,244.84375,237.8125,252.96875,244.84375,244.84375,244.84375,244.84375,244.84375,244.84375,244.84375,244.84375,244.84375,244.84375,244.84375,244.84375,237.8125,237.8125,244.84375,244.84375,244.84375,244.84375,244.84375,244.84375,244.84375,245.78125,244.84375,244.84375,244.84375,244.84375,244.84375,244.84375,244.84375,244.84375,244.84375,244.84375,244.84375,245.78125,249.375,244.84375,244.84375,244.84375,244.84375,244.84375,245.78125,241.875,244.84375,255.0,244.84375,244.84375,244.84375,245.78125,244.84375,244.84375,248.28125,237.8125,244.84375,237.8125,237.8125,237.8125,237.8125,237.8125,237.8125,237.8125,237.8125,244.84375,237.8125,237.8125,244.6875,237.8125,237.8125,237.8125,244.84375,237.8125
hDenV1/Colombia/un-OUCRU-0000069/2012,0.0,0.0,0.0,0.0,0.0,0.0,0.0,0.0,0.0,0.0,0.0,12.65625,12.65625,12.65625,0.0,12.65625,0.0,0.0,0.0,0.0,0.0,0.0,0.0,3.59375,0.0,22.65625,0.0,3.59375,3.59375,0.0,0.0,0.0,0.0,0.0,20.625,3.59375,0.0,0.0,3.59375,12.96875,0.0,0.0,3.59375,0.0,0.0,0.0,0.0,0.0,0.0,0.0,0.0,0.0,0.0,0.0,0.0,0.0,0.0,0.0,0.0,0.0,0.0,0.0,0.0,0.0,0.0,0.0,0.0,0.0,0.0,0.0,0.0,0.0,0.0,0.0,0.0,0.0,0.0,0.0,0.0,4.53125,0.0,0.0,0.0,0.0,0.0,0.0,0.0,0.0,0.0,0.0,0.0,0.0,0.0,12.65625,0.0,12.65625,0.0,0.0,0.0,12.65625,0.0,0.0,0.0,0.0,3.28125,207.65625,206.25,206.25,206.25,224.53125,204.84375,191.5625,202.03125,206.25,206.25,206.25,206.25,206.25,206.25,206.25,206.25,206.25,206.25,206.25,206.25,206.25,206.25,206.25,206.25,206.25,206.25,206.25,206.25,206.25,206.25,206.25,206.25,206.25,206.25,206.25,206.25,206.25,206.25,206.25,206.25,206.25,206.25,206.25,206.25,206.25,206.25,206.25,206.25,206.25,206.25,206.25,206.25,206.25,206.25,207.5,206.25,206.25,206.25,206.25,206.25,206.25,206.25,206.25,206.25,206.25,206.25,206.25,206.25,206.25,206.25,206.25,206.25,206.25,206.25,206.25,206.25,206.25,206.25,206.25,206.25,206.25,206.25,206.25,206.25,206.25,206.25,393.4375,393.4375,394.53125,393.4375,407.8125,407.8125,420.3125,386.09375,370.15625,396.875,420.3125,407.34375,420.3125,420.3125,407.34375,407.34375,407.34375,420.3125,420.3125,420.3125,393.4375,407.34375,407.34375,420.3125,407.34375,393.4375,420.3125,416.25,420.3125,407.34375,420.3125,420.3125,407.34375,393.4375,393.4375,407.34375,407.34375,393.4375,393.4375,420.3125,414.0625,407.34375,420.3125,407.34375,407.34375,420.3125,407.34375,396.875,407.34375,407.34375,407.34375,420.3125,407.34375,407.34375,393.4375,393.4375,407.34375,407.34375,393.4375,407.34375,407.34375,393.4375,393.4375,407.34375,407.34375,393.4375,396.875,420.3125,407.34375,416.25,420.3125,420.3125,393.4375,407.34375,393.4375,396.875,416.25,420.3125,407.34375,407.34375,404.21875,392.8125,404.21875,404.21875,407.34375,420.3125,392.8125,404.21875,392.8125,396.875,392.8125,392.8125,404.21875,392.8125,392.8125,392.8125,392.8125,392.8125,392.8125,392.8125,413.59375,407.34375,244.375,244.84375,248.28125,237.8125,244.375,244.84375,244.84375,244.84375,244.84375,244.84375,244.84375,244.84375,244.84375,245.78125,252.96875,252.96875,252.96875,252.96875,252.96875,244.84375,244.84375,237.8125,252.96875,244.84375,244.84375,244.84375,244.84375,244.84375,244.84375,244.84375,244.84375,244.84375,244.84375,244.84375,244.84375,237.8125,237.8125,244.84375,244.84375,244.84375,244.84375,244.84375,244.84375,244.84375,245.78125,244.84375,244.84375,244.84375,244.84375,244.84375,244.84375,244.84375,244.84375,244.84375,244.84375,244.84375,245.78125,249.375,244.84375,244.84375,244.84375,244.84375,244.84375,245.78125,241.875,244.84375,255.0,244.84375,244.84375,244.84375,245.78125,244.84375,244.84375,248.28125,237.8125,244.84375,237.8125,237.8125,237.8125,237.8125,237.8125,237.8125,237.8125,237.8125,244.84375,237.8125,237.8125,244.6875,237.8125,237.8125,237.8125,244.84375,237.8125
hDenV1/Colombia/un-OUCRU-0000070/2012,0.0,0.0,0.0,0.0,0.0,0.0,0.0,0.0,0.0,0.0,0.0,12.65625,12.65625,12.65625,0.0,12.65625,0.0,0.0,0.0,0.0,0.0,0.0,0.0,3.59375,0.0,22.65625,0.0,3.59375,3.59375,0.0,0.0,0.0,0.0,0.0,20.625,3.59375,0.0,0.0,3.59375,12.96875,0.0,0.0,3.59375,0.0,0.0,0.0,0.0,0.0,0.0,0.0,0.0,0.0,0.0,0.0,0.0,0.0,0.0,0.0,0.0,0.0,0.0,0.0,0.0,0.0,0.0,0.0,0.0,0.0,0.0,0.0,0.0,0.0,0.0,0.0,0.0,0.0,0.0,0.0,0.0,4.53125,0.0,0.0,0.0,0.0,0.0,0.0,0.0,0.0,0.0,0.0,0.0,0.0,0.0,12.65625,0.0,12.65625,0.0,0.0,0.0,12.65625,0.0,0.0,0.0,0.0,3.28125,207.65625,206.25,206.25,206.25,224.53125,204.84375,191.5625,202.03125,206.25,206.25,206.25,206.25,206.25,206.25,206.25,206.25,206.25,206.25,206.25,206.25,206.25,206.25,206.25,206.25,206.25,206.25,206.25,206.25,206.25,206.25,206.25,206.25,206.25,206.25,206.25,206.25,206.25,206.25,206.25,206.25,206.25,206.25,206.25,206.25,206.25,206.25,206.25,206.25,206.25,206.25,206.25,206.25,206.25,206.25,207.5,206.25,206.25,206.25,206.25,206.25,206.25,206.25,206.25,206.25,206.25,206.25,206.25,206.25,206.25,206.25,206.25,206.25,206.25,206.25,206.25,206.25,206.25,206.25,206.25,206.25,206.25,206.25,206.25,206.25,206.25,206.25,393.4375,393.4375,394.53125,393.4375,407.8125,407.8125,420.3125,386.09375,370.15625,396.875,420.3125,407.34375,420.3125,420.3125,407.34375,407.34375,407.34375,420.3125,420.3125,420.3125,393.4375,407.34375,407.34375,420.3125,407.34375,393.4375,420.3125,416.25,420.3125,407.34375,420.3125,420.3125,407.34375,393.4375,393.4375,407.34375,407.34375,393.4375,393.4375,420.3125,414.0625,407.34375,420.3125,407.34375,407.34375,420.3125,407.34375,396.875,407.34375,407.34375,407.34375,420.3125,407.34375,407.34375,393.4375,393.4375,407.34375,407.34375,393.4375,407.34375,407.34375,393.4375,393.4375,407.34375,407.34375,393.4375,396.875,420.3125,407.34375,416.25,420.3125,420.3125,393.4375,407.34375,393.4375,396.875,416.25,420.3125,407.34375,407.34375,404.21875,392.8125,404.21875,404.21875,407.34375,420.3125,392.8125,404.21875,392.8125,396.875,392.8125,392.8125,404.21875,392.8125,392.8125,392.8125,392.8125,392.8125,392.8125,392.8125,413.59375,407.34375,244.375,244.84375,248.28125,237.8125,244.375,244.84375,244.84375,244.84375,244.84375,244.84375,244.84375,244.84375,244.84375,245.78125,252.96875,252.96875,252.96875,252.96875,252.96875,244.84375,244.84375,237.8125,252.96875,244.84375,244.84375,244.84375,244.84375,244.84375,244.84375,244.84375,244.84375,244.84375,244.84375,244.84375,244.84375,237.8125,237.8125,244.84375,244.84375,244.84375,244.84375,244.84375,244.84375,244.84375,245.78125,244.84375,244.84375,244.84375,244.84375,244.84375,244.84375,244.84375,244.84375,244.84375,244.84375,244.84375,245.78125,249.375,244.84375,244.84375,244.84375,244.84375,244.84375,245.78125,241.875,244.84375,255.0,244.84375,244.84375,244.84375,245.78125,244.84375,244.84375,248.28125,237.8125,244.84375,237.8125,237.8125,237.8125,237.8125,237.8125,237.8125,237.8125,237.8125,244.84375,237.8125,237.8125,244.6875,237.8125,237.8125,237.8125,244.84375,237.8125
hDenV1/Colombia/un-OUCRU-0000074/2013,0.0,0.0,0.0,0.0,0.0,0.0,0.0,0.0,0.0,0.0,0.0,12.65625,12.65625,12.65625,0.0,12.65625,0.0,0.0,0.0,0.0,0.0,0.0,0.0,3.59375,0.0,22.65625,0.0,3.59375,3.59375,0.0,0.0,0.0,0.0,0.0,20.625,3.59375,0.0,0.0,3.59375,12.96875,0.0,0.0,3.59375,0.0,0.0,0.0,0.0,0.0,0.0,0.0,0.0,0.0,0.0,0.0,0.0,0.0,0.0,0.0,0.0,0.0,0.0,0.0,0.0,0.0,0.0,0.0,0.0,0.0,0.0,0.0,0.0,0.0,0.0,0.0,0.0,0.0,0.0,0.0,0.0,4.53125,0.0,0.0,0.0,0.0,0.0,0.0,0.0,0.0,0.0,0.0,0.0,0.0,0.0,12.65625,0.0,12.65625,0.0,0.0,0.0,12.65625,0.0,0.0,0.0,0.0,3.28125,207.65625,206.25,206.25,206.25,224.53125,204.84375,191.5625,202.03125,206.25,206.25,206.25,206.25,206.25,206.25,206.25,206.25,206.25,206.25,206.25,206.25,206.25,206.25,206.25,206.25,206.25,206.25,206.25,206.25,206.25,206.25,206.25,206.25,206.25,206.25,206.25,206.25,206.25,206.25,206.25,206.25,206.25,206.25,206.25,206.25,206.25,206.25,206.25,206.25,206.25,206.25,206.25,206.25,206.25,206.25,207.5,206.25,206.25,206.25,206.25,206.25,206.25,206.25,206.25,206.25,206.25,206.25,206.25,206.25,206.25,206.25,206.25,206.25,206.25,206.25,206.25,206.25,206.25,206.25,206.25,206.25,206.25,206.25,206.25,206.25,206.25,206.25,393.4375,393.4375,394.53125,393.4375,407.8125,407.8125,420.3125,386.09375,370.15625,396.875,420.3125,407.34375,420.3125,420.3125,407.34375,407.34375,407.34375,420.3125,420.3125,420.3125,393.4375,407.34375,407.34375,420.3125,407.34375,393.4375,420.3125,416.25,420.3125,407.34375,420.3125,420.3125,407.34375,393.4375,393.4375,407.34375,407.34375,393.4375,393.4375,420.3125,414.0625,407.34375,420.3125,407.34375,407.34375,420.3125,407.34375,396.875,407.34375,407.34375,407.34375,420.3125,407.34375,407.34375,393.4375,393.4375,407.34375,407.34375,393.4375,407.34375,407.34375,393.4375,393.4375,407.34375,407.34375,393.4375,396.875,420.3125,407.34375,416.25,420.3125,420.3125,393.4375,407.34375,393.4375,396.875,416.25,420.3125,407.34375,407.34375,404.21875,392.8125,404.21875,404.21875,407.34375,420.3125,392.8125,404.21875,392.8125,396.875,392.8125,392.8125,404.21875,392.8125,392.8125,392.8125,392.8125,392.8125,392.8125,392.8125,413.59375,407.34375,244.375,244.84375,248.28125,237.8125,244.375,244.84375,244.84375,244.84375,244.84375,244.84375,244.84375,244.84375,244.84375,245.78125,252.96875,252.96875,252.96875,252.96875,252.96875,244.84375,244.84375,237.8125,252.96875,244.84375,244.84375,244.84375,244.84375,244.84375,244.84375,244.84375,244.84375,244.84375,244.84375,244.84375,244.84375,237.8125,237.8125,244.84375,244.84375,244.84375,244.84375,244.84375,244.84375,244.84375,245.78125,244.84375,244.84375,244.84375,244.84375,244.84375,244.84375,244.84375,244.84375,244.84375,244.84375,244.84375,245.78125,249.375,244.84375,244.84375,244.84375,244.84375,244.84375,245.78125,241.875,244.84375,255.0,244.84375,244.84375,244.84375,245.78125,244.84375,244.84375,248.28125,237.8125,244.84375,237.8125,237.8125,237.8125,237.8125,237.8125,237.8125,237.8125,237.8125,244.84375,237.8125,237.8125,244.6875,237.8125,237.8125,237.8125,244.84375,237.8125
hDenV1/Colombia/un-OUCRU-0000075/2013,0.0,0.0,0.0,0.0,0.0,0.0,0.0,0.0,0.0,0.0,0.0,12.65625,12.65625,12.65625,0.0,12.65625,0.0,0.0,0.0,0.0,0.0,0.0,0.0,3.59375,0.0,22.65625,0.0,3.59375,3.59375,0.0,0.0,0.0,0.0,0.0,20.625,3.59375,0.0,0.0,3.59375,12.96875,0.0,0.0,3.59375,0.0,0.0,0.0,0.0,0.0,0.0,0.0,0.0,0.0,0.0,0.0,0.0,0.0,0.0,0.0,0.0,0.0,0.0,0.0,0.0,0.0,0.0,0.0,0.0,0.0,0.0,0.0,0.0,0.0,0.0,0.0,0.0,0.0,0.0,0.0,0.0,4.53125,0.0,0.0,0.0,0.0,0.0,0.0,0.0,0.0,0.0,0.0,0.0,0.0,0.0,12.65625,0.0,12.65625,0.0,0.0,0.0,12.65625,0.0,0.0,0.0,0.0,3.28125,207.65625,206.25,206.25,206.25,224.53125,204.84375,191.5625,202.03125,206.25,206.25,206.25,206.25,206.25,206.25,206.25,206.25,206.25,206.25,206.25,206.25,206.25,206.25,206.25,206.25,206.25,206.25,206.25,206.25,206.25,206.25,206.25,206.25,206.25,206.25,206.25,206.25,206.25,206.25,206.25,206.25,206.25,206.25,206.25,206.25,206.25,206.25,206.25,206.25,206.25,206.25,206.25,206.25,206.25,206.25,207.5,206.25,206.25,206.25,206.25,206.25,206.25,206.25,206.25,206.25,206.25,206.25,206.25,206.25,206.25,206.25,206.25,206.25,206.25,206.25,206.25,206.25,206.25,206.25,206.25,206.25,206.25,206.25,206.25,206.25,206.25,206.25,393.4375,393.4375,394.53125,393.4375,407.8125,407.8125,420.3125,386.09375,370.15625,396.875,420.3125,407.34375,420.3125,420.3125,407.34375,407.34375,407.34375,420.3125,420.3125,420.3125,393.4375,407.34375,407.34375,420.3125,407.34375,393.4375,420.3125,416.25,420.3125,407.34375,420.3125,420.3125,407.34375,393.4375,393.4375,407.34375,407.34375,393.4375,393.4375,420.3125,414.0625,407.34375,420.3125,407.34375,407.34375,420.3125,407.34375,396.875,407.34375,407.34375,407.34375,420.3125,407.34375,407.34375,393.4375,393.4375,407.34375,407.34375,393.4375,407.34375,407.34375,393.4375,393.4375,407.34375,407.34375,393.4375,396.875,420.3125,407.34375,416.25,420.3125,420.3125,393.4375,407.34375,393.4375,396.875,416.25,420.3125,407.34375,407.34375,404.21875,392.8125,404.21875,404.21875,407.34375,420.3125,392.8125,404.21875,392.8125,396.875,392.8125,392.8125,404.21875,392.8125,392.8125,392.8125,392.8125,392.8125,392.8125,392.8125,413.59375,407.34375,244.375,244.84375,248.28125,237.8125,244.375,244.84375,244.84375,244.84375,244.84375,244.84375,244.84375,244.84375,244.84375,245.78125,252.96875,252.96875,252.96875,252.96875,252.96875,244.84375,244.84375,237.8125,252.96875,244.84375,244.84375,244.84375,244.84375,244.84375,244.84375,244.84375,244.84375,244.84375,244.84375,244.84375,244.84375,237.8125,237.8125,244.84375,244.84375,244.84375,244.84375,244.84375,244.84375,244.84375,245.78125,244.84375,244.84375,244.84375,244.84375,244.84375,244.84375,244.84375,244.84375,244.84375,244.84375,244.84375,245.78125,249.375,244.84375,244.84375,244.84375,244.84375,244.84375,245.78125,241.875,244.84375,255.0,244.84375,244.84375,244.84375,245.78125,244.84375,244.84375,248.28125,237.8125,244.84375,237.8125,237.8125,237.8125,237.8125,237.8125,237.8125,237.8125,237.8125,244.84375,237.8125,237.8125,244.6875,237.8125,237.8125,237.8125,244.84375,237.8125
hDenV1/Colombia/un-OUCRU-0000076/2013,0.0,0.0,0.0,0.0,0.0,0.0,0.0,0.0,0.0,0.0,0.0,12.65625,12.65625,12.65625,0.0,12.65625,0.0,0.0,0.0,0.0,0.0,0.0,0.0,3.59375,0.0,22.65625,0.0,3.59375,3.59375,0.0,0.0,0.0,0.0,0.0,20.625,3.59375,0.0,0.0,3.59375,12.96875,0.0,0.0,3.59375,0.0,0.0,0.0,0.0,0.0,0.0,0.0,0.0,0.0,0.0,0.0,0.0,0.0,0.0,0.0,0.0,0.0,0.0,0.0,0.0,0.0,0.0,0.0,0.0,0.0,0.0,0.0,0.0,0.0,0.0,0.0,0.0,0.0,0.0,0.0,0.0,4.53125,0.0,0.0,0.0,0.0,0.0,0.0,0.0,0.0,0.0,0.0,0.0,0.0,0.0,12.65625,0.0,12.65625,0.0,0.0,0.0,12.65625,0.0,0.0,0.0,0.0,3.28125,207.65625,206.25,206.25,206.25,224.53125,204.84375,191.5625,202.03125,206.25,206.25,206.25,206.25,206.25,206.25,206.25,206.25,206.25,206.25,206.25,206.25,206.25,206.25,206.25,206.25,206.25,206.25,206.25,206.25,206.25,206.25,206.25,206.25,206.25,206.25,206.25,206.25,206.25,206.25,206.25,206.25,206.25,206.25,206.25,206.25,206.25,206.25,206.25,206.25,206.25,206.25,206.25,206.25,206.25,206.25,207.5,206.25,206.25,206.25,206.25,206.25,206.25,206.25,206.25,206.25,206.25,206.25,206.25,206.25,206.25,206.25,206.25,206.25,206.25,206.25,206.25,206.25,206.25,206.25,206.25,206.25,206.25,206.25,206.25,206.25,206.25,206.25,393.4375,393.4375,394.53125,393.4375,407.8125,407.8125,420.3125,386.09375,370.15625,396.875,420.3125,407.34375,420.3125,420.3125,407.34375,407.34375,407.34375,420.3125,420.3125,420.3125,393.4375,407.34375,407.34375,420.3125,407.34375,393.4375,420.3125,416.25,420.3125,407.34375,420.3125,420.3125,407.34375,393.4375,393.4375,407.34375,407.34375,393.4375,393.4375,420.3125,414.0625,407.34375,420.3125,407.34375,407.34375,420.3125,407.34375,396.875,407.34375,407.34375,407.34375,420.3125,407.34375,407.34375,393.4375,393.4375,407.34375,407.34375,393.4375,407.34375,407.34375,393.4375,393.4375,407.34375,407.34375,393.4375,396.875,420.3125,407.34375,416.25,420.3125,420.3125,393.4375,407.34375,393.4375,396.875,416.25,420.3125,407.34375,407.34375,404.21875,392.8125,404.21875,404.21875,407.34375,420.3125,392.8125,404.21875,392.8125,396.875,392.8125,392.8125,404.21875,392.8125,392.8125,392.8125,392.8125,392.8125,392.8125,392.8125,413.59375,407.34375,244.375,244.84375,248.28125,237.8125,244.375,244.84375,244.84375,244.84375,244.84375,244.84375,244.84375,244.84375,244.84375,245.78125,252.96875,252.96875,252.96875,252.96875,252.96875,244.84375,244.84375,237.8125,252.96875,244.84375,244.84375,244.84375,244.84375,244.84375,244.84375,244.84375,244.84375,244.84375,244.84375,244.84375,244.84375,237.8125,237.8125,244.84375,244.84375,244.84375,244.84375,244.84375,244.84375,244.84375,245.78125,244.84375,244.84375,244.84375,244.84375,244.84375,244.84375,244.84375,244.84375,244.84375,244.84375,244.84375,245.78125,249.375,244.84375,244.84375,244.84375,244.84375,244.84375,245.78125,241.875,244.84375,255.0,244.84375,244.84375,244.84375,245.78125,244.84375,244.84375,248.28125,237.8125,244.84375,237.8125,237.8125,237.8125,237.8125,237.8125,237.8125,237.8125,237.8125,244.84375,237.8125,237.8125,244.6875,237.8125,237.8125,237.8125,244.84375,237.8125
hDenV1/Colombia/un-OUCRU-0000081/2013,12.96875,12.96875,12.96875,12.96875,12.96875,12.96875,12.96875,12.96875,12.96875,12.96875,12.96875,25.625,25.625,25.625,12.96875,25.625,12.96875,12.96875,12.96875,12.96875,12.96875,12.96875,12.96875,16.5625,12.96875,35.625,12.96875,16.5625,16.5625,12.96875,12.96875,12.96875,12.96875,12.96875,33.59375,16.5625,12.96875,12.96875,16.5625,0.0,12.96875,12.96875,16.5625,12.96875,12.96875,12.96875,12.96875,12.96875,12.96875,12.96875,12.96875,12.96875,12.96875,12.96875,12.96875,12.96875,12.96875,12.96875,12.96875,12.96875,12.96875,12.96875,12.96875,12.96875,12.96875,12.96875,12.96875,12.96875,12.96875,12.96875,12.96875,12.96875,12.96875,12.96875,12.96875,12.96875,12.96875,12.96875,12.96875,17.5,12.96875,12.96875,12.96875,12.96875,12.96875,12.96875,12.96875,12.96875,12.96875,12.96875,12.96875,12.96875,12.96875,25.625,12.96875,25.625,12.96875,12.96875,12.96875,25.625,12.96875,12.96875,12.96875,12.96875,16.25,202.5,201.09375,201.09375,201.09375,219.375,199.6875,186.40625,196.875,201.09375,201.09375,201.09375,201.09375,201.09375,201.09375,201.09375,201.09375,201.09375,201.09375,201.09375,201.09375,201.09375,201.09375,201.09375,201.09375,201.09375,201.09375,201.09375,201.09375,201.09375,201.09375,201.09375,201.09375,201.09375,201.09375,201.09375,201.09375,201.09375,201.09375,201.09375,201.09375,201.09375,201.09375,201.09375,201.09375,201.09375,201.09375,201.09375,201.09375,201.09375,201.09375,201.09375,201.09375,201.09375,201.09375,202.34375,201.09375,201.09375,201.09375,201.09375,201.09375,201.09375,201.09375,201.09375,201.09375,201.09375,201.09375,201.09375,201.09375,201.09375,201.09375,201.09375,201.09375,201.09375,201.09375,201.09375,201.09375,201.09375,201.09375,201.09375,201.09375,201.09375,201.09375,201.09375,201.09375,201.09375,201.09375,406.40625,406.40625,407.5,406.40625,394.84375,394.84375,407.34375,399.0625,357.1875,409.84375,407.34375,420.3125,407.34375,407.34375,420.3125,420.3125,420.3125,407.34375,407.34375,407.34375,406.40625,420.3125,420.3125,407.34375,420.3125,406.40625,407.34375,403.28125,407.34375,420.3125,407.34375,407.34375,420.3125,406.40625,406.40625,420.3125,420.3125,406.40625,406.40625,407.34375,401.09375,420.3125,407.34375,420.3125,420.3125,407.34375,420.3125,409.84375,420.3125,420.3125,420.3125,407.34375,420.3125,420.3125,406.40625,406.40625,420.3125,420.3125,406.40625,420.3125,420.3125,406.40625,406.40625,420.3125,420.3125,406.40625,409.84375,407.34375,420.3125,403.28125,407.34375,407.34375,406.40625,420.3125,406.40625,409.84375,403.28125,407.34375,420.3125,420.3125,417.1875,405.78125,417.1875,417.1875,420.3125,407.34375,405.78125,417.1875,405.78125,409.84375,405.78125,405.78125,417.1875,405.78125,405.78125,405.78125,405.78125,405.78125,405.78125,405.78125,426.5625,420.3125,253.90625,254.375,252.8125,247.34375,253.90625,254.375,254.375,254.375,254.375,254.375,254.375,254.375,254.375,255.3125,262.5,262.5,262.5,262.5,262.5,254.375,254.375,247.34375,262.5,254.375,254.375,254.375,254.375,254.375,254.375,254.375,254.375,254.375,254.375,254.375,254.375,247.34375,247.34375,254.375,254.375,254.375,254.375,254.375,254.375,254.375,255.3125,254.375,254.375,254.375,254.375,254.375,254.375,254.375,254.375,254.375,254.375,254.375,255.3125,258.90625,254.375,254.375,254.375,254.375,254.375,255.3125,251.40625,254.375,247.96875,254.375,254.375,254.375,255.3125,254.375,254.375,252.8125,247.34375,254.375,247.34375,247.34375,247.34375,247.34375,247.34375,247.34375,247.34375,247.34375,254.375,247.34375,247.34375,254.21875,247.34375,247.34375,247.34375,254.375,247.34375
hDenV1/Colombia/un-OUCRU-0000087/2013,0.0,0.0,0.0,0.0,0.0,0.0,0.0,0.0,0.0,0.0,0.0,12.65625,12.65625,12.65625,0.0,12.65625,0.0,0.0,0.0,0.0,0.0,0.0,0.0,3.59375,0.0,22.65625,0.0,3.59375,3.59375,0.0,0.0,0.0,0.0,0.0,20.625,3.59375,0.0,0.0,3.59375,12.96875,0.0,0.0,3.59375,0.0,0.0,0.0,0.0,0.0,0.0,0.0,0.0,0.0,0.0,0.0,0.0,0.0,0.0,0.0,0.0,0.0,0.0,0.0,0.0,0.0,0.0,0.0,0.0,0.0,0.0,0.0,0.0,0.0,0.0,0.0,0.0,0.0,0.0,0.0,0.0,4.53125,0.0,0.0,0.0,0.0,0.0,0.0,0.0,0.0,0.0,0.0,0.0,0.0,0.0,12.65625,0.0,12.65625,0.0,0.0,0.0,12.65625,0.0,0.0,0.0,0.0,3.28125,207.65625,206.25,206.25,206.25,224.53125,204.84375,191.5625,202.03125,206.25,206.25,206.25,206.25,206.25,206.25,206.25,206.25,206.25,206.25,206.25,206.25,206.25,206.25,206.25,206.25,206.25,206.25,206.25,206.25,206.25,206.25,206.25,206.25,206.25,206.25,206.25,206.25,206.25,206.25,206.25,206.25,206.25,206.25,206.25,206.25,206.25,206.25,206.25,206.25,206.25,206.25,206.25,206.25,206.25,206.25,207.5,206.25,206.25,206.25,206.25,206.25,206.25,206.25,206.25,206.25,206.25,206.25,206.25,206.25,206.25,206.25,206.25,206.25,206.25,206.25,206.25,206.25,206.25,206.25,206.25,206.25,206.25,206.25,206.25,206.25,206.25,206.25,393.4375,393.4375,394.53125,393.4375,407.8125,407.8125,420.3125,386.09375,370.15625,396.875,420.3125,407.34375,420.3125,420.3125,407.34375,407.34375,407.34375,420.3125,420.3125,420.3125,393.4375,407.34375,407.34375,420.3125,407.34375,393.4375,420.3125,416.25,420.3125,407.34375,420.3125,420.3125,407.34375,393.4375,393.4375,407.34375,407.34375,393.4375,393.4375,420.3125,414.0625,407.34375,420.3125,407.34375,407.34375,420.3125,407.34375,396.875,407.34375,407.34375,407.34375,420.3125,407.34375,407.34375,393.4375,393.4375,407.34375,407.34375,393.4375,407.34375,407.34375,393.4375,393.4375,407.34375,407.34375,393.4375,396.875,420.3125,407.34375,416.25,420.3125,420.3125,393.4375,407.34375,393.4375,396.875,416.25,420.3125,407.34375,407.34375,404.21875,392.8125,404.21875,404.21875,407.34375,420.3125,392.8125,404.21875,392.8125,396.875,392.8125,392.8125,404.21875,392.8125,392.8125,392.8125,392.8125,392.8125,392.8125,392.8125,413.59375,407.34375,244.375,244.84375,248.28125,237.8125,244.375,244.84375,244.84375,244.84375,244.84375,244.84375,244.84375,244.84375,244.84375,245.78125,252.96875,252.96875,252.96875,252.96875,252.96875,244.84375,244.84375,237.8125,252.96875,244.84375,244.84375,244.84375,244.84375,244.84375,244.84375,244.84375,244.84375,244.84375,244.84375,244.84375,244.84375,237.8125,237.8125,244.84375,244.84375,244.84375,244.84375,244.84375,244.84375,244.84375,245.78125,244.84375,244.84375,244.84375,244.84375,244.84375,244.84375,244.84375,244.84375,244.84375,244.84375,244.84375,245.78125,249.375,244.84375,244.84375,244.84375,244.84375,244.84375,245.78125,241.875,244.84375,255.0,244.84375,244.84375,244.84375,245.78125,244.84375,244.84375,248.28125,237.8125,244.84375,237.8125,237.8125,237.8125,237.8125,237.8125,237.8125,237.8125,237.8125,244.84375,237.8125,237.8125,244.6875,237.8125,237.8125,237.8125,244.84375,237.8125
hDenV1/Colombia/un-OUCRU-0000088/2012,0.0,0.0,0.0,0.0,0.0,0.0,0.0,0.0,0.0,0.0,0.0,12.65625,12.65625,12.65625,0.0,12.65625,0.0,0.0,0.0,0.0,0.0,0.0,0.0,3.59375,0.0,22.65625,0.0,3.59375,3.59375,0.0,0.0,0.0,0.0,0.0,20.625,3.59375,0.0,0.0,3.59375,12.96875,0.0,0.0,3.59375,0.0,0.0,0.0,0.0,0.0,0.0,0.0,0.0,0.0,0.0,0.0,0.0,0.0,0.0,0.0,0.0,0.0,0.0,0.0,0.0,0.0,0.0,0.0,0.0,0.0,0.0,0.0,0.0,0.0,0.0,0.0,0.0,0.0,0.0,0.0,0.0,4.53125,0.0,0.0,0.0,0.0,0.0,0.0,0.0,0.0,0.0,0.0,0.0,0.0,0.0,12.65625,0.0,12.65625,0.0,0.0,0.0,12.65625,0.0,0.0,0.0,0.0,3.28125,207.65625,206.25,206.25,206.25,224.53125,204.84375,191.5625,202.03125,206.25,206.25,206.25,206.25,206.25,206.25,206.25,206.25,206.25,206.25,206.25,206.25,206.25,206.25,206.25,206.25,206.25,206.25,206.25,206.25,206.25,206.25,206.25,206.25,206.25,206.25,206.25,206.25,206.25,206.25,206.25,206.25,206.25,206.25,206.25,206.25,206.25,206.25,206.25,206.25,206.25,206.25,206.25,206.25,206.25,206.25,207.5,206.25,206.25,206.25,206.25,206.25,206.25,206.25,206.25,206.25,206.25,206.25,206.25,206.25,206.25,206.25,206.25,206.25,206.25,206.25,206.25,206.25,206.25,206.25,206.25,206.25,206.25,206.25,206.25,206.25,206.25,206.25,393.4375,393.4375,394.53125,393.4375,407.8125,407.8125,420.3125,386.09375,370.15625,396.875,420.3125,407.34375,420.3125,420.3125,407.34375,407.34375,407.34375,420.3125,420.3125,420.3125,393.4375,407.34375,407.34375,420.3125,407.34375,393.4375,420.3125,416.25,420.3125,407.34375,420.3125,420.3125,407.34375,393.4375,393.4375,407.34375,407.34375,393.4375,393.4375,420.3125,414.0625,407.34375,420.3125,407.34375,407.34375,420.3125,407.34375,396.875,407.34375,407.34375,407.34375,420.3125,407.34375,407.34375,393.4375,393.4375,407.34375,407.34375,393.4375,407.34375,407.34375,393.4375,393.4375,407.34375,407.34375,393.4375,396.875,420.3125,407.34375,416.25,420.3125,420.3125,393.4375,407.34375,393.4375,396.875,416.25,420.3125,407.34375,407.34375,404.21875,392.8125,404.21875,404.21875,407.34375,420.3125,392.8125,404.21875,392.8125,396.875,392.8125,392.8125,404.21875,392.8125,392.8125,392.8125,392.8125,392.8125,392.8125,392.8125,413.59375,407.34375,244.375,244.84375,248.28125,237.8125,244.375,244.84375,244.84375,244.84375,244.84375,244.84375,244.84375,244.84375,244.84375,245.78125,252.96875,252.96875,252.96875,252.96875,252.96875,244.84375,244.84375,237.8125,252.96875,244.84375,244.84375,244.84375,244.84375,244.84375,244.84375,244.84375,244.84375,244.84375,244.84375,244.84375,244.84375,237.8125,237.8125,244.84375,244.84375,244.84375,244.84375,244.84375,244.84375,244.84375,245.78125,244.84375,244.84375,244.84375,244.84375,244.84375,244.84375,244.84375,244.84375,244.84375,244.84375,244.84375,245.78125,249.375,244.84375,244.84375,244.84375,244.84375,244.84375,245.78125,241.875,244.84375,255.0,244.84375,244.84375,244.84375,245.78125,244.84375,244.84375,248.28125,237.8125,244.84375,237.8125,237.8125,237.8125,237.8125,237.8125,237.8125,237.8125,237.8125,244.84375,237.8125,237.8125,244.6875,237.8125,237.8125,237.8125,244.84375,237.8125
hDenV1/Colombia/un-OUCRU-0000090/2012,0.0,0.0,0.0,0.0,0.0,0.0,0.0,0.0,0.0,0.0,0.0,12.65625,12.65625,12.65625,0.0,12.65625,0.0,0.0,0.0,0.0,0.0,0.0,0.0,3.59375,0.0,22.65625,0.0,3.59375,3.59375,0.0,0.0,0.0,0.0,0.0,20.625,3.59375,0.0,0.0,3.59375,12.96875,0.0,0.0,3.59375,0.0,0.0,0.0,0.0,0.0,0.0,0.0,0.0,0.0,0.0,0.0,0.0,0.0,0.0,0.0,0.0,0.0,0.0,0.0,0.0,0.0,0.0,0.0,0.0,0.0,0.0,0.0,0.0,0.0,0.0,0.0,0.0,0.0,0.0,0.0,0.0,4.53125,0.0,0.0,0.0,0.0,0.0,0.0,0.0,0.0,0.0,0.0,0.0,0.0,0.0,12.65625,0.0,12.65625,0.0,0.0,0.0,12.65625,0.0,0.0,0.0,0.0,3.28125,207.65625,206.25,206.25,206.25,224.53125,204.84375,191.5625,202.03125,206.25,206.25,206.25,206.25,206.25,206.25,206.25,206.25,206.25,206.25,206.25,206.25,206.25,206.25,206.25,206.25,206.25,206.25,206.25,206.25,206.25,206.25,206.25,206.25,206.25,206.25,206.25,206.25,206.25,206.25,206.25,206.25,206.25,206.25,206.25,206.25,206.25,206.25,206.25,206.25,206.25,206.25,206.25,206.25,206.25,206.25,207.5,206.25,206.25,206.25,206.25,206.25,206.25,206.25,206.25,206.25,206.25,206.25,206.25,206.25,206.25,206.25,206.25,206.25,206.25,206.25,206.25,206.25,206.25,206.25,206.25,206.25,206.25,206.25,206.25,206.25,206.25,206.25,393.4375,393.4375,394.53125,393.4375,407.8125,407.8125,420.3125,386.09375,370.15625,396.875,420.3125,407.34375,420.3125,420.3125,407.34375,407.34375,407.34375,420.3125,420.3125,420.3125,393.4375,407.34375,407.34375,420.3125,407.34375,393.4375,420.3125,416.25,420.3125,407.34375,420.3125,420.3125,407.34375,393.4375,393.4375,407.34375,407.34375,393.4375,393.4375,420.3125,414.0625,407.34375,420.3125,407.34375,407.34375,420.3125,407.34375,396.875,407.34375,407.34375,407.34375,420.3125,407.34375,407.34375,393.4375,393.4375,407.34375,407.34375,393.4375,407.34375,407.34375,393.4375,393.4375,407.34375,407.34375,393.4375,396.875,420.3125,407.34375,416.25,420.3125,420.3125,393.4375,407.34375,393.4375,396.875,416.25,420.3125,407.34375,407.34375,404.21875,392.8125,404.21875,404.21875,407.34375,420.3125,392.8125,404.21875,392.8125,396.875,392.8125,392.8125,404.21875,392.8125,392.8125,392.8125,392.8125,392.8125,392.8125,392.8125,413.59375,407.34375,244.375,244.84375,248.28125,237.8125,244.375,244.84375,244.84375,244.84375,244.84375,244.84375,244.84375,244.84375,244.84375,245.78125,252.96875,252.96875,252.96875,252.96875,252.96875,244.84375,244.84375,237.8125,252.96875,244.84375,244.84375,244.84375,244.84375,244.84375,244.84375,244.84375,244.84375,244.84375,244.84375,244.84375,244.84375,237.8125,237.8125,244.84375,244.84375,244.84375,244.84375,244.84375,244.84375,244.84375,245.78125,244.84375,244.84375,244.84375,244.84375,244.84375,244.84375,244.84375,244.84375,244.84375,244.84375,244.84375,245.78125,249.375,244.84375,244.84375,244.84375,244.84375,244.84375,245.78125,241.875,244.84375,255.0,244.84375,244.84375,244.84375,245.78125,244.84375,244.84375,248.28125,237.8125,244.84375,237.8125,237.8125,237.8125,237.8125,237.8125,237.8125,237.8125,237.8125,244.84375,237.8125,237.8125,244.6875,237.8125,237.8125,237.8125,244.84375,237.8125
hDenV1/Colombia/un-OUCRU-0000092/2012,0.0,0.0,0.0,0.0,0.0,0.0,0.0,0.0,0.0,0.0,0.0,12.65625,12.65625,12.65625,0.0,12.65625,0.0,0.0,0.0,0.0,0.0,0.0,0.0,3.59375,0.0,22.65625,0.0,3.59375,3.59375,0.0,0.0,0.0,0.0,0.0,20.625,3.59375,0.0,0.0,3.59375,12.96875,0.0,0.0,3.59375,0.0,0.0,0.0,0.0,0.0,0.0,0.0,0.0,0.0,0.0,0.0,0.0,0.0,0.0,0.0,0.0,0.0,0.0,0.0,0.0,0.0,0.0,0.0,0.0,0.0,0.0,0.0,0.0,0.0,0.0,0.0,0.0,0.0,0.0,0.0,0.0,4.53125,0.0,0.0,0.0,0.0,0.0,0.0,0.0,0.0,0.0,0.0,0.0,0.0,0.0,12.65625,0.0,12.65625,0.0,0.0,0.0,12.65625,0.0,0.0,0.0,0.0,3.28125,207.65625,206.25,206.25,206.25,224.53125,204.84375,191.5625,202.03125,206.25,206.25,206.25,206.25,206.25,206.25,206.25,206.25,206.25,206.25,206.25,206.25,206.25,206.25,206.25,206.25,206.25,206.25,206.25,206.25,206.25,206.25,206.25,206.25,206.25,206.25,206.25,206.25,206.25,206.25,206.25,206.25,206.25,206.25,206.25,206.25,206.25,206.25,206.25,206.25,206.25,206.25,206.25,206.25,206.25,206.25,207.5,206.25,206.25,206.25,206.25,206.25,206.25,206.25,206.25,206.25,206.25,206.25,206.25,206.25,206.25,206.25,206.25,206.25,206.25,206.25,206.25,206.25,206.25,206.25,206.25,206.25,206.25,206.25,206.25,206.25,206.25,206.25,393.4375,393.4375,394.53125,393.4375,407.8125,407.8125,420.3125,386.09375,370.15625,396.875,420.3125,407.34375,420.3125,420.3125,407.34375,407.34375,407.34375,420.3125,420.3125,420.3125,393.4375,407.34375,407.34375,420.3125,407.34375,393.4375,420.3125,416.25,420.3125,407.34375,420.3125,420.3125,407.34375,393.4375,393.4375,407.34375,407.34375,393.4375,393.4375,420.3125,414.0625,407.34375,420.3125,407.34375,407.34375,420.3125,407.34375,396.875,407.34375,407.34375,407.34375,420.3125,407.34375,407.34375,393.4375,393.4375,407.34375,407.34375,393.4375,407.34375,407.34375,393.4375,393.4375,407.34375,407.34375,393.4375,396.875,420.3125,407.34375,416.25,420.3125,420.3125,393.4375,407.34375,393.4375,396.875,416.25,420.3125,407.34375,407.34375,404.21875,392.8125,404.21875,404.21875,407.34375,420.3125,392.8125,404.21875,392.8125,396.875,392.8125,392.8125,404.21875,392.8125,392.8125,392.8125,392.8125,392.8125,392.8125,392.8125,413.59375,407.34375,244.375,244.84375,248.28125,237.8125,244.375,244.84375,244.84375,244.84375,244.84375,244.84375,244.84375,244.84375,244.84375,245.78125,252.96875,252.96875,252.96875,252.96875,252.96875,244.84375,244.84375,237.8125,252.96875,244.84375,244.84375,244.84375,244.84375,244.84375,244.84375,244.84375,244.84375,244.84375,244.84375,244.84375,244.84375,237.8125,237.8125,244.84375,244.84375,244.84375,244.84375,244.84375,244.84375,244.84375,245.78125,244.84375,244.84375,244.84375,244.84375,244.84375,244.84375,244.84375,244.84375,244.84375,244.84375,244.84375,245.78125,249.375,244.84375,244.84375,244.84375,244.84375,244.84375,245.78125,241.875,244.84375,255.0,244.84375,244.84375,244.84375,245.78125,244.84375,244.84375,248.28125,237.8125,244.84375,237.8125,237.8125,237.8125,237.8125,237.8125,237.8125,237.8125,237.8125,244.84375,237.8125,237.8125,244.6875,237.8125,237.8125,237.8125,244.84375,237.8125
hDenV1/Colombia/un-OUCRU-0000093/2013,0.0,0.0,0.0,0.0,0.0,0.0,0.0,0.0,0.0,0.0,0.0,12.65625,12.65625,12.65625,0.0,12.65625,0.0,0.0,0.0,0.0,0.0,0.0,0.0,3.59375,0.0,22.65625,0.0,3.59375,3.59375,0.0,0.0,0.0,0.0,0.0,20.625,3.59375,0.0,0.0,3.59375,12.96875,0.0,0.0,3.59375,0.0,0.0,0.0,0.0,0.0,0.0,0.0,0.0,0.0,0.0,0.0,0.0,0.0,0.0,0.0,0.0,0.0,0.0,0.0,0.0,0.0,0.0,0.0,0.0,0.0,0.0,0.0,0.0,0.0,0.0,0.0,0.0,0.0,0.0,0.0,0.0,4.53125,0.0,0.0,0.0,0.0,0.0,0.0,0.0,0.0,0.0,0.0,0.0,0.0,0.0,12.65625,0.0,12.65625,0.0,0.0,0.0,12.65625,0.0,0.0,0.0,0.0,3.28125,207.65625,206.25,206.25,206.25,224.53125,204.84375,191.5625,202.03125,206.25,206.25,206.25,206.25,206.25,206.25,206.25,206.25,206.25,206.25,206.25,206.25,206.25,206.25,206.25,206.25,206.25,206.25,206.25,206.25,206.25,206.25,206.25,206.25,206.25,206.25,206.25,206.25,206.25,206.25,206.25,206.25,206.25,206.25,206.25,206.25,206.25,206.25,206.25,206.25,206.25,206.25,206.25,206.25,206.25,206.25,207.5,206.25,206.25,206.25,206.25,206.25,206.25,206.25,206.25,206.25,206.25,206.25,206.25,206.25,206.25,206.25,206.25,206.25,206.25,206.25,206.25,206.25,206.25,206.25,206.25,206.25,206.25,206.25,206.25,206.25,206.25,206.25,393.4375,393.4375,394.53125,393.4375,407.8125,407.8125,420.3125,386.09375,370.15625,396.875,420.3125,407.34375,420.3125,420.3125,407.34375,407.34375,407.34375,420.3125,420.3125,420.3125,393.4375,407.34375,407.34375,420.3125,407.34375,393.4375,420.3125,416.25,420.3125,407.34375,420.3125,420.3125,407.34375,393.4375,393.4375,407.34375,407.34375,393.4375,393.4375,420.3125,414.0625,407.34375,420.3125,407.34375,407.34375,420.3125,407.34375,396.875,407.34375,407.34375,407.34375,420.3125,407.34375,407.34375,393.4375,393.4375,407.34375,407.34375,393.4375,407.34375,407.34375,393.4375,393.4375,407.34375,407.34375,393.4375,396.875,420.3125,407.34375,416.25,420.3125,420.3125,393.4375,407.34375,393.4375,396.875,416.25,420.3125,407.34375,407.34375,404.21875,392.8125,404.21875,404.21875,407.34375,420.3125,392.8125,404.21875,392.8125,396.875,392.8125,392.8125,404.21875,392.8125,392.8125,392.8125,392.8125,392.8125,392.8125,392.8125,413.59375,407.34375,244.375,244.84375,248.28125,237.8125,244.375,244.84375,244.84375,244.84375,244.84375,244.84375,244.84375,244.84375,244.84375,245.78125,252.96875,252.96875,252.96875,252.96875,252.96875,244.84375,244.84375,237.8125,252.96875,244.84375,244.84375,244.84375,244.84375,244.84375,244.84375,244.84375,244.84375,244.84375,244.84375,244.84375,244.84375,237.8125,237.8125,244.84375,244.84375,244.84375,244.84375,244.84375,244.84375,244.84375,245.78125,244.84375,244.84375,244.84375,244.84375,244.84375,244.84375,244.84375,244.84375,244.84375,244.84375,244.84375,245.78125,249.375,244.84375,244.84375,244.84375,244.84375,244.84375,245.78125,241.875,244.84375,255.0,244.84375,244.84375,244.84375,245.78125,244.84375,244.84375,248.28125,237.8125,244.84375,237.8125,237.8125,237.8125,237.8125,237.8125,237.8125,237.8125,237.8125,244.84375,237.8125,237.8125,244.6875,237.8125,237.8125,237.8125,244.84375,237.8125
hDenV1/Colombia/un-OUCRU-0000095/2012,0.0,0.0,0.0,0.0,0.0,0.0,0.0,0.0,0.0,0.0,0.0,12.65625,12.65625,12.65625,0.0,12.65625,0.0,0.0,0.0,0.0,0.0,0.0,0.0,3.59375,0.0,22.65625,0.0,3.59375,3.59375,0.0,0.0,0.0,0.0,0.0,20.625,3.59375,0.0,0.0,3.59375,12.96875,0.0,0.0,3.59375,0.0,0.0,0.0,0.0,0.0,0.0,0.0,0.0,0.0,0.0,0.0,0.0,0.0,0.0,0.0,0.0,0.0,0.0,0.0,0.0,0.0,0.0,0.0,0.0,0.0,0.0,0.0,0.0,0.0,0.0,0.0,0.0,0.0,0.0,0.0,0.0,4.53125,0.0,0.0,0.0,0.0,0.0,0.0,0.0,0.0,0.0,0.0,0.0,0.0,0.0,12.65625,0.0,12.65625,0.0,0.0,0.0,12.65625,0.0,0.0,0.0,0.0,3.28125,207.65625,206.25,206.25,206.25,224.53125,204.84375,191.5625,202.03125,206.25,206.25,206.25,206.25,206.25,206.25,206.25,206.25,206.25,206.25,206.25,206.25,206.25,206.25,206.25,206.25,206.25,206.25,206.25,206.25,206.25,206.25,206.25,206.25,206.25,206.25,206.25,206.25,206.25,206.25,206.25,206.25,206.25,206.25,206.25,206.25,206.25,206.25,206.25,206.25,206.25,206.25,206.25,206.25,206.25,206.25,207.5,206.25,206.25,206.25,206.25,206.25,206.25,206.25,206.25,206.25,206.25,206.25,206.25,206.25,206.25,206.25,206.25,206.25,206.25,206.25,206.25,206.25,206.25,206.25,206.25,206.25,206.25,206.25,206.25,206.25,206.25,206.25,393.4375,393.4375,394.53125,393.4375,407.8125,407.8125,420.3125,386.09375,370.15625,396.875,420.3125,407.34375,420.3125,420.3125,407.34375,407.34375,407.34375,420.3125,420.3125,420.3125,393.4375,407.34375,407.34375,420.3125,407.34375,393.4375,420.3125,416.25,420.3125,407.34375,420.3125,420.3125,407.34375,393.4375,393.4375,407.34375,407.34375,393.4375,393.4375,420.3125,414.0625,407.34375,420.3125,407.34375,407.34375,420.3125,407.34375,396.875,407.34375,407.34375,407.34375,420.3125,407.34375,407.34375,393.4375,393.4375,407.34375,407.34375,393.4375,407.34375,407.34375,393.4375,393.4375,407.34375,407.34375,393.4375,396.875,420.3125,407.34375,416.25,420.3125,420.3125,393.4375,407.34375,393.4375,396.875,416.25,420.3125,407.34375,407.34375,404.21875,392.8125,404.21875,404.21875,407.34375,420.3125,392.8125,404.21875,392.8125,396.875,392.8125,392.8125,404.21875,392.8125,392.8125,392.8125,392.8125,392.8125,392.8125,392.8125,413.59375,407.34375,244.375,244.84375,248.28125,237.8125,244.375,244.84375,244.84375,244.84375,244.84375,244.84375,244.84375,244.84375,244.84375,245.78125,252.96875,252.96875,252.96875,252.96875,252.96875,244.84375,244.84375,237.8125,252.96875,244.84375,244.84375,244.84375,244.84375,244.84375,244.84375,244.84375,244.84375,244.84375,244.84375,244.84375,244.84375,237.8125,237.8125,244.84375,244.84375,244.84375,244.84375,244.84375,244.84375,244.84375,245.78125,244.84375,244.84375,244.84375,244.84375,244.84375,244.84375,244.84375,244.84375,244.84375,244.84375,244.84375,245.78125,249.375,244.84375,244.84375,244.84375,244.84375,244.84375,245.78125,241.875,244.84375,255.0,244.84375,244.84375,244.84375,245.78125,244.84375,244.84375,248.28125,237.8125,244.84375,237.8125,237.8125,237.8125,237.8125,237.8125,237.8125,237.8125,237.8125,244.84375,237.8125,237.8125,244.6875,237.8125,237.8125,237.8125,244.84375,237.8125
hDenV1/Colombia/un-OUCRU-0000096/2013,0.0,0.0,0.0,0.0,0.0,0.0,0.0,0.0,0.0,0.0,0.0,12.65625,12.65625,12.65625,0.0,12.65625,0.0,0.0,0.0,0.0,0.0,0.0,0.0,3.59375,0.0,22.65625,0.0,3.59375,3.59375,0.0,0.0,0.0,0.0,0.0,20.625,3.59375,0.0,0.0,3.59375,12.96875,0.0,0.0,3.59375,0.0,0.0,0.0,0.0,0.0,0.0,0.0,0.0,0.0,0.0,0.0,0.0,0.0,0.0,0.0,0.0,0.0,0.0,0.0,0.0,0.0,0.0,0.0,0.0,0.0,0.0,0.0,0.0,0.0,0.0,0.0,0.0,0.0,0.0,0.0,0.0,4.53125,0.0,0.0,0.0,0.0,0.0,0.0,0.0,0.0,0.0,0.0,0.0,0.0,0.0,12.65625,0.0,12.65625,0.0,0.0,0.0,12.65625,0.0,0.0,0.0,0.0,3.28125,207.65625,206.25,206.25,206.25,224.53125,204.84375,191.5625,202.03125,206.25,206.25,206.25,206.25,206.25,206.25,206.25,206.25,206.25,206.25,206.25,206.25,206.25,206.25,206.25,206.25,206.25,206.25,206.25,206.25,206.25,206.25,206.25,206.25,206.25,206.25,206.25,206.25,206.25,206.25,206.25,206.25,206.25,206.25,206.25,206.25,206.25,206.25,206.25,206.25,206.25,206.25,206.25,206.25,206.25,206.25,207.5,206.25,206.25,206.25,206.25,206.25,206.25,206.25,206.25,206.25,206.25,206.25,206.25,206.25,206.25,206.25,206.25,206.25,206.25,206.25,206.25,206.25,206.25,206.25,206.25,206.25,206.25,206.25,206.25,206.25,206.25,206.25,393.4375,393.4375,394.53125,393.4375,407.8125,407.8125,420.3125,386.09375,370.15625,396.875,420.3125,407.34375,420.3125,420.3125,407.34375,407.34375,407.34375,420.3125,420.3125,420.3125,393.4375,407.34375,407.34375,420.3125,407.34375,393.4375,420.3125,416.25,420.3125,407.34375,420.3125,420.3125,407.34375,393.4375,393.4375,407.34375,407.34375,393.4375,393.4375,420.3125,414.0625,407.34375,420.3125,407.34375,407.34375,420.3125,407.34375,396.875,407.34375,407.34375,407.34375,420.3125,407.34375,407.34375,393.4375,393.4375,407.34375,407.34375,393.4375,407.34375,407.34375,393.4375,393.4375,407.34375,407.34375,393.4375,396.875,420.3125,407.34375,416.25,420.3125,420.3125,393.4375,407.34375,393.4375,396.875,416.25,420.3125,407.34375,407.34375,404.21875,392.8125,404.21875,404.21875,407.34375,420.3125,392.8125,404.21875,392.8125,396.875,392.8125,392.8125,404.21875,392.8125,392.8125,392.8125,392.8125,392.8125,392.8125,392.8125,413.59375,407.34375,244.375,244.84375,248.28125,237.8125,244.375,244.84375,244.84375,244.84375,244.84375,244.84375,244.84375,244.84375,244.84375,245.78125,252.96875,252.96875,252.96875,252.96875,252.96875,244.84375,244.84375,237.8125,252.96875,244.84375,244.84375,244.84375,244.84375,244.84375,244.84375,244.84375,244.84375,244.84375,244.84375,244.84375,244.84375,237.8125,237.8125,244.84375,244.84375,244.84375,244.84375,244.84375,244.84375,244.84375,245.78125,244.84375,244.84375,244.84375,244.84375,244.84375,244.84375,244.84375,244.84375,244.84375,244.84375,244.84375,245.78125,249.375,244.84375,244.84375,244.84375,244.84375,244.84375,245.78125,241.875,244.84375,255.0,244.84375,244.84375,244.84375,245.78125,244.84375,244.84375,248.28125,237.8125,244.84375,237.8125,237.8125,237.8125,237.8125,237.8125,237.8125,237.8125,237.8125,244.84375,237.8125,237.8125,244.6875,237.8125,237.8125,237.8125,244.84375,237.8125
hDenV1/Colombia/un-OUCRU-1/2013,0.0,0.0,0.0,0.0,0.0,0.0,0.0,0.0,0.0,0.0,0.0,12.65625,12.65625,12.65625,0.0,12.65625,0.0,0.0,0.0,0.0,0.0,0.0,0.0,3.59375,0.0,22.65625,0.0,3.59375,3.59375,0.0,0.0,0.0,0.0,0.0,20.625,3.59375,0.0,0.0,3.59375,12.96875,0.0,0.0,3.59375,0.0,0.0,0.0,0.0,0.0,0.0,0.0,0.0,0.0,0.0,0.0,0.0,0.0,0.0,0.0,0.0,0.0,0.0,0.0,0.0,0.0,0.0,0.0,0.0,0.0,0.0,0.0,0.0,0.0,0.0,0.0,0.0,0.0,0.0,0.0,0.0,4.53125,0.0,0.0,0.0,0.0,0.0,0.0,0.0,0.0,0.0,0.0,0.0,0.0,0.0,12.65625,0.0,12.65625,0.0,0.0,0.0,12.65625,0.0,0.0,0.0,0.0,3.28125,207.65625,206.25,206.25,206.25,224.53125,204.84375,191.5625,202.03125,206.25,206.25,206.25,206.25,206.25,206.25,206.25,206.25,206.25,206.25,206.25,206.25,206.25,206.25,206.25,206.25,206.25,206.25,206.25,206.25,206.25,206.25,206.25,206.25,206.25,206.25,206.25,206.25,206.25,206.25,206.25,206.25,206.25,206.25,206.25,206.25,206.25,206.25,206.25,206.25,206.25,206.25,206.25,206.25,206.25,206.25,207.5,206.25,206.25,206.25,206.25,206.25,206.25,206.25,206.25,206.25,206.25,206.25,206.25,206.25,206.25,206.25,206.25,206.25,206.25,206.25,206.25,206.25,206.25,206.25,206.25,206.25,206.25,206.25,206.25,206.25,206.25,206.25,393.4375,393.4375,394.53125,393.4375,407.8125,407.8125,420.3125,386.09375,370.15625,396.875,420.3125,407.34375,420.3125,420.3125,407.34375,407.34375,407.34375,420.3125,420.3125,420.3125,393.4375,407.34375,407.34375,420.3125,407.34375,393.4375,420.3125,416.25,420.3125,407.34375,420.3125,420.3125,407.34375,393.4375,393.4375,407.34375,407.34375,393.4375,393.4375,420.3125,414.0625,407.34375,420.3125,407.34375,407.34375,420.3125,407.34375,396.875,407.34375,407.34375,407.34375,420.3125,407.34375,407.34375,393.4375,393.4375,407.34375,407.34375,393.4375,407.34375,407.34375,393.4375,393.4375,407.34375,407.34375,393.4375,396.875,420.3125,407.34375,416.25,420.3125,420.3125,393.4375,407.34375,393.4375,396.875,416.25,420.3125,407.34375,407.34375,404.21875,392.8125,404.21875,404.21875,407.34375,420.3125,392.8125,404.21875,392.8125,396.875,392.8125,392.8125,404.21875,392.8125,392.8125,392.8125,392.8125,392.8125,392.8125,392.8125,413.59375,407.34375,244.375,244.84375,248.28125,237.8125,244.375,244.84375,244.84375,244.84375,244.84375,244.84375,244.84375,244.84375,244.84375,245.78125,252.96875,252.96875,252.96875,252.96875,252.96875,244.84375,244.84375,237.8125,252.96875,244.84375,244.84375,244.84375,244.84375,244.84375,244.84375,244.84375,244.84375,244.84375,244.84375,244.84375,244.84375,237.8125,237.8125,244.84375,244.84375,244.84375,244.84375,244.84375,244.84375,244.84375,245.78125,244.84375,244.84375,244.84375,244.84375,244.84375,244.84375,244.84375,244.84375,244.84375,244.84375,244.84375,245.78125,249.375,244.84375,244.84375,244.84375,244.84375,244.84375,245.78125,241.875,244.84375,255.0,244.84375,244.84375,244.84375,245.78125,244.84375,244.84375,248.28125,237.8125,244.84375,237.8125,237.8125,237.8125,237.8125,237.8125,237.8125,237.8125,237.8125,244.84375,237.8125,237.8125,244.6875,237.8125,237.8125,237.8125,244.84375,237.8125
hDenV1/Colombia/un-OUCRU-101/2013,0.0,0.0,0.0,0.0,0.0,0.0,0.0,0.0,0.0,0.0,0.0,12.65625,12.65625,12.65625,0.0,12.65625,0.0,0.0,0.0,0.0,0.0,0.0,0.0,3.59375,0.0,22.65625,0.0,3.59375,3.59375,0.0,0.0,0.0,0.0,0.0,20.625,3.59375,0.0,0.0,3.59375,12.96875,0.0,0.0,3.59375,0.0,0.0,0.0,0.0,0.0,0.0,0.0,0.0,0.0,0.0,0.0,0.0,0.0,0.0,0.0,0.0,0.0,0.0,0.0,0.0,0.0,0.0,0.0,0.0,0.0,0.0,0.0,0.0,0.0,0.0,0.0,0.0,0.0,0.0,0.0,0.0,4.53125,0.0,0.0,0.0,0.0,0.0,0.0,0.0,0.0,0.0,0.0,0.0,0.0,0.0,12.65625,0.0,12.65625,0.0,0.0,0.0,12.65625,0.0,0.0,0.0,0.0,3.28125,207.65625,206.25,206.25,206.25,224.53125,204.84375,191.5625,202.03125,206.25,206.25,206.25,206.25,206.25,206.25,206.25,206.25,206.25,206.25,206.25,206.25,206.25,206.25,206.25,206.25,206.25,206.25,206.25,206.25,206.25,206.25,206.25,206.25,206.25,206.25,206.25,206.25,206.25,206.25,206.25,206.25,206.25,206.25,206.25,206.25,206.25,206.25,206.25,206.25,206.25,206.25,206.25,206.25,206.25,206.25,207.5,206.25,206.25,206.25,206.25,206.25,206.25,206.25,206.25,206.25,206.25,206.25,206.25,206.25,206.25,206.25,206.25,206.25,206.25,206.25,206.25,206.25,206.25,206.25,206.25,206.25,206.25,206.25,206.25,206.25,206.25,206.25,393.4375,393.4375,394.53125,393.4375,407.8125,407.8125,420.3125,386.09375,370.15625,396.875,420.3125,407.34375,420.3125,420.3125,407.34375,407.34375,407.34375,420.3125,420.3125,420.3125,393.4375,407.34375,407.34375,420.3125,407.34375,393.4375,420.3125,416.25,420.3125,407.34375,420.3125,420.3125,407.34375,393.4375,393.4375,407.34375,407.34375,393.4375,393.4375,420.3125,414.0625,407.34375,420.3125,407.34375,407.34375,420.3125,407.34375,396.875,407.34375,407.34375,407.34375,420.3125,407.34375,407.34375,393.4375,393.4375,407.34375,407.34375,393.4375,407.34375,407.34375,393.4375,393.4375,407.34375,407.34375,393.4375,396.875,420.3125,407.34375,416.25,420.3125,420.3125,393.4375,407.34375,393.4375,396.875,416.25,420.3125,407.34375,407.34375,404.21875,392.8125,404.21875,404.21875,407.34375,420.3125,392.8125,404.21875,392.8125,396.875,392.8125,392.8125,404.21875,392.8125,392.8125,392.8125,392.8125,392.8125,392.8125,392.8125,413.59375,407.34375,244.375,244.84375,248.28125,237.8125,244.375,244.84375,244.84375,244.84375,244.84375,244.84375,244.84375,244.84375,244.84375,245.78125,252.96875,252.96875,252.96875,252.96875,252.96875,244.84375,244.84375,237.8125,252.96875,244.84375,244.84375,244.84375,244.84375,244.84375,244.84375,244.84375,244.84375,244.84375,244.84375,244.84375,244.84375,237.8125,237.8125,244.84375,244.84375,244.84375,244.84375,244.84375,244.84375,244.84375,245.78125,244.84375,244.84375,244.84375,244.84375,244.84375,244.84375,244.84375,244.84375,244.84375,244.84375,244.84375,245.78125,249.375,244.84375,244.84375,244.84375,244.84375,244.84375,245.78125,241.875,244.84375,255.0,244.84375,244.84375,244.84375,245.78125,244.84375,244.84375,248.28125,237.8125,244.84375,237.8125,237.8125,237.8125,237.8125,237.8125,237.8125,237.8125,237.8125,244.84375,237.8125,237.8125,244.6875,237.8125,237.8125,237.8125,244.84375,237.8125
hDenV1/Colombia/un-OUCRU-101210/2013,0.0,0.0,0.0,0.0,0.0,0.0,0.0,0.0,0.0,0.0,0.0,12.65625,12.65625,12.65625,0.0,12.65625,0.0,0.0,0.0,0.0,0.0,0.0,0.0,3.59375,0.0,22.65625,0.0,3.59375,3.59375,0.0,0.0,0.0,0.0,0.0,20.625,3.59375,0.0,0.0,3.59375,12.96875,0.0,0.0,3.59375,0.0,0.0,0.0,0.0,0.0,0.0,0.0,0.0,0.0,0.0,0.0,0.0,0.0,0.0,0.0,0.0,0.0,0.0,0.0,0.0,0.0,0.0,0.0,0.0,0.0,0.0,0.0,0.0,0.0,0.0,0.0,0.0,0.0,0.0,0.0,0.0,4.53125,0.0,0.0,0.0,0.0,0.0,0.0,0.0,0.0,0.0,0.0,0.0,0.0,0.0,12.65625,0.0,12.65625,0.0,0.0,0.0,12.65625,0.0,0.0,0.0,0.0,3.28125,207.65625,206.25,206.25,206.25,224.53125,204.84375,191.5625,202.03125,206.25,206.25,206.25,206.25,206.25,206.25,206.25,206.25,206.25,206.25,206.25,206.25,206.25,206.25,206.25,206.25,206.25,206.25,206.25,206.25,206.25,206.25,206.25,206.25,206.25,206.25,206.25,206.25,206.25,206.25,206.25,206.25,206.25,206.25,206.25,206.25,206.25,206.25,206.25,206.25,206.25,206.25,206.25,206.25,206.25,206.25,207.5,206.25,206.25,206.25,206.25,206.25,206.25,206.25,206.25,206.25,206.25,206.25,206.25,206.25,206.25,206.25,206.25,206.25,206.25,206.25,206.25,206.25,206.25,206.25,206.25,206.25,206.25,206.25,206.25,206.25,206.25,206.25,393.4375,393.4375,394.53125,393.4375,407.8125,407.8125,420.3125,386.09375,370.15625,396.875,420.3125,407.34375,420.3125,420.3125,407.34375,407.34375,407.34375,420.3125,420.3125,420.3125,393.4375,407.34375,407.34375,420.3125,407.34375,393.4375,420.3125,416.25,420.3125,407.34375,420.3125,420.3125,407.34375,393.4375,393.4375,407.34375,407.34375,393.4375,393.4375,420.3125,414.0625,407.34375,420.3125,407.34375,407.34375,420.3125,407.34375,396.875,407.34375,407.34375,407.34375,420.3125,407.34375,407.34375,393.4375,393.4375,407.34375,407.34375,393.4375,407.34375,407.34375,393.4375,393.4375,407.34375,407.34375,393.4375,396.875,420.3125,407.34375,416.25,420.3125,420.3125,393.4375,407.34375,393.4375,396.875,416.25,420.3125,407.34375,407.34375,404.21875,392.8125,404.21875,404.21875,407.34375,420.3125,392.8125,404.21875,392.8125,396.875,392.8125,392.8125,404.21875,392.8125,392.8125,392.8125,392.8125,392.8125,392.8125,392.8125,413.59375,407.34375,244.375,244.84375,248.28125,237.8125,244.375,244.84375,244.84375,244.84375,244.84375,244.84375,244.84375,244.84375,244.84375,245.78125,252.96875,252.96875,252.96875,252.96875,252.96875,244.84375,244.84375,237.8125,252.96875,244.84375,244.84375,244.84375,244.84375,244.84375,244.84375,244.84375,244.84375,244.84375,244.84375,244.84375,244.84375,237.8125,237.8125,244.84375,244.84375,244.84375,244.84375,244.84375,244.84375,244.84375,245.78125,244.84375,244.84375,244.84375,244.84375,244.84375,244.84375,244.84375,244.84375,244.84375,244.84375,244.84375,245.78125,249.375,244.84375,244.84375,244.84375,244.84375,244.84375,245.78125,241.875,244.84375,255.0,244.84375,244.84375,244.84375,245.78125,244.84375,244.84375,248.28125,237.8125,244.84375,237.8125,237.8125,237.8125,237.8125,237.8125,237.8125,237.8125,237.8125,244.84375,237.8125,237.8125,244.6875,237.8125,237.8125,237.8125,244.84375,237.8125
hDenV1/Colombia/un-OUCRU-101212/2013,0.0,0.0,0.0,0.0,0.0,0.0,0.0,0.0,0.0,0.0,0.0,12.65625,12.65625,12.65625,0.0,12.65625,0.0,0.0,0.0,0.0,0.0,0.0,0.0,3.59375,0.0,22.65625,0.0,3.59375,3.59375,0.0,0.0,0.0,0.0,0.0,20.625,3.59375,0.0,0.0,3.59375,12.96875,0.0,0.0,3.59375,0.0,0.0,0.0,0.0,0.0,0.0,0.0,0.0,0.0,0.0,0.0,0.0,0.0,0.0,0.0,0.0,0.0,0.0,0.0,0.0,0.0,0.0,0.0,0.0,0.0,0.0,0.0,0.0,0.0,0.0,0.0,0.0,0.0,0.0,0.0,0.0,4.53125,0.0,0.0,0.0,0.0,0.0,0.0,0.0,0.0,0.0,0.0,0.0,0.0,0.0,12.65625,0.0,12.65625,0.0,0.0,0.0,12.65625,0.0,0.0,0.0,0.0,3.28125,207.65625,206.25,206.25,206.25,224.53125,204.84375,191.5625,202.03125,206.25,206.25,206.25,206.25,206.25,206.25,206.25,206.25,206.25,206.25,206.25,206.25,206.25,206.25,206.25,206.25,206.25,206.25,206.25,206.25,206.25,206.25,206.25,206.25,206.25,206.25,206.25,206.25,206.25,206.25,206.25,206.25,206.25,206.25,206.25,206.25,206.25,206.25,206.25,206.25,206.25,206.25,206.25,206.25,206.25,206.25,207.5,206.25,206.25,206.25,206.25,206.25,206.25,206.25,206.25,206.25,206.25,206.25,206.25,206.25,206.25,206.25,206.25,206.25,206.25,206.25,206.25,206.25,206.25,206.25,206.25,206.25,206.25,206.25,206.25,206.25,206.25,206.25,393.4375,393.4375,394.53125,393.4375,407.8125,407.8125,420.3125,386.09375,370.15625,396.875,420.3125,407.34375,420.3125,420.3125,407.34375,407.34375,407.34375,420.3125,420.3125,420.3125,393.4375,407.34375,407.34375,420.3125,407.34375,393.4375,420.3125,416.25,420.3125,407.34375,420.3125,420.3125,407.34375,393.4375,393.4375,407.34375,407.34375,393.4375,393.4375,420.3125,414.0625,407.34375,420.3125,407.34375,407.34375,420.3125,407.34375,396.875,407.34375,407.34375,407.34375,420.3125,407.34375,407.34375,393.4375,393.4375,407.34375,407.34375,393.4375,407.34375,407.34375,393.4375,393.4375,407.34375,407.34375,393.4375,396.875,420.3125,407.34375,416.25,420.3125,420.3125,393.4375,407.34375,393.4375,396.875,416.25,420.3125,407.34375,407.34375,404.21875,392.8125,404.21875,404.21875,407.34375,420.3125,392.8125,404.21875,392.8125,396.875,392.8125,392.8125,404.21875,392.8125,392.8125,392.8125,392.8125,392.8125,392.8125,392.8125,413.59375,407.34375,244.375,244.84375,248.28125,237.8125,244.375,244.84375,244.84375,244.84375,244.84375,244.84375,244.84375,244.84375,244.84375,245.78125,252.96875,252.96875,252.96875,252.96875,252.96875,244.84375,244.84375,237.8125,252.96875,244.84375,244.84375,244.84375,244.84375,244.84375,244.84375,244.84375,244.84375,244.84375,244.84375,244.84375,244.84375,237.8125,237.8125,244.84375,244.84375,244.84375,244.84375,244.84375,244.84375,244.84375,245.78125,244.84375,244.84375,244.84375,244.84375,244.84375,244.84375,244.84375,244.84375,244.84375,244.84375,244.84375,245.78125,249.375,244.84375,244.84375,244.84375,244.84375,244.84375,245.78125,241.875,244.84375,255.0,244.84375,244.84375,244.84375,245.78125,244.84375,244.84375,248.28125,237.8125,244.84375,237.8125,237.8125,237.8125,237.8125,237.8125,237.8125,237.8125,237.8125,244.84375,237.8125,237.8125,244.6875,237.8125,237.8125,237.8125,244.84375,237.8125
hDenV1/Colombia/un-OUCRU-101216/2013,0.0,0.0,0.0,0.0,0.0,0.0,0.0,0.0,0.0,0.0,0.0,12.65625,12.65625,12.65625,0.0,12.65625,0.0,0.0,0.0,0.0,0.0,0.0,0.0,3.59375,0.0,22.65625,0.0,3.59375,3.59375,0.0,0.0,0.0,0.0,0.0,20.625,3.59375,0.0,0.0,3.59375,12.96875,0.0,0.0,3.59375,0.0,0.0,0.0,0.0,0.0,0.0,0.0,0.0,0.0,0.0,0.0,0.0,0.0,0.0,0.0,0.0,0.0,0.0,0.0,0.0,0.0,0.0,0.0,0.0,0.0,0.0,0.0,0.0,0.0,0.0,0.0,0.0,0.0,0.0,0.0,0.0,4.53125,0.0,0.0,0.0,0.0,0.0,0.0,0.0,0.0,0.0,0.0,0.0,0.0,0.0,12.65625,0.0,12.65625,0.0,0.0,0.0,12.65625,0.0,0.0,0.0,0.0,3.28125,207.65625,206.25,206.25,206.25,224.53125,204.84375,191.5625,202.03125,206.25,206.25,206.25,206.25,206.25,206.25,206.25,206.25,206.25,206.25,206.25,206.25,206.25,206.25,206.25,206.25,206.25,206.25,206.25,206.25,206.25,206.25,206.25,206.25,206.25,206.25,206.25,206.25,206.25,206.25,206.25,206.25,206.25,206.25,206.25,206.25,206.25,206.25,206.25,206.25,206.25,206.25,206.25,206.25,206.25,206.25,207.5,206.25,206.25,206.25,206.25,206.25,206.25,206.25,206.25,206.25,206.25,206.25,206.25,206.25,206.25,206.25,206.25,206.25,206.25,206.25,206.25,206.25,206.25,206.25,206.25,206.25,206.25,206.25,206.25,206.25,206.25,206.25,393.4375,393.4375,394.53125,393.4375,407.8125,407.8125,420.3125,386.09375,370.15625,396.875,420.3125,407.34375,420.3125,420.3125,407.34375,407.34375,407.34375,420.3125,420.3125,420.3125,393.4375,407.34375,407.34375,420.3125,407.34375,393.4375,420.3125,416.25,420.3125,407.34375,420.3125,420.3125,407.34375,393.4375,393.4375,407.34375,407.34375,393.4375,393.4375,420.3125,414.0625,407.34375,420.3125,407.34375,407.34375,420.3125,407.34375,396.875,407.34375,407.34375,407.34375,420.3125,407.34375,407.34375,393.4375,393.4375,407.34375,407.34375,393.4375,407.34375,407.34375,393.4375,393.4375,407.34375,407.34375,393.4375,396.875,420.3125,407.34375,416.25,420.3125,420.3125,393.4375,407.34375,393.4375,396.875,416.25,420.3125,407.34375,407.34375,404.21875,392.8125,404.21875,404.21875,407.34375,420.3125,392.8125,404.21875,392.8125,396.875,392.8125,392.8125,404.21875,392.8125,392.8125,392.8125,392.8125,392.8125,392.8125,392.8125,413.59375,407.34375,244.375,244.84375,248.28125,237.8125,244.375,244.84375,244.84375,244.84375,244.84375,244.84375,244.84375,244.84375,244.84375,245.78125,252.96875,252.96875,252.96875,252.96875,252.96875,244.84375,244.84375,237.8125,252.96875,244.84375,244.84375,244.84375,244.84375,244.84375,244.84375,244.84375,244.84375,244.84375,244.84375,244.84375,244.84375,237.8125,237.8125,244.84375,244.84375,244.84375,244.84375,244.84375,244.84375,244.84375,245.78125,244.84375,244.84375,244.84375,244.84375,244.84375,244.84375,244.84375,244.84375,244.84375,244.84375,244.84375,245.78125,249.375,244.84375,244.84375,244.84375,244.84375,244.84375,245.78125,241.875,244.84375,255.0,244.84375,244.84375,244.84375,245.78125,244.84375,244.84375,248.28125,237.8125,244.84375,237.8125,237.8125,237.8125,237.8125,237.8125,237.8125,237.8125,237.8125,244.84375,237.8125,237.8125,244.6875,237.8125,237.8125,237.8125,244.84375,237.8125
hDenV1/Colombia/un-OUCRU-101218/2013,0.0,0.0,0.0,0.0,0.0,0.0,0.0,0.0,0.0,0.0,0.0,12.65625,12.65625,12.65625,0.0,12.65625,0.0,0.0,0.0,0.0,0.0,0.0,0.0,3.59375,0.0,22.65625,0.0,3.59375,3.59375,0.0,0.0,0.0,0.0,0.0,20.625,3.59375,0.0,0.0,3.59375,12.96875,0.0,0.0,3.59375,0.0,0.0,0.0,0.0,0.0,0.0,0.0,0.0,0.0,0.0,0.0,0.0,0.0,0.0,0.0,0.0,0.0,0.0,0.0,0.0,0.0,0.0,0.0,0.0,0.0,0.0,0.0,0.0,0.0,0.0,0.0,0.0,0.0,0.0,0.0,0.0,4.53125,0.0,0.0,0.0,0.0,0.0,0.0,0.0,0.0,0.0,0.0,0.0,0.0,0.0,12.65625,0.0,12.65625,0.0,0.0,0.0,12.65625,0.0,0.0,0.0,0.0,3.28125,207.65625,206.25,206.25,206.25,224.53125,204.84375,191.5625,202.03125,206.25,206.25,206.25,206.25,206.25,206.25,206.25,206.25,206.25,206.25,206.25,206.25,206.25,206.25,206.25,206.25,206.25,206.25,206.25,206.25,206.25,206.25,206.25,206.25,206.25,206.25,206.25,206.25,206.25,206.25,206.25,206.25,206.25,206.25,206.25,206.25,206.25,206.25,206.25,206.25,206.25,206.25,206.25,206.25,206.25,206.25,207.5,206.25,206.25,206.25,206.25,206.25,206.25,206.25,206.25,206.25,206.25,206.25,206.25,206.25,206.25,206.25,206.25,206.25,206.25,206.25,206.25,206.25,206.25,206.25,206.25,206.25,206.25,206.25,206.25,206.25,206.25,206.25,393.4375,393.4375,394.53125,393.4375,407.8125,407.8125,420.3125,386.09375,370.15625,396.875,420.3125,407.34375,420.3125,420.3125,407.34375,407.34375,407.34375,420.3125,420.3125,420.3125,393.4375,407.34375,407.34375,420.3125,407.34375,393.4375,420.3125,416.25,420.3125,407.34375,420.3125,420.3125,407.34375,393.4375,393.4375,407.34375,407.34375,393.4375,393.4375,420.3125,414.0625,407.34375,420.3125,407.34375,407.34375,420.3125,407.34375,396.875,407.34375,407.34375,407.34375,420.3125,407.34375,407.34375,393.4375,393.4375,407.34375,407.34375,393.4375,407.34375,407.34375,393.4375,393.4375,407.34375,407.34375,393.4375,396.875,420.3125,407.34375,416.25,420.3125,420.3125,393.4375,407.34375,393.4375,396.875,416.25,420.3125,407.34375,407.34375,404.21875,392.8125,404.21875,404.21875,407.34375,420.3125,392.8125,404.21875,392.8125,396.875,392.8125,392.8125,404.21875,392.8125,392.8125,392.8125,392.8125,392.8125,392.8125,392.8125,413.59375,407.34375,244.375,244.84375,248.28125,237.8125,244.375,244.84375,244.84375,244.84375,244.84375,244.84375,244.84375,244.84375,244.84375,245.78125,252.96875,252.96875,252.96875,252.96875,252.96875,244.84375,244.84375,237.8125,252.96875,244.84375,244.84375,244.84375,244.84375,244.84375,244.84375,244.84375,244.84375,244.84375,244.84375,244.84375,244.84375,237.8125,237.8125,244.84375,244.84375,244.84375,244.84375,244.84375,244.84375,244.84375,245.78125,244.84375,244.84375,244.84375,244.84375,244.84375,244.84375,244.84375,244.84375,244.84375,244.84375,244.84375,245.78125,249.375,244.84375,244.84375,244.84375,244.84375,244.84375,245.78125,241.875,244.84375,255.0,244.84375,244.84375,244.84375,245.78125,244.84375,244.84375,248.28125,237.8125,244.84375,237.8125,237.8125,237.8125,237.8125,237.8125,237.8125,237.8125,237.8125,244.84375,237.8125,237.8125,244.6875,237.8125,237.8125,237.8125,244.84375,237.8125
hDenV1/Colombia/un-OUCRU-101219/2013,0.0,0.0,0.0,0.0,0.0,0.0,0.0,0.0,0.0,0.0,0.0,12.65625,12.65625,12.65625,0.0,12.65625,0.0,0.0,0.0,0.0,0.0,0.0,0.0,3.59375,0.0,22.65625,0.0,3.59375,3.59375,0.0,0.0,0.0,0.0,0.0,20.625,3.59375,0.0,0.0,3.59375,12.96875,0.0,0.0,3.59375,0.0,0.0,0.0,0.0,0.0,0.0,0.0,0.0,0.0,0.0,0.0,0.0,0.0,0.0,0.0,0.0,0.0,0.0,0.0,0.0,0.0,0.0,0.0,0.0,0.0,0.0,0.0,0.0,0.0,0.0,0.0,0.0,0.0,0.0,0.0,0.0,4.53125,0.0,0.0,0.0,0.0,0.0,0.0,0.0,0.0,0.0,0.0,0.0,0.0,0.0,12.65625,0.0,12.65625,0.0,0.0,0.0,12.65625,0.0,0.0,0.0,0.0,3.28125,207.65625,206.25,206.25,206.25,224.53125,204.84375,191.5625,202.03125,206.25,206.25,206.25,206.25,206.25,206.25,206.25,206.25,206.25,206.25,206.25,206.25,206.25,206.25,206.25,206.25,206.25,206.25,206.25,206.25,206.25,206.25,206.25,206.25,206.25,206.25,206.25,206.25,206.25,206.25,206.25,206.25,206.25,206.25,206.25,206.25,206.25,206.25,206.25,206.25,206.25,206.25,206.25,206.25,206.25,206.25,207.5,206.25,206.25,206.25,206.25,206.25,206.25,206.25,206.25,206.25,206.25,206.25,206.25,206.25,206.25,206.25,206.25,206.25,206.25,206.25,206.25,206.25,206.25,206.25,206.25,206.25,206.25,206.25,206.25,206.25,206.25,206.25,393.4375,393.4375,394.53125,393.4375,407.8125,407.8125,420.3125,386.09375,370.15625,396.875,420.3125,407.34375,420.3125,420.3125,407.34375,407.34375,407.34375,420.3125,420.3125,420.3125,393.4375,407.34375,407.34375,420.3125,407.34375,393.4375,420.3125,416.25,420.3125,407.34375,420.3125,420.3125,407.34375,393.4375,393.4375,407.34375,407.34375,393.4375,393.4375,420.3125,414.0625,407.34375,420.3125,407.34375,407.34375,420.3125,407.34375,396.875,407.34375,407.34375,407.34375,420.3125,407.34375,407.34375,393.4375,393.4375,407.34375,407.34375,393.4375,407.34375,407.34375,393.4375,393.4375,407.34375,407.34375,393.4375,396.875,420.3125,407.34375,416.25,420.3125,420.3125,393.4375,407.34375,393.4375,396.875,416.25,420.3125,407.34375,407.34375,404.21875,392.8125,404.21875,404.21875,407.34375,420.3125,392.8125,404.21875,392.8125,396.875,392.8125,392.8125,404.21875,392.8125,392.8125,392.8125,392.8125,392.8125,392.8125,392.8125,413.59375,407.34375,244.375,244.84375,248.28125,237.8125,244.375,244.84375,244.84375,244.84375,244.84375,244.84375,244.84375,244.84375,244.84375,245.78125,252.96875,252.96875,252.96875,252.96875,252.96875,244.84375,244.84375,237.8125,252.96875,244.84375,244.84375,244.84375,244.84375,244.84375,244.84375,244.84375,244.84375,244.84375,244.84375,244.84375,244.84375,237.8125,237.8125,244.84375,244.84375,244.84375,244.84375,244.84375,244.84375,244.84375,245.78125,244.84375,244.84375,244.84375,244.84375,244.84375,244.84375,244.84375,244.84375,244.84375,244.84375,244.84375,245.78125,249.375,244.84375,244.84375,244.84375,244.84375,244.84375,245.78125,241.875,244.84375,255.0,244.84375,244.84375,244.84375,245.78125,244.84375,244.84375,248.28125,237.8125,244.84375,237.8125,237.8125,237.8125,237.8125,237.8125,237.8125,237.8125,237.8125,244.84375,237.8125,237.8125,244.6875,237.8125,237.8125,237.8125,244.84375,237.8125
hDenV1/Colombia/un-OUCRU-10122/2013,0.0,0.0,0.0,0.0,0.0,0.0,0.0,0.0,0.0,0.0,0.0,12.65625,12.65625,12.65625,0.0,12.65625,0.0,0.0,0.0,0.0,0.0,0.0,0.0,3.59375,0.0,22.65625,0.0,3.59375,3.59375,0.0,0.0,0.0,0.0,0.0,20.625,3.59375,0.0,0.0,3.59375,12.96875,0.0,0.0,3.59375,0.0,0.0,0.0,0.0,0.0,0.0,0.0,0.0,0.0,0.0,0.0,0.0,0.0,0.0,0.0,0.0,0.0,0.0,0.0,0.0,0.0,0.0,0.0,0.0,0.0,0.0,0.0,0.0,0.0,0.0,0.0,0.0,0.0,0.0,0.0,0.0,4.53125,0.0,0.0,0.0,0.0,0.0,0.0,0.0,0.0,0.0,0.0,0.0,0.0,0.0,12.65625,0.0,12.65625,0.0,0.0,0.0,12.65625,0.0,0.0,0.0,0.0,3.28125,207.65625,206.25,206.25,206.25,224.53125,204.84375,191.5625,202.03125,206.25,206.25,206.25,206.25,206.25,206.25,206.25,206.25,206.25,206.25,206.25,206.25,206.25,206.25,206.25,206.25,206.25,206.25,206.25,206.25,206.25,206.25,206.25,206.25,206.25,206.25,206.25,206.25,206.25,206.25,206.25,206.25,206.25,206.25,206.25,206.25,206.25,206.25,206.25,206.25,206.25,206.25,206.25,206.25,206.25,206.25,207.5,206.25,206.25,206.25,206.25,206.25,206.25,206.25,206.25,206.25,206.25,206.25,206.25,206.25,206.25,206.25,206.25,206.25,206.25,206.25,206.25,206.25,206.25,206.25,206.25,206.25,206.25,206.25,206.25,206.25,206.25,206.25,393.4375,393.4375,394.53125,393.4375,407.8125,407.8125,420.3125,386.09375,370.15625,396.875,420.3125,407.34375,420.3125,420.3125,407.34375,407.34375,407.34375,420.3125,420.3125,420.3125,393.4375,407.34375,407.34375,420.3125,407.34375,393.4375,420.3125,416.25,420.3125,407.34375,420.3125,420.3125,407.34375,393.4375,393.4375,407.34375,407.34375,393.4375,393.4375,420.3125,414.0625,407.34375,420.3125,407.34375,407.34375,420.3125,407.34375,396.875,407.34375,407.34375,407.34375,420.3125,407.34375,407.34375,393.4375,393.4375,407.34375,407.34375,393.4375,407.34375,407.34375,393.4375,393.4375,407.34375,407.34375,393.4375,396.875,420.3125,407.34375,416.25,420.3125,420.3125,393.4375,407.34375,393.4375,396.875,416.25,420.3125,407.34375,407.34375,404.21875,392.8125,404.21875,404.21875,407.34375,420.3125,392.8125,404.21875,392.8125,396.875,392.8125,392.8125,404.21875,392.8125,392.8125,392.8125,392.8125,392.8125,392.8125,392.8125,413.59375,407.34375,244.375,244.84375,248.28125,237.8125,244.375,244.84375,244.84375,244.84375,244.84375,244.84375,244.84375,244.84375,244.84375,245.78125,252.96875,252.96875,252.96875,252.96875,252.96875,244.84375,244.84375,237.8125,252.96875,244.84375,244.84375,244.84375,244.84375,244.84375,244.84375,244.84375,244.84375,244.84375,244.84375,244.84375,244.84375,237.8125,237.8125,244.84375,244.84375,244.84375,244.84375,244.84375,244.84375,244.84375,245.78125,244.84375,244.84375,244.84375,244.84375,244.84375,244.84375,244.84375,244.84375,244.84375,244.84375,244.84375,245.78125,249.375,244.84375,244.84375,244.84375,244.84375,244.84375,245.78125,241.875,244.84375,255.0,244.84375,244.84375,244.84375,245.78125,244.84375,244.84375,248.28125,237.8125,244.84375,237.8125,237.8125,237.8125,237.8125,237.8125,237.8125,237.8125,237.8125,244.84375,237.8125,237.8125,244.6875,237.8125,237.8125,237.8125,244.84375,237.8125
hDenV1/Colombia/un-OUCRU-101220/2013,0.0,0.0,0.0,0.0,0.0,0.0,0.0,0.0,0.0,0.0,0.0,12.65625,12.65625,12.65625,0.0,12.65625,0.0,0.0,0.0,0.0,0.0,0.0,0.0,3.59375,0.0,22.65625,0.0,3.59375,3.59375,0.0,0.0,0.0,0.0,0.0,20.625,3.59375,0.0,0.0,3.59375,12.96875,0.0,0.0,3.59375,0.0,0.0,0.0,0.0,0.0,0.0,0.0,0.0,0.0,0.0,0.0,0.0,0.0,0.0,0.0,0.0,0.0,0.0,0.0,0.0,0.0,0.0,0.0,0.0,0.0,0.0,0.0,0.0,0.0,0.0,0.0,0.0,0.0,0.0,0.0,0.0,4.53125,0.0,0.0,0.0,0.0,0.0,0.0,0.0,0.0,0.0,0.0,0.0,0.0,0.0,12.65625,0.0,12.65625,0.0,0.0,0.0,12.65625,0.0,0.0,0.0,0.0,3.28125,207.65625,206.25,206.25,206.25,224.53125,204.84375,191.5625,202.03125,206.25,206.25,206.25,206.25,206.25,206.25,206.25,206.25,206.25,206.25,206.25,206.25,206.25,206.25,206.25,206.25,206.25,206.25,206.25,206.25,206.25,206.25,206.25,206.25,206.25,206.25,206.25,206.25,206.25,206.25,206.25,206.25,206.25,206.25,206.25,206.25,206.25,206.25,206.25,206.25,206.25,206.25,206.25,206.25,206.25,206.25,207.5,206.25,206.25,206.25,206.25,206.25,206.25,206.25,206.25,206.25,206.25,206.25,206.25,206.25,206.25,206.25,206.25,206.25,206.25,206.25,206.25,206.25,206.25,206.25,206.25,206.25,206.25,206.25,206.25,206.25,206.25,206.25,393.4375,393.4375,394.53125,393.4375,407.8125,407.8125,420.3125,386.09375,370.15625,396.875,420.3125,407.34375,420.3125,420.3125,407.34375,407.34375,407.34375,420.3125,420.3125,420.3125,393.4375,407.34375,407.34375,420.3125,407.34375,393.4375,420.3125,416.25,420.3125,407.34375,420.3125,420.3125,407.34375,393.4375,393.4375,407.34375,407.34375,393.4375,393.4375,420.3125,414.0625,407.34375,420.3125,407.34375,407.34375,420.3125,407.34375,396.875,407.34375,407.34375,407.34375,420.3125,407.34375,407.34375,393.4375,393.4375,407.34375,407.34375,393.4375,407.34375,407.34375,393.4375,393.4375,407.34375,407.34375,393.4375,396.875,420.3125,407.34375,416.25,420.3125,420.3125,393.4375,407.34375,393.4375,396.875,416.25,420.3125,407.34375,407.34375,404.21875,392.8125,404.21875,404.21875,407.34375,420.3125,392.8125,404.21875,392.8125,396.875,392.8125,392.8125,404.21875,392.8125,392.8125,392.8125,392.8125,392.8125,392.8125,392.8125,413.59375,407.34375,244.375,244.84375,248.28125,237.8125,244.375,244.84375,244.84375,244.84375,244.84375,244.84375,244.84375,244.84375,244.84375,245.78125,252.96875,252.96875,252.96875,252.96875,252.96875,244.84375,244.84375,237.8125,252.96875,244.84375,244.84375,244.84375,244.84375,244.84375,244.84375,244.84375,244.84375,244.84375,244.84375,244.84375,244.84375,237.8125,237.8125,244.84375,244.84375,244.84375,244.84375,244.84375,244.84375,244.84375,245.78125,244.84375,244.84375,244.84375,244.84375,244.84375,244.84375,244.84375,244.84375,244.84375,244.84375,244.84375,245.78125,249.375,244.84375,244.84375,244.84375,244.84375,244.84375,245.78125,241.875,244.84375,255.0,244.84375,244.84375,244.84375,245.78125,244.84375,244.84375,248.28125,237.8125,244.84375,237.8125,237.8125,237.8125,237.8125,237.8125,237.8125,237.8125,237.8125,244.84375,237.8125,237.8125,244.6875,237.8125,237.8125,237.8125,244.84375,237.8125
hDenV1/Colombia/un-OUCRU-101221/2013,0.0,0.0,0.0,0.0,0.0,0.0,0.0,0.0,0.0,0.0,0.0,12.65625,12.65625,12.65625,0.0,12.65625,0.0,0.0,0.0,0.0,0.0,0.0,0.0,3.59375,0.0,22.65625,0.0,3.59375,3.59375,0.0,0.0,0.0,0.0,0.0,20.625,3.59375,0.0,0.0,3.59375,12.96875,0.0,0.0,3.59375,0.0,0.0,0.0,0.0,0.0,0.0,0.0,0.0,0.0,0.0,0.0,0.0,0.0,0.0,0.0,0.0,0.0,0.0,0.0,0.0,0.0,0.0,0.0,0.0,0.0,0.0,0.0,0.0,0.0,0.0,0.0,0.0,0.0,0.0,0.0,0.0,4.53125,0.0,0.0,0.0,0.0,0.0,0.0,0.0,0.0,0.0,0.0,0.0,0.0,0.0,12.65625,0.0,12.65625,0.0,0.0,0.0,12.65625,0.0,0.0,0.0,0.0,3.28125,207.65625,206.25,206.25,206.25,224.53125,204.84375,191.5625,202.03125,206.25,206.25,206.25,206.25,206.25,206.25,206.25,206.25,206.25,206.25,206.25,206.25,206.25,206.25,206.25,206.25,206.25,206.25,206.25,206.25,206.25,206.25,206.25,206.25,206.25,206.25,206.25,206.25,206.25,206.25,206.25,206.25,206.25,206.25,206.25,206.25,206.25,206.25,206.25,206.25,206.25,206.25,206.25,206.25,206.25,206.25,207.5,206.25,206.25,206.25,206.25,206.25,206.25,206.25,206.25,206.25,206.25,206.25,206.25,206.25,206.25,206.25,206.25,206.25,206.25,206.25,206.25,206.25,206.25,206.25,206.25,206.25,206.25,206.25,206.25,206.25,206.25,206.25,393.4375,393.4375,394.53125,393.4375,407.8125,407.8125,420.3125,386.09375,370.15625,396.875,420.3125,407.34375,420.3125,420.3125,407.34375,407.34375,407.34375,420.3125,420.3125,420.3125,393.4375,407.34375,407.34375,420.3125,407.34375,393.4375,420.3125,416.25,420.3125,407.34375,420.3125,420.3125,407.34375,393.4375,393.4375,407.34375,407.34375,393.4375,393.4375,420.3125,414.0625,407.34375,420.3125,407.34375,407.34375,420.3125,407.34375,396.875,407.34375,407.34375,407.34375,420.3125,407.34375,407.34375,393.4375,393.4375,407.34375,407.34375,393.4375,407.34375,407.34375,393.4375,393.4375,407.34375,407.34375,393.4375,396.875,420.3125,407.34375,416.25,420.3125,420.3125,393.4375,407.34375,393.4375,396.875,416.25,420.3125,407.34375,407.34375,404.21875,392.8125,404.21875,404.21875,407.34375,420.3125,392.8125,404.21875,392.8125,396.875,392.8125,392.8125,404.21875,392.8125,392.8125,392.8125,392.8125,392.8125,392.8125,392.8125,413.59375,407.34375,244.375,244.84375,248.28125,237.8125,244.375,244.84375,244.84375,244.84375,244.84375,244.84375,244.84375,244.84375,244.84375,245.78125,252.96875,252.96875,252.96875,252.96875,252.96875,244.84375,244.84375,237.8125,252.96875,244.84375,244.84375,244.84375,244.84375,244.84375,244.84375,244.84375,244.84375,244.84375,244.84375,244.84375,244.84375,237.8125,237.8125,244.84375,244.84375,244.84375,244.84375,244.84375,244.84375,244.84375,245.78125,244.84375,244.84375,244.84375,244.84375,244.84375,244.84375,244.84375,244.84375,244.84375,244.84375,244.84375,245.78125,249.375,244.84375,244.84375,244.84375,244.84375,244.84375,245.78125,241.875,244.84375,255.0,244.84375,244.84375,244.84375,245.78125,244.84375,244.84375,248.28125,237.8125,244.84375,237.8125,237.8125,237.8125,237.8125,237.8125,237.8125,237.8125,237.8125,244.84375,237.8125,237.8125,244.6875,237.8125,237.8125,237.8125,244.84375,237.8125
hDenV1/Colombia/un-OUCRU-101223/2013,0.0,0.0,0.0,0.0,0.0,0.0,0.0,0.0,0.0,0.0,0.0,12.65625,12.65625,12.65625,0.0,12.65625,0.0,0.0,0.0,0.0,0.0,0.0,0.0,3.59375,0.0,22.65625,0.0,3.59375,3.59375,0.0,0.0,0.0,0.0,0.0,20.625,3.59375,0.0,0.0,3.59375,12.96875,0.0,0.0,3.59375,0.0,0.0,0.0,0.0,0.0,0.0,0.0,0.0,0.0,0.0,0.0,0.0,0.0,0.0,0.0,0.0,0.0,0.0,0.0,0.0,0.0,0.0,0.0,0.0,0.0,0.0,0.0,0.0,0.0,0.0,0.0,0.0,0.0,0.0,0.0,0.0,4.53125,0.0,0.0,0.0,0.0,0.0,0.0,0.0,0.0,0.0,0.0,0.0,0.0,0.0,12.65625,0.0,12.65625,0.0,0.0,0.0,12.65625,0.0,0.0,0.0,0.0,3.28125,207.65625,206.25,206.25,206.25,224.53125,204.84375,191.5625,202.03125,206.25,206.25,206.25,206.25,206.25,206.25,206.25,206.25,206.25,206.25,206.25,206.25,206.25,206.25,206.25,206.25,206.25,206.25,206.25,206.25,206.25,206.25,206.25,206.25,206.25,206.25,206.25,206.25,206.25,206.25,206.25,206.25,206.25,206.25,206.25,206.25,206.25,206.25,206.25,206.25,206.25,206.25,206.25,206.25,206.25,206.25,207.5,206.25,206.25,206.25,206.25,206.25,206.25,206.25,206.25,206.25,206.25,206.25,206.25,206.25,206.25,206.25,206.25,206.25,206.25,206.25,206.25,206.25,206.25,206.25,206.25,206.25,206.25,206.25,206.25,206.25,206.25,206.25,393.4375,393.4375,394.53125,393.4375,407.8125,407.8125,420.3125,386.09375,370.15625,396.875,420.3125,407.34375,420.3125,420.3125,407.34375,407.34375,407.34375,420.3125,420.3125,420.3125,393.4375,407.34375,407.34375,420.3125,407.34375,393.4375,420.3125,416.25,420.3125,407.34375,420.3125,420.3125,407.34375,393.4375,393.4375,407.34375,407.34375,393.4375,393.4375,420.3125,414.0625,407.34375,420.3125,407.34375,407.34375,420.3125,407.34375,396.875,407.34375,407.34375,407.34375,420.3125,407.34375,407.34375,393.4375,393.4375,407.34375,407.34375,393.4375,407.34375,407.34375,393.4375,393.4375,407.34375,407.34375,393.4375,396.875,420.3125,407.34375,416.25,420.3125,420.3125,393.4375,407.34375,393.4375,396.875,416.25,420.3125,407.34375,407.34375,404.21875,392.8125,404.21875,404.21875,407.34375,420.3125,392.8125,404.21875,392.8125,396.875,392.8125,392.8125,404.21875,392.8125,392.8125,392.8125,392.8125,392.8125,392.8125,392.8125,413.59375,407.34375,244.375,244.84375,248.28125,237.8125,244.375,244.84375,244.84375,244.84375,244.84375,244.84375,244.84375,244.84375,244.84375,245.78125,252.96875,252.96875,252.96875,252.96875,252.96875,244.84375,244.84375,237.8125,252.96875,244.84375,244.84375,244.84375,244.84375,244.84375,244.84375,244.84375,244.84375,244.84375,244.84375,244.84375,244.84375,237.8125,237.8125,244.84375,244.84375,244.84375,244.84375,244.84375,244.84375,244.84375,245.78125,244.84375,244.84375,244.84375,244.84375,244.84375,244.84375,244.84375,244.84375,244.84375,244.84375,244.84375,245.78125,249.375,244.84375,244.84375,244.84375,244.84375,244.84375,245.78125,241.875,244.84375,255.0,244.84375,244.84375,244.84375,245.78125,244.84375,244.84375,248.28125,237.8125,244.84375,237.8125,237.8125,237.8125,237.8125,237.8125,237.8125,237.8125,237.8125,244.84375,237.8125,237.8125,244.6875,237.8125,237.8125,237.8125,244.84375,237.8125
hDenV1/Colombia/un-OUCRU-101224/2011,6.71875,6.71875,6.71875,6.71875,6.71875,6.71875,6.71875,6.71875,6.71875,6.71875,6.71875,19.375,19.375,19.375,6.71875,19.375,6.71875,6.71875,6.71875,6.71875,6.71875,6.71875,6.71875,10.3125,6.71875,29.375,6.71875,10.3125,10.3125,6.71875,6.71875,6.71875,6.71875,6.71875,27.34375,10.3125,6.71875,6.71875,10.3125,19.6875,6.71875,6.71875,10.3125,6.71875,6.71875,6.71875,6.71875,6.71875,6.71875,6.71875,6.71875,6.71875,6.71875,6.71875,6.71875,6.71875,6.71875,6.71875,6.71875,6.71875,6.71875,6.71875,6.71875,6.71875,6.71875,6.71875,6.71875,6.71875,6.71875,6.71875,6.71875,6.71875,6.71875,6.71875,6.71875,6.71875,6.71875,6.71875,6.71875,11.25,6.71875,6.71875,6.71875,6.71875,6.71875,6.71875,6.71875,6.71875,6.71875,6.71875,6.71875,6.71875,6.71875,19.375,6.71875,19.375,6.71875,6.71875,6.71875,19.375,6.71875,6.71875,6.71875,6.71875,10.0,214.375,212.96875,212.96875,212.96875,231.25,211.5625,198.28125,208.75,212.96875,212.96875,212.96875,212.96875,212.96875,212.96875,212.96875,212.96875,212.96875,212.96875,212.96875,212.96875,212.96875,212.96875,212.96875,212.96875,212.96875,212.96875,212.96875,212.96875,212.96875,212.96875,212.96875,212.96875,212.96875,212.96875,212.96875,212.96875,212.96875,212.96875,212.96875,212.96875,212.96875,212.96875,212.96875,212.96875,212.96875,212.96875,212.96875,212.96875,212.96875,212.96875,212.96875,212.96875,212.96875,212.96875,214.21875,212.96875,212.96875,212.96875,212.96875,212.96875,212.96875,212.96875,212.96875,212.96875,212.96875,212.96875,212.96875,212.96875,212.96875,212.96875,212.96875,212.96875,212.96875,212.96875,212.96875,212.96875,212.96875,212.96875,212.96875,212.96875,212.96875,212.96875,212.96875,212.96875,212.96875,212.96875,400.0,400.0,401.09375,400.0,414.375,414.375,426.875,392.65625,376.71875,403.4375,426.875,413.90625,426.875,426.875,413.90625,413.90625,413.90625,426.875,426.875,426.875,400.0,413.90625,413.90625,426.875,413.90625,400.0,426.875,420.78125,426.875,413.90625,426.875,426.875,413.90625,400.0,400.0,413.90625,413.90625,400.0,400.0,426.875,420.625,413.90625,426.875,413.90625,413.90625,426.875,413.90625,403.4375,413.90625,413.90625,413.90625,426.875,413.90625,413.90625,400.0,400.0,413.90625,413.90625,400.0,413.90625,413.90625,400.0,400.0,413.90625,413.90625,400.0,403.4375,426.875,413.90625,420.78125,426.875,426.875,400.0,413.90625,400.0,403.4375,420.78125,426.875,413.90625,413.90625,410.78125,397.34375,410.78125,410.78125,413.90625,426.875,397.34375,410.78125,397.34375,403.4375,397.34375,397.34375,410.78125,397.34375,397.34375,397.34375,397.34375,397.34375,397.34375,397.34375,420.15625,413.90625,249.84375,250.3125,253.75,243.28125,249.84375,250.3125,250.3125,250.3125,250.3125,250.3125,250.3125,250.3125,250.3125,251.25,258.4375,258.4375,258.4375,258.4375,258.4375,250.3125,250.3125,243.28125,258.4375,250.3125,250.3125,250.3125,250.3125,250.3125,250.3125,250.3125,250.3125,250.3125,250.3125,250.3125,250.3125,243.28125,243.28125,250.3125,250.3125,250.3125,250.3125,250.3125,250.3125,250.3125,251.25,250.3125,250.3125,250.3125,250.3125,250.3125,250.3125,250.3125,250.3125,250.3125,250.3125,250.3125,251.25,254.84375,250.3125,250.3125,250.3125,250.3125,250.3125,251.25,247.34375,250.3125,260.46875,250.3125,250.3125,250.3125,251.25,250.3125,250.3125,253.75,243.28125,250.3125,243.28125,243.28125,243.28125,243.28125,243.28125,243.28125,243.28125,243.28125,250.3125,243.28125,243.28125,250.15625,243.28125,243.28125,243.28125,250.3125,243.28125
hDenV1/Colombia/un-OUCRU-101225/2013,0.0,0.0,0.0,0.0,0.0,0.0,0.0,0.0,0.0,0.0,0.0,12.65625,12.65625,12.65625,0.0,12.65625,0.0,0.0,0.0,0.0,0.0,0.0,0.0,3.59375,0.0,22.65625,0.0,3.59375,3.59375,0.0,0.0,0.0,0.0,0.0,20.625,3.59375,0.0,0.0,3.59375,12.96875,0.0,0.0,3.59375,0.0,0.0,0.0,0.0,0.0,0.0,0.0,0.0,0.0,0.0,0.0,0.0,0.0,0.0,0.0,0.0,0.0,0.0,0.0,0.0,0.0,0.0,0.0,0.0,0.0,0.0,0.0,0.0,0.0,0.0,0.0,0.0,0.0,0.0,0.0,0.0,4.53125,0.0,0.0,0.0,0.0,0.0,0.0,0.0,0.0,0.0,0.0,0.0,0.0,0.0,12.65625,0.0,12.65625,0.0,0.0,0.0,12.65625,0.0,0.0,0.0,0.0,3.28125,207.65625,206.25,206.25,206.25,224.53125,204.84375,191.5625,202.03125,206.25,206.25,206.25,206.25,206.25,206.25,206.25,206.25,206.25,206.25,206.25,206.25,206.25,206.25,206.25,206.25,206.25,206.25,206.25,206.25,206.25,206.25,206.25,206.25,206.25,206.25,206.25,206.25,206.25,206.25,206.25,206.25,206.25,206.25,206.25,206.25,206.25,206.25,206.25,206.25,206.25,206.25,206.25,206.25,206.25,206.25,207.5,206.25,206.25,206.25,206.25,206.25,206.25,206.25,206.25,206.25,206.25,206.25,206.25,206.25,206.25,206.25,206.25,206.25,206.25,206.25,206.25,206.25,206.25,206.25,206.25,206.25,206.25,206.25,206.25,206.25,206.25,206.25,393.4375,393.4375,394.53125,393.4375,407.8125,407.8125,420.3125,386.09375,370.15625,396.875,420.3125,407.34375,420.3125,420.3125,407.34375,407.34375,407.34375,420.3125,420.3125,420.3125,393.4375,407.34375,407.34375,420.3125,407.34375,393.4375,420.3125,416.25,420.3125,407.34375,420.3125,420.3125,407.34375,393.4375,393.4375,407.34375,407.34375,393.4375,393.4375,420.3125,414.0625,407.34375,420.3125,407.34375,407.34375,420.3125,407.34375,396.875,407.34375,407.34375,407.34375,420.3125,407.34375,407.34375,393.4375,393.4375,407.34375,407.34375,393.4375,407.34375,407.34375,393.4375,393.4375,407.34375,407.34375,393.4375,396.875,420.3125,407.34375,416.25,420.3125,420.3125,393.4375,407.34375,393.4375,396.875,416.25,420.3125,407.34375,407.34375,404.21875,392.8125,404.21875,404.21875,407.34375,420.3125,392.8125,404.21875,392.8125,396.875,392.8125,392.8125,404.21875,392.8125,392.8125,392.8125,392.8125,392.8125,392.8125,392.8125,413.59375,407.34375,244.375,244.84375,248.28125,237.8125,244.375,244.84375,244.84375,244.84375,244.84375,244.84375,244.84375,244.84375,244.84375,245.78125,252.96875,252.96875,252.96875,252.96875,252.96875,244.84375,244.84375,237.8125,252.96875,244.84375,244.84375,244.84375,244.84375,244.84375,244.84375,244.84375,244.84375,244.84375,244.84375,244.84375,244.84375,237.8125,237.8125,244.84375,244.84375,244.84375,244.84375,244.84375,244.84375,244.84375,245.78125,244.84375,244.84375,244.84375,244.84375,244.84375,244.84375,244.84375,244.84375,244.84375,244.84375,244.84375,245.78125,249.375,244.84375,244.84375,244.84375,244.84375,244.84375,245.78125,241.875,244.84375,255.0,244.84375,244.84375,244.84375,245.78125,244.84375,244.84375,248.28125,237.8125,244.84375,237.8125,237.8125,237.8125,237.8125,237.8125,237.8125,237.8125,237.8125,244.84375,237.8125,237.8125,244.6875,237.8125,237.8125,237.8125,244.84375,237.8125
hDenV1/Colombia/un-OUCRU-101226/2012,0.0,0.0,0.0,0.0,0.0,0.0,0.0,0.0,0.0,0.0,0.0,12.65625,12.65625,12.65625,0.0,12.65625,0.0,0.0,0.0,0.0,0.0,0.0,0.0,3.59375,0.0,22.65625,0.0,3.59375,3.59375,0.0,0.0,0.0,0.0,0.0,20.625,3.59375,0.0,0.0,3.59375,12.96875,0.0,0.0,3.59375,0.0,0.0,0.0,0.0,0.0,0.0,0.0,0.0,0.0,0.0,0.0,0.0,0.0,0.0,0.0,0.0,0.0,0.0,0.0,0.0,0.0,0.0,0.0,0.0,0.0,0.0,0.0,0.0,0.0,0.0,0.0,0.0,0.0,0.0,0.0,0.0,4.53125,0.0,0.0,0.0,0.0,0.0,0.0,0.0,0.0,0.0,0.0,0.0,0.0,0.0,12.65625,0.0,12.65625,0.0,0.0,0.0,12.65625,0.0,0.0,0.0,0.0,3.28125,207.65625,206.25,206.25,206.25,224.53125,204.84375,191.5625,202.03125,206.25,206.25,206.25,206.25,206.25,206.25,206.25,206.25,206.25,206.25,206.25,206.25,206.25,206.25,206.25,206.25,206.25,206.25,206.25,206.25,206.25,206.25,206.25,206.25,206.25,206.25,206.25,206.25,206.25,206.25,206.25,206.25,206.25,206.25,206.25,206.25,206.25,206.25,206.25,206.25,206.25,206.25,206.25,206.25,206.25,206.25,207.5,206.25,206.25,206.25,206.25,206.25,206.25,206.25,206.25,206.25,206.25,206.25,206.25,206.25,206.25,206.25,206.25,206.25,206.25,206.25,206.25,206.25,206.25,206.25,206.25,206.25,206.25,206.25,206.25,206.25,206.25,206.25,393.4375,393.4375,394.53125,393.4375,407.8125,407.8125,420.3125,386.09375,370.15625,396.875,420.3125,407.34375,420.3125,420.3125,407.34375,407.34375,407.34375,420.3125,420.3125,420.3125,393.4375,407.34375,407.34375,420.3125,407.34375,393.4375,420.3125,416.25,420.3125,407.34375,420.3125,420.3125,407.34375,393.4375,393.4375,407.34375,407.34375,393.4375,393.4375,420.3125,414.0625,407.34375,420.3125,407.34375,407.34375,420.3125,407.34375,396.875,407.34375,407.34375,407.34375,420.3125,407.34375,407.34375,393.4375,393.4375,407.34375,407.34375,393.4375,407.34375,407.34375,393.4375,393.4375,407.34375,407.34375,393.4375,396.875,420.3125,407.34375,416.25,420.3125,420.3125,393.4375,407.34375,393.4375,396.875,416.25,420.3125,407.34375,407.34375,404.21875,392.8125,404.21875,404.21875,407.34375,420.3125,392.8125,404.21875,392.8125,396.875,392.8125,392.8125,404.21875,392.8125,392.8125,392.8125,392.8125,392.8125,392.8125,392.8125,413.59375,407.34375,244.375,244.84375,248.28125,237.8125,244.375,244.84375,244.84375,244.84375,244.84375,244.84375,244.84375,244.84375,244.84375,245.78125,252.96875,252.96875,252.96875,252.96875,252.96875,244.84375,244.84375,237.8125,252.96875,244.84375,244.84375,244.84375,244.84375,244.84375,244.84375,244.84375,244.84375,244.84375,244.84375,244.84375,244.84375,237.8125,237.8125,244.84375,244.84375,244.84375,244.84375,244.84375,244.84375,244.84375,245.78125,244.84375,244.84375,244.84375,244.84375,244.84375,244.84375,244.84375,244.84375,244.84375,244.84375,244.84375,245.78125,249.375,244.84375,244.84375,244.84375,244.84375,244.84375,245.78125,241.875,244.84375,255.0,244.84375,244.84375,244.84375,245.78125,244.84375,244.84375,248.28125,237.8125,244.84375,237.8125,237.8125,237.8125,237.8125,237.8125,237.8125,237.8125,237.8125,244.84375,237.8125,237.8125,244.6875,237.8125,237.8125,237.8125,244.84375,237.8125
hDenV1/Colombia/un-OUCRU-101227/2013,0.0,0.0,0.0,0.0,0.0,0.0,0.0,0.0,0.0,0.0,0.0,12.65625,12.65625,12.65625,0.0,12.65625,0.0,0.0,0.0,0.0,0.0,0.0,0.0,3.59375,0.0,22.65625,0.0,3.59375,3.59375,0.0,0.0,0.0,0.0,0.0,20.625,3.59375,0.0,0.0,3.59375,12.96875,0.0,0.0,3.59375,0.0,0.0,0.0,0.0,0.0,0.0,0.0,0.0,0.0,0.0,0.0,0.0,0.0,0.0,0.0,0.0,0.0,0.0,0.0,0.0,0.0,0.0,0.0,0.0,0.0,0.0,0.0,0.0,0.0,0.0,0.0,0.0,0.0,0.0,0.0,0.0,4.53125,0.0,0.0,0.0,0.0,0.0,0.0,0.0,0.0,0.0,0.0,0.0,0.0,0.0,12.65625,0.0,12.65625,0.0,0.0,0.0,12.65625,0.0,0.0,0.0,0.0,3.28125,207.65625,206.25,206.25,206.25,224.53125,204.84375,191.5625,202.03125,206.25,206.25,206.25,206.25,206.25,206.25,206.25,206.25,206.25,206.25,206.25,206.25,206.25,206.25,206.25,206.25,206.25,206.25,206.25,206.25,206.25,206.25,206.25,206.25,206.25,206.25,206.25,206.25,206.25,206.25,206.25,206.25,206.25,206.25,206.25,206.25,206.25,206.25,206.25,206.25,206.25,206.25,206.25,206.25,206.25,206.25,207.5,206.25,206.25,206.25,206.25,206.25,206.25,206.25,206.25,206.25,206.25,206.25,206.25,206.25,206.25,206.25,206.25,206.25,206.25,206.25,206.25,206.25,206.25,206.25,206.25,206.25,206.25,206.25,206.25,206.25,206.25,206.25,393.4375,393.4375,394.53125,393.4375,407.8125,407.8125,420.3125,386.09375,370.15625,396.875,420.3125,407.34375,420.3125,420.3125,407.34375,407.34375,407.34375,420.3125,420.3125,420.3125,393.4375,407.34375,407.34375,420.3125,407.34375,393.4375,420.3125,416.25,420.3125,407.34375,420.3125,420.3125,407.34375,393.4375,393.4375,407.34375,407.34375,393.4375,393.4375,420.3125,414.0625,407.34375,420.3125,407.34375,407.34375,420.3125,407.34375,396.875,407.34375,407.34375,407.34375,420.3125,407.34375,407.34375,393.4375,393.4375,407.34375,407.34375,393.4375,407.34375,407.34375,393.4375,393.4375,407.34375,407.34375,393.4375,396.875,420.3125,407.34375,416.25,420.3125,420.3125,393.4375,407.34375,393.4375,396.875,416.25,420.3125,407.34375,407.34375,404.21875,392.8125,404.21875,404.21875,407.34375,420.3125,392.8125,404.21875,392.8125,396.875,392.8125,392.8125,404.21875,392.8125,392.8125,392.8125,392.8125,392.8125,392.8125,392.8125,413.59375,407.34375,244.375,244.84375,248.28125,237.8125,244.375,244.84375,244.84375,244.84375,244.84375,244.84375,244.84375,244.84375,244.84375,245.78125,252.96875,252.96875,252.96875,252.96875,252.96875,244.84375,244.84375,237.8125,252.96875,244.84375,244.84375,244.84375,244.84375,244.84375,244.84375,244.84375,244.84375,244.84375,244.84375,244.84375,244.84375,237.8125,237.8125,244.84375,244.84375,244.84375,244.84375,244.84375,244.84375,244.84375,245.78125,244.84375,244.84375,244.84375,244.84375,244.84375,244.84375,244.84375,244.84375,244.84375,244.84375,244.84375,245.78125,249.375,244.84375,244.84375,244.84375,244.84375,244.84375,245.78125,241.875,244.84375,255.0,244.84375,244.84375,244.84375,245.78125,244.84375,244.84375,248.28125,237.8125,244.84375,237.8125,237.8125,237.8125,237.8125,237.8125,237.8125,237.8125,237.8125,244.84375,237.8125,237.8125,244.6875,237.8125,237.8125,237.8125,244.84375,237.8125
hDenV1/Colombia/un-OUCRU-101228/2013,0.0,0.0,0.0,0.0,0.0,0.0,0.0,0.0,0.0,0.0,0.0,12.65625,12.65625,12.65625,0.0,12.65625,0.0,0.0,0.0,0.0,0.0,0.0,0.0,3.59375,0.0,22.65625,0.0,3.59375,3.59375,0.0,0.0,0.0,0.0,0.0,20.625,3.59375,0.0,0.0,3.59375,12.96875,0.0,0.0,3.59375,0.0,0.0,0.0,0.0,0.0,0.0,0.0,0.0,0.0,0.0,0.0,0.0,0.0,0.0,0.0,0.0,0.0,0.0,0.0,0.0,0.0,0.0,0.0,0.0,0.0,0.0,0.0,0.0,0.0,0.0,0.0,0.0,0.0,0.0,0.0,0.0,4.53125,0.0,0.0,0.0,0.0,0.0,0.0,0.0,0.0,0.0,0.0,0.0,0.0,0.0,12.65625,0.0,12.65625,0.0,0.0,0.0,12.65625,0.0,0.0,0.0,0.0,3.28125,207.65625,206.25,206.25,206.25,224.53125,204.84375,191.5625,202.03125,206.25,206.25,206.25,206.25,206.25,206.25,206.25,206.25,206.25,206.25,206.25,206.25,206.25,206.25,206.25,206.25,206.25,206.25,206.25,206.25,206.25,206.25,206.25,206.25,206.25,206.25,206.25,206.25,206.25,206.25,206.25,206.25,206.25,206.25,206.25,206.25,206.25,206.25,206.25,206.25,206.25,206.25,206.25,206.25,206.25,206.25,207.5,206.25,206.25,206.25,206.25,206.25,206.25,206.25,206.25,206.25,206.25,206.25,206.25,206.25,206.25,206.25,206.25,206.25,206.25,206.25,206.25,206.25,206.25,206.25,206.25,206.25,206.25,206.25,206.25,206.25,206.25,206.25,393.4375,393.4375,394.53125,393.4375,407.8125,407.8125,420.3125,386.09375,370.15625,396.875,420.3125,407.34375,420.3125,420.3125,407.34375,407.34375,407.34375,420.3125,420.3125,420.3125,393.4375,407.34375,407.34375,420.3125,407.34375,393.4375,420.3125,416.25,420.3125,407.34375,420.3125,420.3125,407.34375,393.4375,393.4375,407.34375,407.34375,393.4375,393.4375,420.3125,414.0625,407.34375,420.3125,407.34375,407.34375,420.3125,407.34375,396.875,407.34375,407.34375,407.34375,420.3125,407.34375,407.34375,393.4375,393.4375,407.34375,407.34375,393.4375,407.34375,407.34375,393.4375,393.4375,407.34375,407.34375,393.4375,396.875,420.3125,407.34375,416.25,420.3125,420.3125,393.4375,407.34375,393.4375,396.875,416.25,420.3125,407.34375,407.34375,404.21875,392.8125,404.21875,404.21875,407.34375,420.3125,392.8125,404.21875,392.8125,396.875,392.8125,392.8125,404.21875,392.8125,392.8125,392.8125,392.8125,392.8125,392.8125,392.8125,413.59375,407.34375,244.375,244.84375,248.28125,237.8125,244.375,244.84375,244.84375,244.84375,244.84375,244.84375,244.84375,244.84375,244.84375,245.78125,252.96875,252.96875,252.96875,252.96875,252.96875,244.84375,244.84375,237.8125,252.96875,244.84375,244.84375,244.84375,244.84375,244.84375,244.84375,244.84375,244.84375,244.84375,244.84375,244.84375,244.84375,237.8125,237.8125,244.84375,244.84375,244.84375,244.84375,244.84375,244.84375,244.84375,245.78125,244.84375,244.84375,244.84375,244.84375,244.84375,244.84375,244.84375,244.84375,244.84375,244.84375,244.84375,245.78125,249.375,244.84375,244.84375,244.84375,244.84375,244.84375,245.78125,241.875,244.84375,255.0,244.84375,244.84375,244.84375,245.78125,244.84375,244.84375,248.28125,237.8125,244.84375,237.8125,237.8125,237.8125,237.8125,237.8125,237.8125,237.8125,237.8125,244.84375,237.8125,237.8125,244.6875,237.8125,237.8125,237.8125,244.84375,237.8125
hDenV1/Colombia/un-OUCRU-101229/2013,0.0,0.0,0.0,0.0,0.0,0.0,0.0,0.0,0.0,0.0,0.0,12.65625,12.65625,12.65625,0.0,12.65625,0.0,0.0,0.0,0.0,0.0,0.0,0.0,3.59375,0.0,22.65625,0.0,3.59375,3.59375,0.0,0.0,0.0,0.0,0.0,20.625,3.59375,0.0,0.0,3.59375,12.96875,0.0,0.0,3.59375,0.0,0.0,0.0,0.0,0.0,0.0,0.0,0.0,0.0,0.0,0.0,0.0,0.0,0.0,0.0,0.0,0.0,0.0,0.0,0.0,0.0,0.0,0.0,0.0,0.0,0.0,0.0,0.0,0.0,0.0,0.0,0.0,0.0,0.0,0.0,0.0,4.53125,0.0,0.0,0.0,0.0,0.0,0.0,0.0,0.0,0.0,0.0,0.0,0.0,0.0,12.65625,0.0,12.65625,0.0,0.0,0.0,12.65625,0.0,0.0,0.0,0.0,3.28125,207.65625,206.25,206.25,206.25,224.53125,204.84375,191.5625,202.03125,206.25,206.25,206.25,206.25,206.25,206.25,206.25,206.25,206.25,206.25,206.25,206.25,206.25,206.25,206.25,206.25,206.25,206.25,206.25,206.25,206.25,206.25,206.25,206.25,206.25,206.25,206.25,206.25,206.25,206.25,206.25,206.25,206.25,206.25,206.25,206.25,206.25,206.25,206.25,206.25,206.25,206.25,206.25,206.25,206.25,206.25,207.5,206.25,206.25,206.25,206.25,206.25,206.25,206.25,206.25,206.25,206.25,206.25,206.25,206.25,206.25,206.25,206.25,206.25,206.25,206.25,206.25,206.25,206.25,206.25,206.25,206.25,206.25,206.25,206.25,206.25,206.25,206.25,393.4375,393.4375,394.53125,393.4375,407.8125,407.8125,420.3125,386.09375,370.15625,396.875,420.3125,407.34375,420.3125,420.3125,407.34375,407.34375,407.34375,420.3125,420.3125,420.3125,393.4375,407.34375,407.34375,420.3125,407.34375,393.4375,420.3125,416.25,420.3125,407.34375,420.3125,420.3125,407.34375,393.4375,393.4375,407.34375,407.34375,393.4375,393.4375,420.3125,414.0625,407.34375,420.3125,407.34375,407.34375,420.3125,407.34375,396.875,407.34375,407.34375,407.34375,420.3125,407.34375,407.34375,393.4375,393.4375,407.34375,407.34375,393.4375,407.34375,407.34375,393.4375,393.4375,407.34375,407.34375,393.4375,396.875,420.3125,407.34375,416.25,420.3125,420.3125,393.4375,407.34375,393.4375,396.875,416.25,420.3125,407.34375,407.34375,404.21875,392.8125,404.21875,404.21875,407.34375,420.3125,392.8125,404.21875,392.8125,396.875,392.8125,392.8125,404.21875,392.8125,392.8125,392.8125,392.8125,392.8125,392.8125,392.8125,413.59375,407.34375,244.375,244.84375,248.28125,237.8125,244.375,244.84375,244.84375,244.84375,244.84375,244.84375,244.84375,244.84375,244.84375,245.78125,252.96875,252.96875,252.96875,252.96875,252.96875,244.84375,244.84375,237.8125,252.96875,244.84375,244.84375,244.84375,244.84375,244.84375,244.84375,244.84375,244.84375,244.84375,244.84375,244.84375,244.84375,237.8125,237.8125,244.84375,244.84375,244.84375,244.84375,244.84375,244.84375,244.84375,245.78125,244.84375,244.84375,244.84375,244.84375,244.84375,244.84375,244.84375,244.84375,244.84375,244.84375,244.84375,245.78125,249.375,244.84375,244.84375,244.84375,244.84375,244.84375,245.78125,241.875,244.84375,255.0,244.84375,244.84375,244.84375,245.78125,244.84375,244.84375,248.28125,237.8125,244.84375,237.8125,237.8125,237.8125,237.8125,237.8125,237.8125,237.8125,237.8125,244.84375,237.8125,237.8125,244.6875,237.8125,237.8125,237.8125,244.84375,237.8125
hDenV1/Colombia/un-OUCRU-10123/2012,0.0,0.0,0.0,0.0,0.0,0.0,0.0,0.0,0.0,0.0,0.0,12.65625,12.65625,12.65625,0.0,12.65625,0.0,0.0,0.0,0.0,0.0,0.0,0.0,3.59375,0.0,22.65625,0.0,3.59375,3.59375,0.0,0.0,0.0,0.0,0.0,20.625,3.59375,0.0,0.0,3.59375,12.96875,0.0,0.0,3.59375,0.0,0.0,0.0,0.0,0.0,0.0,0.0,0.0,0.0,0.0,0.0,0.0,0.0,0.0,0.0,0.0,0.0,0.0,0.0,0.0,0.0,0.0,0.0,0.0,0.0,0.0,0.0,0.0,0.0,0.0,0.0,0.0,0.0,0.0,0.0,0.0,4.53125,0.0,0.0,0.0,0.0,0.0,0.0,0.0,0.0,0.0,0.0,0.0,0.0,0.0,12.65625,0.0,12.65625,0.0,0.0,0.0,12.65625,0.0,0.0,0.0,0.0,3.28125,207.65625,206.25,206.25,206.25,224.53125,204.84375,191.5625,202.03125,206.25,206.25,206.25,206.25,206.25,206.25,206.25,206.25,206.25,206.25,206.25,206.25,206.25,206.25,206.25,206.25,206.25,206.25,206.25,206.25,206.25,206.25,206.25,206.25,206.25,206.25,206.25,206.25,206.25,206.25,206.25,206.25,206.25,206.25,206.25,206.25,206.25,206.25,206.25,206.25,206.25,206.25,206.25,206.25,206.25,206.25,207.5,206.25,206.25,206.25,206.25,206.25,206.25,206.25,206.25,206.25,206.25,206.25,206.25,206.25,206.25,206.25,206.25,206.25,206.25,206.25,206.25,206.25,206.25,206.25,206.25,206.25,206.25,206.25,206.25,206.25,206.25,206.25,393.4375,393.4375,394.53125,393.4375,407.8125,407.8125,420.3125,386.09375,370.15625,396.875,420.3125,407.34375,420.3125,420.3125,407.34375,407.34375,407.34375,420.3125,420.3125,420.3125,393.4375,407.34375,407.34375,420.3125,407.34375,393.4375,420.3125,416.25,420.3125,407.34375,420.3125,420.3125,407.34375,393.4375,393.4375,407.34375,407.34375,393.4375,393.4375,420.3125,414.0625,407.34375,420.3125,407.34375,407.34375,420.3125,407.34375,396.875,407.34375,407.34375,407.34375,420.3125,407.34375,407.34375,393.4375,393.4375,407.34375,407.34375,393.4375,407.34375,407.34375,393.4375,393.4375,407.34375,407.34375,393.4375,396.875,420.3125,407.34375,416.25,420.3125,420.3125,393.4375,407.34375,393.4375,396.875,416.25,420.3125,407.34375,407.34375,404.21875,392.8125,404.21875,404.21875,407.34375,420.3125,392.8125,404.21875,392.8125,396.875,392.8125,392.8125,404.21875,392.8125,392.8125,392.8125,392.8125,392.8125,392.8125,392.8125,413.59375,407.34375,244.375,244.84375,248.28125,237.8125,244.375,244.84375,244.84375,244.84375,244.84375,244.84375,244.84375,244.84375,244.84375,245.78125,252.96875,252.96875,252.96875,252.96875,252.96875,244.84375,244.84375,237.8125,252.96875,244.84375,244.84375,244.84375,244.84375,244.84375,244.84375,244.84375,244.84375,244.84375,244.84375,244.84375,244.84375,237.8125,237.8125,244.84375,244.84375,244.84375,244.84375,244.84375,244.84375,244.84375,245.78125,244.84375,244.84375,244.84375,244.84375,244.84375,244.84375,244.84375,244.84375,244.84375,244.84375,244.84375,245.78125,249.375,244.84375,244.84375,244.84375,244.84375,244.84375,245.78125,241.875,244.84375,255.0,244.84375,244.84375,244.84375,245.78125,244.84375,244.84375,248.28125,237.8125,244.84375,237.8125,237.8125,237.8125,237.8125,237.8125,237.8125,237.8125,237.8125,244.84375,237.8125,237.8125,244.6875,237.8125,237.8125,237.8125,244.84375,237.8125
hDenV1/Colombia/un-OUCRU-101230/2013,0.0,0.0,0.0,0.0,0.0,0.0,0.0,0.0,0.0,0.0,0.0,12.65625,12.65625,12.65625,0.0,12.65625,0.0,0.0,0.0,0.0,0.0,0.0,0.0,3.59375,0.0,22.65625,0.0,3.59375,3.59375,0.0,0.0,0.0,0.0,0.0,20.625,3.59375,0.0,0.0,3.59375,12.96875,0.0,0.0,3.59375,0.0,0.0,0.0,0.0,0.0,0.0,0.0,0.0,0.0,0.0,0.0,0.0,0.0,0.0,0.0,0.0,0.0,0.0,0.0,0.0,0.0,0.0,0.0,0.0,0.0,0.0,0.0,0.0,0.0,0.0,0.0,0.0,0.0,0.0,0.0,0.0,4.53125,0.0,0.0,0.0,0.0,0.0,0.0,0.0,0.0,0.0,0.0,0.0,0.0,0.0,12.65625,0.0,12.65625,0.0,0.0,0.0,12.65625,0.0,0.0,0.0,0.0,3.28125,207.65625,206.25,206.25,206.25,224.53125,204.84375,191.5625,202.03125,206.25,206.25,206.25,206.25,206.25,206.25,206.25,206.25,206.25,206.25,206.25,206.25,206.25,206.25,206.25,206.25,206.25,206.25,206.25,206.25,206.25,206.25,206.25,206.25,206.25,206.25,206.25,206.25,206.25,206.25,206.25,206.25,206.25,206.25,206.25,206.25,206.25,206.25,206.25,206.25,206.25,206.25,206.25,206.25,206.25,206.25,207.5,206.25,206.25,206.25,206.25,206.25,206.25,206.25,206.25,206.25,206.25,206.25,206.25,206.25,206.25,206.25,206.25,206.25,206.25,206.25,206.25,206.25,206.25,206.25,206.25,206.25,206.25,206.25,206.25,206.25,206.25,206.25,393.4375,393.4375,394.53125,393.4375,407.8125,407.8125,420.3125,386.09375,370.15625,396.875,420.3125,407.34375,420.3125,420.3125,407.34375,407.34375,407.34375,420.3125,420.3125,420.3125,393.4375,407.34375,407.34375,420.3125,407.34375,393.4375,420.3125,416.25,420.3125,407.34375,420.3125,420.3125,407.34375,393.4375,393.4375,407.34375,407.34375,393.4375,393.4375,420.3125,414.0625,407.34375,420.3125,407.34375,407.34375,420.3125,407.34375,396.875,407.34375,407.34375,407.34375,420.3125,407.34375,407.34375,393.4375,393.4375,407.34375,407.34375,393.4375,407.34375,407.34375,393.4375,393.4375,407.34375,407.34375,393.4375,396.875,420.3125,407.34375,416.25,420.3125,420.3125,393.4375,407.34375,393.4375,396.875,416.25,420.3125,407.34375,407.34375,404.21875,392.8125,404.21875,404.21875,407.34375,420.3125,392.8125,404.21875,392.8125,396.875,392.8125,392.8125,404.21875,392.8125,392.8125,392.8125,392.8125,392.8125,392.8125,392.8125,413.59375,407.34375,244.375,244.84375,248.28125,237.8125,244.375,244.84375,244.84375,244.84375,244.84375,244.84375,244.84375,244.84375,244.84375,245.78125,252.96875,252.96875,252.96875,252.96875,252.96875,244.84375,244.84375,237.8125,252.96875,244.84375,244.84375,244.84375,244.84375,244.84375,244.84375,244.84375,244.84375,244.84375,244.84375,244.84375,244.84375,237.8125,237.8125,244.84375,244.84375,244.84375,244.84375,244.84375,244.84375,244.84375,245.78125,244.84375,244.84375,244.84375,244.84375,244.84375,244.84375,244.84375,244.84375,244.84375,244.84375,244.84375,245.78125,249.375,244.84375,244.84375,244.84375,244.84375,244.84375,245.78125,241.875,244.84375,255.0,244.84375,244.84375,244.84375,245.78125,244.84375,244.84375,248.28125,237.8125,244.84375,237.8125,237.8125,237.8125,237.8125,237.8125,237.8125,237.8125,237.8125,244.84375,237.8125,237.8125,244.6875,237.8125,237.8125,237.8125,244.84375,237.8125
hDenV1/Colombia/un-OUCRU-101232/2013,0.0,0.0,0.0,0.0,0.0,0.0,0.0,0.0,0.0,0.0,0.0,12.65625,12.65625,12.65625,0.0,12.65625,0.0,0.0,0.0,0.0,0.0,0.0,0.0,3.59375,0.0,22.65625,0.0,3.59375,3.59375,0.0,0.0,0.0,0.0,0.0,20.625,3.59375,0.0,0.0,3.59375,12.96875,0.0,0.0,3.59375,0.0,0.0,0.0,0.0,0.0,0.0,0.0,0.0,0.0,0.0,0.0,0.0,0.0,0.0,0.0,0.0,0.0,0.0,0.0,0.0,0.0,0.0,0.0,0.0,0.0,0.0,0.0,0.0,0.0,0.0,0.0,0.0,0.0,0.0,0.0,0.0,4.53125,0.0,0.0,0.0,0.0,0.0,0.0,0.0,0.0,0.0,0.0,0.0,0.0,0.0,12.65625,0.0,12.65625,0.0,0.0,0.0,12.65625,0.0,0.0,0.0,0.0,3.28125,207.65625,206.25,206.25,206.25,224.53125,204.84375,191.5625,202.03125,206.25,206.25,206.25,206.25,206.25,206.25,206.25,206.25,206.25,206.25,206.25,206.25,206.25,206.25,206.25,206.25,206.25,206.25,206.25,206.25,206.25,206.25,206.25,206.25,206.25,206.25,206.25,206.25,206.25,206.25,206.25,206.25,206.25,206.25,206.25,206.25,206.25,206.25,206.25,206.25,206.25,206.25,206.25,206.25,206.25,206.25,207.5,206.25,206.25,206.25,206.25,206.25,206.25,206.25,206.25,206.25,206.25,206.25,206.25,206.25,206.25,206.25,206.25,206.25,206.25,206.25,206.25,206.25,206.25,206.25,206.25,206.25,206.25,206.25,206.25,206.25,206.25,206.25,393.4375,393.4375,394.53125,393.4375,407.8125,407.8125,420.3125,386.09375,370.15625,396.875,420.3125,407.34375,420.3125,420.3125,407.34375,407.34375,407.34375,420.3125,420.3125,420.3125,393.4375,407.34375,407.34375,420.3125,407.34375,393.4375,420.3125,416.25,420.3125,407.34375,420.3125,420.3125,407.34375,393.4375,393.4375,407.34375,407.34375,393.4375,393.4375,420.3125,414.0625,407.34375,420.3125,407.34375,407.34375,420.3125,407.34375,396.875,407.34375,407.34375,407.34375,420.3125,407.34375,407.34375,393.4375,393.4375,407.34375,407.34375,393.4375,407.34375,407.34375,393.4375,393.4375,407.34375,407.34375,393.4375,396.875,420.3125,407.34375,416.25,420.3125,420.3125,393.4375,407.34375,393.4375,396.875,416.25,420.3125,407.34375,407.34375,404.21875,392.8125,404.21875,404.21875,407.34375,420.3125,392.8125,404.21875,392.8125,396.875,392.8125,392.8125,404.21875,392.8125,392.8125,392.8125,392.8125,392.8125,392.8125,392.8125,413.59375,407.34375,244.375,244.84375,248.28125,237.8125,244.375,244.84375,244.84375,244.84375,244.84375,244.84375,244.84375,244.84375,244.84375,245.78125,252.96875,252.96875,252.96875,252.96875,252.96875,244.84375,244.84375,237.8125,252.96875,244.84375,244.84375,244.84375,244.84375,244.84375,244.84375,244.84375,244.84375,244.84375,244.84375,244.84375,244.84375,237.8125,237.8125,244.84375,244.84375,244.84375,244.84375,244.84375,244.84375,244.84375,245.78125,244.84375,244.84375,244.84375,244.84375,244.84375,244.84375,244.84375,244.84375,244.84375,244.84375,244.84375,245.78125,249.375,244.84375,244.84375,244.84375,244.84375,244.84375,245.78125,241.875,244.84375,255.0,244.84375,244.84375,244.84375,245.78125,244.84375,244.84375,248.28125,237.8125,244.84375,237.8125,237.8125,237.8125,237.8125,237.8125,237.8125,237.8125,237.8125,244.84375,237.8125,237.8125,244.6875,237.8125,237.8125,237.8125,244.84375,237.8125
hDenV1/Colombia/un-OUCRU-101234/2013,0.0,0.0,0.0,0.0,0.0,0.0,0.0,0.0,0.0,0.0,0.0,12.65625,12.65625,12.65625,0.0,12.65625,0.0,0.0,0.0,0.0,0.0,0.0,0.0,3.59375,0.0,22.65625,0.0,3.59375,3.59375,0.0,0.0,0.0,0.0,0.0,20.625,3.59375,0.0,0.0,3.59375,12.96875,0.0,0.0,3.59375,0.0,0.0,0.0,0.0,0.0,0.0,0.0,0.0,0.0,0.0,0.0,0.0,0.0,0.0,0.0,0.0,0.0,0.0,0.0,0.0,0.0,0.0,0.0,0.0,0.0,0.0,0.0,0.0,0.0,0.0,0.0,0.0,0.0,0.0,0.0,0.0,4.53125,0.0,0.0,0.0,0.0,0.0,0.0,0.0,0.0,0.0,0.0,0.0,0.0,0.0,12.65625,0.0,12.65625,0.0,0.0,0.0,12.65625,0.0,0.0,0.0,0.0,3.28125,207.65625,206.25,206.25,206.25,224.53125,204.84375,191.5625,202.03125,206.25,206.25,206.25,206.25,206.25,206.25,206.25,206.25,206.25,206.25,206.25,206.25,206.25,206.25,206.25,206.25,206.25,206.25,206.25,206.25,206.25,206.25,206.25,206.25,206.25,206.25,206.25,206.25,206.25,206.25,206.25,206.25,206.25,206.25,206.25,206.25,206.25,206.25,206.25,206.25,206.25,206.25,206.25,206.25,206.25,206.25,207.5,206.25,206.25,206.25,206.25,206.25,206.25,206.25,206.25,206.25,206.25,206.25,206.25,206.25,206.25,206.25,206.25,206.25,206.25,206.25,206.25,206.25,206.25,206.25,206.25,206.25,206.25,206.25,206.25,206.25,206.25,206.25,393.4375,393.4375,394.53125,393.4375,407.8125,407.8125,420.3125,386.09375,370.15625,396.875,420.3125,407.34375,420.3125,420.3125,407.34375,407.34375,407.34375,420.3125,420.3125,420.3125,393.4375,407.34375,407.34375,420.3125,407.34375,393.4375,420.3125,416.25,420.3125,407.34375,420.3125,420.3125,407.34375,393.4375,393.4375,407.34375,407.34375,393.4375,393.4375,420.3125,414.0625,407.34375,420.3125,407.34375,407.34375,420.3125,407.34375,396.875,407.34375,407.34375,407.34375,420.3125,407.34375,407.34375,393.4375,393.4375,407.34375,407.34375,393.4375,407.34375,407.34375,393.4375,393.4375,407.34375,407.34375,393.4375,396.875,420.3125,407.34375,416.25,420.3125,420.3125,393.4375,407.34375,393.4375,396.875,416.25,420.3125,407.34375,407.34375,404.21875,392.8125,404.21875,404.21875,407.34375,420.3125,392.8125,404.21875,392.8125,396.875,392.8125,392.8125,404.21875,392.8125,392.8125,392.8125,392.8125,392.8125,392.8125,392.8125,413.59375,407.34375,244.375,244.84375,248.28125,237.8125,244.375,244.84375,244.84375,244.84375,244.84375,244.84375,244.84375,244.84375,244.84375,245.78125,252.96875,252.96875,252.96875,252.96875,252.96875,244.84375,244.84375,237.8125,252.96875,244.84375,244.84375,244.84375,244.84375,244.84375,244.84375,244.84375,244.84375,244.84375,244.84375,244.84375,244.84375,237.8125,237.8125,244.84375,244.84375,244.84375,244.84375,244.84375,244.84375,244.84375,245.78125,244.84375,244.84375,244.84375,244.84375,244.84375,244.84375,244.84375,244.84375,244.84375,244.84375,244.84375,245.78125,249.375,244.84375,244.84375,244.84375,244.84375,244.84375,245.78125,241.875,244.84375,255.0,244.84375,244.84375,244.84375,245.78125,244.84375,244.84375,248.28125,237.8125,244.84375,237.8125,237.8125,237.8125,237.8125,237.8125,237.8125,237.8125,237.8125,244.84375,237.8125,237.8125,244.6875,237.8125,237.8125,237.8125,244.84375,237.8125
hDenV1/Colombia/un-OUCRU-101235/2013,0.0,0.0,0.0,0.0,0.0,0.0,0.0,0.0,0.0,0.0,0.0,12.65625,12.65625,12.65625,0.0,12.65625,0.0,0.0,0.0,0.0,0.0,0.0,0.0,3.59375,0.0,22.65625,0.0,3.59375,3.59375,0.0,0.0,0.0,0.0,0.0,20.625,3.59375,0.0,0.0,3.59375,12.96875,0.0,0.0,3.59375,0.0,0.0,0.0,0.0,0.0,0.0,0.0,0.0,0.0,0.0,0.0,0.0,0.0,0.0,0.0,0.0,0.0,0.0,0.0,0.0,0.0,0.0,0.0,0.0,0.0,0.0,0.0,0.0,0.0,0.0,0.0,0.0,0.0,0.0,0.0,0.0,4.53125,0.0,0.0,0.0,0.0,0.0,0.0,0.0,0.0,0.0,0.0,0.0,0.0,0.0,12.65625,0.0,12.65625,0.0,0.0,0.0,12.65625,0.0,0.0,0.0,0.0,3.28125,207.65625,206.25,206.25,206.25,224.53125,204.84375,191.5625,202.03125,206.25,206.25,206.25,206.25,206.25,206.25,206.25,206.25,206.25,206.25,206.25,206.25,206.25,206.25,206.25,206.25,206.25,206.25,206.25,206.25,206.25,206.25,206.25,206.25,206.25,206.25,206.25,206.25,206.25,206.25,206.25,206.25,206.25,206.25,206.25,206.25,206.25,206.25,206.25,206.25,206.25,206.25,206.25,206.25,206.25,206.25,207.5,206.25,206.25,206.25,206.25,206.25,206.25,206.25,206.25,206.25,206.25,206.25,206.25,206.25,206.25,206.25,206.25,206.25,206.25,206.25,206.25,206.25,206.25,206.25,206.25,206.25,206.25,206.25,206.25,206.25,206.25,206.25,393.4375,393.4375,394.53125,393.4375,407.8125,407.8125,420.3125,386.09375,370.15625,396.875,420.3125,407.34375,420.3125,420.3125,407.34375,407.34375,407.34375,420.3125,420.3125,420.3125,393.4375,407.34375,407.34375,420.3125,407.34375,393.4375,420.3125,416.25,420.3125,407.34375,420.3125,420.3125,407.34375,393.4375,393.4375,407.34375,407.34375,393.4375,393.4375,420.3125,414.0625,407.34375,420.3125,407.34375,407.34375,420.3125,407.34375,396.875,407.34375,407.34375,407.34375,420.3125,407.34375,407.34375,393.4375,393.4375,407.34375,407.34375,393.4375,407.34375,407.34375,393.4375,393.4375,407.34375,407.34375,393.4375,396.875,420.3125,407.34375,416.25,420.3125,420.3125,393.4375,407.34375,393.4375,396.875,416.25,420.3125,407.34375,407.34375,404.21875,392.8125,404.21875,404.21875,407.34375,420.3125,392.8125,404.21875,392.8125,396.875,392.8125,392.8125,404.21875,392.8125,392.8125,392.8125,392.8125,392.8125,392.8125,392.8125,413.59375,407.34375,244.375,244.84375,248.28125,237.8125,244.375,244.84375,244.84375,244.84375,244.84375,244.84375,244.84375,244.84375,244.84375,245.78125,252.96875,252.96875,252.96875,252.96875,252.96875,244.84375,244.84375,237.8125,252.96875,244.84375,244.84375,244.84375,244.84375,244.84375,244.84375,244.84375,244.84375,244.84375,244.84375,244.84375,244.84375,237.8125,237.8125,244.84375,244.84375,244.84375,244.84375,244.84375,244.84375,244.84375,245.78125,244.84375,244.84375,244.84375,244.84375,244.84375,244.84375,244.84375,244.84375,244.84375,244.84375,244.84375,245.78125,249.375,244.84375,244.84375,244.84375,244.84375,244.84375,245.78125,241.875,244.84375,255.0,244.84375,244.84375,244.84375,245.78125,244.84375,244.84375,248.28125,237.8125,244.84375,237.8125,237.8125,237.8125,237.8125,237.8125,237.8125,237.8125,237.8125,244.84375,237.8125,237.8125,244.6875,237.8125,237.8125,237.8125,244.84375,237.8125
hDenV1/Colombia/un-OUCRU-101236/2013,0.0,0.0,0.0,0.0,0.0,0.0,0.0,0.0,0.0,0.0,0.0,12.65625,12.65625,12.65625,0.0,12.65625,0.0,0.0,0.0,0.0,0.0,0.0,0.0,3.59375,0.0,22.65625,0.0,3.59375,3.59375,0.0,0.0,0.0,0.0,0.0,20.625,3.59375,0.0,0.0,3.59375,12.96875,0.0,0.0,3.59375,0.0,0.0,0.0,0.0,0.0,0.0,0.0,0.0,0.0,0.0,0.0,0.0,0.0,0.0,0.0,0.0,0.0,0.0,0.0,0.0,0.0,0.0,0.0,0.0,0.0,0.0,0.0,0.0,0.0,0.0,0.0,0.0,0.0,0.0,0.0,0.0,4.53125,0.0,0.0,0.0,0.0,0.0,0.0,0.0,0.0,0.0,0.0,0.0,0.0,0.0,12.65625,0.0,12.65625,0.0,0.0,0.0,12.65625,0.0,0.0,0.0,0.0,3.28125,207.65625,206.25,206.25,206.25,224.53125,204.84375,191.5625,202.03125,206.25,206.25,206.25,206.25,206.25,206.25,206.25,206.25,206.25,206.25,206.25,206.25,206.25,206.25,206.25,206.25,206.25,206.25,206.25,206.25,206.25,206.25,206.25,206.25,206.25,206.25,206.25,206.25,206.25,206.25,206.25,206.25,206.25,206.25,206.25,206.25,206.25,206.25,206.25,206.25,206.25,206.25,206.25,206.25,206.25,206.25,207.5,206.25,206.25,206.25,206.25,206.25,206.25,206.25,206.25,206.25,206.25,206.25,206.25,206.25,206.25,206.25,206.25,206.25,206.25,206.25,206.25,206.25,206.25,206.25,206.25,206.25,206.25,206.25,206.25,206.25,206.25,206.25,393.4375,393.4375,394.53125,393.4375,407.8125,407.8125,420.3125,386.09375,370.15625,396.875,420.3125,407.34375,420.3125,420.3125,407.34375,407.34375,407.34375,420.3125,420.3125,420.3125,393.4375,407.34375,407.34375,420.3125,407.34375,393.4375,420.3125,416.25,420.3125,407.34375,420.3125,420.3125,407.34375,393.4375,393.4375,407.34375,407.34375,393.4375,393.4375,420.3125,414.0625,407.34375,420.3125,407.34375,407.34375,420.3125,407.34375,396.875,407.34375,407.34375,407.34375,420.3125,407.34375,407.34375,393.4375,393.4375,407.34375,407.34375,393.4375,407.34375,407.34375,393.4375,393.4375,407.34375,407.34375,393.4375,396.875,420.3125,407.34375,416.25,420.3125,420.3125,393.4375,407.34375,393.4375,396.875,416.25,420.3125,407.34375,407.34375,404.21875,392.8125,404.21875,404.21875,407.34375,420.3125,392.8125,404.21875,392.8125,396.875,392.8125,392.8125,404.21875,392.8125,392.8125,392.8125,392.8125,392.8125,392.8125,392.8125,413.59375,407.34375,244.375,244.84375,248.28125,237.8125,244.375,244.84375,244.84375,244.84375,244.84375,244.84375,244.84375,244.84375,244.84375,245.78125,252.96875,252.96875,252.96875,252.96875,252.96875,244.84375,244.84375,237.8125,252.96875,244.84375,244.84375,244.84375,244.84375,244.84375,244.84375,244.84375,244.84375,244.84375,244.84375,244.84375,244.84375,237.8125,237.8125,244.84375,244.84375,244.84375,244.84375,244.84375,244.84375,244.84375,245.78125,244.84375,244.84375,244.84375,244.84375,244.84375,244.84375,244.84375,244.84375,244.84375,244.84375,244.84375,245.78125,249.375,244.84375,244.84375,244.84375,244.84375,244.84375,245.78125,241.875,244.84375,255.0,244.84375,244.84375,244.84375,245.78125,244.84375,244.84375,248.28125,237.8125,244.84375,237.8125,237.8125,237.8125,237.8125,237.8125,237.8125,237.8125,237.8125,244.84375,237.8125,237.8125,244.6875,237.8125,237.8125,237.8125,244.84375,237.8125
hDenV1/Colombia/un-OUCRU-10124/2013,0.0,0.0,0.0,0.0,0.0,0.0,0.0,0.0,0.0,0.0,0.0,12.65625,12.65625,12.65625,0.0,12.65625,0.0,0.0,0.0,0.0,0.0,0.0,0.0,3.59375,0.0,22.65625,0.0,3.59375,3.59375,0.0,0.0,0.0,0.0,0.0,20.625,3.59375,0.0,0.0,3.59375,12.96875,0.0,0.0,3.59375,0.0,0.0,0.0,0.0,0.0,0.0,0.0,0.0,0.0,0.0,0.0,0.0,0.0,0.0,0.0,0.0,0.0,0.0,0.0,0.0,0.0,0.0,0.0,0.0,0.0,0.0,0.0,0.0,0.0,0.0,0.0,0.0,0.0,0.0,0.0,0.0,4.53125,0.0,0.0,0.0,0.0,0.0,0.0,0.0,0.0,0.0,0.0,0.0,0.0,0.0,12.65625,0.0,12.65625,0.0,0.0,0.0,12.65625,0.0,0.0,0.0,0.0,3.28125,207.65625,206.25,206.25,206.25,224.53125,204.84375,191.5625,202.03125,206.25,206.25,206.25,206.25,206.25,206.25,206.25,206.25,206.25,206.25,206.25,206.25,206.25,206.25,206.25,206.25,206.25,206.25,206.25,206.25,206.25,206.25,206.25,206.25,206.25,206.25,206.25,206.25,206.25,206.25,206.25,206.25,206.25,206.25,206.25,206.25,206.25,206.25,206.25,206.25,206.25,206.25,206.25,206.25,206.25,206.25,207.5,206.25,206.25,206.25,206.25,206.25,206.25,206.25,206.25,206.25,206.25,206.25,206.25,206.25,206.25,206.25,206.25,206.25,206.25,206.25,206.25,206.25,206.25,206.25,206.25,206.25,206.25,206.25,206.25,206.25,206.25,206.25,393.4375,393.4375,394.53125,393.4375,407.8125,407.8125,420.3125,386.09375,370.15625,396.875,420.3125,407.34375,420.3125,420.3125,407.34375,407.34375,407.34375,420.3125,420.3125,420.3125,393.4375,407.34375,407.34375,420.3125,407.34375,393.4375,420.3125,416.25,420.3125,407.34375,420.3125,420.3125,407.34375,393.4375,393.4375,407.34375,407.34375,393.4375,393.4375,420.3125,414.0625,407.34375,420.3125,407.34375,407.34375,420.3125,407.34375,396.875,407.34375,407.34375,407.34375,420.3125,407.34375,407.34375,393.4375,393.4375,407.34375,407.34375,393.4375,407.34375,407.34375,393.4375,393.4375,407.34375,407.34375,393.4375,396.875,420.3125,407.34375,416.25,420.3125,420.3125,393.4375,407.34375,393.4375,396.875,416.25,420.3125,407.34375,407.34375,404.21875,392.8125,404.21875,404.21875,407.34375,420.3125,392.8125,404.21875,392.8125,396.875,392.8125,392.8125,404.21875,392.8125,392.8125,392.8125,392.8125,392.8125,392.8125,392.8125,413.59375,407.34375,244.375,244.84375,248.28125,237.8125,244.375,244.84375,244.84375,244.84375,244.84375,244.84375,244.84375,244.84375,244.84375,245.78125,252.96875,252.96875,252.96875,252.96875,252.96875,244.84375,244.84375,237.8125,252.96875,244.84375,244.84375,244.84375,244.84375,244.84375,244.84375,244.84375,244.84375,244.84375,244.84375,244.84375,244.84375,237.8125,237.8125,244.84375,244.84375,244.84375,244.84375,244.84375,244.84375,244.84375,245.78125,244.84375,244.84375,244.84375,244.84375,244.84375,244.84375,244.84375,244.84375,244.84375,244.84375,244.84375,245.78125,249.375,244.84375,244.84375,244.84375,244.84375,244.84375,245.78125,241.875,244.84375,255.0,244.84375,244.84375,244.84375,245.78125,244.84375,244.84375,248.28125,237.8125,244.84375,237.8125,237.8125,237.8125,237.8125,237.8125,237.8125,237.8125,237.8125,244.84375,237.8125,237.8125,244.6875,237.8125,237.8125,237.8125,244.84375,237.8125
hDenV1/Colombia/un-OUCRU-101245/2013,0.0,0.0,0.0,0.0,0.0,0.0,0.0,0.0,0.0,0.0,0.0,12.65625,12.65625,12.65625,0.0,12.65625,0.0,0.0,0.0,0.0,0.0,0.0,0.0,3.59375,0.0,22.65625,0.0,3.59375,3.59375,0.0,0.0,0.0,0.0,0.0,20.625,3.59375,0.0,0.0,3.59375,12.96875,0.0,0.0,3.59375,0.0,0.0,0.0,0.0,0.0,0.0,0.0,0.0,0.0,0.0,0.0,0.0,0.0,0.0,0.0,0.0,0.0,0.0,0.0,0.0,0.0,0.0,0.0,0.0,0.0,0.0,0.0,0.0,0.0,0.0,0.0,0.0,0.0,0.0,0.0,0.0,4.53125,0.0,0.0,0.0,0.0,0.0,0.0,0.0,0.0,0.0,0.0,0.0,0.0,0.0,12.65625,0.0,12.65625,0.0,0.0,0.0,12.65625,0.0,0.0,0.0,0.0,3.28125,207.65625,206.25,206.25,206.25,224.53125,204.84375,191.5625,202.03125,206.25,206.25,206.25,206.25,206.25,206.25,206.25,206.25,206.25,206.25,206.25,206.25,206.25,206.25,206.25,206.25,206.25,206.25,206.25,206.25,206.25,206.25,206.25,206.25,206.25,206.25,206.25,206.25,206.25,206.25,206.25,206.25,206.25,206.25,206.25,206.25,206.25,206.25,206.25,206.25,206.25,206.25,206.25,206.25,206.25,206.25,207.5,206.25,206.25,206.25,206.25,206.25,206.25,206.25,206.25,206.25,206.25,206.25,206.25,206.25,206.25,206.25,206.25,206.25,206.25,206.25,206.25,206.25,206.25,206.25,206.25,206.25,206.25,206.25,206.25,206.25,206.25,206.25,393.4375,393.4375,394.53125,393.4375,407.8125,407.8125,420.3125,386.09375,370.15625,396.875,420.3125,407.34375,420.3125,420.3125,407.34375,407.34375,407.34375,420.3125,420.3125,420.3125,393.4375,407.34375,407.34375,420.3125,407.34375,393.4375,420.3125,416.25,420.3125,407.34375,420.3125,420.3125,407.34375,393.4375,393.4375,407.34375,407.34375,393.4375,393.4375,420.3125,414.0625,407.34375,420.3125,407.34375,407.34375,420.3125,407.34375,396.875,407.34375,407.34375,407.34375,420.3125,407.34375,407.34375,393.4375,393.4375,407.34375,407.34375,393.4375,407.34375,407.34375,393.4375,393.4375,407.34375,407.34375,393.4375,396.875,420.3125,407.34375,416.25,420.3125,420.3125,393.4375,407.34375,393.4375,396.875,416.25,420.3125,407.34375,407.34375,404.21875,392.8125,404.21875,404.21875,407.34375,420.3125,392.8125,404.21875,392.8125,396.875,392.8125,392.8125,404.21875,392.8125,392.8125,392.8125,392.8125,392.8125,392.8125,392.8125,413.59375,407.34375,244.375,244.84375,248.28125,237.8125,244.375,244.84375,244.84375,244.84375,244.84375,244.84375,244.84375,244.84375,244.84375,245.78125,252.96875,252.96875,252.96875,252.96875,252.96875,244.84375,244.84375,237.8125,252.96875,244.84375,244.84375,244.84375,244.84375,244.84375,244.84375,244.84375,244.84375,244.84375,244.84375,244.84375,244.84375,237.8125,237.8125,244.84375,244.84375,244.84375,244.84375,244.84375,244.84375,244.84375,245.78125,244.84375,244.84375,244.84375,244.84375,244.84375,244.84375,244.84375,244.84375,244.84375,244.84375,244.84375,245.78125,249.375,244.84375,244.84375,244.84375,244.84375,244.84375,245.78125,241.875,244.84375,255.0,244.84375,244.84375,244.84375,245.78125,244.84375,244.84375,248.28125,237.8125,244.84375,237.8125,237.8125,237.8125,237.8125,237.8125,237.8125,237.8125,237.8125,244.84375,237.8125,237.8125,244.6875,237.8125,237.8125,237.8125,244.84375,237.8125
hDenV1/Colombia/un-OUCRU-10125/2013,0.0,0.0,0.0,0.0,0.0,0.0,0.0,0.0,0.0,0.0,0.0,12.65625,12.65625,12.65625,0.0,12.65625,0.0,0.0,0.0,0.0,0.0,0.0,0.0,3.59375,0.0,22.65625,0.0,3.59375,3.59375,0.0,0.0,0.0,0.0,0.0,20.625,3.59375,0.0,0.0,3.59375,12.96875,0.0,0.0,3.59375,0.0,0.0,0.0,0.0,0.0,0.0,0.0,0.0,0.0,0.0,0.0,0.0,0.0,0.0,0.0,0.0,0.0,0.0,0.0,0.0,0.0,0.0,0.0,0.0,0.0,0.0,0.0,0.0,0.0,0.0,0.0,0.0,0.0,0.0,0.0,0.0,4.53125,0.0,0.0,0.0,0.0,0.0,0.0,0.0,0.0,0.0,0.0,0.0,0.0,0.0,12.65625,0.0,12.65625,0.0,0.0,0.0,12.65625,0.0,0.0,0.0,0.0,3.28125,207.65625,206.25,206.25,206.25,224.53125,204.84375,191.5625,202.03125,206.25,206.25,206.25,206.25,206.25,206.25,206.25,206.25,206.25,206.25,206.25,206.25,206.25,206.25,206.25,206.25,206.25,206.25,206.25,206.25,206.25,206.25,206.25,206.25,206.25,206.25,206.25,206.25,206.25,206.25,206.25,206.25,206.25,206.25,206.25,206.25,206.25,206.25,206.25,206.25,206.25,206.25,206.25,206.25,206.25,206.25,207.5,206.25,206.25,206.25,206.25,206.25,206.25,206.25,206.25,206.25,206.25,206.25,206.25,206.25,206.25,206.25,206.25,206.25,206.25,206.25,206.25,206.25,206.25,206.25,206.25,206.25,206.25,206.25,206.25,206.25,206.25,206.25,393.4375,393.4375,394.53125,393.4375,407.8125,407.8125,420.3125,386.09375,370.15625,396.875,420.3125,407.34375,420.3125,420.3125,407.34375,407.34375,407.34375,420.3125,420.3125,420.3125,393.4375,407.34375,407.34375,420.3125,407.34375,393.4375,420.3125,416.25,420.3125,407.34375,420.3125,420.3125,407.34375,393.4375,393.4375,407.34375,407.34375,393.4375,393.4375,420.3125,414.0625,407.34375,420.3125,407.34375,407.34375,420.3125,407.34375,396.875,407.34375,407.34375,407.34375,420.3125,407.34375,407.34375,393.4375,393.4375,407.34375,407.34375,393.4375,407.34375,407.34375,393.4375,393.4375,407.34375,407.34375,393.4375,396.875,420.3125,407.34375,416.25,420.3125,420.3125,393.4375,407.34375,393.4375,396.875,416.25,420.3125,407.34375,407.34375,404.21875,392.8125,404.21875,404.21875,407.34375,420.3125,392.8125,404.21875,392.8125,396.875,392.8125,392.8125,404.21875,392.8125,392.8125,392.8125,392.8125,392.8125,392.8125,392.8125,413.59375,407.34375,244.375,244.84375,248.28125,237.8125,244.375,244.84375,244.84375,244.84375,244.84375,244.84375,244.84375,244.84375,244.84375,245.78125,252.96875,252.96875,252.96875,252.96875,252.96875,244.84375,244.84375,237.8125,252.96875,244.84375,244.84375,244.84375,244.84375,244.84375,244.84375,244.84375,244.84375,244.84375,244.84375,244.84375,244.84375,237.8125,237.8125,244.84375,244.84375,244.84375,244.84375,244.84375,244.84375,244.84375,245.78125,244.84375,244.84375,244.84375,244.84375,244.84375,244.84375,244.84375,244.84375,244.84375,244.84375,244.84375,245.78125,249.375,244.84375,244.84375,244.84375,244.84375,244.84375,245.78125,241.875,244.84375,255.0,244.84375,244.84375,244.84375,245.78125,244.84375,244.84375,248.28125,237.8125,244.84375,237.8125,237.8125,237.8125,237.8125,237.8125,237.8125,237.8125,237.8125,244.84375,237.8125,237.8125,244.6875,237.8125,237.8125,237.8125,244.84375,237.8125
hDenV1/Colombia/un-OUCRU-101253/2013,0.0,0.0,0.0,0.0,0.0,0.0,0.0,0.0,0.0,0.0,0.0,12.65625,12.65625,12.65625,0.0,12.65625,0.0,0.0,0.0,0.0,0.0,0.0,0.0,3.59375,0.0,22.65625,0.0,3.59375,3.59375,0.0,0.0,0.0,0.0,0.0,20.625,3.59375,0.0,0.0,3.59375,12.96875,0.0,0.0,3.59375,0.0,0.0,0.0,0.0,0.0,0.0,0.0,0.0,0.0,0.0,0.0,0.0,0.0,0.0,0.0,0.0,0.0,0.0,0.0,0.0,0.0,0.0,0.0,0.0,0.0,0.0,0.0,0.0,0.0,0.0,0.0,0.0,0.0,0.0,0.0,0.0,4.53125,0.0,0.0,0.0,0.0,0.0,0.0,0.0,0.0,0.0,0.0,0.0,0.0,0.0,12.65625,0.0,12.65625,0.0,0.0,0.0,12.65625,0.0,0.0,0.0,0.0,3.28125,207.65625,206.25,206.25,206.25,224.53125,204.84375,191.5625,202.03125,206.25,206.25,206.25,206.25,206.25,206.25,206.25,206.25,206.25,206.25,206.25,206.25,206.25,206.25,206.25,206.25,206.25,206.25,206.25,206.25,206.25,206.25,206.25,206.25,206.25,206.25,206.25,206.25,206.25,206.25,206.25,206.25,206.25,206.25,206.25,206.25,206.25,206.25,206.25,206.25,206.25,206.25,206.25,206.25,206.25,206.25,207.5,206.25,206.25,206.25,206.25,206.25,206.25,206.25,206.25,206.25,206.25,206.25,206.25,206.25,206.25,206.25,206.25,206.25,206.25,206.25,206.25,206.25,206.25,206.25,206.25,206.25,206.25,206.25,206.25,206.25,206.25,206.25,393.4375,393.4375,394.53125,393.4375,407.8125,407.8125,420.3125,386.09375,370.15625,396.875,420.3125,407.34375,420.3125,420.3125,407.34375,407.34375,407.34375,420.3125,420.3125,420.3125,393.4375,407.34375,407.34375,420.3125,407.34375,393.4375,420.3125,416.25,420.3125,407.34375,420.3125,420.3125,407.34375,393.4375,393.4375,407.34375,407.34375,393.4375,393.4375,420.3125,414.0625,407.34375,420.3125,407.34375,407.34375,420.3125,407.34375,396.875,407.34375,407.34375,407.34375,420.3125,407.34375,407.34375,393.4375,393.4375,407.34375,407.34375,393.4375,407.34375,407.34375,393.4375,393.4375,407.34375,407.34375,393.4375,396.875,420.3125,407.34375,416.25,420.3125,420.3125,393.4375,407.34375,393.4375,396.875,416.25,420.3125,407.34375,407.34375,404.21875,392.8125,404.21875,404.21875,407.34375,420.3125,392.8125,404.21875,392.8125,396.875,392.8125,392.8125,404.21875,392.8125,392.8125,392.8125,392.8125,392.8125,392.8125,392.8125,413.59375,407.34375,244.375,244.84375,248.28125,237.8125,244.375,244.84375,244.84375,244.84375,244.84375,244.84375,244.84375,244.84375,244.84375,245.78125,252.96875,252.96875,252.96875,252.96875,252.96875,244.84375,244.84375,237.8125,252.96875,244.84375,244.84375,244.84375,244.84375,244.84375,244.84375,244.84375,244.84375,244.84375,244.84375,244.84375,244.84375,237.8125,237.8125,244.84375,244.84375,244.84375,244.84375,244.84375,244.84375,244.84375,245.78125,244.84375,244.84375,244.84375,244.84375,244.84375,244.84375,244.84375,244.84375,244.84375,244.84375,244.84375,245.78125,249.375,244.84375,244.84375,244.84375,244.84375,244.84375,245.78125,241.875,244.84375,255.0,244.84375,244.84375,244.84375,245.78125,244.84375,244.84375,248.28125,237.8125,244.84375,237.8125,237.8125,237.8125,237.8125,237.8125,237.8125,237.8125,237.8125,244.84375,237.8125,237.8125,244.6875,237.8125,237.8125,237.8125,244.84375,237.8125
hDenV1/Colombia/un-OUCRU-10126/2013,0.0,0.0,0.0,0.0,0.0,0.0,0.0,0.0,0.0,0.0,0.0,12.65625,12.65625,12.65625,0.0,12.65625,0.0,0.0,0.0,0.0,0.0,0.0,0.0,3.59375,0.0,22.65625,0.0,3.59375,3.59375,0.0,0.0,0.0,0.0,0.0,20.625,3.59375,0.0,0.0,3.59375,12.96875,0.0,0.0,3.59375,0.0,0.0,0.0,0.0,0.0,0.0,0.0,0.0,0.0,0.0,0.0,0.0,0.0,0.0,0.0,0.0,0.0,0.0,0.0,0.0,0.0,0.0,0.0,0.0,0.0,0.0,0.0,0.0,0.0,0.0,0.0,0.0,0.0,0.0,0.0,0.0,4.53125,0.0,0.0,0.0,0.0,0.0,0.0,0.0,0.0,0.0,0.0,0.0,0.0,0.0,12.65625,0.0,12.65625,0.0,0.0,0.0,12.65625,0.0,0.0,0.0,0.0,3.28125,207.65625,206.25,206.25,206.25,224.53125,204.84375,191.5625,202.03125,206.25,206.25,206.25,206.25,206.25,206.25,206.25,206.25,206.25,206.25,206.25,206.25,206.25,206.25,206.25,206.25,206.25,206.25,206.25,206.25,206.25,206.25,206.25,206.25,206.25,206.25,206.25,206.25,206.25,206.25,206.25,206.25,206.25,206.25,206.25,206.25,206.25,206.25,206.25,206.25,206.25,206.25,206.25,206.25,206.25,206.25,207.5,206.25,206.25,206.25,206.25,206.25,206.25,206.25,206.25,206.25,206.25,206.25,206.25,206.25,206.25,206.25,206.25,206.25,206.25,206.25,206.25,206.25,206.25,206.25,206.25,206.25,206.25,206.25,206.25,206.25,206.25,206.25,393.4375,393.4375,394.53125,393.4375,407.8125,407.8125,420.3125,386.09375,370.15625,396.875,420.3125,407.34375,420.3125,420.3125,407.34375,407.34375,407.34375,420.3125,420.3125,420.3125,393.4375,407.34375,407.34375,420.3125,407.34375,393.4375,420.3125,416.25,420.3125,407.34375,420.3125,420.3125,407.34375,393.4375,393.4375,407.34375,407.34375,393.4375,393.4375,420.3125,414.0625,407.34375,420.3125,407.34375,407.34375,420.3125,407.34375,396.875,407.34375,407.34375,407.34375,420.3125,407.34375,407.34375,393.4375,393.4375,407.34375,407.34375,393.4375,407.34375,407.34375,393.4375,393.4375,407.34375,407.34375,393.4375,396.875,420.3125,407.34375,416.25,420.3125,420.3125,393.4375,407.34375,393.4375,396.875,416.25,420.3125,407.34375,407.34375,404.21875,392.8125,404.21875,404.21875,407.34375,420.3125,392.8125,404.21875,392.8125,396.875,392.8125,392.8125,404.21875,392.8125,392.8125,392.8125,392.8125,392.8125,392.8125,392.8125,413.59375,407.34375,244.375,244.84375,248.28125,237.8125,244.375,244.84375,244.84375,244.84375,244.84375,244.84375,244.84375,244.84375,244.84375,245.78125,252.96875,252.96875,252.96875,252.96875,252.96875,244.84375,244.84375,237.8125,252.96875,244.84375,244.84375,244.84375,244.84375,244.84375,244.84375,244.84375,244.84375,244.84375,244.84375,244.84375,244.84375,237.8125,237.8125,244.84375,244.84375,244.84375,244.84375,244.84375,244.84375,244.84375,245.78125,244.84375,244.84375,244.84375,244.84375,244.84375,244.84375,244.84375,244.84375,244.84375,244.84375,244.84375,245.78125,249.375,244.84375,244.84375,244.84375,244.84375,244.84375,245.78125,241.875,244.84375,255.0,244.84375,244.84375,244.84375,245.78125,244.84375,244.84375,248.28125,237.8125,244.84375,237.8125,237.8125,237.8125,237.8125,237.8125,237.8125,237.8125,237.8125,244.84375,237.8125,237.8125,244.6875,237.8125,237.8125,237.8125,244.84375,237.8125
hDenV1/Colombia/un-OUCRU-10128/2013,0.0,0.0,0.0,0.0,0.0,0.0,0.0,0.0,0.0,0.0,0.0,12.65625,12.65625,12.65625,0.0,12.65625,0.0,0.0,0.0,0.0,0.0,0.0,0.0,3.59375,0.0,22.65625,0.0,3.59375,3.59375,0.0,0.0,0.0,0.0,0.0,20.625,3.59375,0.0,0.0,3.59375,12.96875,0.0,0.0,3.59375,0.0,0.0,0.0,0.0,0.0,0.0,0.0,0.0,0.0,0.0,0.0,0.0,0.0,0.0,0.0,0.0,0.0,0.0,0.0,0.0,0.0,0.0,0.0,0.0,0.0,0.0,0.0,0.0,0.0,0.0,0.0,0.0,0.0,0.0,0.0,0.0,4.53125,0.0,0.0,0.0,0.0,0.0,0.0,0.0,0.0,0.0,0.0,0.0,0.0,0.0,12.65625,0.0,12.65625,0.0,0.0,0.0,12.65625,0.0,0.0,0.0,0.0,3.28125,207.65625,206.25,206.25,206.25,224.53125,204.84375,191.5625,202.03125,206.25,206.25,206.25,206.25,206.25,206.25,206.25,206.25,206.25,206.25,206.25,206.25,206.25,206.25,206.25,206.25,206.25,206.25,206.25,206.25,206.25,206.25,206.25,206.25,206.25,206.25,206.25,206.25,206.25,206.25,206.25,206.25,206.25,206.25,206.25,206.25,206.25,206.25,206.25,206.25,206.25,206.25,206.25,206.25,206.25,206.25,207.5,206.25,206.25,206.25,206.25,206.25,206.25,206.25,206.25,206.25,206.25,206.25,206.25,206.25,206.25,206.25,206.25,206.25,206.25,206.25,206.25,206.25,206.25,206.25,206.25,206.25,206.25,206.25,206.25,206.25,206.25,206.25,393.4375,393.4375,394.53125,393.4375,407.8125,407.8125,420.3125,386.09375,370.15625,396.875,420.3125,407.34375,420.3125,420.3125,407.34375,407.34375,407.34375,420.3125,420.3125,420.3125,393.4375,407.34375,407.34375,420.3125,407.34375,393.4375,420.3125,416.25,420.3125,407.34375,420.3125,420.3125,407.34375,393.4375,393.4375,407.34375,407.34375,393.4375,393.4375,420.3125,414.0625,407.34375,420.3125,407.34375,407.34375,420.3125,407.34375,396.875,407.34375,407.34375,407.34375,420.3125,407.34375,407.34375,393.4375,393.4375,407.34375,407.34375,393.4375,407.34375,407.34375,393.4375,393.4375,407.34375,407.34375,393.4375,396.875,420.3125,407.34375,416.25,420.3125,420.3125,393.4375,407.34375,393.4375,396.875,416.25,420.3125,407.34375,407.34375,404.21875,392.8125,404.21875,404.21875,407.34375,420.3125,392.8125,404.21875,392.8125,396.875,392.8125,392.8125,404.21875,392.8125,392.8125,392.8125,392.8125,392.8125,392.8125,392.8125,413.59375,407.34375,244.375,244.84375,248.28125,237.8125,244.375,244.84375,244.84375,244.84375,244.84375,244.84375,244.84375,244.84375,244.84375,245.78125,252.96875,252.96875,252.96875,252.96875,252.96875,244.84375,244.84375,237.8125,252.96875,244.84375,244.84375,244.84375,244.84375,244.84375,244.84375,244.84375,244.84375,244.84375,244.84375,244.84375,244.84375,237.8125,237.8125,244.84375,244.84375,244.84375,244.84375,244.84375,244.84375,244.84375,245.78125,244.84375,244.84375,244.84375,244.84375,244.84375,244.84375,244.84375,244.84375,244.84375,244.84375,244.84375,245.78125,249.375,244.84375,244.84375,244.84375,244.84375,244.84375,245.78125,241.875,244.84375,255.0,244.84375,244.84375,244.84375,245.78125,244.84375,244.84375,248.28125,237.8125,244.84375,237.8125,237.8125,237.8125,237.8125,237.8125,237.8125,237.8125,237.8125,244.84375,237.8125,237.8125,244.6875,237.8125,237.8125,237.8125,244.84375,237.8125
hDenV1/Colombia/un-OUCRU-102/2013,0.0,0.0,0.0,0.0,0.0,0.0,0.0,0.0,0.0,0.0,0.0,12.65625,12.65625,12.65625,0.0,12.65625,0.0,0.0,0.0,0.0,0.0,0.0,0.0,3.59375,0.0,22.65625,0.0,3.59375,3.59375,0.0,0.0,0.0,0.0,0.0,20.625,3.59375,0.0,0.0,3.59375,12.96875,0.0,0.0,3.59375,0.0,0.0,0.0,0.0,0.0,0.0,0.0,0.0,0.0,0.0,0.0,0.0,0.0,0.0,0.0,0.0,0.0,0.0,0.0,0.0,0.0,0.0,0.0,0.0,0.0,0.0,0.0,0.0,0.0,0.0,0.0,0.0,0.0,0.0,0.0,0.0,4.53125,0.0,0.0,0.0,0.0,0.0,0.0,0.0,0.0,0.0,0.0,0.0,0.0,0.0,12.65625,0.0,12.65625,0.0,0.0,0.0,12.65625,0.0,0.0,0.0,0.0,3.28125,207.65625,206.25,206.25,206.25,224.53125,204.84375,191.5625,202.03125,206.25,206.25,206.25,206.25,206.25,206.25,206.25,206.25,206.25,206.25,206.25,206.25,206.25,206.25,206.25,206.25,206.25,206.25,206.25,206.25,206.25,206.25,206.25,206.25,206.25,206.25,206.25,206.25,206.25,206.25,206.25,206.25,206.25,206.25,206.25,206.25,206.25,206.25,206.25,206.25,206.25,206.25,206.25,206.25,206.25,206.25,207.5,206.25,206.25,206.25,206.25,206.25,206.25,206.25,206.25,206.25,206.25,206.25,206.25,206.25,206.25,206.25,206.25,206.25,206.25,206.25,206.25,206.25,206.25,206.25,206.25,206.25,206.25,206.25,206.25,206.25,206.25,206.25,393.4375,393.4375,394.53125,393.4375,407.8125,407.8125,420.3125,386.09375,370.15625,396.875,420.3125,407.34375,420.3125,420.3125,407.34375,407.34375,407.34375,420.3125,420.3125,420.3125,393.4375,407.34375,407.34375,420.3125,407.34375,393.4375,420.3125,416.25,420.3125,407.34375,420.3125,420.3125,407.34375,393.4375,393.4375,407.34375,407.34375,393.4375,393.4375,420.3125,414.0625,407.34375,420.3125,407.34375,407.34375,420.3125,407.34375,396.875,407.34375,407.34375,407.34375,420.3125,407.34375,407.34375,393.4375,393.4375,407.34375,407.34375,393.4375,407.34375,407.34375,393.4375,393.4375,407.34375,407.34375,393.4375,396.875,420.3125,407.34375,416.25,420.3125,420.3125,393.4375,407.34375,393.4375,396.875,416.25,420.3125,407.34375,407.34375,404.21875,392.8125,404.21875,404.21875,407.34375,420.3125,392.8125,404.21875,392.8125,396.875,392.8125,392.8125,404.21875,392.8125,392.8125,392.8125,392.8125,392.8125,392.8125,392.8125,413.59375,407.34375,244.375,244.84375,248.28125,237.8125,244.375,244.84375,244.84375,244.84375,244.84375,244.84375,244.84375,244.84375,244.84375,245.78125,252.96875,252.96875,252.96875,252.96875,252.96875,244.84375,244.84375,237.8125,252.96875,244.84375,244.84375,244.84375,244.84375,244.84375,244.84375,244.84375,244.84375,244.84375,244.84375,244.84375,244.84375,237.8125,237.8125,244.84375,244.84375,244.84375,244.84375,244.84375,244.84375,244.84375,245.78125,244.84375,244.84375,244.84375,244.84375,244.84375,244.84375,244.84375,244.84375,244.84375,244.84375,244.84375,245.78125,249.375,244.84375,244.84375,244.84375,244.84375,244.84375,245.78125,241.875,244.84375,255.0,244.84375,244.84375,244.84375,245.78125,244.84375,244.84375,248.28125,237.8125,244.84375,237.8125,237.8125,237.8125,237.8125,237.8125,237.8125,237.8125,237.8125,244.84375,237.8125,237.8125,244.6875,237.8125,237.8125,237.8125,244.84375,237.8125
hDenV1/Colombia/un-OUCRU-103/2013,0.0,0.0,0.0,0.0,0.0,0.0,0.0,0.0,0.0,0.0,0.0,12.65625,12.65625,12.65625,0.0,12.65625,0.0,0.0,0.0,0.0,0.0,0.0,0.0,3.59375,0.0,22.65625,0.0,3.59375,3.59375,0.0,0.0,0.0,0.0,0.0,20.625,3.59375,0.0,0.0,3.59375,12.96875,0.0,0.0,3.59375,0.0,0.0,0.0,0.0,0.0,0.0,0.0,0.0,0.0,0.0,0.0,0.0,0.0,0.0,0.0,0.0,0.0,0.0,0.0,0.0,0.0,0.0,0.0,0.0,0.0,0.0,0.0,0.0,0.0,0.0,0.0,0.0,0.0,0.0,0.0,0.0,4.53125,0.0,0.0,0.0,0.0,0.0,0.0,0.0,0.0,0.0,0.0,0.0,0.0,0.0,12.65625,0.0,12.65625,0.0,0.0,0.0,12.65625,0.0,0.0,0.0,0.0,3.28125,207.65625,206.25,206.25,206.25,224.53125,204.84375,191.5625,202.03125,206.25,206.25,206.25,206.25,206.25,206.25,206.25,206.25,206.25,206.25,206.25,206.25,206.25,206.25,206.25,206.25,206.25,206.25,206.25,206.25,206.25,206.25,206.25,206.25,206.25,206.25,206.25,206.25,206.25,206.25,206.25,206.25,206.25,206.25,206.25,206.25,206.25,206.25,206.25,206.25,206.25,206.25,206.25,206.25,206.25,206.25,207.5,206.25,206.25,206.25,206.25,206.25,206.25,206.25,206.25,206.25,206.25,206.25,206.25,206.25,206.25,206.25,206.25,206.25,206.25,206.25,206.25,206.25,206.25,206.25,206.25,206.25,206.25,206.25,206.25,206.25,206.25,206.25,393.4375,393.4375,394.53125,393.4375,407.8125,407.8125,420.3125,386.09375,370.15625,396.875,420.3125,407.34375,420.3125,420.3125,407.34375,407.34375,407.34375,420.3125,420.3125,420.3125,393.4375,407.34375,407.34375,420.3125,407.34375,393.4375,420.3125,416.25,420.3125,407.34375,420.3125,420.3125,407.34375,393.4375,393.4375,407.34375,407.34375,393.4375,393.4375,420.3125,414.0625,407.34375,420.3125,407.34375,407.34375,420.3125,407.34375,396.875,407.34375,407.34375,407.34375,420.3125,407.34375,407.34375,393.4375,393.4375,407.34375,407.34375,393.4375,407.34375,407.34375,393.4375,393.4375,407.34375,407.34375,393.4375,396.875,420.3125,407.34375,416.25,420.3125,420.3125,393.4375,407.34375,393.4375,396.875,416.25,420.3125,407.34375,407.34375,404.21875,392.8125,404.21875,404.21875,407.34375,420.3125,392.8125,404.21875,392.8125,396.875,392.8125,392.8125,404.21875,392.8125,392.8125,392.8125,392.8125,392.8125,392.8125,392.8125,413.59375,407.34375,244.375,244.84375,248.28125,237.8125,244.375,244.84375,244.84375,244.84375,244.84375,244.84375,244.84375,244.84375,244.84375,245.78125,252.96875,252.96875,252.96875,252.96875,252.96875,244.84375,244.84375,237.8125,252.96875,244.84375,244.84375,244.84375,244.84375,244.84375,244.84375,244.84375,244.84375,244.84375,244.84375,244.84375,244.84375,237.8125,237.8125,244.84375,244.84375,244.84375,244.84375,244.84375,244.84375,244.84375,245.78125,244.84375,244.84375,244.84375,244.84375,244.84375,244.84375,244.84375,244.84375,244.84375,244.84375,244.84375,245.78125,249.375,244.84375,244.84375,244.84375,244.84375,244.84375,245.78125,241.875,244.84375,255.0,244.84375,244.84375,244.84375,245.78125,244.84375,244.84375,248.28125,237.8125,244.84375,237.8125,237.8125,237.8125,237.8125,237.8125,237.8125,237.8125,237.8125,244.84375,237.8125,237.8125,244.6875,237.8125,237.8125,237.8125,244.84375,237.8125
hDenV1/Colombia/un-OUCRU-104/2013,12.96875,12.96875,12.96875,12.96875,12.96875,12.96875,12.96875,12.96875,12.96875,12.96875,12.96875,25.625,25.625,25.625,12.96875,25.625,12.96875,12.96875,12.96875,12.96875,12.96875,12.96875,12.96875,16.5625,12.96875,35.625,12.96875,16.5625,16.5625,12.96875,12.96875,12.96875,12.96875,12.96875,33.59375,16.5625,12.96875,12.96875,16.5625,0.0,12.96875,12.96875,16.5625,12.96875,12.96875,12.96875,12.96875,12.96875,12.96875,12.96875,12.96875,12.96875,12.96875,12.96875,12.96875,12.96875,12.96875,12.96875,12.96875,12.96875,12.96875,12.96875,12.96875,12.96875,12.96875,12.96875,12.96875,12.96875,12.96875,12.96875,12.96875,12.96875,12.96875,12.96875,12.96875,12.96875,12.96875,12.96875,12.96875,17.5,12.96875,12.96875,12.96875,12.96875,12.96875,12.96875,12.96875,12.96875,12.96875,12.96875,12.96875,12.96875,12.96875,25.625,12.96875,25.625,12.96875,12.96875,12.96875,25.625,12.96875,12.96875,12.96875,12.96875,16.25,202.5,201.09375,201.09375,201.09375,219.375,199.6875,186.40625,196.875,201.09375,201.09375,201.09375,201.09375,201.09375,201.09375,201.09375,201.09375,201.09375,201.09375,201.09375,201.09375,201.09375,201.09375,201.09375,201.09375,201.09375,201.09375,201.09375,201.09375,201.09375,201.09375,201.09375,201.09375,201.09375,201.09375,201.09375,201.09375,201.09375,201.09375,201.09375,201.09375,201.09375,201.09375,201.09375,201.09375,201.09375,201.09375,201.09375,201.09375,201.09375,201.09375,201.09375,201.09375,201.09375,201.09375,202.34375,201.09375,201.09375,201.09375,201.09375,201.09375,201.09375,201.09375,201.09375,201.09375,201.09375,201.09375,201.09375,201.09375,201.09375,201.09375,201.09375,201.09375,201.09375,201.09375,201.09375,201.09375,201.09375,201.09375,201.09375,201.09375,201.09375,201.09375,201.09375,201.09375,201.09375,201.09375,406.40625,406.40625,407.5,406.40625,394.84375,394.84375,407.34375,399.0625,357.1875,409.84375,407.34375,420.3125,407.34375,407.34375,420.3125,420.3125,420.3125,407.34375,407.34375,407.34375,406.40625,420.3125,420.3125,407.34375,420.3125,406.40625,407.34375,403.28125,407.34375,420.3125,407.34375,407.34375,420.3125,406.40625,406.40625,420.3125,420.3125,406.40625,406.40625,407.34375,401.09375,420.3125,407.34375,420.3125,420.3125,407.34375,420.3125,409.84375,420.3125,420.3125,420.3125,407.34375,420.3125,420.3125,406.40625,406.40625,420.3125,420.3125,406.40625,420.3125,420.3125,406.40625,406.40625,420.3125,420.3125,406.40625,409.84375,407.34375,420.3125,403.28125,407.34375,407.34375,406.40625,420.3125,406.40625,409.84375,403.28125,407.34375,420.3125,420.3125,417.1875,405.78125,417.1875,417.1875,420.3125,407.34375,405.78125,417.1875,405.78125,409.84375,405.78125,405.78125,417.1875,405.78125,405.78125,405.78125,405.78125,405.78125,405.78125,405.78125,426.5625,420.3125,253.90625,254.375,252.8125,247.34375,253.90625,254.375,254.375,254.375,254.375,254.375,254.375,254.375,254.375,255.3125,262.5,262.5,262.5,262.5,262.5,254.375,254.375,247.34375,262.5,254.375,254.375,254.375,254.375,254.375,254.375,254.375,254.375,254.375,254.375,254.375,254.375,247.34375,247.34375,254.375,254.375,254.375,254.375,254.375,254.375,254.375,255.3125,254.375,254.375,254.375,254.375,254.375,254.375,254.375,254.375,254.375,254.375,254.375,255.3125,258.90625,254.375,254.375,254.375,254.375,254.375,255.3125,251.40625,254.375,247.96875,254.375,254.375,254.375,255.3125,254.375,254.375,252.8125,247.34375,254.375,247.34375,247.34375,247.34375,247.34375,247.34375,247.34375,247.34375,247.34375,254.375,247.34375,247.34375,254.21875,247.34375,247.34375,247.34375,254.375,247.34375
hDenV1/Colombia/un-OUCRU-131/2013,0.0,0.0,0.0,0.0,0.0,0.0,0.0,0.0,0.0,0.0,0.0,12.65625,12.65625,12.65625,0.0,12.65625,0.0,0.0,0.0,0.0,0.0,0.0,0.0,3.59375,0.0,22.65625,0.0,3.59375,3.59375,0.0,0.0,0.0,0.0,0.0,20.625,3.59375,0.0,0.0,3.59375,12.96875,0.0,0.0,3.59375,0.0,0.0,0.0,0.0,0.0,0.0,0.0,0.0,0.0,0.0,0.0,0.0,0.0,0.0,0.0,0.0,0.0,0.0,0.0,0.0,0.0,0.0,0.0,0.0,0.0,0.0,0.0,0.0,0.0,0.0,0.0,0.0,0.0,0.0,0.0,0.0,4.53125,0.0,0.0,0.0,0.0,0.0,0.0,0.0,0.0,0.0,0.0,0.0,0.0,0.0,12.65625,0.0,12.65625,0.0,0.0,0.0,12.65625,0.0,0.0,0.0,0.0,3.28125,207.65625,206.25,206.25,206.25,224.53125,204.84375,191.5625,202.03125,206.25,206.25,206.25,206.25,206.25,206.25,206.25,206.25,206.25,206.25,206.25,206.25,206.25,206.25,206.25,206.25,206.25,206.25,206.25,206.25,206.25,206.25,206.25,206.25,206.25,206.25,206.25,206.25,206.25,206.25,206.25,206.25,206.25,206.25,206.25,206.25,206.25,206.25,206.25,206.25,206.25,206.25,206.25,206.25,206.25,206.25,207.5,206.25,206.25,206.25,206.25,206.25,206.25,206.25,206.25,206.25,206.25,206.25,206.25,206.25,206.25,206.25,206.25,206.25,206.25,206.25,206.25,206.25,206.25,206.25,206.25,206.25,206.25,206.25,206.25,206.25,206.25,206.25,393.4375,393.4375,394.53125,393.4375,407.8125,407.8125,420.3125,386.09375,370.15625,396.875,420.3125,407.34375,420.3125,420.3125,407.34375,407.34375,407.34375,420.3125,420.3125,420.3125,393.4375,407.34375,407.34375,420.3125,407.34375,393.4375,420.3125,416.25,420.3125,407.34375,420.3125,420.3125,407.34375,393.4375,393.4375,407.34375,407.34375,393.4375,393.4375,420.3125,414.0625,407.34375,420.3125,407.34375,407.34375,420.3125,407.34375,396.875,407.34375,407.34375,407.34375,420.3125,407.34375,407.34375,393.4375,393.4375,407.34375,407.34375,393.4375,407.34375,407.34375,393.4375,393.4375,407.34375,407.34375,393.4375,396.875,420.3125,407.34375,416.25,420.3125,420.3125,393.4375,407.34375,393.4375,396.875,416.25,420.3125,407.34375,407.34375,404.21875,392.8125,404.21875,404.21875,407.34375,420.3125,392.8125,404.21875,392.8125,396.875,392.8125,392.8125,404.21875,392.8125,392.8125,392.8125,392.8125,392.8125,392.8125,392.8125,413.59375,407.34375,244.375,244.84375,248.28125,237.8125,244.375,244.84375,244.84375,244.84375,244.84375,244.84375,244.84375,244.84375,244.84375,245.78125,252.96875,252.96875,252.96875,252.96875,252.96875,244.84375,244.84375,237.8125,252.96875,244.84375,244.84375,244.84375,244.84375,244.84375,244.84375,244.84375,244.84375,244.84375,244.84375,244.84375,244.84375,237.8125,237.8125,244.84375,244.84375,244.84375,244.84375,244.84375,244.84375,244.84375,245.78125,244.84375,244.84375,244.84375,244.84375,244.84375,244.84375,244.84375,244.84375,244.84375,244.84375,244.84375,245.78125,249.375,244.84375,244.84375,244.84375,244.84375,244.84375,245.78125,241.875,244.84375,255.0,244.84375,244.84375,244.84375,245.78125,244.84375,244.84375,248.28125,237.8125,244.84375,237.8125,237.8125,237.8125,237.8125,237.8125,237.8125,237.8125,237.8125,244.84375,237.8125,237.8125,244.6875,237.8125,237.8125,237.8125,244.84375,237.8125
hDenV1/Colombia/un-OUCRU-132/2013,0.0,0.0,0.0,0.0,0.0,0.0,0.0,0.0,0.0,0.0,0.0,12.65625,12.65625,12.65625,0.0,12.65625,0.0,0.0,0.0,0.0,0.0,0.0,0.0,3.59375,0.0,22.65625,0.0,3.59375,3.59375,0.0,0.0,0.0,0.0,0.0,20.625,3.59375,0.0,0.0,3.59375,12.96875,0.0,0.0,3.59375,0.0,0.0,0.0,0.0,0.0,0.0,0.0,0.0,0.0,0.0,0.0,0.0,0.0,0.0,0.0,0.0,0.0,0.0,0.0,0.0,0.0,0.0,0.0,0.0,0.0,0.0,0.0,0.0,0.0,0.0,0.0,0.0,0.0,0.0,0.0,0.0,4.53125,0.0,0.0,0.0,0.0,0.0,0.0,0.0,0.0,0.0,0.0,0.0,0.0,0.0,12.65625,0.0,12.65625,0.0,0.0,0.0,12.65625,0.0,0.0,0.0,0.0,3.28125,207.65625,206.25,206.25,206.25,224.53125,204.84375,191.5625,202.03125,206.25,206.25,206.25,206.25,206.25,206.25,206.25,206.25,206.25,206.25,206.25,206.25,206.25,206.25,206.25,206.25,206.25,206.25,206.25,206.25,206.25,206.25,206.25,206.25,206.25,206.25,206.25,206.25,206.25,206.25,206.25,206.25,206.25,206.25,206.25,206.25,206.25,206.25,206.25,206.25,206.25,206.25,206.25,206.25,206.25,206.25,207.5,206.25,206.25,206.25,206.25,206.25,206.25,206.25,206.25,206.25,206.25,206.25,206.25,206.25,206.25,206.25,206.25,206.25,206.25,206.25,206.25,206.25,206.25,206.25,206.25,206.25,206.25,206.25,206.25,206.25,206.25,206.25,393.4375,393.4375,394.53125,393.4375,407.8125,407.8125,420.3125,386.09375,370.15625,396.875,420.3125,407.34375,420.3125,420.3125,407.34375,407.34375,407.34375,420.3125,420.3125,420.3125,393.4375,407.34375,407.34375,420.3125,407.34375,393.4375,420.3125,416.25,420.3125,407.34375,420.3125,420.3125,407.34375,393.4375,393.4375,407.34375,407.34375,393.4375,393.4375,420.3125,414.0625,407.34375,420.3125,407.34375,407.34375,420.3125,407.34375,396.875,407.34375,407.34375,407.34375,420.3125,407.34375,407.34375,393.4375,393.4375,407.34375,407.34375,393.4375,407.34375,407.34375,393.4375,393.4375,407.34375,407.34375,393.4375,396.875,420.3125,407.34375,416.25,420.3125,420.3125,393.4375,407.34375,393.4375,396.875,416.25,420.3125,407.34375,407.34375,404.21875,392.8125,404.21875,404.21875,407.34375,420.3125,392.8125,404.21875,392.8125,396.875,392.8125,392.8125,404.21875,392.8125,392.8125,392.8125,392.8125,392.8125,392.8125,392.8125,413.59375,407.34375,244.375,244.84375,248.28125,237.8125,244.375,244.84375,244.84375,244.84375,244.84375,244.84375,244.84375,244.84375,244.84375,245.78125,252.96875,252.96875,252.96875,252.96875,252.96875,244.84375,244.84375,237.8125,252.96875,244.84375,244.84375,244.84375,244.84375,244.84375,244.84375,244.84375,244.84375,244.84375,244.84375,244.84375,244.84375,237.8125,237.8125,244.84375,244.84375,244.84375,244.84375,244.84375,244.84375,244.84375,245.78125,244.84375,244.84375,244.84375,244.84375,244.84375,244.84375,244.84375,244.84375,244.84375,244.84375,244.84375,245.78125,249.375,244.84375,244.84375,244.84375,244.84375,244.84375,245.78125,241.875,244.84375,255.0,244.84375,244.84375,244.84375,245.78125,244.84375,244.84375,248.28125,237.8125,244.84375,237.8125,237.8125,237.8125,237.8125,237.8125,237.8125,237.8125,237.8125,244.84375,237.8125,237.8125,244.6875,237.8125,237.8125,237.8125,244.84375,237.8125
hDenV1/Colombia/un-OUCRU-133/2013,0.0,0.0,0.0,0.0,0.0,0.0,0.0,0.0,0.0,0.0,0.0,12.65625,12.65625,12.65625,0.0,12.65625,0.0,0.0,0.0,0.0,0.0,0.0,0.0,3.59375,0.0,22.65625,0.0,3.59375,3.59375,0.0,0.0,0.0,0.0,0.0,20.625,3.59375,0.0,0.0,3.59375,12.96875,0.0,0.0,3.59375,0.0,0.0,0.0,0.0,0.0,0.0,0.0,0.0,0.0,0.0,0.0,0.0,0.0,0.0,0.0,0.0,0.0,0.0,0.0,0.0,0.0,0.0,0.0,0.0,0.0,0.0,0.0,0.0,0.0,0.0,0.0,0.0,0.0,0.0,0.0,0.0,4.53125,0.0,0.0,0.0,0.0,0.0,0.0,0.0,0.0,0.0,0.0,0.0,0.0,0.0,12.65625,0.0,12.65625,0.0,0.0,0.0,12.65625,0.0,0.0,0.0,0.0,3.28125,207.65625,206.25,206.25,206.25,224.53125,204.84375,191.5625,202.03125,206.25,206.25,206.25,206.25,206.25,206.25,206.25,206.25,206.25,206.25,206.25,206.25,206.25,206.25,206.25,206.25,206.25,206.25,206.25,206.25,206.25,206.25,206.25,206.25,206.25,206.25,206.25,206.25,206.25,206.25,206.25,206.25,206.25,206.25,206.25,206.25,206.25,206.25,206.25,206.25,206.25,206.25,206.25,206.25,206.25,206.25,207.5,206.25,206.25,206.25,206.25,206.25,206.25,206.25,206.25,206.25,206.25,206.25,206.25,206.25,206.25,206.25,206.25,206.25,206.25,206.25,206.25,206.25,206.25,206.25,206.25,206.25,206.25,206.25,206.25,206.25,206.25,206.25,393.4375,393.4375,394.53125,393.4375,407.8125,407.8125,420.3125,386.09375,370.15625,396.875,420.3125,407.34375,420.3125,420.3125,407.34375,407.34375,407.34375,420.3125,420.3125,420.3125,393.4375,407.34375,407.34375,420.3125,407.34375,393.4375,420.3125,416.25,420.3125,407.34375,420.3125,420.3125,407.34375,393.4375,393.4375,407.34375,407.34375,393.4375,393.4375,420.3125,414.0625,407.34375,420.3125,407.34375,407.34375,420.3125,407.34375,396.875,407.34375,407.34375,407.34375,420.3125,407.34375,407.34375,393.4375,393.4375,407.34375,407.34375,393.4375,407.34375,407.34375,393.4375,393.4375,407.34375,407.34375,393.4375,396.875,420.3125,407.34375,416.25,420.3125,420.3125,393.4375,407.34375,393.4375,396.875,416.25,420.3125,407.34375,407.34375,404.21875,392.8125,404.21875,404.21875,407.34375,420.3125,392.8125,404.21875,392.8125,396.875,392.8125,392.8125,404.21875,392.8125,392.8125,392.8125,392.8125,392.8125,392.8125,392.8125,413.59375,407.34375,244.375,244.84375,248.28125,237.8125,244.375,244.84375,244.84375,244.84375,244.84375,244.84375,244.84375,244.84375,244.84375,245.78125,252.96875,252.96875,252.96875,252.96875,252.96875,244.84375,244.84375,237.8125,252.96875,244.84375,244.84375,244.84375,244.84375,244.84375,244.84375,244.84375,244.84375,244.84375,244.84375,244.84375,244.84375,237.8125,237.8125,244.84375,244.84375,244.84375,244.84375,244.84375,244.84375,244.84375,245.78125,244.84375,244.84375,244.84375,244.84375,244.84375,244.84375,244.84375,244.84375,244.84375,244.84375,244.84375,245.78125,249.375,244.84375,244.84375,244.84375,244.84375,244.84375,245.78125,241.875,244.84375,255.0,244.84375,244.84375,244.84375,245.78125,244.84375,244.84375,248.28125,237.8125,244.84375,237.8125,237.8125,237.8125,237.8125,237.8125,237.8125,237.8125,237.8125,244.84375,237.8125,237.8125,244.6875,237.8125,237.8125,237.8125,244.84375,237.8125
hDenV1/Colombia/un-OUCRU-134/2013,0.0,0.0,0.0,0.0,0.0,0.0,0.0,0.0,0.0,0.0,0.0,12.65625,12.65625,12.65625,0.0,12.65625,0.0,0.0,0.0,0.0,0.0,0.0,0.0,3.59375,0.0,22.65625,0.0,3.59375,3.59375,0.0,0.0,0.0,0.0,0.0,20.625,3.59375,0.0,0.0,3.59375,12.96875,0.0,0.0,3.59375,0.0,0.0,0.0,0.0,0.0,0.0,0.0,0.0,0.0,0.0,0.0,0.0,0.0,0.0,0.0,0.0,0.0,0.0,0.0,0.0,0.0,0.0,0.0,0.0,0.0,0.0,0.0,0.0,0.0,0.0,0.0,0.0,0.0,0.0,0.0,0.0,4.53125,0.0,0.0,0.0,0.0,0.0,0.0,0.0,0.0,0.0,0.0,0.0,0.0,0.0,12.65625,0.0,12.65625,0.0,0.0,0.0,12.65625,0.0,0.0,0.0,0.0,3.28125,207.65625,206.25,206.25,206.25,224.53125,204.84375,191.5625,202.03125,206.25,206.25,206.25,206.25,206.25,206.25,206.25,206.25,206.25,206.25,206.25,206.25,206.25,206.25,206.25,206.25,206.25,206.25,206.25,206.25,206.25,206.25,206.25,206.25,206.25,206.25,206.25,206.25,206.25,206.25,206.25,206.25,206.25,206.25,206.25,206.25,206.25,206.25,206.25,206.25,206.25,206.25,206.25,206.25,206.25,206.25,207.5,206.25,206.25,206.25,206.25,206.25,206.25,206.25,206.25,206.25,206.25,206.25,206.25,206.25,206.25,206.25,206.25,206.25,206.25,206.25,206.25,206.25,206.25,206.25,206.25,206.25,206.25,206.25,206.25,206.25,206.25,206.25,393.4375,393.4375,394.53125,393.4375,407.8125,407.8125,420.3125,386.09375,370.15625,396.875,420.3125,407.34375,420.3125,420.3125,407.34375,407.34375,407.34375,420.3125,420.3125,420.3125,393.4375,407.34375,407.34375,420.3125,407.34375,393.4375,420.3125,416.25,420.3125,407.34375,420.3125,420.3125,407.34375,393.4375,393.4375,407.34375,407.34375,393.4375,393.4375,420.3125,414.0625,407.34375,420.3125,407.34375,407.34375,420.3125,407.34375,396.875,407.34375,407.34375,407.34375,420.3125,407.34375,407.34375,393.4375,393.4375,407.34375,407.34375,393.4375,407.34375,407.34375,393.4375,393.4375,407.34375,407.34375,393.4375,396.875,420.3125,407.34375,416.25,420.3125,420.3125,393.4375,407.34375,393.4375,396.875,416.25,420.3125,407.34375,407.34375,404.21875,392.8125,404.21875,404.21875,407.34375,420.3125,392.8125,404.21875,392.8125,396.875,392.8125,392.8125,404.21875,392.8125,392.8125,392.8125,392.8125,392.8125,392.8125,392.8125,413.59375,407.34375,244.375,244.84375,248.28125,237.8125,244.375,244.84375,244.84375,244.84375,244.84375,244.84375,244.84375,244.84375,244.84375,245.78125,252.96875,252.96875,252.96875,252.96875,252.96875,244.84375,244.84375,237.8125,252.96875,244.84375,244.84375,244.84375,244.84375,244.84375,244.84375,244.84375,244.84375,244.84375,244.84375,244.84375,244.84375,237.8125,237.8125,244.84375,244.84375,244.84375,244.84375,244.84375,244.84375,244.84375,245.78125,244.84375,244.84375,244.84375,244.84375,244.84375,244.84375,244.84375,244.84375,244.84375,244.84375,244.84375,245.78125,249.375,244.84375,244.84375,244.84375,244.84375,244.84375,245.78125,241.875,244.84375,255.0,244.84375,244.84375,244.84375,245.78125,244.84375,244.84375,248.28125,237.8125,244.84375,237.8125,237.8125,237.8125,237.8125,237.8125,237.8125,237.8125,237.8125,244.84375,237.8125,237.8125,244.6875,237.8125,237.8125,237.8125,244.84375,237.8125
hDenV1/Colombia/un-OUCRU-135/2013,0.0,0.0,0.0,0.0,0.0,0.0,0.0,0.0,0.0,0.0,0.0,12.65625,12.65625,12.65625,0.0,12.65625,0.0,0.0,0.0,0.0,0.0,0.0,0.0,3.59375,0.0,22.65625,0.0,3.59375,3.59375,0.0,0.0,0.0,0.0,0.0,20.625,3.59375,0.0,0.0,3.59375,12.96875,0.0,0.0,3.59375,0.0,0.0,0.0,0.0,0.0,0.0,0.0,0.0,0.0,0.0,0.0,0.0,0.0,0.0,0.0,0.0,0.0,0.0,0.0,0.0,0.0,0.0,0.0,0.0,0.0,0.0,0.0,0.0,0.0,0.0,0.0,0.0,0.0,0.0,0.0,0.0,4.53125,0.0,0.0,0.0,0.0,0.0,0.0,0.0,0.0,0.0,0.0,0.0,0.0,0.0,12.65625,0.0,12.65625,0.0,0.0,0.0,12.65625,0.0,0.0,0.0,0.0,3.28125,207.65625,206.25,206.25,206.25,224.53125,204.84375,191.5625,202.03125,206.25,206.25,206.25,206.25,206.25,206.25,206.25,206.25,206.25,206.25,206.25,206.25,206.25,206.25,206.25,206.25,206.25,206.25,206.25,206.25,206.25,206.25,206.25,206.25,206.25,206.25,206.25,206.25,206.25,206.25,206.25,206.25,206.25,206.25,206.25,206.25,206.25,206.25,206.25,206.25,206.25,206.25,206.25,206.25,206.25,206.25,207.5,206.25,206.25,206.25,206.25,206.25,206.25,206.25,206.25,206.25,206.25,206.25,206.25,206.25,206.25,206.25,206.25,206.25,206.25,206.25,206.25,206.25,206.25,206.25,206.25,206.25,206.25,206.25,206.25,206.25,206.25,206.25,393.4375,393.4375,394.53125,393.4375,407.8125,407.8125,420.3125,386.09375,370.15625,396.875,420.3125,407.34375,420.3125,420.3125,407.34375,407.34375,407.34375,420.3125,420.3125,420.3125,393.4375,407.34375,407.34375,420.3125,407.34375,393.4375,420.3125,416.25,420.3125,407.34375,420.3125,420.3125,407.34375,393.4375,393.4375,407.34375,407.34375,393.4375,393.4375,420.3125,414.0625,407.34375,420.3125,407.34375,407.34375,420.3125,407.34375,396.875,407.34375,407.34375,407.34375,420.3125,407.34375,407.34375,393.4375,393.4375,407.34375,407.34375,393.4375,407.34375,407.34375,393.4375,393.4375,407.34375,407.34375,393.4375,396.875,420.3125,407.34375,416.25,420.3125,420.3125,393.4375,407.34375,393.4375,396.875,416.25,420.3125,407.34375,407.34375,404.21875,392.8125,404.21875,404.21875,407.34375,420.3125,392.8125,404.21875,392.8125,396.875,392.8125,392.8125,404.21875,392.8125,392.8125,392.8125,392.8125,392.8125,392.8125,392.8125,413.59375,407.34375,244.375,244.84375,248.28125,237.8125,244.375,244.84375,244.84375,244.84375,244.84375,244.84375,244.84375,244.84375,244.84375,245.78125,252.96875,252.96875,252.96875,252.96875,252.96875,244.84375,244.84375,237.8125,252.96875,244.84375,244.84375,244.84375,244.84375,244.84375,244.84375,244.84375,244.84375,244.84375,244.84375,244.84375,244.84375,237.8125,237.8125,244.84375,244.84375,244.84375,244.84375,244.84375,244.84375,244.84375,245.78125,244.84375,244.84375,244.84375,244.84375,244.84375,244.84375,244.84375,244.84375,244.84375,244.84375,244.84375,245.78125,249.375,244.84375,244.84375,244.84375,244.84375,244.84375,245.78125,241.875,244.84375,255.0,244.84375,244.84375,244.84375,245.78125,244.84375,244.84375,248.28125,237.8125,244.84375,237.8125,237.8125,237.8125,237.8125,237.8125,237.8125,237.8125,237.8125,244.84375,237.8125,237.8125,244.6875,237.8125,237.8125,237.8125,244.84375,237.8125
hDenV1/Colombia/un-OUCRU-136/2013,0.0,0.0,0.0,0.0,0.0,0.0,0.0,0.0,0.0,0.0,0.0,12.65625,12.65625,12.65625,0.0,12.65625,0.0,0.0,0.0,0.0,0.0,0.0,0.0,3.59375,0.0,22.65625,0.0,3.59375,3.59375,0.0,0.0,0.0,0.0,0.0,20.625,3.59375,0.0,0.0,3.59375,12.96875,0.0,0.0,3.59375,0.0,0.0,0.0,0.0,0.0,0.0,0.0,0.0,0.0,0.0,0.0,0.0,0.0,0.0,0.0,0.0,0.0,0.0,0.0,0.0,0.0,0.0,0.0,0.0,0.0,0.0,0.0,0.0,0.0,0.0,0.0,0.0,0.0,0.0,0.0,0.0,4.53125,0.0,0.0,0.0,0.0,0.0,0.0,0.0,0.0,0.0,0.0,0.0,0.0,0.0,12.65625,0.0,12.65625,0.0,0.0,0.0,12.65625,0.0,0.0,0.0,0.0,3.28125,207.65625,206.25,206.25,206.25,224.53125,204.84375,191.5625,202.03125,206.25,206.25,206.25,206.25,206.25,206.25,206.25,206.25,206.25,206.25,206.25,206.25,206.25,206.25,206.25,206.25,206.25,206.25,206.25,206.25,206.25,206.25,206.25,206.25,206.25,206.25,206.25,206.25,206.25,206.25,206.25,206.25,206.25,206.25,206.25,206.25,206.25,206.25,206.25,206.25,206.25,206.25,206.25,206.25,206.25,206.25,207.5,206.25,206.25,206.25,206.25,206.25,206.25,206.25,206.25,206.25,206.25,206.25,206.25,206.25,206.25,206.25,206.25,206.25,206.25,206.25,206.25,206.25,206.25,206.25,206.25,206.25,206.25,206.25,206.25,206.25,206.25,206.25,393.4375,393.4375,394.53125,393.4375,407.8125,407.8125,420.3125,386.09375,370.15625,396.875,420.3125,407.34375,420.3125,420.3125,407.34375,407.34375,407.34375,420.3125,420.3125,420.3125,393.4375,407.34375,407.34375,420.3125,407.34375,393.4375,420.3125,416.25,420.3125,407.34375,420.3125,420.3125,407.34375,393.4375,393.4375,407.34375,407.34375,393.4375,393.4375,420.3125,414.0625,407.34375,420.3125,407.34375,407.34375,420.3125,407.34375,396.875,407.34375,407.34375,407.34375,420.3125,407.34375,407.34375,393.4375,393.4375,407.34375,407.34375,393.4375,407.34375,407.34375,393.4375,393.4375,407.34375,407.34375,393.4375,396.875,420.3125,407.34375,416.25,420.3125,420.3125,393.4375,407.34375,393.4375,396.875,416.25,420.3125,407.34375,407.34375,404.21875,392.8125,404.21875,404.21875,407.34375,420.3125,392.8125,404.21875,392.8125,396.875,392.8125,392.8125,404.21875,392.8125,392.8125,392.8125,392.8125,392.8125,392.8125,392.8125,413.59375,407.34375,244.375,244.84375,248.28125,237.8125,244.375,244.84375,244.84375,244.84375,244.84375,244.84375,244.84375,244.84375,244.84375,245.78125,252.96875,252.96875,252.96875,252.96875,252.96875,244.84375,244.84375,237.8125,252.96875,244.84375,244.84375,244.84375,244.84375,244.84375,244.84375,244.84375,244.84375,244.84375,244.84375,244.84375,244.84375,237.8125,237.8125,244.84375,244.84375,244.84375,244.84375,244.84375,244.84375,244.84375,245.78125,244.84375,244.84375,244.84375,244.84375,244.84375,244.84375,244.84375,244.84375,244.84375,244.84375,244.84375,245.78125,249.375,244.84375,244.84375,244.84375,244.84375,244.84375,245.78125,241.875,244.84375,255.0,244.84375,244.84375,244.84375,245.78125,244.84375,244.84375,248.28125,237.8125,244.84375,237.8125,237.8125,237.8125,237.8125,237.8125,237.8125,237.8125,237.8125,244.84375,237.8125,237.8125,244.6875,237.8125,237.8125,237.8125,244.84375,237.8125
hDenV1/Colombia/un-OUCRU-332/2013,0.0,0.0,0.0,0.0,0.0,0.0,0.0,0.0,0.0,0.0,0.0,12.65625,12.65625,12.65625,0.0,12.65625,0.0,0.0,0.0,0.0,0.0,0.0,0.0,3.59375,0.0,22.65625,0.0,3.59375,3.59375,0.0,0.0,0.0,0.0,0.0,20.625,3.59375,0.0,0.0,3.59375,12.96875,0.0,0.0,3.59375,0.0,0.0,0.0,0.0,0.0,0.0,0.0,0.0,0.0,0.0,0.0,0.0,0.0,0.0,0.0,0.0,0.0,0.0,0.0,0.0,0.0,0.0,0.0,0.0,0.0,0.0,0.0,0.0,0.0,0.0,0.0,0.0,0.0,0.0,0.0,0.0,4.53125,0.0,0.0,0.0,0.0,0.0,0.0,0.0,0.0,0.0,0.0,0.0,0.0,0.0,12.65625,0.0,12.65625,0.0,0.0,0.0,12.65625,0.0,0.0,0.0,0.0,3.28125,207.65625,206.25,206.25,206.25,224.53125,204.84375,191.5625,202.03125,206.25,206.25,206.25,206.25,206.25,206.25,206.25,206.25,206.25,206.25,206.25,206.25,206.25,206.25,206.25,206.25,206.25,206.25,206.25,206.25,206.25,206.25,206.25,206.25,206.25,206.25,206.25,206.25,206.25,206.25,206.25,206.25,206.25,206.25,206.25,206.25,206.25,206.25,206.25,206.25,206.25,206.25,206.25,206.25,206.25,206.25,207.5,206.25,206.25,206.25,206.25,206.25,206.25,206.25,206.25,206.25,206.25,206.25,206.25,206.25,206.25,206.25,206.25,206.25,206.25,206.25,206.25,206.25,206.25,206.25,206.25,206.25,206.25,206.25,206.25,206.25,206.25,206.25,393.4375,393.4375,394.53125,393.4375,407.8125,407.8125,420.3125,386.09375,370.15625,396.875,420.3125,407.34375,420.3125,420.3125,407.34375,407.34375,407.34375,420.3125,420.3125,420.3125,393.4375,407.34375,407.34375,420.3125,407.34375,393.4375,420.3125,416.25,420.3125,407.34375,420.3125,420.3125,407.34375,393.4375,393.4375,407.34375,407.34375,393.4375,393.4375,420.3125,414.0625,407.34375,420.3125,407.34375,407.34375,420.3125,407.34375,396.875,407.34375,407.34375,407.34375,420.3125,407.34375,407.34375,393.4375,393.4375,407.34375,407.34375,393.4375,407.34375,407.34375,393.4375,393.4375,407.34375,407.34375,393.4375,396.875,420.3125,407.34375,416.25,420.3125,420.3125,393.4375,407.34375,393.4375,396.875,416.25,420.3125,407.34375,407.34375,404.21875,392.8125,404.21875,404.21875,407.34375,420.3125,392.8125,404.21875,392.8125,396.875,392.8125,392.8125,404.21875,392.8125,392.8125,392.8125,392.8125,392.8125,392.8125,392.8125,413.59375,407.34375,244.375,244.84375,248.28125,237.8125,244.375,244.84375,244.84375,244.84375,244.84375,244.84375,244.84375,244.84375,244.84375,245.78125,252.96875,252.96875,252.96875,252.96875,252.96875,244.84375,244.84375,237.8125,252.96875,244.84375,244.84375,244.84375,244.84375,244.84375,244.84375,244.84375,244.84375,244.84375,244.84375,244.84375,244.84375,237.8125,237.8125,244.84375,244.84375,244.84375,244.84375,244.84375,244.84375,244.84375,245.78125,244.84375,244.84375,244.84375,244.84375,244.84375,244.84375,244.84375,244.84375,244.84375,244.84375,244.84375,245.78125,249.375,244.84375,244.84375,244.84375,244.84375,244.84375,245.78125,241.875,244.84375,255.0,244.84375,244.84375,244.84375,245.78125,244.84375,244.84375,248.28125,237.8125,244.84375,237.8125,237.8125,237.8125,237.8125,237.8125,237.8125,237.8125,237.8125,244.84375,237.8125,237.8125,244.6875,237.8125,237.8125,237.8125,244.84375,237.8125
hDenV1/Colombia/un-OUCRU-333/2013,0.0,0.0,0.0,0.0,0.0,0.0,0.0,0.0,0.0,0.0,0.0,12.65625,12.65625,12.65625,0.0,12.65625,0.0,0.0,0.0,0.0,0.0,0.0,0.0,3.59375,0.0,22.65625,0.0,3.59375,3.59375,0.0,0.0,0.0,0.0,0.0,20.625,3.59375,0.0,0.0,3.59375,12.96875,0.0,0.0,3.59375,0.0,0.0,0.0,0.0,0.0,0.0,0.0,0.0,0.0,0.0,0.0,0.0,0.0,0.0,0.0,0.0,0.0,0.0,0.0,0.0,0.0,0.0,0.0,0.0,0.0,0.0,0.0,0.0,0.0,0.0,0.0,0.0,0.0,0.0,0.0,0.0,4.53125,0.0,0.0,0.0,0.0,0.0,0.0,0.0,0.0,0.0,0.0,0.0,0.0,0.0,12.65625,0.0,12.65625,0.0,0.0,0.0,12.65625,0.0,0.0,0.0,0.0,3.28125,207.65625,206.25,206.25,206.25,224.53125,204.84375,191.5625,202.03125,206.25,206.25,206.25,206.25,206.25,206.25,206.25,206.25,206.25,206.25,206.25,206.25,206.25,206.25,206.25,206.25,206.25,206.25,206.25,206.25,206.25,206.25,206.25,206.25,206.25,206.25,206.25,206.25,206.25,206.25,206.25,206.25,206.25,206.25,206.25,206.25,206.25,206.25,206.25,206.25,206.25,206.25,206.25,206.25,206.25,206.25,207.5,206.25,206.25,206.25,206.25,206.25,206.25,206.25,206.25,206.25,206.25,206.25,206.25,206.25,206.25,206.25,206.25,206.25,206.25,206.25,206.25,206.25,206.25,206.25,206.25,206.25,206.25,206.25,206.25,206.25,206.25,206.25,393.4375,393.4375,394.53125,393.4375,407.8125,407.8125,420.3125,386.09375,370.15625,396.875,420.3125,407.34375,420.3125,420.3125,407.34375,407.34375,407.34375,420.3125,420.3125,420.3125,393.4375,407.34375,407.34375,420.3125,407.34375,393.4375,420.3125,416.25,420.3125,407.34375,420.3125,420.3125,407.34375,393.4375,393.4375,407.34375,407.34375,393.4375,393.4375,420.3125,414.0625,407.34375,420.3125,407.34375,407.34375,420.3125,407.34375,396.875,407.34375,407.34375,407.34375,420.3125,407.34375,407.34375,393.4375,393.4375,407.34375,407.34375,393.4375,407.34375,407.34375,393.4375,393.4375,407.34375,407.34375,393.4375,396.875,420.3125,407.34375,416.25,420.3125,420.3125,393.4375,407.34375,393.4375,396.875,416.25,420.3125,407.34375,407.34375,404.21875,392.8125,404.21875,404.21875,407.34375,420.3125,392.8125,404.21875,392.8125,396.875,392.8125,392.8125,404.21875,392.8125,392.8125,392.8125,392.8125,392.8125,392.8125,392.8125,413.59375,407.34375,244.375,244.84375,248.28125,237.8125,244.375,244.84375,244.84375,244.84375,244.84375,244.84375,244.84375,244.84375,244.84375,245.78125,252.96875,252.96875,252.96875,252.96875,252.96875,244.84375,244.84375,237.8125,252.96875,244.84375,244.84375,244.84375,244.84375,244.84375,244.84375,244.84375,244.84375,244.84375,244.84375,244.84375,244.84375,237.8125,237.8125,244.84375,244.84375,244.84375,244.84375,244.84375,244.84375,244.84375,245.78125,244.84375,244.84375,244.84375,244.84375,244.84375,244.84375,244.84375,244.84375,244.84375,244.84375,244.84375,245.78125,249.375,244.84375,244.84375,244.84375,244.84375,244.84375,245.78125,241.875,244.84375,255.0,244.84375,244.84375,244.84375,245.78125,244.84375,244.84375,248.28125,237.8125,244.84375,237.8125,237.8125,237.8125,237.8125,237.8125,237.8125,237.8125,237.8125,244.84375,237.8125,237.8125,244.6875,237.8125,237.8125,237.8125,244.84375,237.8125
hDenV1/Colombia/un-OUCRU-338/2013,12.96875,12.96875,12.96875,12.96875,12.96875,12.96875,12.96875,12.96875,12.96875,12.96875,12.96875,25.625,25.625,25.625,12.96875,25.625,12.96875,12.96875,12.96875,12.96875,12.96875,12.96875,12.96875,16.5625,12.96875,35.625,12.96875,16.5625,16.5625,12.96875,12.96875,12.96875,12.96875,12.96875,33.59375,16.5625,12.96875,12.96875,16.5625,0.0,12.96875,12.96875,16.5625,12.96875,12.96875,12.96875,12.96875,12.96875,12.96875,12.96875,12.96875,12.96875,12.96875,12.96875,12.96875,12.96875,12.96875,12.96875,12.96875,12.96875,12.96875,12.96875,12.96875,12.96875,12.96875,12.96875,12.96875,12.96875,12.96875,12.96875,12.96875,12.96875,12.96875,12.96875,12.96875,12.96875,12.96875,12.96875,12.96875,17.5,12.96875,12.96875,12.96875,12.96875,12.96875,12.96875,12.96875,12.96875,12.96875,12.96875,12.96875,12.96875,12.96875,25.625,12.96875,25.625,12.96875,12.96875,12.96875,25.625,12.96875,12.96875,12.96875,12.96875,16.25,202.5,201.09375,201.09375,201.09375,219.375,199.6875,186.40625,196.875,201.09375,201.09375,201.09375,201.09375,201.09375,201.09375,201.09375,201.09375,201.09375,201.09375,201.09375,201.09375,201.09375,201.09375,201.09375,201.09375,201.09375,201.09375,201.09375,201.09375,201.09375,201.09375,201.09375,201.09375,201.09375,201.09375,201.09375,201.09375,201.09375,201.09375,201.09375,201.09375,201.09375,201.09375,201.09375,201.09375,201.09375,201.09375,201.09375,201.09375,201.09375,201.09375,201.09375,201.09375,201.09375,201.09375,202.34375,201.09375,201.09375,201.09375,201.09375,201.09375,201.09375,201.09375,201.09375,201.09375,201.09375,201.09375,201.09375,201.09375,201.09375,201.09375,201.09375,201.09375,201.09375,201.09375,201.09375,201.09375,201.09375,201.09375,201.09375,201.09375,201.09375,201.09375,201.09375,201.09375,201.09375,201.09375,406.40625,406.40625,407.5,406.40625,394.84375,394.84375,407.34375,399.0625,357.1875,409.84375,407.34375,420.3125,407.34375,407.34375,420.3125,420.3125,420.3125,407.34375,407.34375,407.34375,406.40625,420.3125,420.3125,407.34375,420.3125,406.40625,407.34375,403.28125,407.34375,420.3125,407.34375,407.34375,420.3125,406.40625,406.40625,420.3125,420.3125,406.40625,406.40625,407.34375,401.09375,420.3125,407.34375,420.3125,420.3125,407.34375,420.3125,409.84375,420.3125,420.3125,420.3125,407.34375,420.3125,420.3125,406.40625,406.40625,420.3125,420.3125,406.40625,420.3125,420.3125,406.40625,406.40625,420.3125,420.3125,406.40625,409.84375,407.34375,420.3125,403.28125,407.34375,407.34375,406.40625,420.3125,406.40625,409.84375,403.28125,407.34375,420.3125,420.3125,417.1875,405.78125,417.1875,417.1875,420.3125,407.34375,405.78125,417.1875,405.78125,409.84375,405.78125,405.78125,417.1875,405.78125,405.78125,405.78125,405.78125,405.78125,405.78125,405.78125,426.5625,420.3125,253.90625,254.375,252.8125,247.34375,253.90625,254.375,254.375,254.375,254.375,254.375,254.375,254.375,254.375,255.3125,262.5,262.5,262.5,262.5,262.5,254.375,254.375,247.34375,262.5,254.375,254.375,254.375,254.375,254.375,254.375,254.375,254.375,254.375,254.375,254.375,254.375,247.34375,247.34375,254.375,254.375,254.375,254.375,254.375,254.375,254.375,255.3125,254.375,254.375,254.375,254.375,254.375,254.375,254.375,254.375,254.375,254.375,254.375,255.3125,258.90625,254.375,254.375,254.375,254.375,254.375,255.3125,251.40625,254.375,247.96875,254.375,254.375,254.375,255.3125,254.375,254.375,252.8125,247.34375,254.375,247.34375,247.34375,247.34375,247.34375,247.34375,247.34375,247.34375,247.34375,254.375,247.34375,247.34375,254.21875,247.34375,247.34375,247.34375,254.375,247.34375
hDenV1/Colombia/un-OUCRU-340/2013,0.0,0.0,0.0,0.0,0.0,0.0,0.0,0.0,0.0,0.0,0.0,12.65625,12.65625,12.65625,0.0,12.65625,0.0,0.0,0.0,0.0,0.0,0.0,0.0,3.59375,0.0,22.65625,0.0,3.59375,3.59375,0.0,0.0,0.0,0.0,0.0,20.625,3.59375,0.0,0.0,3.59375,12.96875,0.0,0.0,3.59375,0.0,0.0,0.0,0.0,0.0,0.0,0.0,0.0,0.0,0.0,0.0,0.0,0.0,0.0,0.0,0.0,0.0,0.0,0.0,0.0,0.0,0.0,0.0,0.0,0.0,0.0,0.0,0.0,0.0,0.0,0.0,0.0,0.0,0.0,0.0,0.0,4.53125,0.0,0.0,0.0,0.0,0.0,0.0,0.0,0.0,0.0,0.0,0.0,0.0,0.0,12.65625,0.0,12.65625,0.0,0.0,0.0,12.65625,0.0,0.0,0.0,0.0,3.28125,207.65625,206.25,206.25,206.25,224.53125,204.84375,191.5625,202.03125,206.25,206.25,206.25,206.25,206.25,206.25,206.25,206.25,206.25,206.25,206.25,206.25,206.25,206.25,206.25,206.25,206.25,206.25,206.25,206.25,206.25,206.25,206.25,206.25,206.25,206.25,206.25,206.25,206.25,206.25,206.25,206.25,206.25,206.25,206.25,206.25,206.25,206.25,206.25,206.25,206.25,206.25,206.25,206.25,206.25,206.25,207.5,206.25,206.25,206.25,206.25,206.25,206.25,206.25,206.25,206.25,206.25,206.25,206.25,206.25,206.25,206.25,206.25,206.25,206.25,206.25,206.25,206.25,206.25,206.25,206.25,206.25,206.25,206.25,206.25,206.25,206.25,206.25,393.4375,393.4375,394.53125,393.4375,407.8125,407.8125,420.3125,386.09375,370.15625,396.875,420.3125,407.34375,420.3125,420.3125,407.34375,407.34375,407.34375,420.3125,420.3125,420.3125,393.4375,407.34375,407.34375,420.3125,407.34375,393.4375,420.3125,416.25,420.3125,407.34375,420.3125,420.3125,407.34375,393.4375,393.4375,407.34375,407.34375,393.4375,393.4375,420.3125,414.0625,407.34375,420.3125,407.34375,407.34375,420.3125,407.34375,396.875,407.34375,407.34375,407.34375,420.3125,407.34375,407.34375,393.4375,393.4375,407.34375,407.34375,393.4375,407.34375,407.34375,393.4375,393.4375,407.34375,407.34375,393.4375,396.875,420.3125,407.34375,416.25,420.3125,420.3125,393.4375,407.34375,393.4375,396.875,416.25,420.3125,407.34375,407.34375,404.21875,392.8125,404.21875,404.21875,407.34375,420.3125,392.8125,404.21875,392.8125,396.875,392.8125,392.8125,404.21875,392.8125,392.8125,392.8125,392.8125,392.8125,392.8125,392.8125,413.59375,407.34375,244.375,244.84375,248.28125,237.8125,244.375,244.84375,244.84375,244.84375,244.84375,244.84375,244.84375,244.84375,244.84375,245.78125,252.96875,252.96875,252.96875,252.96875,252.96875,244.84375,244.84375,237.8125,252.96875,244.84375,244.84375,244.84375,244.84375,244.84375,244.84375,244.84375,244.84375,244.84375,244.84375,244.84375,244.84375,237.8125,237.8125,244.84375,244.84375,244.84375,244.84375,244.84375,244.84375,244.84375,245.78125,244.84375,244.84375,244.84375,244.84375,244.84375,244.84375,244.84375,244.84375,244.84375,244.84375,244.84375,245.78125,249.375,244.84375,244.84375,244.84375,244.84375,244.84375,245.78125,241.875,244.84375,255.0,244.84375,244.84375,244.84375,245.78125,244.84375,244.84375,248.28125,237.8125,244.84375,237.8125,237.8125,237.8125,237.8125,237.8125,237.8125,237.8125,237.8125,244.84375,237.8125,237.8125,244.6875,237.8125,237.8125,237.8125,244.84375,237.8125
hDenV1/Colombia/un-OUCRU-341/2013,0.0,0.0,0.0,0.0,0.0,0.0,0.0,0.0,0.0,0.0,0.0,12.65625,12.65625,12.65625,0.0,12.65625,0.0,0.0,0.0,0.0,0.0,0.0,0.0,3.59375,0.0,22.65625,0.0,3.59375,3.59375,0.0,0.0,0.0,0.0,0.0,20.625,3.59375,0.0,0.0,3.59375,12.96875,0.0,0.0,3.59375,0.0,0.0,0.0,0.0,0.0,0.0,0.0,0.0,0.0,0.0,0.0,0.0,0.0,0.0,0.0,0.0,0.0,0.0,0.0,0.0,0.0,0.0,0.0,0.0,0.0,0.0,0.0,0.0,0.0,0.0,0.0,0.0,0.0,0.0,0.0,0.0,4.53125,0.0,0.0,0.0,0.0,0.0,0.0,0.0,0.0,0.0,0.0,0.0,0.0,0.0,12.65625,0.0,12.65625,0.0,0.0,0.0,12.65625,0.0,0.0,0.0,0.0,3.28125,207.65625,206.25,206.25,206.25,224.53125,204.84375,191.5625,202.03125,206.25,206.25,206.25,206.25,206.25,206.25,206.25,206.25,206.25,206.25,206.25,206.25,206.25,206.25,206.25,206.25,206.25,206.25,206.25,206.25,206.25,206.25,206.25,206.25,206.25,206.25,206.25,206.25,206.25,206.25,206.25,206.25,206.25,206.25,206.25,206.25,206.25,206.25,206.25,206.25,206.25,206.25,206.25,206.25,206.25,206.25,207.5,206.25,206.25,206.25,206.25,206.25,206.25,206.25,206.25,206.25,206.25,206.25,206.25,206.25,206.25,206.25,206.25,206.25,206.25,206.25,206.25,206.25,206.25,206.25,206.25,206.25,206.25,206.25,206.25,206.25,206.25,206.25,393.4375,393.4375,394.53125,393.4375,407.8125,407.8125,420.3125,386.09375,370.15625,396.875,420.3125,407.34375,420.3125,420.3125,407.34375,407.34375,407.34375,420.3125,420.3125,420.3125,393.4375,407.34375,407.34375,420.3125,407.34375,393.4375,420.3125,416.25,420.3125,407.34375,420.3125,420.3125,407.34375,393.4375,393.4375,407.34375,407.34375,393.4375,393.4375,420.3125,414.0625,407.34375,420.3125,407.34375,407.34375,420.3125,407.34375,396.875,407.34375,407.34375,407.34375,420.3125,407.34375,407.34375,393.4375,393.4375,407.34375,407.34375,393.4375,407.34375,407.34375,393.4375,393.4375,407.34375,407.34375,393.4375,396.875,420.3125,407.34375,416.25,420.3125,420.3125,393.4375,407.34375,393.4375,396.875,416.25,420.3125,407.34375,407.34375,404.21875,392.8125,404.21875,404.21875,407.34375,420.3125,392.8125,404.21875,392.8125,396.875,392.8125,392.8125,404.21875,392.8125,392.8125,392.8125,392.8125,392.8125,392.8125,392.8125,413.59375,407.34375,244.375,244.84375,248.28125,237.8125,244.375,244.84375,244.84375,244.84375,244.84375,244.84375,244.84375,244.84375,244.84375,245.78125,252.96875,252.96875,252.96875,252.96875,252.96875,244.84375,244.84375,237.8125,252.96875,244.84375,244.84375,244.84375,244.84375,244.84375,244.84375,244.84375,244.84375,244.84375,244.84375,244.84375,244.84375,237.8125,237.8125,244.84375,244.84375,244.84375,244.84375,244.84375,244.84375,244.84375,245.78125,244.84375,244.84375,244.84375,244.84375,244.84375,244.84375,244.84375,244.84375,244.84375,244.84375,244.84375,245.78125,249.375,244.84375,244.84375,244.84375,244.84375,244.84375,245.78125,241.875,244.84375,255.0,244.84375,244.84375,244.84375,245.78125,244.84375,244.84375,248.28125,237.8125,244.84375,237.8125,237.8125,237.8125,237.8125,237.8125,237.8125,237.8125,237.8125,244.84375,237.8125,237.8125,244.6875,237.8125,237.8125,237.8125,244.84375,237.8125
hDenV1/Colombia/un-OUCRU-342/2013,0.0,0.0,0.0,0.0,0.0,0.0,0.0,0.0,0.0,0.0,0.0,12.65625,12.65625,12.65625,0.0,12.65625,0.0,0.0,0.0,0.0,0.0,0.0,0.0,3.59375,0.0,22.65625,0.0,3.59375,3.59375,0.0,0.0,0.0,0.0,0.0,20.625,3.59375,0.0,0.0,3.59375,12.96875,0.0,0.0,3.59375,0.0,0.0,0.0,0.0,0.0,0.0,0.0,0.0,0.0,0.0,0.0,0.0,0.0,0.0,0.0,0.0,0.0,0.0,0.0,0.0,0.0,0.0,0.0,0.0,0.0,0.0,0.0,0.0,0.0,0.0,0.0,0.0,0.0,0.0,0.0,0.0,4.53125,0.0,0.0,0.0,0.0,0.0,0.0,0.0,0.0,0.0,0.0,0.0,0.0,0.0,12.65625,0.0,12.65625,0.0,0.0,0.0,12.65625,0.0,0.0,0.0,0.0,3.28125,207.65625,206.25,206.25,206.25,224.53125,204.84375,191.5625,202.03125,206.25,206.25,206.25,206.25,206.25,206.25,206.25,206.25,206.25,206.25,206.25,206.25,206.25,206.25,206.25,206.25,206.25,206.25,206.25,206.25,206.25,206.25,206.25,206.25,206.25,206.25,206.25,206.25,206.25,206.25,206.25,206.25,206.25,206.25,206.25,206.25,206.25,206.25,206.25,206.25,206.25,206.25,206.25,206.25,206.25,206.25,207.5,206.25,206.25,206.25,206.25,206.25,206.25,206.25,206.25,206.25,206.25,206.25,206.25,206.25,206.25,206.25,206.25,206.25,206.25,206.25,206.25,206.25,206.25,206.25,206.25,206.25,206.25,206.25,206.25,206.25,206.25,206.25,393.4375,393.4375,394.53125,393.4375,407.8125,407.8125,420.3125,386.09375,370.15625,396.875,420.3125,407.34375,420.3125,420.3125,407.34375,407.34375,407.34375,420.3125,420.3125,420.3125,393.4375,407.34375,407.34375,420.3125,407.34375,393.4375,420.3125,416.25,420.3125,407.34375,420.3125,420.3125,407.34375,393.4375,393.4375,407.34375,407.34375,393.4375,393.4375,420.3125,414.0625,407.34375,420.3125,407.34375,407.34375,420.3125,407.34375,396.875,407.34375,407.34375,407.34375,420.3125,407.34375,407.34375,393.4375,393.4375,407.34375,407.34375,393.4375,407.34375,407.34375,393.4375,393.4375,407.34375,407.34375,393.4375,396.875,420.3125,407.34375,416.25,420.3125,420.3125,393.4375,407.34375,393.4375,396.875,416.25,420.3125,407.34375,407.34375,404.21875,392.8125,404.21875,404.21875,407.34375,420.3125,392.8125,404.21875,392.8125,396.875,392.8125,392.8125,404.21875,392.8125,392.8125,392.8125,392.8125,392.8125,392.8125,392.8125,413.59375,407.34375,244.375,244.84375,248.28125,237.8125,244.375,244.84375,244.84375,244.84375,244.84375,244.84375,244.84375,244.84375,244.84375,245.78125,252.96875,252.96875,252.96875,252.96875,252.96875,244.84375,244.84375,237.8125,252.96875,244.84375,244.84375,244.84375,244.84375,244.84375,244.84375,244.84375,244.84375,244.84375,244.84375,244.84375,244.84375,237.8125,237.8125,244.84375,244.84375,244.84375,244.84375,244.84375,244.84375,244.84375,245.78125,244.84375,244.84375,244.84375,244.84375,244.84375,244.84375,244.84375,244.84375,244.84375,244.84375,244.84375,245.78125,249.375,244.84375,244.84375,244.84375,244.84375,244.84375,245.78125,241.875,244.84375,255.0,244.84375,244.84375,244.84375,245.78125,244.84375,244.84375,248.28125,237.8125,244.84375,237.8125,237.8125,237.8125,237.8125,237.8125,237.8125,237.8125,237.8125,244.84375,237.8125,237.8125,244.6875,237.8125,237.8125,237.8125,244.84375,237.8125
hDenV1/Colombia/un-OUCRU-348/2013,0.0,0.0,0.0,0.0,0.0,0.0,0.0,0.0,0.0,0.0,0.0,12.65625,12.65625,12.65625,0.0,12.65625,0.0,0.0,0.0,0.0,0.0,0.0,0.0,3.59375,0.0,22.65625,0.0,3.59375,3.59375,0.0,0.0,0.0,0.0,0.0,20.625,3.59375,0.0,0.0,3.59375,12.96875,0.0,0.0,3.59375,0.0,0.0,0.0,0.0,0.0,0.0,0.0,0.0,0.0,0.0,0.0,0.0,0.0,0.0,0.0,0.0,0.0,0.0,0.0,0.0,0.0,0.0,0.0,0.0,0.0,0.0,0.0,0.0,0.0,0.0,0.0,0.0,0.0,0.0,0.0,0.0,4.53125,0.0,0.0,0.0,0.0,0.0,0.0,0.0,0.0,0.0,0.0,0.0,0.0,0.0,12.65625,0.0,12.65625,0.0,0.0,0.0,12.65625,0.0,0.0,0.0,0.0,3.28125,207.65625,206.25,206.25,206.25,224.53125,204.84375,191.5625,202.03125,206.25,206.25,206.25,206.25,206.25,206.25,206.25,206.25,206.25,206.25,206.25,206.25,206.25,206.25,206.25,206.25,206.25,206.25,206.25,206.25,206.25,206.25,206.25,206.25,206.25,206.25,206.25,206.25,206.25,206.25,206.25,206.25,206.25,206.25,206.25,206.25,206.25,206.25,206.25,206.25,206.25,206.25,206.25,206.25,206.25,206.25,207.5,206.25,206.25,206.25,206.25,206.25,206.25,206.25,206.25,206.25,206.25,206.25,206.25,206.25,206.25,206.25,206.25,206.25,206.25,206.25,206.25,206.25,206.25,206.25,206.25,206.25,206.25,206.25,206.25,206.25,206.25,206.25,393.4375,393.4375,394.53125,393.4375,407.8125,407.8125,420.3125,386.09375,370.15625,396.875,420.3125,407.34375,420.3125,420.3125,407.34375,407.34375,407.34375,420.3125,420.3125,420.3125,393.4375,407.34375,407.34375,420.3125,407.34375,393.4375,420.3125,416.25,420.3125,407.34375,420.3125,420.3125,407.34375,393.4375,393.4375,407.34375,407.34375,393.4375,393.4375,420.3125,414.0625,407.34375,420.3125,407.34375,407.34375,420.3125,407.34375,396.875,407.34375,407.34375,407.34375,420.3125,407.34375,407.34375,393.4375,393.4375,407.34375,407.34375,393.4375,407.34375,407.34375,393.4375,393.4375,407.34375,407.34375,393.4375,396.875,420.3125,407.34375,416.25,420.3125,420.3125,393.4375,407.34375,393.4375,396.875,416.25,420.3125,407.34375,407.34375,404.21875,392.8125,404.21875,404.21875,407.34375,420.3125,392.8125,404.21875,392.8125,396.875,392.8125,392.8125,404.21875,392.8125,392.8125,392.8125,392.8125,392.8125,392.8125,392.8125,413.59375,407.34375,244.375,244.84375,248.28125,237.8125,244.375,244.84375,244.84375,244.84375,244.84375,244.84375,244.84375,244.84375,244.84375,245.78125,252.96875,252.96875,252.96875,252.96875,252.96875,244.84375,244.84375,237.8125,252.96875,244.84375,244.84375,244.84375,244.84375,244.84375,244.84375,244.84375,244.84375,244.84375,244.84375,244.84375,244.84375,237.8125,237.8125,244.84375,244.84375,244.84375,244.84375,244.84375,244.84375,244.84375,245.78125,244.84375,244.84375,244.84375,244.84375,244.84375,244.84375,244.84375,244.84375,244.84375,244.84375,244.84375,245.78125,249.375,244.84375,244.84375,244.84375,244.84375,244.84375,245.78125,241.875,244.84375,255.0,244.84375,244.84375,244.84375,245.78125,244.84375,244.84375,248.28125,237.8125,244.84375,237.8125,237.8125,237.8125,237.8125,237.8125,237.8125,237.8125,237.8125,244.84375,237.8125,237.8125,244.6875,237.8125,237.8125,237.8125,244.84375,237.8125
hDenV1/Colombia/un-OUCRU-353/2013,0.0,0.0,0.0,0.0,0.0,0.0,0.0,0.0,0.0,0.0,0.0,12.65625,12.65625,12.65625,0.0,12.65625,0.0,0.0,0.0,0.0,0.0,0.0,0.0,3.59375,0.0,22.65625,0.0,3.59375,3.59375,0.0,0.0,0.0,0.0,0.0,20.625,3.59375,0.0,0.0,3.59375,12.96875,0.0,0.0,3.59375,0.0,0.0,0.0,0.0,0.0,0.0,0.0,0.0,0.0,0.0,0.0,0.0,0.0,0.0,0.0,0.0,0.0,0.0,0.0,0.0,0.0,0.0,0.0,0.0,0.0,0.0,0.0,0.0,0.0,0.0,0.0,0.0,0.0,0.0,0.0,0.0,4.53125,0.0,0.0,0.0,0.0,0.0,0.0,0.0,0.0,0.0,0.0,0.0,0.0,0.0,12.65625,0.0,12.65625,0.0,0.0,0.0,12.65625,0.0,0.0,0.0,0.0,3.28125,207.65625,206.25,206.25,206.25,224.53125,204.84375,191.5625,202.03125,206.25,206.25,206.25,206.25,206.25,206.25,206.25,206.25,206.25,206.25,206.25,206.25,206.25,206.25,206.25,206.25,206.25,206.25,206.25,206.25,206.25,206.25,206.25,206.25,206.25,206.25,206.25,206.25,206.25,206.25,206.25,206.25,206.25,206.25,206.25,206.25,206.25,206.25,206.25,206.25,206.25,206.25,206.25,206.25,206.25,206.25,207.5,206.25,206.25,206.25,206.25,206.25,206.25,206.25,206.25,206.25,206.25,206.25,206.25,206.25,206.25,206.25,206.25,206.25,206.25,206.25,206.25,206.25,206.25,206.25,206.25,206.25,206.25,206.25,206.25,206.25,206.25,206.25,393.4375,393.4375,394.53125,393.4375,407.8125,407.8125,420.3125,386.09375,370.15625,396.875,420.3125,407.34375,420.3125,420.3125,407.34375,407.34375,407.34375,420.3125,420.3125,420.3125,393.4375,407.34375,407.34375,420.3125,407.34375,393.4375,420.3125,416.25,420.3125,407.34375,420.3125,420.3125,407.34375,393.4375,393.4375,407.34375,407.34375,393.4375,393.4375,420.3125,414.0625,407.34375,420.3125,407.34375,407.34375,420.3125,407.34375,396.875,407.34375,407.34375,407.34375,420.3125,407.34375,407.34375,393.4375,393.4375,407.34375,407.34375,393.4375,407.34375,407.34375,393.4375,393.4375,407.34375,407.34375,393.4375,396.875,420.3125,407.34375,416.25,420.3125,420.3125,393.4375,407.34375,393.4375,396.875,416.25,420.3125,407.34375,407.34375,404.21875,392.8125,404.21875,404.21875,407.34375,420.3125,392.8125,404.21875,392.8125,396.875,392.8125,392.8125,404.21875,392.8125,392.8125,392.8125,392.8125,392.8125,392.8125,392.8125,413.59375,407.34375,244.375,244.84375,248.28125,237.8125,244.375,244.84375,244.84375,244.84375,244.84375,244.84375,244.84375,244.84375,244.84375,245.78125,252.96875,252.96875,252.96875,252.96875,252.96875,244.84375,244.84375,237.8125,252.96875,244.84375,244.84375,244.84375,244.84375,244.84375,244.84375,244.84375,244.84375,244.84375,244.84375,244.84375,244.84375,237.8125,237.8125,244.84375,244.84375,244.84375,244.84375,244.84375,244.84375,244.84375,245.78125,244.84375,244.84375,244.84375,244.84375,244.84375,244.84375,244.84375,244.84375,244.84375,244.84375,244.84375,245.78125,249.375,244.84375,244.84375,244.84375,244.84375,244.84375,245.78125,241.875,244.84375,255.0,244.84375,244.84375,244.84375,245.78125,244.84375,244.84375,248.28125,237.8125,244.84375,237.8125,237.8125,237.8125,237.8125,237.8125,237.8125,237.8125,237.8125,244.84375,237.8125,237.8125,244.6875,237.8125,237.8125,237.8125,244.84375,237.8125
hDenV1/Colombia/un-OUCRU-356/2013,0.0,0.0,0.0,0.0,0.0,0.0,0.0,0.0,0.0,0.0,0.0,12.65625,12.65625,12.65625,0.0,12.65625,0.0,0.0,0.0,0.0,0.0,0.0,0.0,3.59375,0.0,22.65625,0.0,3.59375,3.59375,0.0,0.0,0.0,0.0,0.0,20.625,3.59375,0.0,0.0,3.59375,12.96875,0.0,0.0,3.59375,0.0,0.0,0.0,0.0,0.0,0.0,0.0,0.0,0.0,0.0,0.0,0.0,0.0,0.0,0.0,0.0,0.0,0.0,0.0,0.0,0.0,0.0,0.0,0.0,0.0,0.0,0.0,0.0,0.0,0.0,0.0,0.0,0.0,0.0,0.0,0.0,4.53125,0.0,0.0,0.0,0.0,0.0,0.0,0.0,0.0,0.0,0.0,0.0,0.0,0.0,12.65625,0.0,12.65625,0.0,0.0,0.0,12.65625,0.0,0.0,0.0,0.0,3.28125,207.65625,206.25,206.25,206.25,224.53125,204.84375,191.5625,202.03125,206.25,206.25,206.25,206.25,206.25,206.25,206.25,206.25,206.25,206.25,206.25,206.25,206.25,206.25,206.25,206.25,206.25,206.25,206.25,206.25,206.25,206.25,206.25,206.25,206.25,206.25,206.25,206.25,206.25,206.25,206.25,206.25,206.25,206.25,206.25,206.25,206.25,206.25,206.25,206.25,206.25,206.25,206.25,206.25,206.25,206.25,207.5,206.25,206.25,206.25,206.25,206.25,206.25,206.25,206.25,206.25,206.25,206.25,206.25,206.25,206.25,206.25,206.25,206.25,206.25,206.25,206.25,206.25,206.25,206.25,206.25,206.25,206.25,206.25,206.25,206.25,206.25,206.25,393.4375,393.4375,394.53125,393.4375,407.8125,407.8125,420.3125,386.09375,370.15625,396.875,420.3125,407.34375,420.3125,420.3125,407.34375,407.34375,407.34375,420.3125,420.3125,420.3125,393.4375,407.34375,407.34375,420.3125,407.34375,393.4375,420.3125,416.25,420.3125,407.34375,420.3125,420.3125,407.34375,393.4375,393.4375,407.34375,407.34375,393.4375,393.4375,420.3125,414.0625,407.34375,420.3125,407.34375,407.34375,420.3125,407.34375,396.875,407.34375,407.34375,407.34375,420.3125,407.34375,407.34375,393.4375,393.4375,407.34375,407.34375,393.4375,407.34375,407.34375,393.4375,393.4375,407.34375,407.34375,393.4375,396.875,420.3125,407.34375,416.25,420.3125,420.3125,393.4375,407.34375,393.4375,396.875,416.25,420.3125,407.34375,407.34375,404.21875,392.8125,404.21875,404.21875,407.34375,420.3125,392.8125,404.21875,392.8125,396.875,392.8125,392.8125,404.21875,392.8125,392.8125,392.8125,392.8125,392.8125,392.8125,392.8125,413.59375,407.34375,244.375,244.84375,248.28125,237.8125,244.375,244.84375,244.84375,244.84375,244.84375,244.84375,244.84375,244.84375,244.84375,245.78125,252.96875,252.96875,252.96875,252.96875,252.96875,244.84375,244.84375,237.8125,252.96875,244.84375,244.84375,244.84375,244.84375,244.84375,244.84375,244.84375,244.84375,244.84375,244.84375,244.84375,244.84375,237.8125,237.8125,244.84375,244.84375,244.84375,244.84375,244.84375,244.84375,244.84375,245.78125,244.84375,244.84375,244.84375,244.84375,244.84375,244.84375,244.84375,244.84375,244.84375,244.84375,244.84375,245.78125,249.375,244.84375,244.84375,244.84375,244.84375,244.84375,245.78125,241.875,244.84375,255.0,244.84375,244.84375,244.84375,245.78125,244.84375,244.84375,248.28125,237.8125,244.84375,237.8125,237.8125,237.8125,237.8125,237.8125,237.8125,237.8125,237.8125,244.84375,237.8125,237.8125,244.6875,237.8125,237.8125,237.8125,244.84375,237.8125
hDenV1/Colombia/un-OUCRU-358/2013,0.0,0.0,0.0,0.0,0.0,0.0,0.0,0.0,0.0,0.0,0.0,12.65625,12.65625,12.65625,0.0,12.65625,0.0,0.0,0.0,0.0,0.0,0.0,0.0,3.59375,0.0,22.65625,0.0,3.59375,3.59375,0.0,0.0,0.0,0.0,0.0,20.625,3.59375,0.0,0.0,3.59375,12.96875,0.0,0.0,3.59375,0.0,0.0,0.0,0.0,0.0,0.0,0.0,0.0,0.0,0.0,0.0,0.0,0.0,0.0,0.0,0.0,0.0,0.0,0.0,0.0,0.0,0.0,0.0,0.0,0.0,0.0,0.0,0.0,0.0,0.0,0.0,0.0,0.0,0.0,0.0,0.0,4.53125,0.0,0.0,0.0,0.0,0.0,0.0,0.0,0.0,0.0,0.0,0.0,0.0,0.0,12.65625,0.0,12.65625,0.0,0.0,0.0,12.65625,0.0,0.0,0.0,0.0,3.28125,207.65625,206.25,206.25,206.25,224.53125,204.84375,191.5625,202.03125,206.25,206.25,206.25,206.25,206.25,206.25,206.25,206.25,206.25,206.25,206.25,206.25,206.25,206.25,206.25,206.25,206.25,206.25,206.25,206.25,206.25,206.25,206.25,206.25,206.25,206.25,206.25,206.25,206.25,206.25,206.25,206.25,206.25,206.25,206.25,206.25,206.25,206.25,206.25,206.25,206.25,206.25,206.25,206.25,206.25,206.25,207.5,206.25,206.25,206.25,206.25,206.25,206.25,206.25,206.25,206.25,206.25,206.25,206.25,206.25,206.25,206.25,206.25,206.25,206.25,206.25,206.25,206.25,206.25,206.25,206.25,206.25,206.25,206.25,206.25,206.25,206.25,206.25,393.4375,393.4375,394.53125,393.4375,407.8125,407.8125,420.3125,386.09375,370.15625,396.875,420.3125,407.34375,420.3125,420.3125,407.34375,407.34375,407.34375,420.3125,420.3125,420.3125,393.4375,407.34375,407.34375,420.3125,407.34375,393.4375,420.3125,416.25,420.3125,407.34375,420.3125,420.3125,407.34375,393.4375,393.4375,407.34375,407.34375,393.4375,393.4375,420.3125,414.0625,407.34375,420.3125,407.34375,407.34375,420.3125,407.34375,396.875,407.34375,407.34375,407.34375,420.3125,407.34375,407.34375,393.4375,393.4375,407.34375,407.34375,393.4375,407.34375,407.34375,393.4375,393.4375,407.34375,407.34375,393.4375,396.875,420.3125,407.34375,416.25,420.3125,420.3125,393.4375,407.34375,393.4375,396.875,416.25,420.3125,407.34375,407.34375,404.21875,392.8125,404.21875,404.21875,407.34375,420.3125,392.8125,404.21875,392.8125,396.875,392.8125,392.8125,404.21875,392.8125,392.8125,392.8125,392.8125,392.8125,392.8125,392.8125,413.59375,407.34375,244.375,244.84375,248.28125,237.8125,244.375,244.84375,244.84375,244.84375,244.84375,244.84375,244.84375,244.84375,244.84375,245.78125,252.96875,252.96875,252.96875,252.96875,252.96875,244.84375,244.84375,237.8125,252.96875,244.84375,244.84375,244.84375,244.84375,244.84375,244.84375,244.84375,244.84375,244.84375,244.84375,244.84375,244.84375,237.8125,237.8125,244.84375,244.84375,244.84375,244.84375,244.84375,244.84375,244.84375,245.78125,244.84375,244.84375,244.84375,244.84375,244.84375,244.84375,244.84375,244.84375,244.84375,244.84375,244.84375,245.78125,249.375,244.84375,244.84375,244.84375,244.84375,244.84375,245.78125,241.875,244.84375,255.0,244.84375,244.84375,244.84375,245.78125,244.84375,244.84375,248.28125,237.8125,244.84375,237.8125,237.8125,237.8125,237.8125,237.8125,237.8125,237.8125,237.8125,244.84375,237.8125,237.8125,244.6875,237.8125,237.8125,237.8125,244.84375,237.8125
hDenV1/Colombia/un-OUCRU-360/2013,0.0,0.0,0.0,0.0,0.0,0.0,0.0,0.0,0.0,0.0,0.0,12.65625,12.65625,12.65625,0.0,12.65625,0.0,0.0,0.0,0.0,0.0,0.0,0.0,3.59375,0.0,22.65625,0.0,3.59375,3.59375,0.0,0.0,0.0,0.0,0.0,20.625,3.59375,0.0,0.0,3.59375,12.96875,0.0,0.0,3.59375,0.0,0.0,0.0,0.0,0.0,0.0,0.0,0.0,0.0,0.0,0.0,0.0,0.0,0.0,0.0,0.0,0.0,0.0,0.0,0.0,0.0,0.0,0.0,0.0,0.0,0.0,0.0,0.0,0.0,0.0,0.0,0.0,0.0,0.0,0.0,0.0,4.53125,0.0,0.0,0.0,0.0,0.0,0.0,0.0,0.0,0.0,0.0,0.0,0.0,0.0,12.65625,0.0,12.65625,0.0,0.0,0.0,12.65625,0.0,0.0,0.0,0.0,3.28125,207.65625,206.25,206.25,206.25,224.53125,204.84375,191.5625,202.03125,206.25,206.25,206.25,206.25,206.25,206.25,206.25,206.25,206.25,206.25,206.25,206.25,206.25,206.25,206.25,206.25,206.25,206.25,206.25,206.25,206.25,206.25,206.25,206.25,206.25,206.25,206.25,206.25,206.25,206.25,206.25,206.25,206.25,206.25,206.25,206.25,206.25,206.25,206.25,206.25,206.25,206.25,206.25,206.25,206.25,206.25,207.5,206.25,206.25,206.25,206.25,206.25,206.25,206.25,206.25,206.25,206.25,206.25,206.25,206.25,206.25,206.25,206.25,206.25,206.25,206.25,206.25,206.25,206.25,206.25,206.25,206.25,206.25,206.25,206.25,206.25,206.25,206.25,393.4375,393.4375,394.53125,393.4375,407.8125,407.8125,420.3125,386.09375,370.15625,396.875,420.3125,407.34375,420.3125,420.3125,407.34375,407.34375,407.34375,420.3125,420.3125,420.3125,393.4375,407.34375,407.34375,420.3125,407.34375,393.4375,420.3125,416.25,420.3125,407.34375,420.3125,420.3125,407.34375,393.4375,393.4375,407.34375,407.34375,393.4375,393.4375,420.3125,414.0625,407.34375,420.3125,407.34375,407.34375,420.3125,407.34375,396.875,407.34375,407.34375,407.34375,420.3125,407.34375,407.34375,393.4375,393.4375,407.34375,407.34375,393.4375,407.34375,407.34375,393.4375,393.4375,407.34375,407.34375,393.4375,396.875,420.3125,407.34375,416.25,420.3125,420.3125,393.4375,407.34375,393.4375,396.875,416.25,420.3125,407.34375,407.34375,404.21875,392.8125,404.21875,404.21875,407.34375,420.3125,392.8125,404.21875,392.8125,396.875,392.8125,392.8125,404.21875,392.8125,392.8125,392.8125,392.8125,392.8125,392.8125,392.8125,413.59375,407.34375,244.375,244.84375,248.28125,237.8125,244.375,244.84375,244.84375,244.84375,244.84375,244.84375,244.84375,244.84375,244.84375,245.78125,252.96875,252.96875,252.96875,252.96875,252.96875,244.84375,244.84375,237.8125,252.96875,244.84375,244.84375,244.84375,244.84375,244.84375,244.84375,244.84375,244.84375,244.84375,244.84375,244.84375,244.84375,237.8125,237.8125,244.84375,244.84375,244.84375,244.84375,244.84375,244.84375,244.84375,245.78125,244.84375,244.84375,244.84375,244.84375,244.84375,244.84375,244.84375,244.84375,244.84375,244.84375,244.84375,245.78125,249.375,244.84375,244.84375,244.84375,244.84375,244.84375,245.78125,241.875,244.84375,255.0,244.84375,244.84375,244.84375,245.78125,244.84375,244.84375,248.28125,237.8125,244.84375,237.8125,237.8125,237.8125,237.8125,237.8125,237.8125,237.8125,237.8125,244.84375,237.8125,237.8125,244.6875,237.8125,237.8125,237.8125,244.84375,237.8125
hDenV1/Colombia/un-OUCRU-506/2013,0.0,0.0,0.0,0.0,0.0,0.0,0.0,0.0,0.0,0.0,0.0,12.65625,12.65625,12.65625,0.0,12.65625,0.0,0.0,0.0,0.0,0.0,0.0,0.0,3.59375,0.0,22.65625,0.0,3.59375,3.59375,0.0,0.0,0.0,0.0,0.0,20.625,3.59375,0.0,0.0,3.59375,12.96875,0.0,0.0,3.59375,0.0,0.0,0.0,0.0,0.0,0.0,0.0,0.0,0.0,0.0,0.0,0.0,0.0,0.0,0.0,0.0,0.0,0.0,0.0,0.0,0.0,0.0,0.0,0.0,0.0,0.0,0.0,0.0,0.0,0.0,0.0,0.0,0.0,0.0,0.0,0.0,4.53125,0.0,0.0,0.0,0.0,0.0,0.0,0.0,0.0,0.0,0.0,0.0,0.0,0.0,12.65625,0.0,12.65625,0.0,0.0,0.0,12.65625,0.0,0.0,0.0,0.0,3.28125,207.65625,206.25,206.25,206.25,224.53125,204.84375,191.5625,202.03125,206.25,206.25,206.25,206.25,206.25,206.25,206.25,206.25,206.25,206.25,206.25,206.25,206.25,206.25,206.25,206.25,206.25,206.25,206.25,206.25,206.25,206.25,206.25,206.25,206.25,206.25,206.25,206.25,206.25,206.25,206.25,206.25,206.25,206.25,206.25,206.25,206.25,206.25,206.25,206.25,206.25,206.25,206.25,206.25,206.25,206.25,207.5,206.25,206.25,206.25,206.25,206.25,206.25,206.25,206.25,206.25,206.25,206.25,206.25,206.25,206.25,206.25,206.25,206.25,206.25,206.25,206.25,206.25,206.25,206.25,206.25,206.25,206.25,206.25,206.25,206.25,206.25,206.25,393.4375,393.4375,394.53125,393.4375,407.8125,407.8125,420.3125,386.09375,370.15625,396.875,420.3125,407.34375,420.3125,420.3125,407.34375,407.34375,407.34375,420.3125,420.3125,420.3125,393.4375,407.34375,407.34375,420.3125,407.34375,393.4375,420.3125,416.25,420.3125,407.34375,420.3125,420.3125,407.34375,393.4375,393.4375,407.34375,407.34375,393.4375,393.4375,420.3125,414.0625,407.34375,420.3125,407.34375,407.34375,420.3125,407.34375,396.875,407.34375,407.34375,407.34375,420.3125,407.34375,407.34375,393.4375,393.4375,407.34375,407.34375,393.4375,407.34375,407.34375,393.4375,393.4375,407.34375,407.34375,393.4375,396.875,420.3125,407.34375,416.25,420.3125,420.3125,393.4375,407.34375,393.4375,396.875,416.25,420.3125,407.34375,407.34375,404.21875,392.8125,404.21875,404.21875,407.34375,420.3125,392.8125,404.21875,392.8125,396.875,392.8125,392.8125,404.21875,392.8125,392.8125,392.8125,392.8125,392.8125,392.8125,392.8125,413.59375,407.34375,244.375,244.84375,248.28125,237.8125,244.375,244.84375,244.84375,244.84375,244.84375,244.84375,244.84375,244.84375,244.84375,245.78125,252.96875,252.96875,252.96875,252.96875,252.96875,244.84375,244.84375,237.8125,252.96875,244.84375,244.84375,244.84375,244.84375,244.84375,244.84375,244.84375,244.84375,244.84375,244.84375,244.84375,244.84375,237.8125,237.8125,244.84375,244.84375,244.84375,244.84375,244.84375,244.84375,244.84375,245.78125,244.84375,244.84375,244.84375,244.84375,244.84375,244.84375,244.84375,244.84375,244.84375,244.84375,244.84375,245.78125,249.375,244.84375,244.84375,244.84375,244.84375,244.84375,245.78125,241.875,244.84375,255.0,244.84375,244.84375,244.84375,245.78125,244.84375,244.84375,248.28125,237.8125,244.84375,237.8125,237.8125,237.8125,237.8125,237.8125,237.8125,237.8125,237.8125,244.84375,237.8125,237.8125,244.6875,237.8125,237.8125,237.8125,244.84375,237.8125
hDenV1/Colombia/un-OUCRU-507/2012,0.0,0.0,0.0,0.0,0.0,0.0,0.0,0.0,0.0,0.0,0.0,12.65625,12.65625,12.65625,0.0,12.65625,0.0,0.0,0.0,0.0,0.0,0.0,0.0,3.59375,0.0,22.65625,0.0,3.59375,3.59375,0.0,0.0,0.0,0.0,0.0,20.625,3.59375,0.0,0.0,3.59375,12.96875,0.0,0.0,3.59375,0.0,0.0,0.0,0.0,0.0,0.0,0.0,0.0,0.0,0.0,0.0,0.0,0.0,0.0,0.0,0.0,0.0,0.0,0.0,0.0,0.0,0.0,0.0,0.0,0.0,0.0,0.0,0.0,0.0,0.0,0.0,0.0,0.0,0.0,0.0,0.0,4.53125,0.0,0.0,0.0,0.0,0.0,0.0,0.0,0.0,0.0,0.0,0.0,0.0,0.0,12.65625,0.0,12.65625,0.0,0.0,0.0,12.65625,0.0,0.0,0.0,0.0,3.28125,207.65625,206.25,206.25,206.25,224.53125,204.84375,191.5625,202.03125,206.25,206.25,206.25,206.25,206.25,206.25,206.25,206.25,206.25,206.25,206.25,206.25,206.25,206.25,206.25,206.25,206.25,206.25,206.25,206.25,206.25,206.25,206.25,206.25,206.25,206.25,206.25,206.25,206.25,206.25,206.25,206.25,206.25,206.25,206.25,206.25,206.25,206.25,206.25,206.25,206.25,206.25,206.25,206.25,206.25,206.25,207.5,206.25,206.25,206.25,206.25,206.25,206.25,206.25,206.25,206.25,206.25,206.25,206.25,206.25,206.25,206.25,206.25,206.25,206.25,206.25,206.25,206.25,206.25,206.25,206.25,206.25,206.25,206.25,206.25,206.25,206.25,206.25,393.4375,393.4375,394.53125,393.4375,407.8125,407.8125,420.3125,386.09375,370.15625,396.875,420.3125,407.34375,420.3125,420.3125,407.34375,407.34375,407.34375,420.3125,420.3125,420.3125,393.4375,407.34375,407.34375,420.3125,407.34375,393.4375,420.3125,416.25,420.3125,407.34375,420.3125,420.3125,407.34375,393.4375,393.4375,407.34375,407.34375,393.4375,393.4375,420.3125,414.0625,407.34375,420.3125,407.34375,407.34375,420.3125,407.34375,396.875,407.34375,407.34375,407.34375,420.3125,407.34375,407.34375,393.4375,393.4375,407.34375,407.34375,393.4375,407.34375,407.34375,393.4375,393.4375,407.34375,407.34375,393.4375,396.875,420.3125,407.34375,416.25,420.3125,420.3125,393.4375,407.34375,393.4375,396.875,416.25,420.3125,407.34375,407.34375,404.21875,392.8125,404.21875,404.21875,407.34375,420.3125,392.8125,404.21875,392.8125,396.875,392.8125,392.8125,404.21875,392.8125,392.8125,392.8125,392.8125,392.8125,392.8125,392.8125,413.59375,407.34375,244.375,244.84375,248.28125,237.8125,244.375,244.84375,244.84375,244.84375,244.84375,244.84375,244.84375,244.84375,244.84375,245.78125,252.96875,252.96875,252.96875,252.96875,252.96875,244.84375,244.84375,237.8125,252.96875,244.84375,244.84375,244.84375,244.84375,244.84375,244.84375,244.84375,244.84375,244.84375,244.84375,244.84375,244.84375,237.8125,237.8125,244.84375,244.84375,244.84375,244.84375,244.84375,244.84375,244.84375,245.78125,244.84375,244.84375,244.84375,244.84375,244.84375,244.84375,244.84375,244.84375,244.84375,244.84375,244.84375,245.78125,249.375,244.84375,244.84375,244.84375,244.84375,244.84375,245.78125,241.875,244.84375,255.0,244.84375,244.84375,244.84375,245.78125,244.84375,244.84375,248.28125,237.8125,244.84375,237.8125,237.8125,237.8125,237.8125,237.8125,237.8125,237.8125,237.8125,244.84375,237.8125,237.8125,244.6875,237.8125,237.8125,237.8125,244.84375,237.8125
hDenV1/Colombia/un-OUCRU-508/2013,0.0,0.0,0.0,0.0,0.0,0.0,0.0,0.0,0.0,0.0,0.0,12.65625,12.65625,12.65625,0.0,12.65625,0.0,0.0,0.0,0.0,0.0,0.0,0.0,3.59375,0.0,22.65625,0.0,3.59375,3.59375,0.0,0.0,0.0,0.0,0.0,20.625,3.59375,0.0,0.0,3.59375,12.96875,0.0,0.0,3.59375,0.0,0.0,0.0,0.0,0.0,0.0,0.0,0.0,0.0,0.0,0.0,0.0,0.0,0.0,0.0,0.0,0.0,0.0,0.0,0.0,0.0,0.0,0.0,0.0,0.0,0.0,0.0,0.0,0.0,0.0,0.0,0.0,0.0,0.0,0.0,0.0,4.53125,0.0,0.0,0.0,0.0,0.0,0.0,0.0,0.0,0.0,0.0,0.0,0.0,0.0,12.65625,0.0,12.65625,0.0,0.0,0.0,12.65625,0.0,0.0,0.0,0.0,3.28125,207.65625,206.25,206.25,206.25,224.53125,204.84375,191.5625,202.03125,206.25,206.25,206.25,206.25,206.25,206.25,206.25,206.25,206.25,206.25,206.25,206.25,206.25,206.25,206.25,206.25,206.25,206.25,206.25,206.25,206.25,206.25,206.25,206.25,206.25,206.25,206.25,206.25,206.25,206.25,206.25,206.25,206.25,206.25,206.25,206.25,206.25,206.25,206.25,206.25,206.25,206.25,206.25,206.25,206.25,206.25,207.5,206.25,206.25,206.25,206.25,206.25,206.25,206.25,206.25,206.25,206.25,206.25,206.25,206.25,206.25,206.25,206.25,206.25,206.25,206.25,206.25,206.25,206.25,206.25,206.25,206.25,206.25,206.25,206.25,206.25,206.25,206.25,393.4375,393.4375,394.53125,393.4375,407.8125,407.8125,420.3125,386.09375,370.15625,396.875,420.3125,407.34375,420.3125,420.3125,407.34375,407.34375,407.34375,420.3125,420.3125,420.3125,393.4375,407.34375,407.34375,420.3125,407.34375,393.4375,420.3125,416.25,420.3125,407.34375,420.3125,420.3125,407.34375,393.4375,393.4375,407.34375,407.34375,393.4375,393.4375,420.3125,414.0625,407.34375,420.3125,407.34375,407.34375,420.3125,407.34375,396.875,407.34375,407.34375,407.34375,420.3125,407.34375,407.34375,393.4375,393.4375,407.34375,407.34375,393.4375,407.34375,407.34375,393.4375,393.4375,407.34375,407.34375,393.4375,396.875,420.3125,407.34375,416.25,420.3125,420.3125,393.4375,407.34375,393.4375,396.875,416.25,420.3125,407.34375,407.34375,404.21875,392.8125,404.21875,404.21875,407.34375,420.3125,392.8125,404.21875,392.8125,396.875,392.8125,392.8125,404.21875,392.8125,392.8125,392.8125,392.8125,392.8125,392.8125,392.8125,413.59375,407.34375,244.375,244.84375,248.28125,237.8125,244.375,244.84375,244.84375,244.84375,244.84375,244.84375,244.84375,244.84375,244.84375,245.78125,252.96875,252.96875,252.96875,252.96875,252.96875,244.84375,244.84375,237.8125,252.96875,244.84375,244.84375,244.84375,244.84375,244.84375,244.84375,244.84375,244.84375,244.84375,244.84375,244.84375,244.84375,237.8125,237.8125,244.84375,244.84375,244.84375,244.84375,244.84375,244.84375,244.84375,245.78125,244.84375,244.84375,244.84375,244.84375,244.84375,244.84375,244.84375,244.84375,244.84375,244.84375,244.84375,245.78125,249.375,244.84375,244.84375,244.84375,244.84375,244.84375,245.78125,241.875,244.84375,255.0,244.84375,244.84375,244.84375,245.78125,244.84375,244.84375,248.28125,237.8125,244.84375,237.8125,237.8125,237.8125,237.8125,237.8125,237.8125,237.8125,237.8125,244.84375,237.8125,237.8125,244.6875,237.8125,237.8125,237.8125,244.84375,237.8125
hDenV1/Colombia/un-OUCRU-509/2013,0.0,0.0,0.0,0.0,0.0,0.0,0.0,0.0,0.0,0.0,0.0,12.65625,12.65625,12.65625,0.0,12.65625,0.0,0.0,0.0,0.0,0.0,0.0,0.0,3.59375,0.0,22.65625,0.0,3.59375,3.59375,0.0,0.0,0.0,0.0,0.0,20.625,3.59375,0.0,0.0,3.59375,12.96875,0.0,0.0,3.59375,0.0,0.0,0.0,0.0,0.0,0.0,0.0,0.0,0.0,0.0,0.0,0.0,0.0,0.0,0.0,0.0,0.0,0.0,0.0,0.0,0.0,0.0,0.0,0.0,0.0,0.0,0.0,0.0,0.0,0.0,0.0,0.0,0.0,0.0,0.0,0.0,4.53125,0.0,0.0,0.0,0.0,0.0,0.0,0.0,0.0,0.0,0.0,0.0,0.0,0.0,12.65625,0.0,12.65625,0.0,0.0,0.0,12.65625,0.0,0.0,0.0,0.0,3.28125,207.65625,206.25,206.25,206.25,224.53125,204.84375,191.5625,202.03125,206.25,206.25,206.25,206.25,206.25,206.25,206.25,206.25,206.25,206.25,206.25,206.25,206.25,206.25,206.25,206.25,206.25,206.25,206.25,206.25,206.25,206.25,206.25,206.25,206.25,206.25,206.25,206.25,206.25,206.25,206.25,206.25,206.25,206.25,206.25,206.25,206.25,206.25,206.25,206.25,206.25,206.25,206.25,206.25,206.25,206.25,207.5,206.25,206.25,206.25,206.25,206.25,206.25,206.25,206.25,206.25,206.25,206.25,206.25,206.25,206.25,206.25,206.25,206.25,206.25,206.25,206.25,206.25,206.25,206.25,206.25,206.25,206.25,206.25,206.25,206.25,206.25,206.25,393.4375,393.4375,394.53125,393.4375,407.8125,407.8125,420.3125,386.09375,370.15625,396.875,420.3125,407.34375,420.3125,420.3125,407.34375,407.34375,407.34375,420.3125,420.3125,420.3125,393.4375,407.34375,407.34375,420.3125,407.34375,393.4375,420.3125,416.25,420.3125,407.34375,420.3125,420.3125,407.34375,393.4375,393.4375,407.34375,407.34375,393.4375,393.4375,420.3125,414.0625,407.34375,420.3125,407.34375,407.34375,420.3125,407.34375,396.875,407.34375,407.34375,407.34375,420.3125,407.34375,407.34375,393.4375,393.4375,407.34375,407.34375,393.4375,407.34375,407.34375,393.4375,393.4375,407.34375,407.34375,393.4375,396.875,420.3125,407.34375,416.25,420.3125,420.3125,393.4375,407.34375,393.4375,396.875,416.25,420.3125,407.34375,407.34375,404.21875,392.8125,404.21875,404.21875,407.34375,420.3125,392.8125,404.21875,392.8125,396.875,392.8125,392.8125,404.21875,392.8125,392.8125,392.8125,392.8125,392.8125,392.8125,392.8125,413.59375,407.34375,244.375,244.84375,248.28125,237.8125,244.375,244.84375,244.84375,244.84375,244.84375,244.84375,244.84375,244.84375,244.84375,245.78125,252.96875,252.96875,252.96875,252.96875,252.96875,244.84375,244.84375,237.8125,252.96875,244.84375,244.84375,244.84375,244.84375,244.84375,244.84375,244.84375,244.84375,244.84375,244.84375,244.84375,244.84375,237.8125,237.8125,244.84375,244.84375,244.84375,244.84375,244.84375,244.84375,244.84375,245.78125,244.84375,244.84375,244.84375,244.84375,244.84375,244.84375,244.84375,244.84375,244.84375,244.84375,244.84375,245.78125,249.375,244.84375,244.84375,244.84375,244.84375,244.84375,245.78125,241.875,244.84375,255.0,244.84375,244.84375,244.84375,245.78125,244.84375,244.84375,248.28125,237.8125,244.84375,237.8125,237.8125,237.8125,237.8125,237.8125,237.8125,237.8125,237.8125,244.84375,237.8125,237.8125,244.6875,237.8125,237.8125,237.8125,244.84375,237.8125
hDenV1/Colombia/un-OUCRU-510/2013,0.0,0.0,0.0,0.0,0.0,0.0,0.0,0.0,0.0,0.0,0.0,12.65625,12.65625,12.65625,0.0,12.65625,0.0,0.0,0.0,0.0,0.0,0.0,0.0,3.59375,0.0,22.65625,0.0,3.59375,3.59375,0.0,0.0,0.0,0.0,0.0,20.625,3.59375,0.0,0.0,3.59375,12.96875,0.0,0.0,3.59375,0.0,0.0,0.0,0.0,0.0,0.0,0.0,0.0,0.0,0.0,0.0,0.0,0.0,0.0,0.0,0.0,0.0,0.0,0.0,0.0,0.0,0.0,0.0,0.0,0.0,0.0,0.0,0.0,0.0,0.0,0.0,0.0,0.0,0.0,0.0,0.0,4.53125,0.0,0.0,0.0,0.0,0.0,0.0,0.0,0.0,0.0,0.0,0.0,0.0,0.0,12.65625,0.0,12.65625,0.0,0.0,0.0,12.65625,0.0,0.0,0.0,0.0,3.28125,207.65625,206.25,206.25,206.25,224.53125,204.84375,191.5625,202.03125,206.25,206.25,206.25,206.25,206.25,206.25,206.25,206.25,206.25,206.25,206.25,206.25,206.25,206.25,206.25,206.25,206.25,206.25,206.25,206.25,206.25,206.25,206.25,206.25,206.25,206.25,206.25,206.25,206.25,206.25,206.25,206.25,206.25,206.25,206.25,206.25,206.25,206.25,206.25,206.25,206.25,206.25,206.25,206.25,206.25,206.25,207.5,206.25,206.25,206.25,206.25,206.25,206.25,206.25,206.25,206.25,206.25,206.25,206.25,206.25,206.25,206.25,206.25,206.25,206.25,206.25,206.25,206.25,206.25,206.25,206.25,206.25,206.25,206.25,206.25,206.25,206.25,206.25,393.4375,393.4375,394.53125,393.4375,407.8125,407.8125,420.3125,386.09375,370.15625,396.875,420.3125,407.34375,420.3125,420.3125,407.34375,407.34375,407.34375,420.3125,420.3125,420.3125,393.4375,407.34375,407.34375,420.3125,407.34375,393.4375,420.3125,416.25,420.3125,407.34375,420.3125,420.3125,407.34375,393.4375,393.4375,407.34375,407.34375,393.4375,393.4375,420.3125,414.0625,407.34375,420.3125,407.34375,407.34375,420.3125,407.34375,396.875,407.34375,407.34375,407.34375,420.3125,407.34375,407.34375,393.4375,393.4375,407.34375,407.34375,393.4375,407.34375,407.34375,393.4375,393.4375,407.34375,407.34375,393.4375,396.875,420.3125,407.34375,416.25,420.3125,420.3125,393.4375,407.34375,393.4375,396.875,416.25,420.3125,407.34375,407.34375,404.21875,392.8125,404.21875,404.21875,407.34375,420.3125,392.8125,404.21875,392.8125,396.875,392.8125,392.8125,404.21875,392.8125,392.8125,392.8125,392.8125,392.8125,392.8125,392.8125,413.59375,407.34375,244.375,244.84375,248.28125,237.8125,244.375,244.84375,244.84375,244.84375,244.84375,244.84375,244.84375,244.84375,244.84375,245.78125,252.96875,252.96875,252.96875,252.96875,252.96875,244.84375,244.84375,237.8125,252.96875,244.84375,244.84375,244.84375,244.84375,244.84375,244.84375,244.84375,244.84375,244.84375,244.84375,244.84375,244.84375,237.8125,237.8125,244.84375,244.84375,244.84375,244.84375,244.84375,244.84375,244.84375,245.78125,244.84375,244.84375,244.84375,244.84375,244.84375,244.84375,244.84375,244.84375,244.84375,244.84375,244.84375,245.78125,249.375,244.84375,244.84375,244.84375,244.84375,244.84375,245.78125,241.875,244.84375,255.0,244.84375,244.84375,244.84375,245.78125,244.84375,244.84375,248.28125,237.8125,244.84375,237.8125,237.8125,237.8125,237.8125,237.8125,237.8125,237.8125,237.8125,244.84375,237.8125,237.8125,244.6875,237.8125,237.8125,237.8125,244.84375,237.8125
hDenV1/Colombia/un-OUCRU-511/2013,0.0,0.0,0.0,0.0,0.0,0.0,0.0,0.0,0.0,0.0,0.0,12.65625,12.65625,12.65625,0.0,12.65625,0.0,0.0,0.0,0.0,0.0,0.0,0.0,3.59375,0.0,22.65625,0.0,3.59375,3.59375,0.0,0.0,0.0,0.0,0.0,20.625,3.59375,0.0,0.0,3.59375,12.96875,0.0,0.0,3.59375,0.0,0.0,0.0,0.0,0.0,0.0,0.0,0.0,0.0,0.0,0.0,0.0,0.0,0.0,0.0,0.0,0.0,0.0,0.0,0.0,0.0,0.0,0.0,0.0,0.0,0.0,0.0,0.0,0.0,0.0,0.0,0.0,0.0,0.0,0.0,0.0,4.53125,0.0,0.0,0.0,0.0,0.0,0.0,0.0,0.0,0.0,0.0,0.0,0.0,0.0,12.65625,0.0,12.65625,0.0,0.0,0.0,12.65625,0.0,0.0,0.0,0.0,3.28125,207.65625,206.25,206.25,206.25,224.53125,204.84375,191.5625,202.03125,206.25,206.25,206.25,206.25,206.25,206.25,206.25,206.25,206.25,206.25,206.25,206.25,206.25,206.25,206.25,206.25,206.25,206.25,206.25,206.25,206.25,206.25,206.25,206.25,206.25,206.25,206.25,206.25,206.25,206.25,206.25,206.25,206.25,206.25,206.25,206.25,206.25,206.25,206.25,206.25,206.25,206.25,206.25,206.25,206.25,206.25,207.5,206.25,206.25,206.25,206.25,206.25,206.25,206.25,206.25,206.25,206.25,206.25,206.25,206.25,206.25,206.25,206.25,206.25,206.25,206.25,206.25,206.25,206.25,206.25,206.25,206.25,206.25,206.25,206.25,206.25,206.25,206.25,393.4375,393.4375,394.53125,393.4375,407.8125,407.8125,420.3125,386.09375,370.15625,396.875,420.3125,407.34375,420.3125,420.3125,407.34375,407.34375,407.34375,420.3125,420.3125,420.3125,393.4375,407.34375,407.34375,420.3125,407.34375,393.4375,420.3125,416.25,420.3125,407.34375,420.3125,420.3125,407.34375,393.4375,393.4375,407.34375,407.34375,393.4375,393.4375,420.3125,414.0625,407.34375,420.3125,407.34375,407.34375,420.3125,407.34375,396.875,407.34375,407.34375,407.34375,420.3125,407.34375,407.34375,393.4375,393.4375,407.34375,407.34375,393.4375,407.34375,407.34375,393.4375,393.4375,407.34375,407.34375,393.4375,396.875,420.3125,407.34375,416.25,420.3125,420.3125,393.4375,407.34375,393.4375,396.875,416.25,420.3125,407.34375,407.34375,404.21875,392.8125,404.21875,404.21875,407.34375,420.3125,392.8125,404.21875,392.8125,396.875,392.8125,392.8125,404.21875,392.8125,392.8125,392.8125,392.8125,392.8125,392.8125,392.8125,413.59375,407.34375,244.375,244.84375,248.28125,237.8125,244.375,244.84375,244.84375,244.84375,244.84375,244.84375,244.84375,244.84375,244.84375,245.78125,252.96875,252.96875,252.96875,252.96875,252.96875,244.84375,244.84375,237.8125,252.96875,244.84375,244.84375,244.84375,244.84375,244.84375,244.84375,244.84375,244.84375,244.84375,244.84375,244.84375,244.84375,237.8125,237.8125,244.84375,244.84375,244.84375,244.84375,244.84375,244.84375,244.84375,245.78125,244.84375,244.84375,244.84375,244.84375,244.84375,244.84375,244.84375,244.84375,244.84375,244.84375,244.84375,245.78125,249.375,244.84375,244.84375,244.84375,244.84375,244.84375,245.78125,241.875,244.84375,255.0,244.84375,244.84375,244.84375,245.78125,244.84375,244.84375,248.28125,237.8125,244.84375,237.8125,237.8125,237.8125,237.8125,237.8125,237.8125,237.8125,237.8125,244.84375,237.8125,237.8125,244.6875,237.8125,237.8125,237.8125,244.84375,237.8125
hDenV1/Colombia/un-OUCRU-512/2013,0.0,0.0,0.0,0.0,0.0,0.0,0.0,0.0,0.0,0.0,0.0,12.65625,12.65625,12.65625,0.0,12.65625,0.0,0.0,0.0,0.0,0.0,0.0,0.0,3.59375,0.0,22.65625,0.0,3.59375,3.59375,0.0,0.0,0.0,0.0,0.0,20.625,3.59375,0.0,0.0,3.59375,12.96875,0.0,0.0,3.59375,0.0,0.0,0.0,0.0,0.0,0.0,0.0,0.0,0.0,0.0,0.0,0.0,0.0,0.0,0.0,0.0,0.0,0.0,0.0,0.0,0.0,0.0,0.0,0.0,0.0,0.0,0.0,0.0,0.0,0.0,0.0,0.0,0.0,0.0,0.0,0.0,4.53125,0.0,0.0,0.0,0.0,0.0,0.0,0.0,0.0,0.0,0.0,0.0,0.0,0.0,12.65625,0.0,12.65625,0.0,0.0,0.0,12.65625,0.0,0.0,0.0,0.0,3.28125,207.65625,206.25,206.25,206.25,224.53125,204.84375,191.5625,202.03125,206.25,206.25,206.25,206.25,206.25,206.25,206.25,206.25,206.25,206.25,206.25,206.25,206.25,206.25,206.25,206.25,206.25,206.25,206.25,206.25,206.25,206.25,206.25,206.25,206.25,206.25,206.25,206.25,206.25,206.25,206.25,206.25,206.25,206.25,206.25,206.25,206.25,206.25,206.25,206.25,206.25,206.25,206.25,206.25,206.25,206.25,207.5,206.25,206.25,206.25,206.25,206.25,206.25,206.25,206.25,206.25,206.25,206.25,206.25,206.25,206.25,206.25,206.25,206.25,206.25,206.25,206.25,206.25,206.25,206.25,206.25,206.25,206.25,206.25,206.25,206.25,206.25,206.25,393.4375,393.4375,394.53125,393.4375,407.8125,407.8125,420.3125,386.09375,370.15625,396.875,420.3125,407.34375,420.3125,420.3125,407.34375,407.34375,407.34375,420.3125,420.3125,420.3125,393.4375,407.34375,407.34375,420.3125,407.34375,393.4375,420.3125,416.25,420.3125,407.34375,420.3125,420.3125,407.34375,393.4375,393.4375,407.34375,407.34375,393.4375,393.4375,420.3125,414.0625,407.34375,420.3125,407.34375,407.34375,420.3125,407.34375,396.875,407.34375,407.34375,407.34375,420.3125,407.34375,407.34375,393.4375,393.4375,407.34375,407.34375,393.4375,407.34375,407.34375,393.4375,393.4375,407.34375,407.34375,393.4375,396.875,420.3125,407.34375,416.25,420.3125,420.3125,393.4375,407.34375,393.4375,396.875,416.25,420.3125,407.34375,407.34375,404.21875,392.8125,404.21875,404.21875,407.34375,420.3125,392.8125,404.21875,392.8125,396.875,392.8125,392.8125,404.21875,392.8125,392.8125,392.8125,392.8125,392.8125,392.8125,392.8125,413.59375,407.34375,244.375,244.84375,248.28125,237.8125,244.375,244.84375,244.84375,244.84375,244.84375,244.84375,244.84375,244.84375,244.84375,245.78125,252.96875,252.96875,252.96875,252.96875,252.96875,244.84375,244.84375,237.8125,252.96875,244.84375,244.84375,244.84375,244.84375,244.84375,244.84375,244.84375,244.84375,244.84375,244.84375,244.84375,244.84375,237.8125,237.8125,244.84375,244.84375,244.84375,244.84375,244.84375,244.84375,244.84375,245.78125,244.84375,244.84375,244.84375,244.84375,244.84375,244.84375,244.84375,244.84375,244.84375,244.84375,244.84375,245.78125,249.375,244.84375,244.84375,244.84375,244.84375,244.84375,245.78125,241.875,244.84375,255.0,244.84375,244.84375,244.84375,245.78125,244.84375,244.84375,248.28125,237.8125,244.84375,237.8125,237.8125,237.8125,237.8125,237.8125,237.8125,237.8125,237.8125,244.84375,237.8125,237.8125,244.6875,237.8125,237.8125,237.8125,244.84375,237.8125
hDenV1/Colombia/un-OUCRU-513/2013,0.0,0.0,0.0,0.0,0.0,0.0,0.0,0.0,0.0,0.0,0.0,12.65625,12.65625,12.65625,0.0,12.65625,0.0,0.0,0.0,0.0,0.0,0.0,0.0,3.59375,0.0,22.65625,0.0,3.59375,3.59375,0.0,0.0,0.0,0.0,0.0,20.625,3.59375,0.0,0.0,3.59375,12.96875,0.0,0.0,3.59375,0.0,0.0,0.0,0.0,0.0,0.0,0.0,0.0,0.0,0.0,0.0,0.0,0.0,0.0,0.0,0.0,0.0,0.0,0.0,0.0,0.0,0.0,0.0,0.0,0.0,0.0,0.0,0.0,0.0,0.0,0.0,0.0,0.0,0.0,0.0,0.0,4.53125,0.0,0.0,0.0,0.0,0.0,0.0,0.0,0.0,0.0,0.0,0.0,0.0,0.0,12.65625,0.0,12.65625,0.0,0.0,0.0,12.65625,0.0,0.0,0.0,0.0,3.28125,207.65625,206.25,206.25,206.25,224.53125,204.84375,191.5625,202.03125,206.25,206.25,206.25,206.25,206.25,206.25,206.25,206.25,206.25,206.25,206.25,206.25,206.25,206.25,206.25,206.25,206.25,206.25,206.25,206.25,206.25,206.25,206.25,206.25,206.25,206.25,206.25,206.25,206.25,206.25,206.25,206.25,206.25,206.25,206.25,206.25,206.25,206.25,206.25,206.25,206.25,206.25,206.25,206.25,206.25,206.25,207.5,206.25,206.25,206.25,206.25,206.25,206.25,206.25,206.25,206.25,206.25,206.25,206.25,206.25,206.25,206.25,206.25,206.25,206.25,206.25,206.25,206.25,206.25,206.25,206.25,206.25,206.25,206.25,206.25,206.25,206.25,206.25,393.4375,393.4375,394.53125,393.4375,407.8125,407.8125,420.3125,386.09375,370.15625,396.875,420.3125,407.34375,420.3125,420.3125,407.34375,407.34375,407.34375,420.3125,420.3125,420.3125,393.4375,407.34375,407.34375,420.3125,407.34375,393.4375,420.3125,416.25,420.3125,407.34375,420.3125,420.3125,407.34375,393.4375,393.4375,407.34375,407.34375,393.4375,393.4375,420.3125,414.0625,407.34375,420.3125,407.34375,407.34375,420.3125,407.34375,396.875,407.34375,407.34375,407.34375,420.3125,407.34375,407.34375,393.4375,393.4375,407.34375,407.34375,393.4375,407.34375,407.34375,393.4375,393.4375,407.34375,407.34375,393.4375,396.875,420.3125,407.34375,416.25,420.3125,420.3125,393.4375,407.34375,393.4375,396.875,416.25,420.3125,407.34375,407.34375,404.21875,392.8125,404.21875,404.21875,407.34375,420.3125,392.8125,404.21875,392.8125,396.875,392.8125,392.8125,404.21875,392.8125,392.8125,392.8125,392.8125,392.8125,392.8125,392.8125,413.59375,407.34375,244.375,244.84375,248.28125,237.8125,244.375,244.84375,244.84375,244.84375,244.84375,244.84375,244.84375,244.84375,244.84375,245.78125,252.96875,252.96875,252.96875,252.96875,252.96875,244.84375,244.84375,237.8125,252.96875,244.84375,244.84375,244.84375,244.84375,244.84375,244.84375,244.84375,244.84375,244.84375,244.84375,244.84375,244.84375,237.8125,237.8125,244.84375,244.84375,244.84375,244.84375,244.84375,244.84375,244.84375,245.78125,244.84375,244.84375,244.84375,244.84375,244.84375,244.84375,244.84375,244.84375,244.84375,244.84375,244.84375,245.78125,249.375,244.84375,244.84375,244.84375,244.84375,244.84375,245.78125,241.875,244.84375,255.0,244.84375,244.84375,244.84375,245.78125,244.84375,244.84375,248.28125,237.8125,244.84375,237.8125,237.8125,237.8125,237.8125,237.8125,237.8125,237.8125,237.8125,244.84375,237.8125,237.8125,244.6875,237.8125,237.8125,237.8125,244.84375,237.8125
hDenV1/Colombia/un-OUCRU-519/2013,0.0,0.0,0.0,0.0,0.0,0.0,0.0,0.0,0.0,0.0,0.0,12.65625,12.65625,12.65625,0.0,12.65625,0.0,0.0,0.0,0.0,0.0,0.0,0.0,3.59375,0.0,22.65625,0.0,3.59375,3.59375,0.0,0.0,0.0,0.0,0.0,20.625,3.59375,0.0,0.0,3.59375,12.96875,0.0,0.0,3.59375,0.0,0.0,0.0,0.0,0.0,0.0,0.0,0.0,0.0,0.0,0.0,0.0,0.0,0.0,0.0,0.0,0.0,0.0,0.0,0.0,0.0,0.0,0.0,0.0,0.0,0.0,0.0,0.0,0.0,0.0,0.0,0.0,0.0,0.0,0.0,0.0,4.53125,0.0,0.0,0.0,0.0,0.0,0.0,0.0,0.0,0.0,0.0,0.0,0.0,0.0,12.65625,0.0,12.65625,0.0,0.0,0.0,12.65625,0.0,0.0,0.0,0.0,3.28125,207.65625,206.25,206.25,206.25,224.53125,204.84375,191.5625,202.03125,206.25,206.25,206.25,206.25,206.25,206.25,206.25,206.25,206.25,206.25,206.25,206.25,206.25,206.25,206.25,206.25,206.25,206.25,206.25,206.25,206.25,206.25,206.25,206.25,206.25,206.25,206.25,206.25,206.25,206.25,206.25,206.25,206.25,206.25,206.25,206.25,206.25,206.25,206.25,206.25,206.25,206.25,206.25,206.25,206.25,206.25,207.5,206.25,206.25,206.25,206.25,206.25,206.25,206.25,206.25,206.25,206.25,206.25,206.25,206.25,206.25,206.25,206.25,206.25,206.25,206.25,206.25,206.25,206.25,206.25,206.25,206.25,206.25,206.25,206.25,206.25,206.25,206.25,393.4375,393.4375,394.53125,393.4375,407.8125,407.8125,420.3125,386.09375,370.15625,396.875,420.3125,407.34375,420.3125,420.3125,407.34375,407.34375,407.34375,420.3125,420.3125,420.3125,393.4375,407.34375,407.34375,420.3125,407.34375,393.4375,420.3125,416.25,420.3125,407.34375,420.3125,420.3125,407.34375,393.4375,393.4375,407.34375,407.34375,393.4375,393.4375,420.3125,414.0625,407.34375,420.3125,407.34375,407.34375,420.3125,407.34375,396.875,407.34375,407.34375,407.34375,420.3125,407.34375,407.34375,393.4375,393.4375,407.34375,407.34375,393.4375,407.34375,407.34375,393.4375,393.4375,407.34375,407.34375,393.4375,396.875,420.3125,407.34375,416.25,420.3125,420.3125,393.4375,407.34375,393.4375,396.875,416.25,420.3125,407.34375,407.34375,404.21875,392.8125,404.21875,404.21875,407.34375,420.3125,392.8125,404.21875,392.8125,396.875,392.8125,392.8125,404.21875,392.8125,392.8125,392.8125,392.8125,392.8125,392.8125,392.8125,413.59375,407.34375,244.375,244.84375,248.28125,237.8125,244.375,244.84375,244.84375,244.84375,244.84375,244.84375,244.84375,244.84375,244.84375,245.78125,252.96875,252.96875,252.96875,252.96875,252.96875,244.84375,244.84375,237.8125,252.96875,244.84375,244.84375,244.84375,244.84375,244.84375,244.84375,244.84375,244.84375,244.84375,244.84375,244.84375,244.84375,237.8125,237.8125,244.84375,244.84375,244.84375,244.84375,244.84375,244.84375,244.84375,245.78125,244.84375,244.84375,244.84375,244.84375,244.84375,244.84375,244.84375,244.84375,244.84375,244.84375,244.84375,245.78125,249.375,244.84375,244.84375,244.84375,244.84375,244.84375,245.78125,241.875,244.84375,255.0,244.84375,244.84375,244.84375,245.78125,244.84375,244.84375,248.28125,237.8125,244.84375,237.8125,237.8125,237.8125,237.8125,237.8125,237.8125,237.8125,237.8125,244.84375,237.8125,237.8125,244.6875,237.8125,237.8125,237.8125,244.84375,237.8125
hDenV1/Colombia/un-OUCRU-520/2012,0.0,0.0,0.0,0.0,0.0,0.0,0.0,0.0,0.0,0.0,0.0,12.65625,12.65625,12.65625,0.0,12.65625,0.0,0.0,0.0,0.0,0.0,0.0,0.0,3.59375,0.0,22.65625,0.0,3.59375,3.59375,0.0,0.0,0.0,0.0,0.0,20.625,3.59375,0.0,0.0,3.59375,12.96875,0.0,0.0,3.59375,0.0,0.0,0.0,0.0,0.0,0.0,0.0,0.0,0.0,0.0,0.0,0.0,0.0,0.0,0.0,0.0,0.0,0.0,0.0,0.0,0.0,0.0,0.0,0.0,0.0,0.0,0.0,0.0,0.0,0.0,0.0,0.0,0.0,0.0,0.0,0.0,4.53125,0.0,0.0,0.0,0.0,0.0,0.0,0.0,0.0,0.0,0.0,0.0,0.0,0.0,12.65625,0.0,12.65625,0.0,0.0,0.0,12.65625,0.0,0.0,0.0,0.0,3.28125,207.65625,206.25,206.25,206.25,224.53125,204.84375,191.5625,202.03125,206.25,206.25,206.25,206.25,206.25,206.25,206.25,206.25,206.25,206.25,206.25,206.25,206.25,206.25,206.25,206.25,206.25,206.25,206.25,206.25,206.25,206.25,206.25,206.25,206.25,206.25,206.25,206.25,206.25,206.25,206.25,206.25,206.25,206.25,206.25,206.25,206.25,206.25,206.25,206.25,206.25,206.25,206.25,206.25,206.25,206.25,207.5,206.25,206.25,206.25,206.25,206.25,206.25,206.25,206.25,206.25,206.25,206.25,206.25,206.25,206.25,206.25,206.25,206.25,206.25,206.25,206.25,206.25,206.25,206.25,206.25,206.25,206.25,206.25,206.25,206.25,206.25,206.25,393.4375,393.4375,394.53125,393.4375,407.8125,407.8125,420.3125,386.09375,370.15625,396.875,420.3125,407.34375,420.3125,420.3125,407.34375,407.34375,407.34375,420.3125,420.3125,420.3125,393.4375,407.34375,407.34375,420.3125,407.34375,393.4375,420.3125,416.25,420.3125,407.34375,420.3125,420.3125,407.34375,393.4375,393.4375,407.34375,407.34375,393.4375,393.4375,420.3125,414.0625,407.34375,420.3125,407.34375,407.34375,420.3125,407.34375,396.875,407.34375,407.34375,407.34375,420.3125,407.34375,407.34375,393.4375,393.4375,407.34375,407.34375,393.4375,407.34375,407.34375,393.4375,393.4375,407.34375,407.34375,393.4375,396.875,420.3125,407.34375,416.25,420.3125,420.3125,393.4375,407.34375,393.4375,396.875,416.25,420.3125,407.34375,407.34375,404.21875,392.8125,404.21875,404.21875,407.34375,420.3125,392.8125,404.21875,392.8125,396.875,392.8125,392.8125,404.21875,392.8125,392.8125,392.8125,392.8125,392.8125,392.8125,392.8125,413.59375,407.34375,244.375,244.84375,248.28125,237.8125,244.375,244.84375,244.84375,244.84375,244.84375,244.84375,244.84375,244.84375,244.84375,245.78125,252.96875,252.96875,252.96875,252.96875,252.96875,244.84375,244.84375,237.8125,252.96875,244.84375,244.84375,244.84375,244.84375,244.84375,244.84375,244.84375,244.84375,244.84375,244.84375,244.84375,244.84375,237.8125,237.8125,244.84375,244.84375,244.84375,244.84375,244.84375,244.84375,244.84375,245.78125,244.84375,244.84375,244.84375,244.84375,244.84375,244.84375,244.84375,244.84375,244.84375,244.84375,244.84375,245.78125,249.375,244.84375,244.84375,244.84375,244.84375,244.84375,245.78125,241.875,244.84375,255.0,244.84375,244.84375,244.84375,245.78125,244.84375,244.84375,248.28125,237.8125,244.84375,237.8125,237.8125,237.8125,237.8125,237.8125,237.8125,237.8125,237.8125,244.84375,237.8125,237.8125,244.6875,237.8125,237.8125,237.8125,244.84375,237.8125
hDenV1/Colombia/un-OUCRU-521/2013,0.0,0.0,0.0,0.0,0.0,0.0,0.0,0.0,0.0,0.0,0.0,12.65625,12.65625,12.65625,0.0,12.65625,0.0,0.0,0.0,0.0,0.0,0.0,0.0,3.59375,0.0,22.65625,0.0,3.59375,3.59375,0.0,0.0,0.0,0.0,0.0,20.625,3.59375,0.0,0.0,3.59375,12.96875,0.0,0.0,3.59375,0.0,0.0,0.0,0.0,0.0,0.0,0.0,0.0,0.0,0.0,0.0,0.0,0.0,0.0,0.0,0.0,0.0,0.0,0.0,0.0,0.0,0.0,0.0,0.0,0.0,0.0,0.0,0.0,0.0,0.0,0.0,0.0,0.0,0.0,0.0,0.0,4.53125,0.0,0.0,0.0,0.0,0.0,0.0,0.0,0.0,0.0,0.0,0.0,0.0,0.0,12.65625,0.0,12.65625,0.0,0.0,0.0,12.65625,0.0,0.0,0.0,0.0,3.28125,207.65625,206.25,206.25,206.25,224.53125,204.84375,191.5625,202.03125,206.25,206.25,206.25,206.25,206.25,206.25,206.25,206.25,206.25,206.25,206.25,206.25,206.25,206.25,206.25,206.25,206.25,206.25,206.25,206.25,206.25,206.25,206.25,206.25,206.25,206.25,206.25,206.25,206.25,206.25,206.25,206.25,206.25,206.25,206.25,206.25,206.25,206.25,206.25,206.25,206.25,206.25,206.25,206.25,206.25,206.25,207.5,206.25,206.25,206.25,206.25,206.25,206.25,206.25,206.25,206.25,206.25,206.25,206.25,206.25,206.25,206.25,206.25,206.25,206.25,206.25,206.25,206.25,206.25,206.25,206.25,206.25,206.25,206.25,206.25,206.25,206.25,206.25,393.4375,393.4375,394.53125,393.4375,407.8125,407.8125,420.3125,386.09375,370.15625,396.875,420.3125,407.34375,420.3125,420.3125,407.34375,407.34375,407.34375,420.3125,420.3125,420.3125,393.4375,407.34375,407.34375,420.3125,407.34375,393.4375,420.3125,416.25,420.3125,407.34375,420.3125,420.3125,407.34375,393.4375,393.4375,407.34375,407.34375,393.4375,393.4375,420.3125,414.0625,407.34375,420.3125,407.34375,407.34375,420.3125,407.34375,396.875,407.34375,407.34375,407.34375,420.3125,407.34375,407.34375,393.4375,393.4375,407.34375,407.34375,393.4375,407.34375,407.34375,393.4375,393.4375,407.34375,407.34375,393.4375,396.875,420.3125,407.34375,416.25,420.3125,420.3125,393.4375,407.34375,393.4375,396.875,416.25,420.3125,407.34375,407.34375,404.21875,392.8125,404.21875,404.21875,407.34375,420.3125,392.8125,404.21875,392.8125,396.875,392.8125,392.8125,404.21875,392.8125,392.8125,392.8125,392.8125,392.8125,392.8125,392.8125,413.59375,407.34375,244.375,244.84375,248.28125,237.8125,244.375,244.84375,244.84375,244.84375,244.84375,244.84375,244.84375,244.84375,244.84375,245.78125,252.96875,252.96875,252.96875,252.96875,252.96875,244.84375,244.84375,237.8125,252.96875,244.84375,244.84375,244.84375,244.84375,244.84375,244.84375,244.84375,244.84375,244.84375,244.84375,244.84375,244.84375,237.8125,237.8125,244.84375,244.84375,244.84375,244.84375,244.84375,244.84375,244.84375,245.78125,244.84375,244.84375,244.84375,244.84375,244.84375,244.84375,244.84375,244.84375,244.84375,244.84375,244.84375,245.78125,249.375,244.84375,244.84375,244.84375,244.84375,244.84375,245.78125,241.875,244.84375,255.0,244.84375,244.84375,244.84375,245.78125,244.84375,244.84375,248.28125,237.8125,244.84375,237.8125,237.8125,237.8125,237.8125,237.8125,237.8125,237.8125,237.8125,244.84375,237.8125,237.8125,244.6875,237.8125,237.8125,237.8125,244.84375,237.8125
hDenV1/Colombia/un-OUCRU-522/2013,0.0,0.0,0.0,0.0,0.0,0.0,0.0,0.0,0.0,0.0,0.0,12.65625,12.65625,12.65625,0.0,12.65625,0.0,0.0,0.0,0.0,0.0,0.0,0.0,3.59375,0.0,22.65625,0.0,3.59375,3.59375,0.0,0.0,0.0,0.0,0.0,20.625,3.59375,0.0,0.0,3.59375,12.96875,0.0,0.0,3.59375,0.0,0.0,0.0,0.0,0.0,0.0,0.0,0.0,0.0,0.0,0.0,0.0,0.0,0.0,0.0,0.0,0.0,0.0,0.0,0.0,0.0,0.0,0.0,0.0,0.0,0.0,0.0,0.0,0.0,0.0,0.0,0.0,0.0,0.0,0.0,0.0,4.53125,0.0,0.0,0.0,0.0,0.0,0.0,0.0,0.0,0.0,0.0,0.0,0.0,0.0,12.65625,0.0,12.65625,0.0,0.0,0.0,12.65625,0.0,0.0,0.0,0.0,3.28125,207.65625,206.25,206.25,206.25,224.53125,204.84375,191.5625,202.03125,206.25,206.25,206.25,206.25,206.25,206.25,206.25,206.25,206.25,206.25,206.25,206.25,206.25,206.25,206.25,206.25,206.25,206.25,206.25,206.25,206.25,206.25,206.25,206.25,206.25,206.25,206.25,206.25,206.25,206.25,206.25,206.25,206.25,206.25,206.25,206.25,206.25,206.25,206.25,206.25,206.25,206.25,206.25,206.25,206.25,206.25,207.5,206.25,206.25,206.25,206.25,206.25,206.25,206.25,206.25,206.25,206.25,206.25,206.25,206.25,206.25,206.25,206.25,206.25,206.25,206.25,206.25,206.25,206.25,206.25,206.25,206.25,206.25,206.25,206.25,206.25,206.25,206.25,393.4375,393.4375,394.53125,393.4375,407.8125,407.8125,420.3125,386.09375,370.15625,396.875,420.3125,407.34375,420.3125,420.3125,407.34375,407.34375,407.34375,420.3125,420.3125,420.3125,393.4375,407.34375,407.34375,420.3125,407.34375,393.4375,420.3125,416.25,420.3125,407.34375,420.3125,420.3125,407.34375,393.4375,393.4375,407.34375,407.34375,393.4375,393.4375,420.3125,414.0625,407.34375,420.3125,407.34375,407.34375,420.3125,407.34375,396.875,407.34375,407.34375,407.34375,420.3125,407.34375,407.34375,393.4375,393.4375,407.34375,407.34375,393.4375,407.34375,407.34375,393.4375,393.4375,407.34375,407.34375,393.4375,396.875,420.3125,407.34375,416.25,420.3125,420.3125,393.4375,407.34375,393.4375,396.875,416.25,420.3125,407.34375,407.34375,404.21875,392.8125,404.21875,404.21875,407.34375,420.3125,392.8125,404.21875,392.8125,396.875,392.8125,392.8125,404.21875,392.8125,392.8125,392.8125,392.8125,392.8125,392.8125,392.8125,413.59375,407.34375,244.375,244.84375,248.28125,237.8125,244.375,244.84375,244.84375,244.84375,244.84375,244.84375,244.84375,244.84375,244.84375,245.78125,252.96875,252.96875,252.96875,252.96875,252.96875,244.84375,244.84375,237.8125,252.96875,244.84375,244.84375,244.84375,244.84375,244.84375,244.84375,244.84375,244.84375,244.84375,244.84375,244.84375,244.84375,237.8125,237.8125,244.84375,244.84375,244.84375,244.84375,244.84375,244.84375,244.84375,245.78125,244.84375,244.84375,244.84375,244.84375,244.84375,244.84375,244.84375,244.84375,244.84375,244.84375,244.84375,245.78125,249.375,244.84375,244.84375,244.84375,244.84375,244.84375,245.78125,241.875,244.84375,255.0,244.84375,244.84375,244.84375,245.78125,244.84375,244.84375,248.28125,237.8125,244.84375,237.8125,237.8125,237.8125,237.8125,237.8125,237.8125,237.8125,237.8125,244.84375,237.8125,237.8125,244.6875,237.8125,237.8125,237.8125,244.84375,237.8125
hDenV1/Colombia/un-OUCRU-523/2013,0.0,0.0,0.0,0.0,0.0,0.0,0.0,0.0,0.0,0.0,0.0,12.65625,12.65625,12.65625,0.0,12.65625,0.0,0.0,0.0,0.0,0.0,0.0,0.0,3.59375,0.0,22.65625,0.0,3.59375,3.59375,0.0,0.0,0.0,0.0,0.0,20.625,3.59375,0.0,0.0,3.59375,12.96875,0.0,0.0,3.59375,0.0,0.0,0.0,0.0,0.0,0.0,0.0,0.0,0.0,0.0,0.0,0.0,0.0,0.0,0.0,0.0,0.0,0.0,0.0,0.0,0.0,0.0,0.0,0.0,0.0,0.0,0.0,0.0,0.0,0.0,0.0,0.0,0.0,0.0,0.0,0.0,4.53125,0.0,0.0,0.0,0.0,0.0,0.0,0.0,0.0,0.0,0.0,0.0,0.0,0.0,12.65625,0.0,12.65625,0.0,0.0,0.0,12.65625,0.0,0.0,0.0,0.0,3.28125,207.65625,206.25,206.25,206.25,224.53125,204.84375,191.5625,202.03125,206.25,206.25,206.25,206.25,206.25,206.25,206.25,206.25,206.25,206.25,206.25,206.25,206.25,206.25,206.25,206.25,206.25,206.25,206.25,206.25,206.25,206.25,206.25,206.25,206.25,206.25,206.25,206.25,206.25,206.25,206.25,206.25,206.25,206.25,206.25,206.25,206.25,206.25,206.25,206.25,206.25,206.25,206.25,206.25,206.25,206.25,207.5,206.25,206.25,206.25,206.25,206.25,206.25,206.25,206.25,206.25,206.25,206.25,206.25,206.25,206.25,206.25,206.25,206.25,206.25,206.25,206.25,206.25,206.25,206.25,206.25,206.25,206.25,206.25,206.25,206.25,206.25,206.25,393.4375,393.4375,394.53125,393.4375,407.8125,407.8125,420.3125,386.09375,370.15625,396.875,420.3125,407.34375,420.3125,420.3125,407.34375,407.34375,407.34375,420.3125,420.3125,420.3125,393.4375,407.34375,407.34375,420.3125,407.34375,393.4375,420.3125,416.25,420.3125,407.34375,420.3125,420.3125,407.34375,393.4375,393.4375,407.34375,407.34375,393.4375,393.4375,420.3125,414.0625,407.34375,420.3125,407.34375,407.34375,420.3125,407.34375,396.875,407.34375,407.34375,407.34375,420.3125,407.34375,407.34375,393.4375,393.4375,407.34375,407.34375,393.4375,407.34375,407.34375,393.4375,393.4375,407.34375,407.34375,393.4375,396.875,420.3125,407.34375,416.25,420.3125,420.3125,393.4375,407.34375,393.4375,396.875,416.25,420.3125,407.34375,407.34375,404.21875,392.8125,404.21875,404.21875,407.34375,420.3125,392.8125,404.21875,392.8125,396.875,392.8125,392.8125,404.21875,392.8125,392.8125,392.8125,392.8125,392.8125,392.8125,392.8125,413.59375,407.34375,244.375,244.84375,248.28125,237.8125,244.375,244.84375,244.84375,244.84375,244.84375,244.84375,244.84375,244.84375,244.84375,245.78125,252.96875,252.96875,252.96875,252.96875,252.96875,244.84375,244.84375,237.8125,252.96875,244.84375,244.84375,244.84375,244.84375,244.84375,244.84375,244.84375,244.84375,244.84375,244.84375,244.84375,244.84375,237.8125,237.8125,244.84375,244.84375,244.84375,244.84375,244.84375,244.84375,244.84375,245.78125,244.84375,244.84375,244.84375,244.84375,244.84375,244.84375,244.84375,244.84375,244.84375,244.84375,244.84375,245.78125,249.375,244.84375,244.84375,244.84375,244.84375,244.84375,245.78125,241.875,244.84375,255.0,244.84375,244.84375,244.84375,245.78125,244.84375,244.84375,248.28125,237.8125,244.84375,237.8125,237.8125,237.8125,237.8125,237.8125,237.8125,237.8125,237.8125,244.84375,237.8125,237.8125,244.6875,237.8125,237.8125,237.8125,244.84375,237.8125
hDenV1/Colombia/un-OUCRU-525/2011,6.71875,6.71875,6.71875,6.71875,6.71875,6.71875,6.71875,6.71875,6.71875,6.71875,6.71875,19.375,19.375,19.375,6.71875,19.375,6.71875,6.71875,6.71875,6.71875,6.71875,6.71875,6.71875,10.3125,6.71875,29.375,6.71875,10.3125,10.3125,6.71875,6.71875,6.71875,6.71875,6.71875,27.34375,10.3125,6.71875,6.71875,10.3125,19.6875,6.71875,6.71875,10.3125,6.71875,6.71875,6.71875,6.71875,6.71875,6.71875,6.71875,6.71875,6.71875,6.71875,6.71875,6.71875,6.71875,6.71875,6.71875,6.71875,6.71875,6.71875,6.71875,6.71875,6.71875,6.71875,6.71875,6.71875,6.71875,6.71875,6.71875,6.71875,6.71875,6.71875,6.71875,6.71875,6.71875,6.71875,6.71875,6.71875,11.25,6.71875,6.71875,6.71875,6.71875,6.71875,6.71875,6.71875,6.71875,6.71875,6.71875,6.71875,6.71875,6.71875,19.375,6.71875,19.375,6.71875,6.71875,6.71875,19.375,6.71875,6.71875,6.71875,6.71875,10.0,214.375,212.96875,212.96875,212.96875,231.25,211.5625,198.28125,208.75,212.96875,212.96875,212.96875,212.96875,212.96875,212.96875,212.96875,212.96875,212.96875,212.96875,212.96875,212.96875,212.96875,212.96875,212.96875,212.96875,212.96875,212.96875,212.96875,212.96875,212.96875,212.96875,212.96875,212.96875,212.96875,212.96875,212.96875,212.96875,212.96875,212.96875,212.96875,212.96875,212.96875,212.96875,212.96875,212.96875,212.96875,212.96875,212.96875,212.96875,212.96875,212.96875,212.96875,212.96875,212.96875,212.96875,214.21875,212.96875,212.96875,212.96875,212.96875,212.96875,212.96875,212.96875,212.96875,212.96875,212.96875,212.96875,212.96875,212.96875,212.96875,212.96875,212.96875,212.96875,212.96875,212.96875,212.96875,212.96875,212.96875,212.96875,212.96875,212.96875,212.96875,212.96875,212.96875,212.96875,212.96875,212.96875,400.0,400.0,401.09375,400.0,414.375,414.375,426.875,392.65625,376.71875,403.4375,426.875,413.90625,426.875,426.875,413.90625,413.90625,413.90625,426.875,426.875,426.875,400.0,413.90625,413.90625,426.875,413.90625,400.0,426.875,420.78125,426.875,413.90625,426.875,426.875,413.90625,400.0,400.0,413.90625,413.90625,400.0,400.0,426.875,420.625,413.90625,426.875,413.90625,413.90625,426.875,413.90625,403.4375,413.90625,413.90625,413.90625,426.875,413.90625,413.90625,400.0,400.0,413.90625,413.90625,400.0,413.90625,413.90625,400.0,400.0,413.90625,413.90625,400.0,403.4375,426.875,413.90625,420.78125,426.875,426.875,400.0,413.90625,400.0,403.4375,420.78125,426.875,413.90625,413.90625,410.78125,397.34375,410.78125,410.78125,413.90625,426.875,397.34375,410.78125,397.34375,403.4375,397.34375,397.34375,410.78125,397.34375,397.34375,397.34375,397.34375,397.34375,397.34375,397.34375,420.15625,413.90625,249.84375,250.3125,253.75,243.28125,249.84375,250.3125,250.3125,250.3125,250.3125,250.3125,250.3125,250.3125,250.3125,251.25,258.4375,258.4375,258.4375,258.4375,258.4375,250.3125,250.3125,243.28125,258.4375,250.3125,250.3125,250.3125,250.3125,250.3125,250.3125,250.3125,250.3125,250.3125,250.3125,250.3125,250.3125,243.28125,243.28125,250.3125,250.3125,250.3125,250.3125,250.3125,250.3125,250.3125,251.25,250.3125,250.3125,250.3125,250.3125,250.3125,250.3125,250.3125,250.3125,250.3125,250.3125,250.3125,251.25,254.84375,250.3125,250.3125,250.3125,250.3125,250.3125,251.25,247.34375,250.3125,260.46875,250.3125,250.3125,250.3125,251.25,250.3125,250.3125,253.75,243.28125,250.3125,243.28125,243.28125,243.28125,243.28125,243.28125,243.28125,243.28125,243.28125,250.3125,243.28125,243.28125,250.15625,243.28125,243.28125,243.28125,250.3125,243.28125
hDenV1/Colombia/un-OUCRU-526/2013,0.0,0.0,0.0,0.0,0.0,0.0,0.0,0.0,0.0,0.0,0.0,12.65625,12.65625,12.65625,0.0,12.65625,0.0,0.0,0.0,0.0,0.0,0.0,0.0,3.59375,0.0,22.65625,0.0,3.59375,3.59375,0.0,0.0,0.0,0.0,0.0,20.625,3.59375,0.0,0.0,3.59375,12.96875,0.0,0.0,3.59375,0.0,0.0,0.0,0.0,0.0,0.0,0.0,0.0,0.0,0.0,0.0,0.0,0.0,0.0,0.0,0.0,0.0,0.0,0.0,0.0,0.0,0.0,0.0,0.0,0.0,0.0,0.0,0.0,0.0,0.0,0.0,0.0,0.0,0.0,0.0,0.0,4.53125,0.0,0.0,0.0,0.0,0.0,0.0,0.0,0.0,0.0,0.0,0.0,0.0,0.0,12.65625,0.0,12.65625,0.0,0.0,0.0,12.65625,0.0,0.0,0.0,0.0,3.28125,207.65625,206.25,206.25,206.25,224.53125,204.84375,191.5625,202.03125,206.25,206.25,206.25,206.25,206.25,206.25,206.25,206.25,206.25,206.25,206.25,206.25,206.25,206.25,206.25,206.25,206.25,206.25,206.25,206.25,206.25,206.25,206.25,206.25,206.25,206.25,206.25,206.25,206.25,206.25,206.25,206.25,206.25,206.25,206.25,206.25,206.25,206.25,206.25,206.25,206.25,206.25,206.25,206.25,206.25,206.25,207.5,206.25,206.25,206.25,206.25,206.25,206.25,206.25,206.25,206.25,206.25,206.25,206.25,206.25,206.25,206.25,206.25,206.25,206.25,206.25,206.25,206.25,206.25,206.25,206.25,206.25,206.25,206.25,206.25,206.25,206.25,206.25,393.4375,393.4375,394.53125,393.4375,407.8125,407.8125,420.3125,386.09375,370.15625,396.875,420.3125,407.34375,420.3125,420.3125,407.34375,407.34375,407.34375,420.3125,420.3125,420.3125,393.4375,407.34375,407.34375,420.3125,407.34375,393.4375,420.3125,416.25,420.3125,407.34375,420.3125,420.3125,407.34375,393.4375,393.4375,407.34375,407.34375,393.4375,393.4375,420.3125,414.0625,407.34375,420.3125,407.34375,407.34375,420.3125,407.34375,396.875,407.34375,407.34375,407.34375,420.3125,407.34375,407.34375,393.4375,393.4375,407.34375,407.34375,393.4375,407.34375,407.34375,393.4375,393.4375,407.34375,407.34375,393.4375,396.875,420.3125,407.34375,416.25,420.3125,420.3125,393.4375,407.34375,393.4375,396.875,416.25,420.3125,407.34375,407.34375,404.21875,392.8125,404.21875,404.21875,407.34375,420.3125,392.8125,404.21875,392.8125,396.875,392.8125,392.8125,404.21875,392.8125,392.8125,392.8125,392.8125,392.8125,392.8125,392.8125,413.59375,407.34375,244.375,244.84375,248.28125,237.8125,244.375,244.84375,244.84375,244.84375,244.84375,244.84375,244.84375,244.84375,244.84375,245.78125,252.96875,252.96875,252.96875,252.96875,252.96875,244.84375,244.84375,237.8125,252.96875,244.84375,244.84375,244.84375,244.84375,244.84375,244.84375,244.84375,244.84375,244.84375,244.84375,244.84375,244.84375,237.8125,237.8125,244.84375,244.84375,244.84375,244.84375,244.84375,244.84375,244.84375,245.78125,244.84375,244.84375,244.84375,244.84375,244.84375,244.84375,244.84375,244.84375,244.84375,244.84375,244.84375,245.78125,249.375,244.84375,244.84375,244.84375,244.84375,244.84375,245.78125,241.875,244.84375,255.0,244.84375,244.84375,244.84375,245.78125,244.84375,244.84375,248.28125,237.8125,244.84375,237.8125,237.8125,237.8125,237.8125,237.8125,237.8125,237.8125,237.8125,244.84375,237.8125,237.8125,244.6875,237.8125,237.8125,237.8125,244.84375,237.8125
hDenV1/Colombia/un-UDS-Ov07582/2013,0.0,0.0,0.0,0.0,0.0,0.0,0.0,0.0,0.0,0.0,0.0,12.65625,12.65625,12.65625,0.0,12.65625,0.0,0.0,0.0,0.0,0.0,0.0,0.0,3.59375,0.0,22.65625,0.0,3.59375,3.59375,0.0,0.0,0.0,0.0,0.0,20.625,3.59375,0.0,0.0,3.59375,12.96875,0.0,0.0,3.59375,0.0,0.0,0.0,0.0,0.0,0.0,0.0,0.0,0.0,0.0,0.0,0.0,0.0,0.0,0.0,0.0,0.0,0.0,0.0,0.0,0.0,0.0,0.0,0.0,0.0,0.0,0.0,0.0,0.0,0.0,0.0,0.0,0.0,0.0,0.0,0.0,4.53125,0.0,0.0,0.0,0.0,0.0,0.0,0.0,0.0,0.0,0.0,0.0,0.0,0.0,12.65625,0.0,12.65625,0.0,0.0,0.0,12.65625,0.0,0.0,0.0,0.0,3.28125,207.65625,206.25,206.25,206.25,224.53125,204.84375,191.5625,202.03125,206.25,206.25,206.25,206.25,206.25,206.25,206.25,206.25,206.25,206.25,206.25,206.25,206.25,206.25,206.25,206.25,206.25,206.25,206.25,206.25,206.25,206.25,206.25,206.25,206.25,206.25,206.25,206.25,206.25,206.25,206.25,206.25,206.25,206.25,206.25,206.25,206.25,206.25,206.25,206.25,206.25,206.25,206.25,206.25,206.25,206.25,207.5,206.25,206.25,206.25,206.25,206.25,206.25,206.25,206.25,206.25,206.25,206.25,206.25,206.25,206.25,206.25,206.25,206.25,206.25,206.25,206.25,206.25,206.25,206.25,206.25,206.25,206.25,206.25,206.25,206.25,206.25,206.25,393.4375,393.4375,394.53125,393.4375,407.8125,407.8125,420.3125,386.09375,370.15625,396.875,420.3125,407.34375,420.3125,420.3125,407.34375,407.34375,407.34375,420.3125,420.3125,420.3125,393.4375,407.34375,407.34375,420.3125,407.34375,393.4375,420.3125,416.25,420.3125,407.34375,420.3125,420.3125,407.34375,393.4375,393.4375,407.34375,407.34375,393.4375,393.4375,420.3125,414.0625,407.34375,420.3125,407.34375,407.34375,420.3125,407.34375,396.875,407.34375,407.34375,407.34375,420.3125,407.34375,407.34375,393.4375,393.4375,407.34375,407.34375,393.4375,407.34375,407.34375,393.4375,393.4375,407.34375,407.34375,393.4375,396.875,420.3125,407.34375,416.25,420.3125,420.3125,393.4375,407.34375,393.4375,396.875,416.25,420.3125,407.34375,407.34375,404.21875,392.8125,404.21875,404.21875,407.34375,420.3125,392.8125,404.21875,392.8125,396.875,392.8125,392.8125,404.21875,392.8125,392.8125,392.8125,392.8125,392.8125,392.8125,392.8125,413.59375,407.34375,244.375,244.84375,248.28125,237.8125,244.375,244.84375,244.84375,244.84375,244.84375,244.84375,244.84375,244.84375,244.84375,245.78125,252.96875,252.96875,252.96875,252.96875,252.96875,244.84375,244.84375,237.8125,252.96875,244.84375,244.84375,244.84375,244.84375,244.84375,244.84375,244.84375,244.84375,244.84375,244.84375,244.84375,244.84375,237.8125,237.8125,244.84375,244.84375,244.84375,244.84375,244.84375,244.84375,244.84375,245.78125,244.84375,244.84375,244.84375,244.84375,244.84375,244.84375,244.84375,244.84375,244.84375,244.84375,244.84375,245.78125,249.375,244.84375,244.84375,244.84375,244.84375,244.84375,245.78125,241.875,244.84375,255.0,244.84375,244.84375,244.84375,245.78125,244.84375,244.84375,248.28125,237.8125,244.84375,237.8125,237.8125,237.8125,237.8125,237.8125,237.8125,237.8125,237.8125,244.84375,237.8125,237.8125,244.6875,237.8125,237.8125,237.8125,244.84375,237.8125
hDenV1/Colombia/un-Yale-DH141/2004,0.0,0.0,0.0,0.0,0.0,0.0,0.0,0.0,0.0,0.0,0.0,12.65625,12.65625,12.65625,0.0,12.65625,0.0,0.0,0.0,0.0,0.0,0.0,0.0,3.59375,0.0,22.65625,0.0,3.59375,3.59375,0.0,0.0,0.0,0.0,0.0,20.625,3.59375,0.0,0.0,3.59375,12.96875,0.0,0.0,3.59375,0.0,0.0,0.0,0.0,0.0,0.0,0.0,0.0,0.0,0.0,0.0,0.0,0.0,0.0,0.0,0.0,0.0,0.0,0.0,0.0,0.0,0.0,0.0,0.0,0.0,0.0,0.0,0.0,0.0,0.0,0.0,0.0,0.0,0.0,0.0,0.0,4.53125,0.0,0.0,0.0,0.0,0.0,0.0,0.0,0.0,0.0,0.0,0.0,0.0,0.0,12.65625,0.0,12.65625,0.0,0.0,0.0,12.65625,0.0,0.0,0.0,0.0,3.28125,207.65625,206.25,206.25,206.25,224.53125,204.84375,191.5625,202.03125,206.25,206.25,206.25,206.25,206.25,206.25,206.25,206.25,206.25,206.25,206.25,206.25,206.25,206.25,206.25,206.25,206.25,206.25,206.25,206.25,206.25,206.25,206.25,206.25,206.25,206.25,206.25,206.25,206.25,206.25,206.25,206.25,206.25,206.25,206.25,206.25,206.25,206.25,206.25,206.25,206.25,206.25,206.25,206.25,206.25,206.25,207.5,206.25,206.25,206.25,206.25,206.25,206.25,206.25,206.25,206.25,206.25,206.25,206.25,206.25,206.25,206.25,206.25,206.25,206.25,206.25,206.25,206.25,206.25,206.25,206.25,206.25,206.25,206.25,206.25,206.25,206.25,206.25,393.4375,393.4375,394.53125,393.4375,407.8125,407.8125,420.3125,386.09375,370.15625,396.875,420.3125,407.34375,420.3125,420.3125,407.34375,407.34375,407.34375,420.3125,420.3125,420.3125,393.4375,407.34375,407.34375,420.3125,407.34375,393.4375,420.3125,416.25,420.3125,407.34375,420.3125,420.3125,407.34375,393.4375,393.4375,407.34375,407.34375,393.4375,393.4375,420.3125,414.0625,407.34375,420.3125,407.34375,407.34375,420.3125,407.34375,396.875,407.34375,407.34375,407.34375,420.3125,407.34375,407.34375,393.4375,393.4375,407.34375,407.34375,393.4375,407.34375,407.34375,393.4375,393.4375,407.34375,407.34375,393.4375,396.875,420.3125,407.34375,416.25,420.3125,420.3125,393.4375,407.34375,393.4375,396.875,416.25,420.3125,407.34375,407.34375,404.21875,392.8125,404.21875,404.21875,407.34375,420.3125,392.8125,404.21875,392.8125,396.875,392.8125,392.8125,404.21875,392.8125,392.8125,392.8125,392.8125,392.8125,392.8125,392.8125,413.59375,407.34375,244.375,244.84375,248.28125,237.8125,244.375,244.84375,244.84375,244.84375,244.84375,244.84375,244.84375,244.84375,244.84375,245.78125,252.96875,252.96875,252.96875,252.96875,252.96875,244.84375,244.84375,237.8125,252.96875,244.84375,244.84375,244.84375,244.84375,244.84375,244.84375,244.84375,244.84375,244.84375,244.84375,244.84375,244.84375,237.8125,237.8125,244.84375,244.84375,244.84375,244.84375,244.84375,244.84375,244.84375,245.78125,244.84375,244.84375,244.84375,244.84375,244.84375,244.84375,244.84375,244.84375,244.84375,244.84375,244.84375,245.78125,249.375,244.84375,244.84375,244.84375,244.84375,244.84375,245.78125,241.875,244.84375,255.0,244.84375,244.84375,244.84375,245.78125,244.84375,244.84375,248.28125,237.8125,244.84375,237.8125,237.8125,237.8125,237.8125,237.8125,237.8125,237.8125,237.8125,244.84375,237.8125,237.8125,244.6875,237.8125,237.8125,237.8125,244.84375,237.8125
hDenV1/Colombia/un-Yale-DN02363/2023,0.0,0.0,0.0,0.0,0.0,0.0,0.0,0.0,0.0,0.0,0.0,12.65625,12.65625,12.65625,0.0,12.65625,0.0,0.0,0.0,0.0,0.0,0.0,0.0,3.59375,0.0,22.65625,0.0,3.59375,3.59375,0.0,0.0,0.0,0.0,0.0,20.625,3.59375,0.0,0.0,3.59375,12.96875,0.0,0.0,3.59375,0.0,0.0,0.0,0.0,0.0,0.0,0.0,0.0,0.0,0.0,0.0,0.0,0.0,0.0,0.0,0.0,0.0,0.0,0.0,0.0,0.0,0.0,0.0,0.0,0.0,0.0,0.0,0.0,0.0,0.0,0.0,0.0,0.0,0.0,0.0,0.0,4.53125,0.0,0.0,0.0,0.0,0.0,0.0,0.0,0.0,0.0,0.0,0.0,0.0,0.0,12.65625,0.0,12.65625,0.0,0.0,0.0,12.65625,0.0,0.0,0.0,0.0,3.28125,207.65625,206.25,206.25,206.25,224.53125,204.84375,191.5625,202.03125,206.25,206.25,206.25,206.25,206.25,206.25,206.25,206.25,206.25,206.25,206.25,206.25,206.25,206.25,206.25,206.25,206.25,206.25,206.25,206.25,206.25,206.25,206.25,206.25,206.25,206.25,206.25,206.25,206.25,206.25,206.25,206.25,206.25,206.25,206.25,206.25,206.25,206.25,206.25,206.25,206.25,206.25,206.25,206.25,206.25,206.25,207.5,206.25,206.25,206.25,206.25,206.25,206.25,206.25,206.25,206.25,206.25,206.25,206.25,206.25,206.25,206.25,206.25,206.25,206.25,206.25,206.25,206.25,206.25,206.25,206.25,206.25,206.25,206.25,206.25,206.25,206.25,206.25,393.4375,393.4375,394.53125,393.4375,407.8125,407.8125,420.3125,386.09375,370.15625,396.875,420.3125,407.34375,420.3125,420.3125,407.34375,407.34375,407.34375,420.3125,420.3125,420.3125,393.4375,407.34375,407.34375,420.3125,407.34375,393.4375,420.3125,416.25,420.3125,407.34375,420.3125,420.3125,407.34375,393.4375,393.4375,407.34375,407.34375,393.4375,393.4375,420.3125,414.0625,407.34375,420.3125,407.34375,407.34375,420.3125,407.34375,396.875,407.34375,407.34375,407.34375,420.3125,407.34375,407.34375,393.4375,393.4375,407.34375,407.34375,393.4375,407.34375,407.34375,393.4375,393.4375,407.34375,407.34375,393.4375,396.875,420.3125,407.34375,416.25,420.3125,420.3125,393.4375,407.34375,393.4375,396.875,416.25,420.3125,407.34375,407.34375,404.21875,392.8125,404.21875,404.21875,407.34375,420.3125,392.8125,404.21875,392.8125,396.875,392.8125,392.8125,404.21875,392.8125,392.8125,392.8125,392.8125,392.8125,392.8125,392.8125,413.59375,407.34375,244.375,244.84375,248.28125,237.8125,244.375,244.84375,244.84375,244.84375,244.84375,244.84375,244.84375,244.84375,244.84375,245.78125,252.96875,252.96875,252.96875,252.96875,252.96875,244.84375,244.84375,237.8125,252.96875,244.84375,244.84375,244.84375,244.84375,244.84375,244.84375,244.84375,244.84375,244.84375,244.84375,244.84375,244.84375,237.8125,237.8125,244.84375,244.84375,244.84375,244.84375,244.84375,244.84375,244.84375,245.78125,244.84375,244.84375,244.84375,244.84375,244.84375,244.84375,244.84375,244.84375,244.84375,244.84375,244.84375,245.78125,249.375,244.84375,244.84375,244.84375,244.84375,244.84375,245.78125,241.875,244.84375,255.0,244.84375,244.84375,244.84375,245.78125,244.84375,244.84375,248.28125,237.8125,244.84375,237.8125,237.8125,237.8125,237.8125,237.8125,237.8125,237.8125,237.8125,244.84375,237.8125,237.8125,244.6875,237.8125,237.8125,237.8125,244.84375,237.8125
hDenV1/Colombia/un-Yale-DN02365/2023,0.0,0.0,0.0,0.0,0.0,0.0,0.0,0.0,0.0,0.0,0.0,12.65625,12.65625,12.65625,0.0,12.65625,0.0,0.0,0.0,0.0,0.0,0.0,0.0,3.59375,0.0,22.65625,0.0,3.59375,3.59375,0.0,0.0,0.0,0.0,0.0,20.625,3.59375,0.0,0.0,3.59375,12.96875,0.0,0.0,3.59375,0.0,0.0,0.0,0.0,0.0,0.0,0.0,0.0,0.0,0.0,0.0,0.0,0.0,0.0,0.0,0.0,0.0,0.0,0.0,0.0,0.0,0.0,0.0,0.0,0.0,0.0,0.0,0.0,0.0,0.0,0.0,0.0,0.0,0.0,0.0,0.0,4.53125,0.0,0.0,0.0,0.0,0.0,0.0,0.0,0.0,0.0,0.0,0.0,0.0,0.0,12.65625,0.0,12.65625,0.0,0.0,0.0,12.65625,0.0,0.0,0.0,0.0,3.28125,207.65625,206.25,206.25,206.25,224.53125,204.84375,191.5625,202.03125,206.25,206.25,206.25,206.25,206.25,206.25,206.25,206.25,206.25,206.25,206.25,206.25,206.25,206.25,206.25,206.25,206.25,206.25,206.25,206.25,206.25,206.25,206.25,206.25,206.25,206.25,206.25,206.25,206.25,206.25,206.25,206.25,206.25,206.25,206.25,206.25,206.25,206.25,206.25,206.25,206.25,206.25,206.25,206.25,206.25,206.25,207.5,206.25,206.25,206.25,206.25,206.25,206.25,206.25,206.25,206.25,206.25,206.25,206.25,206.25,206.25,206.25,206.25,206.25,206.25,206.25,206.25,206.25,206.25,206.25,206.25,206.25,206.25,206.25,206.25,206.25,206.25,206.25,393.4375,393.4375,394.53125,393.4375,407.8125,407.8125,420.3125,386.09375,370.15625,396.875,420.3125,407.34375,420.3125,420.3125,407.34375,407.34375,407.34375,420.3125,420.3125,420.3125,393.4375,407.34375,407.34375,420.3125,407.34375,393.4375,420.3125,416.25,420.3125,407.34375,420.3125,420.3125,407.34375,393.4375,393.4375,407.34375,407.34375,393.4375,393.4375,420.3125,414.0625,407.34375,420.3125,407.34375,407.34375,420.3125,407.34375,396.875,407.34375,407.34375,407.34375,420.3125,407.34375,407.34375,393.4375,393.4375,407.34375,407.34375,393.4375,407.34375,407.34375,393.4375,393.4375,407.34375,407.34375,393.4375,396.875,420.3125,407.34375,416.25,420.3125,420.3125,393.4375,407.34375,393.4375,396.875,416.25,420.3125,407.34375,407.34375,404.21875,392.8125,404.21875,404.21875,407.34375,420.3125,392.8125,404.21875,392.8125,396.875,392.8125,392.8125,404.21875,392.8125,392.8125,392.8125,392.8125,392.8125,392.8125,392.8125,413.59375,407.34375,244.375,244.84375,248.28125,237.8125,244.375,244.84375,244.84375,244.84375,244.84375,244.84375,244.84375,244.84375,244.84375,245.78125,252.96875,252.96875,252.96875,252.96875,252.96875,244.84375,244.84375,237.8125,252.96875,244.84375,244.84375,244.84375,244.84375,244.84375,244.84375,244.84375,244.84375,244.84375,244.84375,244.84375,244.84375,237.8125,237.8125,244.84375,244.84375,244.84375,244.84375,244.84375,244.84375,244.84375,245.78125,244.84375,244.84375,244.84375,244.84375,244.84375,244.84375,244.84375,244.84375,244.84375,244.84375,244.84375,245.78125,249.375,244.84375,244.84375,244.84375,244.84375,244.84375,245.78125,241.875,244.84375,255.0,244.84375,244.84375,244.84375,245.78125,244.84375,244.84375,248.28125,237.8125,244.84375,237.8125,237.8125,237.8125,237.8125,237.8125,237.8125,237.8125,237.8125,244.84375,237.8125,237.8125,244.6875,237.8125,237.8125,237.8125,244.84375,237.8125
hDenV1/Colombia/un-Yale-DN02376/2023,0.0,0.0,0.0,0.0,0.0,0.0,0.0,0.0,0.0,0.0,0.0,12.65625,12.65625,12.65625,0.0,12.65625,0.0,0.0,0.0,0.0,0.0,0.0,0.0,3.59375,0.0,22.65625,0.0,3.59375,3.59375,0.0,0.0,0.0,0.0,0.0,20.625,3.59375,0.0,0.0,3.59375,12.96875,0.0,0.0,3.59375,0.0,0.0,0.0,0.0,0.0,0.0,0.0,0.0,0.0,0.0,0.0,0.0,0.0,0.0,0.0,0.0,0.0,0.0,0.0,0.0,0.0,0.0,0.0,0.0,0.0,0.0,0.0,0.0,0.0,0.0,0.0,0.0,0.0,0.0,0.0,0.0,4.53125,0.0,0.0,0.0,0.0,0.0,0.0,0.0,0.0,0.0,0.0,0.0,0.0,0.0,12.65625,0.0,12.65625,0.0,0.0,0.0,12.65625,0.0,0.0,0.0,0.0,3.28125,207.65625,206.25,206.25,206.25,224.53125,204.84375,191.5625,202.03125,206.25,206.25,206.25,206.25,206.25,206.25,206.25,206.25,206.25,206.25,206.25,206.25,206.25,206.25,206.25,206.25,206.25,206.25,206.25,206.25,206.25,206.25,206.25,206.25,206.25,206.25,206.25,206.25,206.25,206.25,206.25,206.25,206.25,206.25,206.25,206.25,206.25,206.25,206.25,206.25,206.25,206.25,206.25,206.25,206.25,206.25,207.5,206.25,206.25,206.25,206.25,206.25,206.25,206.25,206.25,206.25,206.25,206.25,206.25,206.25,206.25,206.25,206.25,206.25,206.25,206.25,206.25,206.25,206.25,206.25,206.25,206.25,206.25,206.25,206.25,206.25,206.25,206.25,393.4375,393.4375,394.53125,393.4375,407.8125,407.8125,420.3125,386.09375,370.15625,396.875,420.3125,407.34375,420.3125,420.3125,407.34375,407.34375,407.34375,420.3125,420.3125,420.3125,393.4375,407.34375,407.34375,420.3125,407.34375,393.4375,420.3125,416.25,420.3125,407.34375,420.3125,420.3125,407.34375,393.4375,393.4375,407.34375,407.34375,393.4375,393.4375,420.3125,414.0625,407.34375,420.3125,407.34375,407.34375,420.3125,407.34375,396.875,407.34375,407.34375,407.34375,420.3125,407.34375,407.34375,393.4375,393.4375,407.34375,407.34375,393.4375,407.34375,407.34375,393.4375,393.4375,407.34375,407.34375,393.4375,396.875,420.3125,407.34375,416.25,420.3125,420.3125,393.4375,407.34375,393.4375,396.875,416.25,420.3125,407.34375,407.34375,404.21875,392.8125,404.21875,404.21875,407.34375,420.3125,392.8125,404.21875,392.8125,396.875,392.8125,392.8125,404.21875,392.8125,392.8125,392.8125,392.8125,392.8125,392.8125,392.8125,413.59375,407.34375,244.375,244.84375,248.28125,237.8125,244.375,244.84375,244.84375,244.84375,244.84375,244.84375,244.84375,244.84375,244.84375,245.78125,252.96875,252.96875,252.96875,252.96875,252.96875,244.84375,244.84375,237.8125,252.96875,244.84375,244.84375,244.84375,244.84375,244.84375,244.84375,244.84375,244.84375,244.84375,244.84375,244.84375,244.84375,237.8125,237.8125,244.84375,244.84375,244.84375,244.84375,244.84375,244.84375,244.84375,245.78125,244.84375,244.84375,244.84375,244.84375,244.84375,244.84375,244.84375,244.84375,244.84375,244.84375,244.84375,245.78125,249.375,244.84375,244.84375,244.84375,244.84375,244.84375,245.78125,241.875,244.84375,255.0,244.84375,244.84375,244.84375,245.78125,244.84375,244.84375,248.28125,237.8125,244.84375,237.8125,237.8125,237.8125,237.8125,237.8125,237.8125,237.8125,237.8125,244.84375,237.8125,237.8125,244.6875,237.8125,237.8125,237.8125,244.84375,237.8125
hDenV1/Colombia/un-Yale-DN02379/2023,0.0,0.0,0.0,0.0,0.0,0.0,0.0,0.0,0.0,0.0,0.0,12.65625,12.65625,12.65625,0.0,12.65625,0.0,0.0,0.0,0.0,0.0,0.0,0.0,3.59375,0.0,22.65625,0.0,3.59375,3.59375,0.0,0.0,0.0,0.0,0.0,20.625,3.59375,0.0,0.0,3.59375,12.96875,0.0,0.0,3.59375,0.0,0.0,0.0,0.0,0.0,0.0,0.0,0.0,0.0,0.0,0.0,0.0,0.0,0.0,0.0,0.0,0.0,0.0,0.0,0.0,0.0,0.0,0.0,0.0,0.0,0.0,0.0,0.0,0.0,0.0,0.0,0.0,0.0,0.0,0.0,0.0,4.53125,0.0,0.0,0.0,0.0,0.0,0.0,0.0,0.0,0.0,0.0,0.0,0.0,0.0,12.65625,0.0,12.65625,0.0,0.0,0.0,12.65625,0.0,0.0,0.0,0.0,3.28125,207.65625,206.25,206.25,206.25,224.53125,204.84375,191.5625,202.03125,206.25,206.25,206.25,206.25,206.25,206.25,206.25,206.25,206.25,206.25,206.25,206.25,206.25,206.25,206.25,206.25,206.25,206.25,206.25,206.25,206.25,206.25,206.25,206.25,206.25,206.25,206.25,206.25,206.25,206.25,206.25,206.25,206.25,206.25,206.25,206.25,206.25,206.25,206.25,206.25,206.25,206.25,206.25,206.25,206.25,206.25,207.5,206.25,206.25,206.25,206.25,206.25,206.25,206.25,206.25,206.25,206.25,206.25,206.25,206.25,206.25,206.25,206.25,206.25,206.25,206.25,206.25,206.25,206.25,206.25,206.25,206.25,206.25,206.25,206.25,206.25,206.25,206.25,393.4375,393.4375,394.53125,393.4375,407.8125,407.8125,420.3125,386.09375,370.15625,396.875,420.3125,407.34375,420.3125,420.3125,407.34375,407.34375,407.34375,420.3125,420.3125,420.3125,393.4375,407.34375,407.34375,420.3125,407.34375,393.4375,420.3125,416.25,420.3125,407.34375,420.3125,420.3125,407.34375,393.4375,393.4375,407.34375,407.34375,393.4375,393.4375,420.3125,414.0625,407.34375,420.3125,407.34375,407.34375,420.3125,407.34375,396.875,407.34375,407.34375,407.34375,420.3125,407.34375,407.34375,393.4375,393.4375,407.34375,407.34375,393.4375,407.34375,407.34375,393.4375,393.4375,407.34375,407.34375,393.4375,396.875,420.3125,407.34375,416.25,420.3125,420.3125,393.4375,407.34375,393.4375,396.875,416.25,420.3125,407.34375,407.34375,404.21875,392.8125,404.21875,404.21875,407.34375,420.3125,392.8125,404.21875,392.8125,396.875,392.8125,392.8125,404.21875,392.8125,392.8125,392.8125,392.8125,392.8125,392.8125,392.8125,413.59375,407.34375,244.375,244.84375,248.28125,237.8125,244.375,244.84375,244.84375,244.84375,244.84375,244.84375,244.84375,244.84375,244.84375,245.78125,252.96875,252.96875,252.96875,252.96875,252.96875,244.84375,244.84375,237.8125,252.96875,244.84375,244.84375,244.84375,244.84375,244.84375,244.84375,244.84375,244.84375,244.84375,244.84375,244.84375,244.84375,237.8125,237.8125,244.84375,244.84375,244.84375,244.84375,244.84375,244.84375,244.84375,245.78125,244.84375,244.84375,244.84375,244.84375,244.84375,244.84375,244.84375,244.84375,244.84375,244.84375,244.84375,245.78125,249.375,244.84375,244.84375,244.84375,244.84375,244.84375,245.78125,241.875,244.84375,255.0,244.84375,244.84375,244.84375,245.78125,244.84375,244.84375,248.28125,237.8125,244.84375,237.8125,237.8125,237.8125,237.8125,237.8125,237.8125,237.8125,237.8125,244.84375,237.8125,237.8125,244.6875,237.8125,237.8125,237.8125,244.84375,237.8125
hDenV1/Colombia/un-Yale-DN02386/2023,0.0,0.0,0.0,0.0,0.0,0.0,0.0,0.0,0.0,0.0,0.0,12.65625,12.65625,12.65625,0.0,12.65625,0.0,0.0,0.0,0.0,0.0,0.0,0.0,3.59375,0.0,22.65625,0.0,3.59375,3.59375,0.0,0.0,0.0,0.0,0.0,20.625,3.59375,0.0,0.0,3.59375,12.96875,0.0,0.0,3.59375,0.0,0.0,0.0,0.0,0.0,0.0,0.0,0.0,0.0,0.0,0.0,0.0,0.0,0.0,0.0,0.0,0.0,0.0,0.0,0.0,0.0,0.0,0.0,0.0,0.0,0.0,0.0,0.0,0.0,0.0,0.0,0.0,0.0,0.0,0.0,0.0,4.53125,0.0,0.0,0.0,0.0,0.0,0.0,0.0,0.0,0.0,0.0,0.0,0.0,0.0,12.65625,0.0,12.65625,0.0,0.0,0.0,12.65625,0.0,0.0,0.0,0.0,3.28125,207.65625,206.25,206.25,206.25,224.53125,204.84375,191.5625,202.03125,206.25,206.25,206.25,206.25,206.25,206.25,206.25,206.25,206.25,206.25,206.25,206.25,206.25,206.25,206.25,206.25,206.25,206.25,206.25,206.25,206.25,206.25,206.25,206.25,206.25,206.25,206.25,206.25,206.25,206.25,206.25,206.25,206.25,206.25,206.25,206.25,206.25,206.25,206.25,206.25,206.25,206.25,206.25,206.25,206.25,206.25,207.5,206.25,206.25,206.25,206.25,206.25,206.25,206.25,206.25,206.25,206.25,206.25,206.25,206.25,206.25,206.25,206.25,206.25,206.25,206.25,206.25,206.25,206.25,206.25,206.25,206.25,206.25,206.25,206.25,206.25,206.25,206.25,393.4375,393.4375,394.53125,393.4375,407.8125,407.8125,420.3125,386.09375,370.15625,396.875,420.3125,407.34375,420.3125,420.3125,407.34375,407.34375,407.34375,420.3125,420.3125,420.3125,393.4375,407.34375,407.34375,420.3125,407.34375,393.4375,420.3125,416.25,420.3125,407.34375,420.3125,420.3125,407.34375,393.4375,393.4375,407.34375,407.34375,393.4375,393.4375,420.3125,414.0625,407.34375,420.3125,407.34375,407.34375,420.3125,407.34375,396.875,407.34375,407.34375,407.34375,420.3125,407.34375,407.34375,393.4375,393.4375,407.34375,407.34375,393.4375,407.34375,407.34375,393.4375,393.4375,407.34375,407.34375,393.4375,396.875,420.3125,407.34375,416.25,420.3125,420.3125,393.4375,407.34375,393.4375,396.875,416.25,420.3125,407.34375,407.34375,404.21875,392.8125,404.21875,404.21875,407.34375,420.3125,392.8125,404.21875,392.8125,396.875,392.8125,392.8125,404.21875,392.8125,392.8125,392.8125,392.8125,392.8125,392.8125,392.8125,413.59375,407.34375,244.375,244.84375,248.28125,237.8125,244.375,244.84375,244.84375,244.84375,244.84375,244.84375,244.84375,244.84375,244.84375,245.78125,252.96875,252.96875,252.96875,252.96875,252.96875,244.84375,244.84375,237.8125,252.96875,244.84375,244.84375,244.84375,244.84375,244.84375,244.84375,244.84375,244.84375,244.84375,244.84375,244.84375,244.84375,237.8125,237.8125,244.84375,244.84375,244.84375,244.84375,244.84375,244.84375,244.84375,245.78125,244.84375,244.84375,244.84375,244.84375,244.84375,244.84375,244.84375,244.84375,244.84375,244.84375,244.84375,245.78125,249.375,244.84375,244.84375,244.84375,244.84375,244.84375,245.78125,241.875,244.84375,255.0,244.84375,244.84375,244.84375,245.78125,244.84375,244.84375,248.28125,237.8125,244.84375,237.8125,237.8125,237.8125,237.8125,237.8125,237.8125,237.8125,237.8125,244.84375,237.8125,237.8125,244.6875,237.8125,237.8125,237.8125,244.84375,237.8125
hDenV1/Colombia/un-Yale-DN02429/2023,0.0,0.0,0.0,0.0,0.0,0.0,0.0,0.0,0.0,0.0,0.0,12.65625,12.65625,12.65625,0.0,12.65625,0.0,0.0,0.0,0.0,0.0,0.0,0.0,3.59375,0.0,22.65625,0.0,3.59375,3.59375,0.0,0.0,0.0,0.0,0.0,20.625,3.59375,0.0,0.0,3.59375,12.96875,0.0,0.0,3.59375,0.0,0.0,0.0,0.0,0.0,0.0,0.0,0.0,0.0,0.0,0.0,0.0,0.0,0.0,0.0,0.0,0.0,0.0,0.0,0.0,0.0,0.0,0.0,0.0,0.0,0.0,0.0,0.0,0.0,0.0,0.0,0.0,0.0,0.0,0.0,0.0,4.53125,0.0,0.0,0.0,0.0,0.0,0.0,0.0,0.0,0.0,0.0,0.0,0.0,0.0,12.65625,0.0,12.65625,0.0,0.0,0.0,12.65625,0.0,0.0,0.0,0.0,3.28125,207.65625,206.25,206.25,206.25,224.53125,204.84375,191.5625,202.03125,206.25,206.25,206.25,206.25,206.25,206.25,206.25,206.25,206.25,206.25,206.25,206.25,206.25,206.25,206.25,206.25,206.25,206.25,206.25,206.25,206.25,206.25,206.25,206.25,206.25,206.25,206.25,206.25,206.25,206.25,206.25,206.25,206.25,206.25,206.25,206.25,206.25,206.25,206.25,206.25,206.25,206.25,206.25,206.25,206.25,206.25,207.5,206.25,206.25,206.25,206.25,206.25,206.25,206.25,206.25,206.25,206.25,206.25,206.25,206.25,206.25,206.25,206.25,206.25,206.25,206.25,206.25,206.25,206.25,206.25,206.25,206.25,206.25,206.25,206.25,206.25,206.25,206.25,393.4375,393.4375,394.53125,393.4375,407.8125,407.8125,420.3125,386.09375,370.15625,396.875,420.3125,407.34375,420.3125,420.3125,407.34375,407.34375,407.34375,420.3125,420.3125,420.3125,393.4375,407.34375,407.34375,420.3125,407.34375,393.4375,420.3125,416.25,420.3125,407.34375,420.3125,420.3125,407.34375,393.4375,393.4375,407.34375,407.34375,393.4375,393.4375,420.3125,414.0625,407.34375,420.3125,407.34375,407.34375,420.3125,407.34375,396.875,407.34375,407.34375,407.34375,420.3125,407.34375,407.34375,393.4375,393.4375,407.34375,407.34375,393.4375,407.34375,407.34375,393.4375,393.4375,407.34375,407.34375,393.4375,396.875,420.3125,407.34375,416.25,420.3125,420.3125,393.4375,407.34375,393.4375,396.875,416.25,420.3125,407.34375,407.34375,404.21875,392.8125,404.21875,404.21875,407.34375,420.3125,392.8125,404.21875,392.8125,396.875,392.8125,392.8125,404.21875,392.8125,392.8125,392.8125,392.8125,392.8125,392.8125,392.8125,413.59375,407.34375,244.375,244.84375,248.28125,237.8125,244.375,244.84375,244.84375,244.84375,244.84375,244.84375,244.84375,244.84375,244.84375,245.78125,252.96875,252.96875,252.96875,252.96875,252.96875,244.84375,244.84375,237.8125,252.96875,244.84375,244.84375,244.84375,244.84375,244.84375,244.84375,244.84375,244.84375,244.84375,244.84375,244.84375,244.84375,237.8125,237.8125,244.84375,244.84375,244.84375,244.84375,244.84375,244.84375,244.84375,245.78125,244.84375,244.84375,244.84375,244.84375,244.84375,244.84375,244.84375,244.84375,244.84375,244.84375,244.84375,245.78125,249.375,244.84375,244.84375,244.84375,244.84375,244.84375,245.78125,241.875,244.84375,255.0,244.84375,244.84375,244.84375,245.78125,244.84375,244.84375,248.28125,237.8125,244.84375,237.8125,237.8125,237.8125,237.8125,237.8125,237.8125,237.8125,237.8125,244.84375,237.8125,237.8125,244.6875,237.8125,237.8125,237.8125,244.84375,237.8125
hDenV1/Colombia/un-Yale-DN02440/2023,0.0,0.0,0.0,0.0,0.0,0.0,0.0,0.0,0.0,0.0,0.0,12.65625,12.65625,12.65625,0.0,12.65625,0.0,0.0,0.0,0.0,0.0,0.0,0.0,3.59375,0.0,22.65625,0.0,3.59375,3.59375,0.0,0.0,0.0,0.0,0.0,20.625,3.59375,0.0,0.0,3.59375,12.96875,0.0,0.0,3.59375,0.0,0.0,0.0,0.0,0.0,0.0,0.0,0.0,0.0,0.0,0.0,0.0,0.0,0.0,0.0,0.0,0.0,0.0,0.0,0.0,0.0,0.0,0.0,0.0,0.0,0.0,0.0,0.0,0.0,0.0,0.0,0.0,0.0,0.0,0.0,0.0,4.53125,0.0,0.0,0.0,0.0,0.0,0.0,0.0,0.0,0.0,0.0,0.0,0.0,0.0,12.65625,0.0,12.65625,0.0,0.0,0.0,12.65625,0.0,0.0,0.0,0.0,3.28125,207.65625,206.25,206.25,206.25,224.53125,204.84375,191.5625,202.03125,206.25,206.25,206.25,206.25,206.25,206.25,206.25,206.25,206.25,206.25,206.25,206.25,206.25,206.25,206.25,206.25,206.25,206.25,206.25,206.25,206.25,206.25,206.25,206.25,206.25,206.25,206.25,206.25,206.25,206.25,206.25,206.25,206.25,206.25,206.25,206.25,206.25,206.25,206.25,206.25,206.25,206.25,206.25,206.25,206.25,206.25,207.5,206.25,206.25,206.25,206.25,206.25,206.25,206.25,206.25,206.25,206.25,206.25,206.25,206.25,206.25,206.25,206.25,206.25,206.25,206.25,206.25,206.25,206.25,206.25,206.25,206.25,206.25,206.25,206.25,206.25,206.25,206.25,393.4375,393.4375,394.53125,393.4375,407.8125,407.8125,420.3125,386.09375,370.15625,396.875,420.3125,407.34375,420.3125,420.3125,407.34375,407.34375,407.34375,420.3125,420.3125,420.3125,393.4375,407.34375,407.34375,420.3125,407.34375,393.4375,420.3125,416.25,420.3125,407.34375,420.3125,420.3125,407.34375,393.4375,393.4375,407.34375,407.34375,393.4375,393.4375,420.3125,414.0625,407.34375,420.3125,407.34375,407.34375,420.3125,407.34375,396.875,407.34375,407.34375,407.34375,420.3125,407.34375,407.34375,393.4375,393.4375,407.34375,407.34375,393.4375,407.34375,407.34375,393.4375,393.4375,407.34375,407.34375,393.4375,396.875,420.3125,407.34375,416.25,420.3125,420.3125,393.4375,407.34375,393.4375,396.875,416.25,420.3125,407.34375,407.34375,404.21875,392.8125,404.21875,404.21875,407.34375,420.3125,392.8125,404.21875,392.8125,396.875,392.8125,392.8125,404.21875,392.8125,392.8125,392.8125,392.8125,392.8125,392.8125,392.8125,413.59375,407.34375,244.375,244.84375,248.28125,237.8125,244.375,244.84375,244.84375,244.84375,244.84375,244.84375,244.84375,244.84375,244.84375,245.78125,252.96875,252.96875,252.96875,252.96875,252.96875,244.84375,244.84375,237.8125,252.96875,244.84375,244.84375,244.84375,244.84375,244.84375,244.84375,244.84375,244.84375,244.84375,244.84375,244.84375,244.84375,237.8125,237.8125,244.84375,244.84375,244.84375,244.84375,244.84375,244.84375,244.84375,245.78125,244.84375,244.84375,244.84375,244.84375,244.84375,244.84375,244.84375,244.84375,244.84375,244.84375,244.84375,245.78125,249.375,244.84375,244.84375,244.84375,244.84375,244.84375,245.78125,241.875,244.84375,255.0,244.84375,244.84375,244.84375,245.78125,244.84375,244.84375,248.28125,237.8125,244.84375,237.8125,237.8125,237.8125,237.8125,237.8125,237.8125,237.8125,237.8125,244.84375,237.8125,237.8125,244.6875,237.8125,237.8125,237.8125,244.84375,237.8125
hDenV1/Colombia/un-Yale-DN02489/2024,0.0,0.0,0.0,0.0,0.0,0.0,0.0,0.0,0.0,0.0,0.0,12.65625,12.65625,12.65625,0.0,12.65625,0.0,0.0,0.0,0.0,0.0,0.0,0.0,3.59375,0.0,22.65625,0.0,3.59375,3.59375,0.0,0.0,0.0,0.0,0.0,20.625,3.59375,0.0,0.0,3.59375,12.96875,0.0,0.0,3.59375,0.0,0.0,0.0,0.0,0.0,0.0,0.0,0.0,0.0,0.0,0.0,0.0,0.0,0.0,0.0,0.0,0.0,0.0,0.0,0.0,0.0,0.0,0.0,0.0,0.0,0.0,0.0,0.0,0.0,0.0,0.0,0.0,0.0,0.0,0.0,0.0,4.53125,0.0,0.0,0.0,0.0,0.0,0.0,0.0,0.0,0.0,0.0,0.0,0.0,0.0,12.65625,0.0,12.65625,0.0,0.0,0.0,12.65625,0.0,0.0,0.0,0.0,3.28125,207.65625,206.25,206.25,206.25,224.53125,204.84375,191.5625,202.03125,206.25,206.25,206.25,206.25,206.25,206.25,206.25,206.25,206.25,206.25,206.25,206.25,206.25,206.25,206.25,206.25,206.25,206.25,206.25,206.25,206.25,206.25,206.25,206.25,206.25,206.25,206.25,206.25,206.25,206.25,206.25,206.25,206.25,206.25,206.25,206.25,206.25,206.25,206.25,206.25,206.25,206.25,206.25,206.25,206.25,206.25,207.5,206.25,206.25,206.25,206.25,206.25,206.25,206.25,206.25,206.25,206.25,206.25,206.25,206.25,206.25,206.25,206.25,206.25,206.25,206.25,206.25,206.25,206.25,206.25,206.25,206.25,206.25,206.25,206.25,206.25,206.25,206.25,393.4375,393.4375,394.53125,393.4375,407.8125,407.8125,420.3125,386.09375,370.15625,396.875,420.3125,407.34375,420.3125,420.3125,407.34375,407.34375,407.34375,420.3125,420.3125,420.3125,393.4375,407.34375,407.34375,420.3125,407.34375,393.4375,420.3125,416.25,420.3125,407.34375,420.3125,420.3125,407.34375,393.4375,393.4375,407.34375,407.34375,393.4375,393.4375,420.3125,414.0625,407.34375,420.3125,407.34375,407.34375,420.3125,407.34375,396.875,407.34375,407.34375,407.34375,420.3125,407.34375,407.34375,393.4375,393.4375,407.34375,407.34375,393.4375,407.34375,407.34375,393.4375,393.4375,407.34375,407.34375,393.4375,396.875,420.3125,407.34375,416.25,420.3125,420.3125,393.4375,407.34375,393.4375,396.875,416.25,420.3125,407.34375,407.34375,404.21875,392.8125,404.21875,404.21875,407.34375,420.3125,392.8125,404.21875,392.8125,396.875,392.8125,392.8125,404.21875,392.8125,392.8125,392.8125,392.8125,392.8125,392.8125,392.8125,413.59375,407.34375,244.375,244.84375,248.28125,237.8125,244.375,244.84375,244.84375,244.84375,244.84375,244.84375,244.84375,244.84375,244.84375,245.78125,252.96875,252.96875,252.96875,252.96875,252.96875,244.84375,244.84375,237.8125,252.96875,244.84375,244.84375,244.84375,244.84375,244.84375,244.84375,244.84375,244.84375,244.84375,244.84375,244.84375,244.84375,237.8125,237.8125,244.84375,244.84375,244.84375,244.84375,244.84375,244.84375,244.84375,245.78125,244.84375,244.84375,244.84375,244.84375,244.84375,244.84375,244.84375,244.84375,244.84375,244.84375,244.84375,245.78125,249.375,244.84375,244.84375,244.84375,244.84375,244.84375,245.78125,241.875,244.84375,255.0,244.84375,244.84375,244.84375,245.78125,244.84375,244.84375,248.28125,237.8125,244.84375,237.8125,237.8125,237.8125,237.8125,237.8125,237.8125,237.8125,237.8125,244.84375,237.8125,237.8125,244.6875,237.8125,237.8125,237.8125,244.84375,237.8125
hDenV1/Colombia/un-Yale-DN02505/2024,0.0,0.0,0.0,0.0,0.0,0.0,0.0,0.0,0.0,0.0,0.0,12.65625,12.65625,12.65625,0.0,12.65625,0.0,0.0,0.0,0.0,0.0,0.0,0.0,3.59375,0.0,22.65625,0.0,3.59375,3.59375,0.0,0.0,0.0,0.0,0.0,20.625,3.59375,0.0,0.0,3.59375,12.96875,0.0,0.0,3.59375,0.0,0.0,0.0,0.0,0.0,0.0,0.0,0.0,0.0,0.0,0.0,0.0,0.0,0.0,0.0,0.0,0.0,0.0,0.0,0.0,0.0,0.0,0.0,0.0,0.0,0.0,0.0,0.0,0.0,0.0,0.0,0.0,0.0,0.0,0.0,0.0,4.53125,0.0,0.0,0.0,0.0,0.0,0.0,0.0,0.0,0.0,0.0,0.0,0.0,0.0,12.65625,0.0,12.65625,0.0,0.0,0.0,12.65625,0.0,0.0,0.0,0.0,3.28125,207.65625,206.25,206.25,206.25,224.53125,204.84375,191.5625,202.03125,206.25,206.25,206.25,206.25,206.25,206.25,206.25,206.25,206.25,206.25,206.25,206.25,206.25,206.25,206.25,206.25,206.25,206.25,206.25,206.25,206.25,206.25,206.25,206.25,206.25,206.25,206.25,206.25,206.25,206.25,206.25,206.25,206.25,206.25,206.25,206.25,206.25,206.25,206.25,206.25,206.25,206.25,206.25,206.25,206.25,206.25,207.5,206.25,206.25,206.25,206.25,206.25,206.25,206.25,206.25,206.25,206.25,206.25,206.25,206.25,206.25,206.25,206.25,206.25,206.25,206.25,206.25,206.25,206.25,206.25,206.25,206.25,206.25,206.25,206.25,206.25,206.25,206.25,393.4375,393.4375,394.53125,393.4375,407.8125,407.8125,420.3125,386.09375,370.15625,396.875,420.3125,407.34375,420.3125,420.3125,407.34375,407.34375,407.34375,420.3125,420.3125,420.3125,393.4375,407.34375,407.34375,420.3125,407.34375,393.4375,420.3125,416.25,420.3125,407.34375,420.3125,420.3125,407.34375,393.4375,393.4375,407.34375,407.34375,393.4375,393.4375,420.3125,414.0625,407.34375,420.3125,407.34375,407.34375,420.3125,407.34375,396.875,407.34375,407.34375,407.34375,420.3125,407.34375,407.34375,393.4375,393.4375,407.34375,407.34375,393.4375,407.34375,407.34375,393.4375,393.4375,407.34375,407.34375,393.4375,396.875,420.3125,407.34375,416.25,420.3125,420.3125,393.4375,407.34375,393.4375,396.875,416.25,420.3125,407.34375,407.34375,404.21875,392.8125,404.21875,404.21875,407.34375,420.3125,392.8125,404.21875,392.8125,396.875,392.8125,392.8125,404.21875,392.8125,392.8125,392.8125,392.8125,392.8125,392.8125,392.8125,413.59375,407.34375,244.375,244.84375,248.28125,237.8125,244.375,244.84375,244.84375,244.84375,244.84375,244.84375,244.84375,244.84375,244.84375,245.78125,252.96875,252.96875,252.96875,252.96875,252.96875,244.84375,244.84375,237.8125,252.96875,244.84375,244.84375,244.84375,244.84375,244.84375,244.84375,244.84375,244.84375,244.84375,244.84375,244.84375,244.84375,237.8125,237.8125,244.84375,244.84375,244.84375,244.84375,244.84375,244.84375,244.84375,245.78125,244.84375,244.84375,244.84375,244.84375,244.84375,244.84375,244.84375,244.84375,244.84375,244.84375,244.84375,245.78125,249.375,244.84375,244.84375,244.84375,244.84375,244.84375,245.78125,241.875,244.84375,255.0,244.84375,244.84375,244.84375,245.78125,244.84375,244.84375,248.28125,237.8125,244.84375,237.8125,237.8125,237.8125,237.8125,237.8125,237.8125,237.8125,237.8125,244.84375,237.8125,237.8125,244.6875,237.8125,237.8125,237.8125,244.84375,237.8125
hDenV1/Colombia/un-Yale-DN02556/2024,0.0,0.0,0.0,0.0,0.0,0.0,0.0,0.0,0.0,0.0,0.0,12.65625,12.65625,12.65625,0.0,12.65625,0.0,0.0,0.0,0.0,0.0,0.0,0.0,3.59375,0.0,22.65625,0.0,3.59375,3.59375,0.0,0.0,0.0,0.0,0.0,20.625,3.59375,0.0,0.0,3.59375,12.96875,0.0,0.0,3.59375,0.0,0.0,0.0,0.0,0.0,0.0,0.0,0.0,0.0,0.0,0.0,0.0,0.0,0.0,0.0,0.0,0.0,0.0,0.0,0.0,0.0,0.0,0.0,0.0,0.0,0.0,0.0,0.0,0.0,0.0,0.0,0.0,0.0,0.0,0.0,0.0,4.53125,0.0,0.0,0.0,0.0,0.0,0.0,0.0,0.0,0.0,0.0,0.0,0.0,0.0,12.65625,0.0,12.65625,0.0,0.0,0.0,12.65625,0.0,0.0,0.0,0.0,3.28125,207.65625,206.25,206.25,206.25,224.53125,204.84375,191.5625,202.03125,206.25,206.25,206.25,206.25,206.25,206.25,206.25,206.25,206.25,206.25,206.25,206.25,206.25,206.25,206.25,206.25,206.25,206.25,206.25,206.25,206.25,206.25,206.25,206.25,206.25,206.25,206.25,206.25,206.25,206.25,206.25,206.25,206.25,206.25,206.25,206.25,206.25,206.25,206.25,206.25,206.25,206.25,206.25,206.25,206.25,206.25,207.5,206.25,206.25,206.25,206.25,206.25,206.25,206.25,206.25,206.25,206.25,206.25,206.25,206.25,206.25,206.25,206.25,206.25,206.25,206.25,206.25,206.25,206.25,206.25,206.25,206.25,206.25,206.25,206.25,206.25,206.25,206.25,393.4375,393.4375,394.53125,393.4375,407.8125,407.8125,420.3125,386.09375,370.15625,396.875,420.3125,407.34375,420.3125,420.3125,407.34375,407.34375,407.34375,420.3125,420.3125,420.3125,393.4375,407.34375,407.34375,420.3125,407.34375,393.4375,420.3125,416.25,420.3125,407.34375,420.3125,420.3125,407.34375,393.4375,393.4375,407.34375,407.34375,393.4375,393.4375,420.3125,414.0625,407.34375,420.3125,407.34375,407.34375,420.3125,407.34375,396.875,407.34375,407.34375,407.34375,420.3125,407.34375,407.34375,393.4375,393.4375,407.34375,407.34375,393.4375,407.34375,407.34375,393.4375,393.4375,407.34375,407.34375,393.4375,396.875,420.3125,407.34375,416.25,420.3125,420.3125,393.4375,407.34375,393.4375,396.875,416.25,420.3125,407.34375,407.34375,404.21875,392.8125,404.21875,404.21875,407.34375,420.3125,392.8125,404.21875,392.8125,396.875,392.8125,392.8125,404.21875,392.8125,392.8125,392.8125,392.8125,392.8125,392.8125,392.8125,413.59375,407.34375,244.375,244.84375,248.28125,237.8125,244.375,244.84375,244.84375,244.84375,244.84375,244.84375,244.84375,244.84375,244.84375,245.78125,252.96875,252.96875,252.96875,252.96875,252.96875,244.84375,244.84375,237.8125,252.96875,244.84375,244.84375,244.84375,244.84375,244.84375,244.84375,244.84375,244.84375,244.84375,244.84375,244.84375,244.84375,237.8125,237.8125,244.84375,244.84375,244.84375,244.84375,244.84375,244.84375,244.84375,245.78125,244.84375,244.84375,244.84375,244.84375,244.84375,244.84375,244.84375,244.84375,244.84375,244.84375,244.84375,245.78125,249.375,244.84375,244.84375,244.84375,244.84375,244.84375,245.78125,241.875,244.84375,255.0,244.84375,244.84375,244.84375,245.78125,244.84375,244.84375,248.28125,237.8125,244.84375,237.8125,237.8125,237.8125,237.8125,237.8125,237.8125,237.8125,237.8125,244.84375,237.8125,237.8125,244.6875,237.8125,237.8125,237.8125,244.84375,237.8125
hDenV1/Colombia/un-Yale-DN02730/2024,2.34375,2.34375,2.34375,2.34375,2.34375,2.34375,2.34375,2.34375,2.34375,2.34375,2.34375,15.0,15.0,15.0,2.34375,15.0,2.34375,2.34375,2.34375,2.34375,2.34375,2.34375,2.34375,5.9375,2.34375,25.0,2.34375,5.9375,5.9375,2.34375,2.34375,2.34375,2.34375,2.34375,22.96875,5.9375,2.34375,2.34375,5.9375,15.3125,2.34375,2.34375,5.9375,2.34375,2.34375,2.34375,2.34375,2.34375,2.34375,2.34375,2.34375,2.34375,2.34375,2.34375,2.34375,2.34375,2.34375,2.34375,2.34375,2.34375,2.34375,2.34375,2.34375,2.34375,2.34375,2.34375,2.34375,2.34375,2.34375,2.34375,2.34375,2.34375,2.34375,2.34375,2.34375,2.34375,2.34375,2.34375,2.34375,6.875,2.34375,2.34375,2.34375,2.34375,2.34375,2.34375,2.34375,2.34375,2.34375,2.34375,2.34375,2.34375,2.34375,15.0,2.34375,15.0,2.34375,2.34375,2.34375,15.0,2.34375,2.34375,2.34375,2.34375,5.625,210.0,208.59375,208.59375,208.59375,226.875,207.1875,193.90625,204.375,208.59375,208.59375,208.59375,208.59375,208.59375,208.59375,208.59375,208.59375,208.59375,208.59375,208.59375,208.59375,208.59375,208.59375,208.59375,208.59375,208.59375,208.59375,208.59375,208.59375,208.59375,208.59375,208.59375,208.59375,208.59375,208.59375,208.59375,208.59375,208.59375,208.59375,208.59375,208.59375,208.59375,208.59375,208.59375,208.59375,208.59375,208.59375,208.59375,208.59375,208.59375,208.59375,208.59375,208.59375,208.59375,208.59375,209.84375,208.59375,208.59375,208.59375,208.59375,208.59375,208.59375,208.59375,208.59375,208.59375,208.59375,208.59375,208.59375,208.59375,208.59375,208.59375,208.59375,208.59375,208.59375,208.59375,208.59375,208.59375,208.59375,208.59375,208.59375,208.59375,208.59375,208.59375,208.59375,208.59375,208.59375,208.59375,394.21875,394.21875,395.3125,394.21875,408.59375,408.59375,421.09375,386.875,370.9375,397.65625,421.09375,408.125,421.09375,421.09375,408.125,408.125,408.125,421.09375,421.09375,421.09375,394.21875,408.125,408.125,421.09375,408.125,394.21875,421.09375,417.03125,421.09375,408.125,421.09375,421.09375,408.125,394.21875,394.21875,408.125,408.125,394.21875,394.21875,421.09375,414.84375,408.125,421.09375,408.125,408.125,421.09375,408.125,397.65625,408.125,408.125,408.125,421.09375,408.125,408.125,394.21875,394.21875,408.125,408.125,394.21875,408.125,408.125,394.21875,394.21875,408.125,408.125,394.21875,397.65625,421.09375,408.125,417.03125,421.09375,421.09375,394.21875,408.125,394.21875,397.65625,417.03125,421.09375,408.125,408.125,405.0,393.59375,405.0,405.0,408.125,421.09375,393.59375,405.0,393.59375,397.65625,393.59375,393.59375,405.0,393.59375,393.59375,393.59375,393.59375,393.59375,393.59375,393.59375,414.375,408.125,246.71875,247.1875,250.625,240.15625,246.71875,247.1875,247.1875,247.1875,247.1875,247.1875,247.1875,247.1875,247.1875,248.125,255.3125,255.3125,255.3125,255.3125,255.3125,247.1875,247.1875,240.15625,255.3125,247.1875,247.1875,247.1875,247.1875,247.1875,247.1875,247.1875,247.1875,247.1875,247.1875,247.1875,247.1875,240.15625,240.15625,247.1875,247.1875,247.1875,247.1875,247.1875,247.1875,247.1875,248.125,247.1875,247.1875,247.1875,247.1875,247.1875,247.1875,247.1875,247.1875,247.1875,247.1875,247.1875,248.125,251.71875,247.1875,247.1875,247.1875,247.1875,247.1875,248.125,244.21875,247.1875,257.34375,247.1875,247.1875,247.1875,248.125,247.1875,247.1875,250.625,240.15625,247.1875,240.15625,240.15625,240.15625,240.15625,240.15625,240.15625,240.15625,240.15625,247.1875,240.15625,240.15625,247.03125,240.15625,240.15625,240.15625,247.1875,240.15625
hDenV1/Colombia/un-Yale-DN02733/2024,0.0,0.0,0.0,0.0,0.0,0.0,0.0,0.0,0.0,0.0,0.0,12.65625,12.65625,12.65625,0.0,12.65625,0.0,0.0,0.0,0.0,0.0,0.0,0.0,3.59375,0.0,22.65625,0.0,3.59375,3.59375,0.0,0.0,0.0,0.0,0.0,20.625,3.59375,0.0,0.0,3.59375,12.96875,0.0,0.0,3.59375,0.0,0.0,0.0,0.0,0.0,0.0,0.0,0.0,0.0,0.0,0.0,0.0,0.0,0.0,0.0,0.0,0.0,0.0,0.0,0.0,0.0,0.0,0.0,0.0,0.0,0.0,0.0,0.0,0.0,0.0,0.0,0.0,0.0,0.0,0.0,0.0,4.53125,0.0,0.0,0.0,0.0,0.0,0.0,0.0,0.0,0.0,0.0,0.0,0.0,0.0,12.65625,0.0,12.65625,0.0,0.0,0.0,12.65625,0.0,0.0,0.0,0.0,3.28125,207.65625,206.25,206.25,206.25,224.53125,204.84375,191.5625,202.03125,206.25,206.25,206.25,206.25,206.25,206.25,206.25,206.25,206.25,206.25,206.25,206.25,206.25,206.25,206.25,206.25,206.25,206.25,206.25,206.25,206.25,206.25,206.25,206.25,206.25,206.25,206.25,206.25,206.25,206.25,206.25,206.25,206.25,206.25,206.25,206.25,206.25,206.25,206.25,206.25,206.25,206.25,206.25,206.25,206.25,206.25,207.5,206.25,206.25,206.25,206.25,206.25,206.25,206.25,206.25,206.25,206.25,206.25,206.25,206.25,206.25,206.25,206.25,206.25,206.25,206.25,206.25,206.25,206.25,206.25,206.25,206.25,206.25,206.25,206.25,206.25,206.25,206.25,393.4375,393.4375,394.53125,393.4375,407.8125,407.8125,420.3125,386.09375,370.15625,396.875,420.3125,407.34375,420.3125,420.3125,407.34375,407.34375,407.34375,420.3125,420.3125,420.3125,393.4375,407.34375,407.34375,420.3125,407.34375,393.4375,420.3125,416.25,420.3125,407.34375,420.3125,420.3125,407.34375,393.4375,393.4375,407.34375,407.34375,393.4375,393.4375,420.3125,414.0625,407.34375,420.3125,407.34375,407.34375,420.3125,407.34375,396.875,407.34375,407.34375,407.34375,420.3125,407.34375,407.34375,393.4375,393.4375,407.34375,407.34375,393.4375,407.34375,407.34375,393.4375,393.4375,407.34375,407.34375,393.4375,396.875,420.3125,407.34375,416.25,420.3125,420.3125,393.4375,407.34375,393.4375,396.875,416.25,420.3125,407.34375,407.34375,404.21875,392.8125,404.21875,404.21875,407.34375,420.3125,392.8125,404.21875,392.8125,396.875,392.8125,392.8125,404.21875,392.8125,392.8125,392.8125,392.8125,392.8125,392.8125,392.8125,413.59375,407.34375,244.375,244.84375,248.28125,237.8125,244.375,244.84375,244.84375,244.84375,244.84375,244.84375,244.84375,244.84375,244.84375,245.78125,252.96875,252.96875,252.96875,252.96875,252.96875,244.84375,244.84375,237.8125,252.96875,244.84375,244.84375,244.84375,244.84375,244.84375,244.84375,244.84375,244.84375,244.84375,244.84375,244.84375,244.84375,237.8125,237.8125,244.84375,244.84375,244.84375,244.84375,244.84375,244.84375,244.84375,245.78125,244.84375,244.84375,244.84375,244.84375,244.84375,244.84375,244.84375,244.84375,244.84375,244.84375,244.84375,245.78125,249.375,244.84375,244.84375,244.84375,244.84375,244.84375,245.78125,241.875,244.84375,255.0,244.84375,244.84375,244.84375,245.78125,244.84375,244.84375,248.28125,237.8125,244.84375,237.8125,237.8125,237.8125,237.8125,237.8125,237.8125,237.8125,237.8125,244.84375,237.8125,237.8125,244.6875,237.8125,237.8125,237.8125,244.84375,237.8125
hDenV1/Colombia/un-Yale-DN02741/2024,0.0,0.0,0.0,0.0,0.0,0.0,0.0,0.0,0.0,0.0,0.0,12.65625,12.65625,12.65625,0.0,12.65625,0.0,0.0,0.0,0.0,0.0,0.0,0.0,3.59375,0.0,22.65625,0.0,3.59375,3.59375,0.0,0.0,0.0,0.0,0.0,20.625,3.59375,0.0,0.0,3.59375,12.96875,0.0,0.0,3.59375,0.0,0.0,0.0,0.0,0.0,0.0,0.0,0.0,0.0,0.0,0.0,0.0,0.0,0.0,0.0,0.0,0.0,0.0,0.0,0.0,0.0,0.0,0.0,0.0,0.0,0.0,0.0,0.0,0.0,0.0,0.0,0.0,0.0,0.0,0.0,0.0,4.53125,0.0,0.0,0.0,0.0,0.0,0.0,0.0,0.0,0.0,0.0,0.0,0.0,0.0,12.65625,0.0,12.65625,0.0,0.0,0.0,12.65625,0.0,0.0,0.0,0.0,3.28125,207.65625,206.25,206.25,206.25,224.53125,204.84375,191.5625,202.03125,206.25,206.25,206.25,206.25,206.25,206.25,206.25,206.25,206.25,206.25,206.25,206.25,206.25,206.25,206.25,206.25,206.25,206.25,206.25,206.25,206.25,206.25,206.25,206.25,206.25,206.25,206.25,206.25,206.25,206.25,206.25,206.25,206.25,206.25,206.25,206.25,206.25,206.25,206.25,206.25,206.25,206.25,206.25,206.25,206.25,206.25,207.5,206.25,206.25,206.25,206.25,206.25,206.25,206.25,206.25,206.25,206.25,206.25,206.25,206.25,206.25,206.25,206.25,206.25,206.25,206.25,206.25,206.25,206.25,206.25,206.25,206.25,206.25,206.25,206.25,206.25,206.25,206.25,393.4375,393.4375,394.53125,393.4375,407.8125,407.8125,420.3125,386.09375,370.15625,396.875,420.3125,407.34375,420.3125,420.3125,407.34375,407.34375,407.34375,420.3125,420.3125,420.3125,393.4375,407.34375,407.34375,420.3125,407.34375,393.4375,420.3125,416.25,420.3125,407.34375,420.3125,420.3125,407.34375,393.4375,393.4375,407.34375,407.34375,393.4375,393.4375,420.3125,414.0625,407.34375,420.3125,407.34375,407.34375,420.3125,407.34375,396.875,407.34375,407.34375,407.34375,420.3125,407.34375,407.34375,393.4375,393.4375,407.34375,407.34375,393.4375,407.34375,407.34375,393.4375,393.4375,407.34375,407.34375,393.4375,396.875,420.3125,407.34375,416.25,420.3125,420.3125,393.4375,407.34375,393.4375,396.875,416.25,420.3125,407.34375,407.34375,404.21875,392.8125,404.21875,404.21875,407.34375,420.3125,392.8125,404.21875,392.8125,396.875,392.8125,392.8125,404.21875,392.8125,392.8125,392.8125,392.8125,392.8125,392.8125,392.8125,413.59375,407.34375,244.375,244.84375,248.28125,237.8125,244.375,244.84375,244.84375,244.84375,244.84375,244.84375,244.84375,244.84375,244.84375,245.78125,252.96875,252.96875,252.96875,252.96875,252.96875,244.84375,244.84375,237.8125,252.96875,244.84375,244.84375,244.84375,244.84375,244.84375,244.84375,244.84375,244.84375,244.84375,244.84375,244.84375,244.84375,237.8125,237.8125,244.84375,244.84375,244.84375,244.84375,244.84375,244.84375,244.84375,245.78125,244.84375,244.84375,244.84375,244.84375,244.84375,244.84375,244.84375,244.84375,244.84375,244.84375,244.84375,245.78125,249.375,244.84375,244.84375,244.84375,244.84375,244.84375,245.78125,241.875,244.84375,255.0,244.84375,244.84375,244.84375,245.78125,244.84375,244.84375,248.28125,237.8125,244.84375,237.8125,237.8125,237.8125,237.8125,237.8125,237.8125,237.8125,237.8125,244.84375,237.8125,237.8125,244.6875,237.8125,237.8125,237.8125,244.84375,237.8125
hDenV1/Colombia/un-Yale-DN02838/2024,0.0,0.0,0.0,0.0,0.0,0.0,0.0,0.0,0.0,0.0,0.0,12.65625,12.65625,12.65625,0.0,12.65625,0.0,0.0,0.0,0.0,0.0,0.0,0.0,3.59375,0.0,22.65625,0.0,3.59375,3.59375,0.0,0.0,0.0,0.0,0.0,20.625,3.59375,0.0,0.0,3.59375,12.96875,0.0,0.0,3.59375,0.0,0.0,0.0,0.0,0.0,0.0,0.0,0.0,0.0,0.0,0.0,0.0,0.0,0.0,0.0,0.0,0.0,0.0,0.0,0.0,0.0,0.0,0.0,0.0,0.0,0.0,0.0,0.0,0.0,0.0,0.0,0.0,0.0,0.0,0.0,0.0,4.53125,0.0,0.0,0.0,0.0,0.0,0.0,0.0,0.0,0.0,0.0,0.0,0.0,0.0,12.65625,0.0,12.65625,0.0,0.0,0.0,12.65625,0.0,0.0,0.0,0.0,3.28125,207.65625,206.25,206.25,206.25,224.53125,204.84375,191.5625,202.03125,206.25,206.25,206.25,206.25,206.25,206.25,206.25,206.25,206.25,206.25,206.25,206.25,206.25,206.25,206.25,206.25,206.25,206.25,206.25,206.25,206.25,206.25,206.25,206.25,206.25,206.25,206.25,206.25,206.25,206.25,206.25,206.25,206.25,206.25,206.25,206.25,206.25,206.25,206.25,206.25,206.25,206.25,206.25,206.25,206.25,206.25,207.5,206.25,206.25,206.25,206.25,206.25,206.25,206.25,206.25,206.25,206.25,206.25,206.25,206.25,206.25,206.25,206.25,206.25,206.25,206.25,206.25,206.25,206.25,206.25,206.25,206.25,206.25,206.25,206.25,206.25,206.25,206.25,393.4375,393.4375,394.53125,393.4375,407.8125,407.8125,420.3125,386.09375,370.15625,396.875,420.3125,407.34375,420.3125,420.3125,407.34375,407.34375,407.34375,420.3125,420.3125,420.3125,393.4375,407.34375,407.34375,420.3125,407.34375,393.4375,420.3125,416.25,420.3125,407.34375,420.3125,420.3125,407.34375,393.4375,393.4375,407.34375,407.34375,393.4375,393.4375,420.3125,414.0625,407.34375,420.3125,407.34375,407.34375,420.3125,407.34375,396.875,407.34375,407.34375,407.34375,420.3125,407.34375,407.34375,393.4375,393.4375,407.34375,407.34375,393.4375,407.34375,407.34375,393.4375,393.4375,407.34375,407.34375,393.4375,396.875,420.3125,407.34375,416.25,420.3125,420.3125,393.4375,407.34375,393.4375,396.875,416.25,420.3125,407.34375,407.34375,404.21875,392.8125,404.21875,404.21875,407.34375,420.3125,392.8125,404.21875,392.8125,396.875,392.8125,392.8125,404.21875,392.8125,392.8125,392.8125,392.8125,392.8125,392.8125,392.8125,413.59375,407.34375,244.375,244.84375,248.28125,237.8125,244.375,244.84375,244.84375,244.84375,244.84375,244.84375,244.84375,244.84375,244.84375,245.78125,252.96875,252.96875,252.96875,252.96875,252.96875,244.84375,244.84375,237.8125,252.96875,244.84375,244.84375,244.84375,244.84375,244.84375,244.84375,244.84375,244.84375,244.84375,244.84375,244.84375,244.84375,237.8125,237.8125,244.84375,244.84375,244.84375,244.84375,244.84375,244.84375,244.84375,245.78125,244.84375,244.84375,244.84375,244.84375,244.84375,244.84375,244.84375,244.84375,244.84375,244.84375,244.84375,245.78125,249.375,244.84375,244.84375,244.84375,244.84375,244.84375,245.78125,241.875,244.84375,255.0,244.84375,244.84375,244.84375,245.78125,244.84375,244.84375,248.28125,237.8125,244.84375,237.8125,237.8125,237.8125,237.8125,237.8125,237.8125,237.8125,237.8125,244.84375,237.8125,237.8125,244.6875,237.8125,237.8125,237.8125,244.84375,237.8125
