,DENV1/BOLIVIA/2010/FSB-3363,DENV1/CAMBODIA/2003/FJ639680,DENV1/CAMBODIA/2003/GQ868619,DENV1/CAMBODIA/2006/FJ639687,DENV1/CAMBODIA/2007/FJ639693,DENV1/CAMBODIA/2007/FJ639696,DENV1/MYANMAR/2005/61117,DENV1/NAURU/1974/RDENV1-WP-1A,DENV1/PERU/2000/IQT-6152,DENV1/PUERTORICO/2006/BID-V852,DENV1/THAILAND/1964/16007,DENV1/THAILAND/1980/00633/80,DENV1/THAILAND/1980/01738/80,DENV1/THAILAND/1980/03228/80,DENV1/THAILAND/1982/00437/82,DENV1/THAILAND/1983/00493/83,DENV1/THAILAND/1994/00532/94,DENV1/THAILAND/1994/00817/94,DENV1/THAILAND/1994/01495/94,DENV1/THAILAND/1995/00229/95,DENV1/THAILAND/1995/00257/95,DENV1/THAILAND/1995/00288/95,DENV1/THAILAND/1995/00410/95,DENV1/THAILAND/1996/00942/96,DENV1/THAILAND/1996/01231/96,DENV1/THAILAND/1997/00382/97,DENV1/THAILAND/1997/02080/97,DENV1/THAILAND/1997/02588/97,DENV1/THAILAND/1997/04772/97,DENV1/THAILAND/1998/00141/98,DENV1/THAILAND/1998/00422/98,DENV1/THAILAND/1998/02128/98,DENV1/THAILAND/1998/06810/98,DENV1/THAILAND/1998/06870/98,DENV1/THAILAND/1999/00380/99,DENV1/THAILAND/1999/00692/99,DENV1/THAILAND/1999/03739/99,DENV1/THAILAND/2000/01236/00,DENV1/THAILAND/2000/01349/00,DENV1/THAILAND/2000/02059/00,DENV1/THAILAND/2000/05580/00,DENV1/THAILAND/2000/05899/00,DENV1/THAILAND/2001/00355/01,DENV1/THAILAND/2001/02633/01,DENV1/THAILAND/2001/04601/01,DENV1/THAILAND/2001/04774/01,DENV1/THAILAND/2002/00644/02,DENV1/THAILAND/2002/00731/02,DENV1/THAILAND/2002/01459/02,DENV1/THAILAND/2002/03030/02,DENV1/THAILAND/2004/00068/04,DENV1/THAILAND/2004/00088/04,DENV1/THAILAND/2004/00477/04,DENV1/THAILAND/2004/00479/04,DENV1/THAILAND/2004/00725/04,DENV1/THAILAND/2004/00758/04,DENV1/THAILAND/2004/00975/04,DENV1/THAILAND/2004/01420/04,DENV1/THAILAND/2004/01604/04,DENV1/THAILAND/2005/00743/05,DENV1/THAILAND/2005/00744/05,DENV1/THAILAND/2005/01040/05,DENV1/THAILAND/2006/00007/06,DENV1/THAILAND/2006/00113/06,DENV1/THAILAND/2006/00369/06,DENV1/THAILAND/2006/00371/06,DENV1/THAILAND/2006/00411/06,DENV1/THAILAND/2006/00418/06,DENV1/THAILAND/2006/00482/06,DENV1/THAILAND/2006/00555/06,DENV1/THAILAND/2006/01001/06,DENV1/THAILAND/2006/01038/06,DENV1/THAILAND/2006/01170/06,DENV1/THAILAND/2006/01332/06,DENV1/THAILAND/2006/01448/06,DENV1/THAILAND/2006/01831/06,DENV1/THAILAND/2006/01932/06,DENV1/THAILAND/2006/01934/06,DENV1/THAILAND/2006/02050/06,DENV1/THAILAND/2006/02193/06,DENV1/THAILAND/2006/02340/06,DENV1/THAILAND/2006/02509/06,DENV1/THAILAND/2007/01479/07,DENV1/THAILAND/2010/00792/10,DENV1/THAILAND/2010/01327/10,DENV1/THAILAND/2010/01510/10,DENV1/THAILAND/2010/01518/10,DENV1/THAILAND/2011/00330/11,DENV1/THAILAND/2011/00577/11,DENV1/THAILAND/2011/01392/11,DENV1/THAILAND/2011/01450/11,DENV1/THAILAND/2012/00511/12,DENV1/THAILAND/2012/00777/12,DENV1/THAILAND/2012/00829/12,DENV1/THAILAND/2012/01133/12,DENV1/THAILAND/2013/00090/13,DENV1/THAILAND/2013/00297/13,DENV1/THAILAND/2013/00343/13,DENV1/THAILAND/2013/00485/13,DENV1/THAILAND/2014/00444/14,DENV1/THAILAND/2014/00485/14,DENV1/THAILAND/2014/00554/14,DENV1/THAILAND/2014/00725/14,DENV1/VENEZUELA/2000/OBT-1298,DENV1/VIETNAM/2008/BID-V1937,DENV2/BRAZIL/2004/BR-161,DENV2/CAMBODIA/2007/FJ639717,DENV2/CAMBODIA/2007/GU131927,DENV2/CAMBODIA/2008/GQ868638,DENV2/INDIA/1974/POONA-742295,DENV2/NEWGUINEA/1944/NEWGUINEAC,DENV2/PERU/1996/IQT2913,DENV2/THAILAND/1988/05470/88,DENV2/THAILAND/1994/00126/94,DENV2/THAILAND/1994/00327/94,DENV2/THAILAND/1994/00523/94,DENV2/THAILAND/1994/01414/94,DENV2/THAILAND/1995/00773/95,DENV2/THAILAND/1995/00775/95,DENV2/THAILAND/1995/00976/95,DENV2/THAILAND/1995/01656/95,DENV2/THAILAND/1995/01800/95,DENV2/THAILAND/1996/00024/96,DENV2/THAILAND/1996/01163/96,DENV2/THAILAND/1996/01175/96,DENV2/THAILAND/1996/01309/96,DENV2/THAILAND/1996/02561/96,DENV2/THAILAND/1997/05107/97,DENV2/THAILAND/1998/00309/98,DENV2/THAILAND/1998/00441/98,DENV2/THAILAND/1998/00554/98,DENV2/THAILAND/1998/01718/98,DENV2/THAILAND/1998/04648/98,DENV2/THAILAND/1998/06160/98,DENV2/THAILAND/1998/06895/98,DENV2/THAILAND/1999/04177/99,DENV2/THAILAND/2000/00342/00,DENV2/THAILAND/2000/01695/00,DENV2/THAILAND/2000/01754/00,DENV2/THAILAND/2000/05512/00,DENV2/THAILAND/2000/05529/00,DENV2/THAILAND/2000/05855/00,DENV2/THAILAND/2000/06013/00,DENV2/THAILAND/2001/02860/01,DENV2/THAILAND/2001/02900/01,DENV2/THAILAND/2001/03244/01,DENV2/THAILAND/2001/03693/01,DENV2/THAILAND/2001/06096/01,DENV2/THAILAND/2002/00060/02,DENV2/THAILAND/2002/01050/02,DENV2/THAILAND/2002/02678/02,DENV2/THAILAND/2002/02934/02,DENV2/THAILAND/2003/01082/03,DENV2/THAILAND/2004/00159/04,DENV2/THAILAND/2004/00248/04,DENV2/THAILAND/2004/00560/04,DENV2/THAILAND/2004/00617/04,DENV2/THAILAND/2004/01224/04,DENV2/THAILAND/2004/01462/04,DENV2/THAILAND/2004/01646/04,DENV2/THAILAND/2004/01666/04,DENV2/THAILAND/2005/01495/05,DENV2/THAILAND/2005/01574/05,DENV2/THAILAND/2006/00036/06,DENV2/THAILAND/2006/00127/06,DENV2/THAILAND/2006/00444/06,DENV2/THAILAND/2006/00525/06,DENV2/THAILAND/2006/00586/06,DENV2/THAILAND/2006/00697/06,DENV2/THAILAND/2006/02337/06,DENV2/THAILAND/2007/00496/07,DENV2/THAILAND/2007/00511/07,DENV2/THAILAND/2007/02071/07,DENV2/THAILAND/2010/00791/10,DENV2/THAILAND/2010/01066/10,DENV2/THAILAND/2010/01363/10,DENV2/THAILAND/2010/01549/10,DENV2/THAILAND/2011/00220/11,DENV2/THAILAND/2011/00322/11,DENV2/THAILAND/2011/00556/11,DENV2/THAILAND/2011/01220/11,DENV2/THAILAND/2012/00144/12,DENV2/THAILAND/2012/00258/12,DENV2/THAILAND/2012/01090/12,DENV2/THAILAND/2012/01113/12,DENV2/THAILAND/2013/00058/13,DENV2/THAILAND/2013/00280/13,DENV2/THAILAND/2013/00662/13,DENV2/THAILAND/2013/00696/13,DENV2/THAILAND/2014/00016/14,DENV2/THAILAND/2014/00740/14,DENV3/CAMBODIA/2007/FJ639714,DENV3/CAMBODIA/2007/FJ639731,DENV3/CAMBODIA/2008/FJ639716,DENV3/CAMBODIA/2008/GU131905,DENV3/FIJI/1992/29472-L11422-I,DENV3/INDONESIA/1978/SLEMAN-1280-AC25,DENV3/MYANMAR/2008/80931,DENV3/NICARAGUA/2009/BID-V4753,DENV3/PUERTO-RICO/1963/PRS-228762-AC27,DENV3/PUERTORICO/2006/429965,DENV3/THAILAND/1994/00128/94,DENV3/THAILAND/1994/00255/94,DENV3/THAILAND/1994/00831/94,DENV3/THAILAND/1994/01311/94,DENV3/THAILAND/1995/00247/95,DENV3/THAILAND/1995/00631/95,DENV3/THAILAND/1995/00780/95,DENV3/THAILAND/1995/01296/95,DENV3/THAILAND/1995/01658/95,DENV3/THAILAND/1996/00833/96,DENV3/THAILAND/1996/01528/96,DENV3/THAILAND/1996/01720/96,DENV3/THAILAND/1996/01941/96,DENV3/THAILAND/1997/03080/97,DENV3/THAILAND/1998/00317/98,DENV3/THAILAND/1998/00596/98,DENV3/THAILAND/1998/02434/98,DENV3/THAILAND/1998/02551/98,DENV3/THAILAND/1998/04187/98,DENV3/THAILAND/1998/04331/98,DENV3/THAILAND/1998/04946/98,DENV3/THAILAND/1998/06070/98,DENV3/THAILAND/2000/02029/00,DENV3/THAILAND/2000/02080/00,DENV3/THAILAND/2000/02242/00,DENV3/THAILAND/2000/05443/00,DENV3/THAILAND/2000/05499/00,DENV3/THAILAND/2000/05815/00,DENV3/THAILAND/2000/06135/00,DENV3/THAILAND/2001/00152/01,DENV3/THAILAND/2001/00929/01,DENV3/THAILAND/2001/00984/01,DENV3/THAILAND/2001/03291/01,DENV3/THAILAND/2001/04045/01,DENV3/THAILAND/2001/04945/01,DENV3/THAILAND/2001/05611/01,DENV3/THAILAND/2001/06503/01,DENV3/THAILAND/2002/00059/02,DENV3/THAILAND/2002/00104/02,DENV3/THAILAND/2002/00145/02,DENV3/THAILAND/2002/00501/02,DENV3/THAILAND/2002/00536/02,DENV3/THAILAND/2002/00767/02,DENV3/THAILAND/2002/02173/02,DENV3/THAILAND/2002/03135/02,DENV3/THAILAND/2003/01619/03,DENV3/THAILAND/2003/02208/03,DENV3/THAILAND/2004/00441/04,DENV3/THAILAND/2004/00602/04,DENV3/THAILAND/2004/00991/04,DENV3/THAILAND/2004/01144/04,DENV3/THAILAND/2004/01184/04,DENV3/THAILAND/2004/01393/04,DENV3/THAILAND/2005/00806/05,DENV3/THAILAND/2005/01491/05,DENV3/THAILAND/2006/00018/06,DENV3/THAILAND/2006/00588/06,DENV3/THAILAND/2006/01067/06,DENV3/THAILAND/2006/01128/06,DENV3/THAILAND/2006/01373/06,DENV3/THAILAND/2006/01375/06,DENV3/THAILAND/2006/02042/06,DENV3/THAILAND/2006/02121/06,DENV3/THAILAND/2006/02341/06,DENV3/THAILAND/2006/02485/06,DENV3/THAILAND/2006/02678/06,DENV3/THAILAND/2006/02784/06,DENV3/THAILAND/2008/01398/08,DENV3/THAILAND/2009/00702/09,DENV3/THAILAND/2009/01231/09,DENV3/THAILAND/2010/00075/10,DENV3/THAILAND/2010/01385/10,DENV3/THAILAND/2010/01575/10,DENV3/THAILAND/2010/01601/10,DENV3/THAILAND/2011/00209/11,DENV3/THAILAND/2011/00323/11,DENV3/THAILAND/2011/01035/11,DENV3/THAILAND/2011/01278/11,DENV3/THAILAND/2012/00608/12,DENV3/THAILAND/2012/00817/12,DENV3/THAILAND/2012/01094/12,DENV3/THAILAND/2012/01106/12,DENV3/THAILAND/2013/00065/13,DENV3/THAILAND/2013/00693/13,DENV3/THAILAND/2013/00695/13,DENV3/THAILAND/2013/00910/13,DENV3/THAILAND/2014/00146/14,DENV3/THAILAND/2014/00560/14,DENV3/THAILAND/2014/00654/14,DENV3/THAILAND/2014/00739/14,DENV3/VIETNAM/2006/BID-V1329,DENV3/VIETNAM/2007/BID-V1817,DENV4/DOMINICA/1981/42A,DENV4/INDONESIA/1973/M30153-AC36,DENV4/MALAYSIA/1973/P73-1120,DENV4/MYANMAR/2008/81087,DENV4/NICARAGUA/1999/703,DENV4/THAILAND/1985/D85-052,DENV4/THAILAND/1994/00329/94,DENV4/THAILAND/1994/00615/94,DENV4/THAILAND/1995/00036/95,DENV4/THAILAND/1995/00241/95,DENV4/THAILAND/1995/00425/95,DENV4/THAILAND/1995/00458/95,DENV4/THAILAND/1995/01569/95,DENV4/THAILAND/1996/01129/96,DENV4/THAILAND/1996/01626/96,DENV4/THAILAND/1997/00049/97,DENV4/THAILAND/1997/02739/97,DENV4/THAILAND/1998/04634/98,DENV4/THAILAND/1998/04786/98,DENV4/THAILAND/1998/06181/98,DENV4/THAILAND/1998/06523/98,DENV4/THAILAND/1998/06564/98,DENV4/THAILAND/1999/04390/99,DENV4/THAILAND/2000/02021/00,DENV4/THAILAND/2000/02143/00,DENV4/THAILAND/2000/05997/00,DENV4/THAILAND/2001/00103/01,DENV4/THAILAND/2001/04134/01,DENV4/THAILAND/2001/05386/01,DENV4/THAILAND/2001/06019/01,DENV4/THAILAND/2001/06949/01,DENV4/THAILAND/2002/01222/02,DENV4/THAILAND/2002/03060/02,DENV4/THAILAND/2002/03096/02,DENV4/THAILAND/2002/03113/02,DENV4/THAILAND/2002/03169/02,DENV4/THAILAND/2003/02207/03,DENV4/THAILAND/2003/02377/03,DENV4/THAILAND/2004/00217/04,DENV4/THAILAND/2004/00624/04,DENV4/THAILAND/2004/00965/04,DENV4/THAILAND/2004/01315/04,DENV4/THAILAND/2004/01369/04,DENV4/THAILAND/2004/01544/04,DENV4/THAILAND/2005/00201/05,DENV4/THAILAND/2006/00047/06,DENV4/THAILAND/2006/00189/06,DENV4/THAILAND/2006/00356/06,DENV4/THAILAND/2006/00533/06,DENV4/THAILAND/2006/00578/06,DENV4/THAILAND/2006/00617/06,DENV4/THAILAND/2006/01881/06,DENV4/THAILAND/2006/02190/06,DENV4/THAILAND/2006/02540/06,DENV4/THAILAND/2007/00119/07,DENV4/THAILAND/2007/00504/07,DENV4/THAILAND/2007/00694/07,DENV4/THAILAND/2007/01101/07,DENV4/THAILAND/2007/01118/07,DENV4/THAILAND/2007/01391/07,DENV4/THAILAND/2007/01840/07,DENV4/THAILAND/2007/01991/07,DENV4/THAILAND/2007/01993/07,DENV4/THAILAND/2007/02392/07,DENV4/THAILAND/2008/00274/08,DENV4/THAILAND/2008/00471/08,DENV4/THAILAND/2008/01380/08,DENV4/THAILAND/2008/01387/08,DENV4/THAILAND/2008/02023/08,DENV4/THAILAND/2009/00781/09,DENV4/THAILAND/2009/01432/09,DENV4/THAILAND/2009/01559/09,DENV4/THAILAND/2010/00249/10,DENV4/THAILAND/2010/00283/10,DENV4/THAILAND/2010/00780/10,DENV4/THAILAND/2010/01270/10,DENV4/THAILAND/2010/01513/10,DENV4/THAILAND/2010/01677/10,DENV4/THAILAND/2011/00251/11,DENV4/THAILAND/2011/00257/11,DENV4/THAILAND/2011/00369/11,DENV4/THAILAND/2011/00477/11,DENV4/THAILAND/2012/00112/12,DENV4/THAILAND/2012/00637/12,DENV4/THAILAND/2012/01104/12,DENV4/THAILAND/2013/00300/13,DENV4/THAILAND/2013/00691/13,DENV4/THAILAND/2013/00801/13,DENV4/THAILAND/2013/01012/13,DENV4/THAILAND/2014/00214/14,DENV4/THAILAND/2014/00555/14,DENV4/THAILAND/2014/00595/14,DENV4/THAILAND/2014/00615/14
hDenV4/Colombia/ANT-UDS-0179595/2013,244.375,244.375,244.375,244.375,244.375,244.375,244.375,244.375,244.375,244.375,244.375,256.40625,256.40625,256.40625,244.375,256.40625,244.375,244.375,244.375,244.375,244.375,244.375,244.375,244.84375,244.375,242.1875,244.375,244.84375,244.84375,244.375,244.375,244.375,244.375,244.375,250.625,244.84375,244.375,244.375,244.84375,253.90625,244.375,244.375,244.84375,244.375,244.375,244.375,244.375,244.375,244.375,244.375,244.375,244.375,244.375,244.375,244.375,244.375,244.375,244.375,244.375,244.375,244.375,244.375,244.375,244.375,244.375,244.375,244.375,244.375,244.375,244.375,244.375,244.375,244.375,244.375,244.375,244.375,244.375,244.375,244.375,248.90625,244.375,244.375,244.375,244.375,244.375,244.375,244.375,244.375,244.375,244.375,244.375,244.375,244.375,256.40625,244.375,256.40625,244.375,244.375,244.375,256.40625,244.375,244.375,244.375,244.375,244.0625,271.40625,261.25,261.25,261.25,259.21875,278.90625,266.25,256.71875,261.25,261.25,261.25,261.25,261.25,261.25,261.25,261.25,261.25,261.25,261.25,261.25,261.25,261.25,261.25,261.25,261.25,261.25,261.25,261.25,261.25,261.25,261.25,261.25,261.25,261.25,261.25,261.25,261.25,261.25,261.25,261.25,261.25,261.25,261.25,261.25,261.25,261.25,261.25,261.25,261.25,261.25,261.25,261.25,261.25,261.25,262.34375,261.25,261.25,261.25,261.25,261.25,261.25,261.25,261.25,261.25,261.25,261.25,261.25,261.25,261.25,261.25,261.25,261.25,261.25,261.25,261.25,261.25,261.25,261.25,261.25,261.25,261.25,261.25,261.25,261.25,261.25,261.25,440.625,440.625,444.375,440.625,435.46875,435.46875,440.9375,433.28125,448.75,427.5,440.9375,431.40625,440.9375,440.9375,431.40625,431.40625,431.40625,440.9375,440.9375,440.9375,440.625,431.40625,431.40625,440.9375,431.40625,440.625,440.9375,444.0625,440.9375,431.40625,440.9375,440.9375,431.40625,440.625,440.625,431.40625,431.40625,440.625,440.625,440.9375,439.375,431.40625,440.9375,431.40625,431.40625,440.9375,431.40625,427.5,431.40625,431.40625,431.40625,440.9375,431.40625,431.40625,440.625,440.625,431.40625,431.40625,440.625,431.40625,431.40625,440.625,440.625,431.40625,431.40625,440.625,427.5,440.9375,431.40625,444.0625,440.9375,440.9375,440.625,431.40625,440.625,427.5,444.0625,440.9375,431.40625,431.40625,434.84375,430.625,434.84375,434.84375,431.40625,440.9375,430.625,434.84375,430.625,427.5,430.625,430.625,434.84375,430.625,430.625,430.625,430.625,430.625,430.625,430.625,435.3125,431.40625,0.0,3.59375,8.125,6.5625,0.0,3.59375,3.59375,3.59375,3.59375,3.59375,3.59375,3.59375,3.59375,12.34375,11.71875,11.71875,11.71875,11.71875,11.71875,3.59375,3.59375,6.5625,11.71875,3.59375,3.59375,3.59375,3.59375,3.59375,3.59375,3.59375,3.59375,3.59375,3.59375,3.59375,3.59375,6.5625,6.5625,3.59375,3.59375,3.59375,3.59375,3.59375,3.59375,3.59375,12.34375,3.59375,3.59375,3.59375,3.59375,3.59375,3.59375,3.59375,3.59375,3.59375,3.59375,3.59375,12.34375,8.125,3.59375,3.59375,3.59375,3.59375,3.59375,12.34375,6.875,3.59375,26.25,3.59375,3.59375,3.59375,12.34375,3.59375,3.59375,8.125,6.5625,3.59375,6.5625,6.5625,6.5625,6.5625,6.5625,6.5625,6.5625,6.5625,3.59375,6.5625,6.5625,7.65625,6.5625,6.5625,6.5625,30.78125,6.5625
hDenV4/Colombia/ANT-UDS-0676596/2013,244.375,244.375,244.375,244.375,244.375,244.375,244.375,244.375,244.375,244.375,244.375,256.40625,256.40625,256.40625,244.375,256.40625,244.375,244.375,244.375,244.375,244.375,244.375,244.375,244.84375,244.375,242.1875,244.375,244.84375,244.84375,244.375,244.375,244.375,244.375,244.375,250.625,244.84375,244.375,244.375,244.84375,253.90625,244.375,244.375,244.84375,244.375,244.375,244.375,244.375,244.375,244.375,244.375,244.375,244.375,244.375,244.375,244.375,244.375,244.375,244.375,244.375,244.375,244.375,244.375,244.375,244.375,244.375,244.375,244.375,244.375,244.375,244.375,244.375,244.375,244.375,244.375,244.375,244.375,244.375,244.375,244.375,248.90625,244.375,244.375,244.375,244.375,244.375,244.375,244.375,244.375,244.375,244.375,244.375,244.375,244.375,256.40625,244.375,256.40625,244.375,244.375,244.375,256.40625,244.375,244.375,244.375,244.375,244.0625,271.40625,261.25,261.25,261.25,259.21875,278.90625,266.25,256.71875,261.25,261.25,261.25,261.25,261.25,261.25,261.25,261.25,261.25,261.25,261.25,261.25,261.25,261.25,261.25,261.25,261.25,261.25,261.25,261.25,261.25,261.25,261.25,261.25,261.25,261.25,261.25,261.25,261.25,261.25,261.25,261.25,261.25,261.25,261.25,261.25,261.25,261.25,261.25,261.25,261.25,261.25,261.25,261.25,261.25,261.25,262.34375,261.25,261.25,261.25,261.25,261.25,261.25,261.25,261.25,261.25,261.25,261.25,261.25,261.25,261.25,261.25,261.25,261.25,261.25,261.25,261.25,261.25,261.25,261.25,261.25,261.25,261.25,261.25,261.25,261.25,261.25,261.25,440.625,440.625,444.375,440.625,435.46875,435.46875,440.9375,433.28125,448.75,427.5,440.9375,431.40625,440.9375,440.9375,431.40625,431.40625,431.40625,440.9375,440.9375,440.9375,440.625,431.40625,431.40625,440.9375,431.40625,440.625,440.9375,444.0625,440.9375,431.40625,440.9375,440.9375,431.40625,440.625,440.625,431.40625,431.40625,440.625,440.625,440.9375,439.375,431.40625,440.9375,431.40625,431.40625,440.9375,431.40625,427.5,431.40625,431.40625,431.40625,440.9375,431.40625,431.40625,440.625,440.625,431.40625,431.40625,440.625,431.40625,431.40625,440.625,440.625,431.40625,431.40625,440.625,427.5,440.9375,431.40625,444.0625,440.9375,440.9375,440.625,431.40625,440.625,427.5,444.0625,440.9375,431.40625,431.40625,434.84375,430.625,434.84375,434.84375,431.40625,440.9375,430.625,434.84375,430.625,427.5,430.625,430.625,434.84375,430.625,430.625,430.625,430.625,430.625,430.625,430.625,435.3125,431.40625,0.0,3.59375,8.125,6.5625,0.0,3.59375,3.59375,3.59375,3.59375,3.59375,3.59375,3.59375,3.59375,12.34375,11.71875,11.71875,11.71875,11.71875,11.71875,3.59375,3.59375,6.5625,11.71875,3.59375,3.59375,3.59375,3.59375,3.59375,3.59375,3.59375,3.59375,3.59375,3.59375,3.59375,3.59375,6.5625,6.5625,3.59375,3.59375,3.59375,3.59375,3.59375,3.59375,3.59375,12.34375,3.59375,3.59375,3.59375,3.59375,3.59375,3.59375,3.59375,3.59375,3.59375,3.59375,3.59375,12.34375,8.125,3.59375,3.59375,3.59375,3.59375,3.59375,12.34375,6.875,3.59375,26.25,3.59375,3.59375,3.59375,12.34375,3.59375,3.59375,8.125,6.5625,3.59375,6.5625,6.5625,6.5625,6.5625,6.5625,6.5625,6.5625,6.5625,3.59375,6.5625,6.5625,7.65625,6.5625,6.5625,6.5625,30.78125,6.5625
hDenV4/Colombia/ANT-UDS-0678597/2013,244.375,244.375,244.375,244.375,244.375,244.375,244.375,244.375,244.375,244.375,244.375,256.40625,256.40625,256.40625,244.375,256.40625,244.375,244.375,244.375,244.375,244.375,244.375,244.375,244.84375,244.375,242.1875,244.375,244.84375,244.84375,244.375,244.375,244.375,244.375,244.375,250.625,244.84375,244.375,244.375,244.84375,253.90625,244.375,244.375,244.84375,244.375,244.375,244.375,244.375,244.375,244.375,244.375,244.375,244.375,244.375,244.375,244.375,244.375,244.375,244.375,244.375,244.375,244.375,244.375,244.375,244.375,244.375,244.375,244.375,244.375,244.375,244.375,244.375,244.375,244.375,244.375,244.375,244.375,244.375,244.375,244.375,248.90625,244.375,244.375,244.375,244.375,244.375,244.375,244.375,244.375,244.375,244.375,244.375,244.375,244.375,256.40625,244.375,256.40625,244.375,244.375,244.375,256.40625,244.375,244.375,244.375,244.375,244.0625,271.40625,261.25,261.25,261.25,259.21875,278.90625,266.25,256.71875,261.25,261.25,261.25,261.25,261.25,261.25,261.25,261.25,261.25,261.25,261.25,261.25,261.25,261.25,261.25,261.25,261.25,261.25,261.25,261.25,261.25,261.25,261.25,261.25,261.25,261.25,261.25,261.25,261.25,261.25,261.25,261.25,261.25,261.25,261.25,261.25,261.25,261.25,261.25,261.25,261.25,261.25,261.25,261.25,261.25,261.25,262.34375,261.25,261.25,261.25,261.25,261.25,261.25,261.25,261.25,261.25,261.25,261.25,261.25,261.25,261.25,261.25,261.25,261.25,261.25,261.25,261.25,261.25,261.25,261.25,261.25,261.25,261.25,261.25,261.25,261.25,261.25,261.25,440.625,440.625,444.375,440.625,435.46875,435.46875,440.9375,433.28125,448.75,427.5,440.9375,431.40625,440.9375,440.9375,431.40625,431.40625,431.40625,440.9375,440.9375,440.9375,440.625,431.40625,431.40625,440.9375,431.40625,440.625,440.9375,444.0625,440.9375,431.40625,440.9375,440.9375,431.40625,440.625,440.625,431.40625,431.40625,440.625,440.625,440.9375,439.375,431.40625,440.9375,431.40625,431.40625,440.9375,431.40625,427.5,431.40625,431.40625,431.40625,440.9375,431.40625,431.40625,440.625,440.625,431.40625,431.40625,440.625,431.40625,431.40625,440.625,440.625,431.40625,431.40625,440.625,427.5,440.9375,431.40625,444.0625,440.9375,440.9375,440.625,431.40625,440.625,427.5,444.0625,440.9375,431.40625,431.40625,434.84375,430.625,434.84375,434.84375,431.40625,440.9375,430.625,434.84375,430.625,427.5,430.625,430.625,434.84375,430.625,430.625,430.625,430.625,430.625,430.625,430.625,435.3125,431.40625,0.0,3.59375,8.125,6.5625,0.0,3.59375,3.59375,3.59375,3.59375,3.59375,3.59375,3.59375,3.59375,12.34375,11.71875,11.71875,11.71875,11.71875,11.71875,3.59375,3.59375,6.5625,11.71875,3.59375,3.59375,3.59375,3.59375,3.59375,3.59375,3.59375,3.59375,3.59375,3.59375,3.59375,3.59375,6.5625,6.5625,3.59375,3.59375,3.59375,3.59375,3.59375,3.59375,3.59375,12.34375,3.59375,3.59375,3.59375,3.59375,3.59375,3.59375,3.59375,3.59375,3.59375,3.59375,3.59375,12.34375,8.125,3.59375,3.59375,3.59375,3.59375,3.59375,12.34375,6.875,3.59375,26.25,3.59375,3.59375,3.59375,12.34375,3.59375,3.59375,8.125,6.5625,3.59375,6.5625,6.5625,6.5625,6.5625,6.5625,6.5625,6.5625,6.5625,3.59375,6.5625,6.5625,7.65625,6.5625,6.5625,6.5625,30.78125,6.5625
hDenV4/Colombia/ANT-UDS-0681598/2013,244.375,244.375,244.375,244.375,244.375,244.375,244.375,244.375,244.375,244.375,244.375,256.40625,256.40625,256.40625,244.375,256.40625,244.375,244.375,244.375,244.375,244.375,244.375,244.375,244.84375,244.375,242.1875,244.375,244.84375,244.84375,244.375,244.375,244.375,244.375,244.375,250.625,244.84375,244.375,244.375,244.84375,253.90625,244.375,244.375,244.84375,244.375,244.375,244.375,244.375,244.375,244.375,244.375,244.375,244.375,244.375,244.375,244.375,244.375,244.375,244.375,244.375,244.375,244.375,244.375,244.375,244.375,244.375,244.375,244.375,244.375,244.375,244.375,244.375,244.375,244.375,244.375,244.375,244.375,244.375,244.375,244.375,248.90625,244.375,244.375,244.375,244.375,244.375,244.375,244.375,244.375,244.375,244.375,244.375,244.375,244.375,256.40625,244.375,256.40625,244.375,244.375,244.375,256.40625,244.375,244.375,244.375,244.375,244.0625,271.40625,261.25,261.25,261.25,259.21875,278.90625,266.25,256.71875,261.25,261.25,261.25,261.25,261.25,261.25,261.25,261.25,261.25,261.25,261.25,261.25,261.25,261.25,261.25,261.25,261.25,261.25,261.25,261.25,261.25,261.25,261.25,261.25,261.25,261.25,261.25,261.25,261.25,261.25,261.25,261.25,261.25,261.25,261.25,261.25,261.25,261.25,261.25,261.25,261.25,261.25,261.25,261.25,261.25,261.25,262.34375,261.25,261.25,261.25,261.25,261.25,261.25,261.25,261.25,261.25,261.25,261.25,261.25,261.25,261.25,261.25,261.25,261.25,261.25,261.25,261.25,261.25,261.25,261.25,261.25,261.25,261.25,261.25,261.25,261.25,261.25,261.25,440.625,440.625,444.375,440.625,435.46875,435.46875,440.9375,433.28125,448.75,427.5,440.9375,431.40625,440.9375,440.9375,431.40625,431.40625,431.40625,440.9375,440.9375,440.9375,440.625,431.40625,431.40625,440.9375,431.40625,440.625,440.9375,444.0625,440.9375,431.40625,440.9375,440.9375,431.40625,440.625,440.625,431.40625,431.40625,440.625,440.625,440.9375,439.375,431.40625,440.9375,431.40625,431.40625,440.9375,431.40625,427.5,431.40625,431.40625,431.40625,440.9375,431.40625,431.40625,440.625,440.625,431.40625,431.40625,440.625,431.40625,431.40625,440.625,440.625,431.40625,431.40625,440.625,427.5,440.9375,431.40625,444.0625,440.9375,440.9375,440.625,431.40625,440.625,427.5,444.0625,440.9375,431.40625,431.40625,434.84375,430.625,434.84375,434.84375,431.40625,440.9375,430.625,434.84375,430.625,427.5,430.625,430.625,434.84375,430.625,430.625,430.625,430.625,430.625,430.625,430.625,435.3125,431.40625,0.0,3.59375,8.125,6.5625,0.0,3.59375,3.59375,3.59375,3.59375,3.59375,3.59375,3.59375,3.59375,12.34375,11.71875,11.71875,11.71875,11.71875,11.71875,3.59375,3.59375,6.5625,11.71875,3.59375,3.59375,3.59375,3.59375,3.59375,3.59375,3.59375,3.59375,3.59375,3.59375,3.59375,3.59375,6.5625,6.5625,3.59375,3.59375,3.59375,3.59375,3.59375,3.59375,3.59375,12.34375,3.59375,3.59375,3.59375,3.59375,3.59375,3.59375,3.59375,3.59375,3.59375,3.59375,3.59375,12.34375,8.125,3.59375,3.59375,3.59375,3.59375,3.59375,12.34375,6.875,3.59375,26.25,3.59375,3.59375,3.59375,12.34375,3.59375,3.59375,8.125,6.5625,3.59375,6.5625,6.5625,6.5625,6.5625,6.5625,6.5625,6.5625,6.5625,3.59375,6.5625,6.5625,7.65625,6.5625,6.5625,6.5625,30.78125,6.5625
hDenV4/Colombia/ANT-UDS-0728599/2013,244.375,244.375,244.375,244.375,244.375,244.375,244.375,244.375,244.375,244.375,244.375,256.40625,256.40625,256.40625,244.375,256.40625,244.375,244.375,244.375,244.375,244.375,244.375,244.375,244.84375,244.375,242.1875,244.375,244.84375,244.84375,244.375,244.375,244.375,244.375,244.375,250.625,244.84375,244.375,244.375,244.84375,253.90625,244.375,244.375,244.84375,244.375,244.375,244.375,244.375,244.375,244.375,244.375,244.375,244.375,244.375,244.375,244.375,244.375,244.375,244.375,244.375,244.375,244.375,244.375,244.375,244.375,244.375,244.375,244.375,244.375,244.375,244.375,244.375,244.375,244.375,244.375,244.375,244.375,244.375,244.375,244.375,248.90625,244.375,244.375,244.375,244.375,244.375,244.375,244.375,244.375,244.375,244.375,244.375,244.375,244.375,256.40625,244.375,256.40625,244.375,244.375,244.375,256.40625,244.375,244.375,244.375,244.375,244.0625,271.40625,261.25,261.25,261.25,259.21875,278.90625,266.25,256.71875,261.25,261.25,261.25,261.25,261.25,261.25,261.25,261.25,261.25,261.25,261.25,261.25,261.25,261.25,261.25,261.25,261.25,261.25,261.25,261.25,261.25,261.25,261.25,261.25,261.25,261.25,261.25,261.25,261.25,261.25,261.25,261.25,261.25,261.25,261.25,261.25,261.25,261.25,261.25,261.25,261.25,261.25,261.25,261.25,261.25,261.25,262.34375,261.25,261.25,261.25,261.25,261.25,261.25,261.25,261.25,261.25,261.25,261.25,261.25,261.25,261.25,261.25,261.25,261.25,261.25,261.25,261.25,261.25,261.25,261.25,261.25,261.25,261.25,261.25,261.25,261.25,261.25,261.25,440.625,440.625,444.375,440.625,435.46875,435.46875,440.9375,433.28125,448.75,427.5,440.9375,431.40625,440.9375,440.9375,431.40625,431.40625,431.40625,440.9375,440.9375,440.9375,440.625,431.40625,431.40625,440.9375,431.40625,440.625,440.9375,444.0625,440.9375,431.40625,440.9375,440.9375,431.40625,440.625,440.625,431.40625,431.40625,440.625,440.625,440.9375,439.375,431.40625,440.9375,431.40625,431.40625,440.9375,431.40625,427.5,431.40625,431.40625,431.40625,440.9375,431.40625,431.40625,440.625,440.625,431.40625,431.40625,440.625,431.40625,431.40625,440.625,440.625,431.40625,431.40625,440.625,427.5,440.9375,431.40625,444.0625,440.9375,440.9375,440.625,431.40625,440.625,427.5,444.0625,440.9375,431.40625,431.40625,434.84375,430.625,434.84375,434.84375,431.40625,440.9375,430.625,434.84375,430.625,427.5,430.625,430.625,434.84375,430.625,430.625,430.625,430.625,430.625,430.625,430.625,435.3125,431.40625,0.0,3.59375,8.125,6.5625,0.0,3.59375,3.59375,3.59375,3.59375,3.59375,3.59375,3.59375,3.59375,12.34375,11.71875,11.71875,11.71875,11.71875,11.71875,3.59375,3.59375,6.5625,11.71875,3.59375,3.59375,3.59375,3.59375,3.59375,3.59375,3.59375,3.59375,3.59375,3.59375,3.59375,3.59375,6.5625,6.5625,3.59375,3.59375,3.59375,3.59375,3.59375,3.59375,3.59375,12.34375,3.59375,3.59375,3.59375,3.59375,3.59375,3.59375,3.59375,3.59375,3.59375,3.59375,3.59375,12.34375,8.125,3.59375,3.59375,3.59375,3.59375,3.59375,12.34375,6.875,3.59375,26.25,3.59375,3.59375,3.59375,12.34375,3.59375,3.59375,8.125,6.5625,3.59375,6.5625,6.5625,6.5625,6.5625,6.5625,6.5625,6.5625,6.5625,3.59375,6.5625,6.5625,7.65625,6.5625,6.5625,6.5625,30.78125,6.5625
hDenV4/Colombia/ANT-UDS-0732600/2013,244.375,244.375,244.375,244.375,244.375,244.375,244.375,244.375,244.375,244.375,244.375,256.40625,256.40625,256.40625,244.375,256.40625,244.375,244.375,244.375,244.375,244.375,244.375,244.375,244.84375,244.375,242.1875,244.375,244.84375,244.84375,244.375,244.375,244.375,244.375,244.375,250.625,244.84375,244.375,244.375,244.84375,253.90625,244.375,244.375,244.84375,244.375,244.375,244.375,244.375,244.375,244.375,244.375,244.375,244.375,244.375,244.375,244.375,244.375,244.375,244.375,244.375,244.375,244.375,244.375,244.375,244.375,244.375,244.375,244.375,244.375,244.375,244.375,244.375,244.375,244.375,244.375,244.375,244.375,244.375,244.375,244.375,248.90625,244.375,244.375,244.375,244.375,244.375,244.375,244.375,244.375,244.375,244.375,244.375,244.375,244.375,256.40625,244.375,256.40625,244.375,244.375,244.375,256.40625,244.375,244.375,244.375,244.375,244.0625,271.40625,261.25,261.25,261.25,259.21875,278.90625,266.25,256.71875,261.25,261.25,261.25,261.25,261.25,261.25,261.25,261.25,261.25,261.25,261.25,261.25,261.25,261.25,261.25,261.25,261.25,261.25,261.25,261.25,261.25,261.25,261.25,261.25,261.25,261.25,261.25,261.25,261.25,261.25,261.25,261.25,261.25,261.25,261.25,261.25,261.25,261.25,261.25,261.25,261.25,261.25,261.25,261.25,261.25,261.25,262.34375,261.25,261.25,261.25,261.25,261.25,261.25,261.25,261.25,261.25,261.25,261.25,261.25,261.25,261.25,261.25,261.25,261.25,261.25,261.25,261.25,261.25,261.25,261.25,261.25,261.25,261.25,261.25,261.25,261.25,261.25,261.25,440.625,440.625,444.375,440.625,435.46875,435.46875,440.9375,433.28125,448.75,427.5,440.9375,431.40625,440.9375,440.9375,431.40625,431.40625,431.40625,440.9375,440.9375,440.9375,440.625,431.40625,431.40625,440.9375,431.40625,440.625,440.9375,444.0625,440.9375,431.40625,440.9375,440.9375,431.40625,440.625,440.625,431.40625,431.40625,440.625,440.625,440.9375,439.375,431.40625,440.9375,431.40625,431.40625,440.9375,431.40625,427.5,431.40625,431.40625,431.40625,440.9375,431.40625,431.40625,440.625,440.625,431.40625,431.40625,440.625,431.40625,431.40625,440.625,440.625,431.40625,431.40625,440.625,427.5,440.9375,431.40625,444.0625,440.9375,440.9375,440.625,431.40625,440.625,427.5,444.0625,440.9375,431.40625,431.40625,434.84375,430.625,434.84375,434.84375,431.40625,440.9375,430.625,434.84375,430.625,427.5,430.625,430.625,434.84375,430.625,430.625,430.625,430.625,430.625,430.625,430.625,435.3125,431.40625,0.0,3.59375,8.125,6.5625,0.0,3.59375,3.59375,3.59375,3.59375,3.59375,3.59375,3.59375,3.59375,12.34375,11.71875,11.71875,11.71875,11.71875,11.71875,3.59375,3.59375,6.5625,11.71875,3.59375,3.59375,3.59375,3.59375,3.59375,3.59375,3.59375,3.59375,3.59375,3.59375,3.59375,3.59375,6.5625,6.5625,3.59375,3.59375,3.59375,3.59375,3.59375,3.59375,3.59375,12.34375,3.59375,3.59375,3.59375,3.59375,3.59375,3.59375,3.59375,3.59375,3.59375,3.59375,3.59375,12.34375,8.125,3.59375,3.59375,3.59375,3.59375,3.59375,12.34375,6.875,3.59375,26.25,3.59375,3.59375,3.59375,12.34375,3.59375,3.59375,8.125,6.5625,3.59375,6.5625,6.5625,6.5625,6.5625,6.5625,6.5625,6.5625,6.5625,3.59375,6.5625,6.5625,7.65625,6.5625,6.5625,6.5625,30.78125,6.5625
hDenV4/Colombia/ANT-UDS-1723601/2013,244.375,244.375,244.375,244.375,244.375,244.375,244.375,244.375,244.375,244.375,244.375,256.40625,256.40625,256.40625,244.375,256.40625,244.375,244.375,244.375,244.375,244.375,244.375,244.375,244.84375,244.375,242.1875,244.375,244.84375,244.84375,244.375,244.375,244.375,244.375,244.375,250.625,244.84375,244.375,244.375,244.84375,253.90625,244.375,244.375,244.84375,244.375,244.375,244.375,244.375,244.375,244.375,244.375,244.375,244.375,244.375,244.375,244.375,244.375,244.375,244.375,244.375,244.375,244.375,244.375,244.375,244.375,244.375,244.375,244.375,244.375,244.375,244.375,244.375,244.375,244.375,244.375,244.375,244.375,244.375,244.375,244.375,248.90625,244.375,244.375,244.375,244.375,244.375,244.375,244.375,244.375,244.375,244.375,244.375,244.375,244.375,256.40625,244.375,256.40625,244.375,244.375,244.375,256.40625,244.375,244.375,244.375,244.375,244.0625,271.40625,261.25,261.25,261.25,259.21875,278.90625,266.25,256.71875,261.25,261.25,261.25,261.25,261.25,261.25,261.25,261.25,261.25,261.25,261.25,261.25,261.25,261.25,261.25,261.25,261.25,261.25,261.25,261.25,261.25,261.25,261.25,261.25,261.25,261.25,261.25,261.25,261.25,261.25,261.25,261.25,261.25,261.25,261.25,261.25,261.25,261.25,261.25,261.25,261.25,261.25,261.25,261.25,261.25,261.25,262.34375,261.25,261.25,261.25,261.25,261.25,261.25,261.25,261.25,261.25,261.25,261.25,261.25,261.25,261.25,261.25,261.25,261.25,261.25,261.25,261.25,261.25,261.25,261.25,261.25,261.25,261.25,261.25,261.25,261.25,261.25,261.25,440.625,440.625,444.375,440.625,435.46875,435.46875,440.9375,433.28125,448.75,427.5,440.9375,431.40625,440.9375,440.9375,431.40625,431.40625,431.40625,440.9375,440.9375,440.9375,440.625,431.40625,431.40625,440.9375,431.40625,440.625,440.9375,444.0625,440.9375,431.40625,440.9375,440.9375,431.40625,440.625,440.625,431.40625,431.40625,440.625,440.625,440.9375,439.375,431.40625,440.9375,431.40625,431.40625,440.9375,431.40625,427.5,431.40625,431.40625,431.40625,440.9375,431.40625,431.40625,440.625,440.625,431.40625,431.40625,440.625,431.40625,431.40625,440.625,440.625,431.40625,431.40625,440.625,427.5,440.9375,431.40625,444.0625,440.9375,440.9375,440.625,431.40625,440.625,427.5,444.0625,440.9375,431.40625,431.40625,434.84375,430.625,434.84375,434.84375,431.40625,440.9375,430.625,434.84375,430.625,427.5,430.625,430.625,434.84375,430.625,430.625,430.625,430.625,430.625,430.625,430.625,435.3125,431.40625,0.0,3.59375,8.125,6.5625,0.0,3.59375,3.59375,3.59375,3.59375,3.59375,3.59375,3.59375,3.59375,12.34375,11.71875,11.71875,11.71875,11.71875,11.71875,3.59375,3.59375,6.5625,11.71875,3.59375,3.59375,3.59375,3.59375,3.59375,3.59375,3.59375,3.59375,3.59375,3.59375,3.59375,3.59375,6.5625,6.5625,3.59375,3.59375,3.59375,3.59375,3.59375,3.59375,3.59375,12.34375,3.59375,3.59375,3.59375,3.59375,3.59375,3.59375,3.59375,3.59375,3.59375,3.59375,3.59375,12.34375,8.125,3.59375,3.59375,3.59375,3.59375,3.59375,12.34375,6.875,3.59375,26.25,3.59375,3.59375,3.59375,12.34375,3.59375,3.59375,8.125,6.5625,3.59375,6.5625,6.5625,6.5625,6.5625,6.5625,6.5625,6.5625,6.5625,3.59375,6.5625,6.5625,7.65625,6.5625,6.5625,6.5625,30.78125,6.5625
hDenV4/Colombia/CES-UR-P201080317/2015,244.375,244.375,244.375,244.375,244.375,244.375,244.375,244.375,244.375,244.375,244.375,256.40625,256.40625,256.40625,244.375,256.40625,244.375,244.375,244.375,244.375,244.375,244.375,244.375,244.84375,244.375,242.1875,244.375,244.84375,244.84375,244.375,244.375,244.375,244.375,244.375,250.625,244.84375,244.375,244.375,244.84375,253.90625,244.375,244.375,244.84375,244.375,244.375,244.375,244.375,244.375,244.375,244.375,244.375,244.375,244.375,244.375,244.375,244.375,244.375,244.375,244.375,244.375,244.375,244.375,244.375,244.375,244.375,244.375,244.375,244.375,244.375,244.375,244.375,244.375,244.375,244.375,244.375,244.375,244.375,244.375,244.375,248.90625,244.375,244.375,244.375,244.375,244.375,244.375,244.375,244.375,244.375,244.375,244.375,244.375,244.375,256.40625,244.375,256.40625,244.375,244.375,244.375,256.40625,244.375,244.375,244.375,244.375,244.0625,271.40625,261.25,261.25,261.25,259.21875,278.90625,266.25,256.71875,261.25,261.25,261.25,261.25,261.25,261.25,261.25,261.25,261.25,261.25,261.25,261.25,261.25,261.25,261.25,261.25,261.25,261.25,261.25,261.25,261.25,261.25,261.25,261.25,261.25,261.25,261.25,261.25,261.25,261.25,261.25,261.25,261.25,261.25,261.25,261.25,261.25,261.25,261.25,261.25,261.25,261.25,261.25,261.25,261.25,261.25,262.34375,261.25,261.25,261.25,261.25,261.25,261.25,261.25,261.25,261.25,261.25,261.25,261.25,261.25,261.25,261.25,261.25,261.25,261.25,261.25,261.25,261.25,261.25,261.25,261.25,261.25,261.25,261.25,261.25,261.25,261.25,261.25,440.625,440.625,444.375,440.625,435.46875,435.46875,440.9375,433.28125,448.75,427.5,440.9375,431.40625,440.9375,440.9375,431.40625,431.40625,431.40625,440.9375,440.9375,440.9375,440.625,431.40625,431.40625,440.9375,431.40625,440.625,440.9375,444.0625,440.9375,431.40625,440.9375,440.9375,431.40625,440.625,440.625,431.40625,431.40625,440.625,440.625,440.9375,439.375,431.40625,440.9375,431.40625,431.40625,440.9375,431.40625,427.5,431.40625,431.40625,431.40625,440.9375,431.40625,431.40625,440.625,440.625,431.40625,431.40625,440.625,431.40625,431.40625,440.625,440.625,431.40625,431.40625,440.625,427.5,440.9375,431.40625,444.0625,440.9375,440.9375,440.625,431.40625,440.625,427.5,444.0625,440.9375,431.40625,431.40625,434.84375,430.625,434.84375,434.84375,431.40625,440.9375,430.625,434.84375,430.625,427.5,430.625,430.625,434.84375,430.625,430.625,430.625,430.625,430.625,430.625,430.625,435.3125,431.40625,0.0,3.59375,8.125,6.5625,0.0,3.59375,3.59375,3.59375,3.59375,3.59375,3.59375,3.59375,3.59375,12.34375,11.71875,11.71875,11.71875,11.71875,11.71875,3.59375,3.59375,6.5625,11.71875,3.59375,3.59375,3.59375,3.59375,3.59375,3.59375,3.59375,3.59375,3.59375,3.59375,3.59375,3.59375,6.5625,6.5625,3.59375,3.59375,3.59375,3.59375,3.59375,3.59375,3.59375,12.34375,3.59375,3.59375,3.59375,3.59375,3.59375,3.59375,3.59375,3.59375,3.59375,3.59375,3.59375,12.34375,8.125,3.59375,3.59375,3.59375,3.59375,3.59375,12.34375,6.875,3.59375,26.25,3.59375,3.59375,3.59375,12.34375,3.59375,3.59375,8.125,6.5625,3.59375,6.5625,6.5625,6.5625,6.5625,6.5625,6.5625,6.5625,6.5625,3.59375,6.5625,6.5625,7.65625,6.5625,6.5625,6.5625,30.78125,6.5625
hDenV4/Colombia/CUN-UEB-032/2014,244.375,244.375,244.375,244.375,244.375,244.375,244.375,244.375,244.375,244.375,244.375,256.40625,256.40625,256.40625,244.375,256.40625,244.375,244.375,244.375,244.375,244.375,244.375,244.375,244.84375,244.375,242.1875,244.375,244.84375,244.84375,244.375,244.375,244.375,244.375,244.375,250.625,244.84375,244.375,244.375,244.84375,253.90625,244.375,244.375,244.84375,244.375,244.375,244.375,244.375,244.375,244.375,244.375,244.375,244.375,244.375,244.375,244.375,244.375,244.375,244.375,244.375,244.375,244.375,244.375,244.375,244.375,244.375,244.375,244.375,244.375,244.375,244.375,244.375,244.375,244.375,244.375,244.375,244.375,244.375,244.375,244.375,248.90625,244.375,244.375,244.375,244.375,244.375,244.375,244.375,244.375,244.375,244.375,244.375,244.375,244.375,256.40625,244.375,256.40625,244.375,244.375,244.375,256.40625,244.375,244.375,244.375,244.375,244.0625,271.40625,261.25,261.25,261.25,259.21875,278.90625,266.25,256.71875,261.25,261.25,261.25,261.25,261.25,261.25,261.25,261.25,261.25,261.25,261.25,261.25,261.25,261.25,261.25,261.25,261.25,261.25,261.25,261.25,261.25,261.25,261.25,261.25,261.25,261.25,261.25,261.25,261.25,261.25,261.25,261.25,261.25,261.25,261.25,261.25,261.25,261.25,261.25,261.25,261.25,261.25,261.25,261.25,261.25,261.25,262.34375,261.25,261.25,261.25,261.25,261.25,261.25,261.25,261.25,261.25,261.25,261.25,261.25,261.25,261.25,261.25,261.25,261.25,261.25,261.25,261.25,261.25,261.25,261.25,261.25,261.25,261.25,261.25,261.25,261.25,261.25,261.25,440.625,440.625,444.375,440.625,435.46875,435.46875,440.9375,433.28125,448.75,427.5,440.9375,431.40625,440.9375,440.9375,431.40625,431.40625,431.40625,440.9375,440.9375,440.9375,440.625,431.40625,431.40625,440.9375,431.40625,440.625,440.9375,444.0625,440.9375,431.40625,440.9375,440.9375,431.40625,440.625,440.625,431.40625,431.40625,440.625,440.625,440.9375,439.375,431.40625,440.9375,431.40625,431.40625,440.9375,431.40625,427.5,431.40625,431.40625,431.40625,440.9375,431.40625,431.40625,440.625,440.625,431.40625,431.40625,440.625,431.40625,431.40625,440.625,440.625,431.40625,431.40625,440.625,427.5,440.9375,431.40625,444.0625,440.9375,440.9375,440.625,431.40625,440.625,427.5,444.0625,440.9375,431.40625,431.40625,434.84375,430.625,434.84375,434.84375,431.40625,440.9375,430.625,434.84375,430.625,427.5,430.625,430.625,434.84375,430.625,430.625,430.625,430.625,430.625,430.625,430.625,435.3125,431.40625,0.0,3.59375,8.125,6.5625,0.0,3.59375,3.59375,3.59375,3.59375,3.59375,3.59375,3.59375,3.59375,12.34375,11.71875,11.71875,11.71875,11.71875,11.71875,3.59375,3.59375,6.5625,11.71875,3.59375,3.59375,3.59375,3.59375,3.59375,3.59375,3.59375,3.59375,3.59375,3.59375,3.59375,3.59375,6.5625,6.5625,3.59375,3.59375,3.59375,3.59375,3.59375,3.59375,3.59375,12.34375,3.59375,3.59375,3.59375,3.59375,3.59375,3.59375,3.59375,3.59375,3.59375,3.59375,3.59375,12.34375,8.125,3.59375,3.59375,3.59375,3.59375,3.59375,12.34375,6.875,3.59375,26.25,3.59375,3.59375,3.59375,12.34375,3.59375,3.59375,8.125,6.5625,3.59375,6.5625,6.5625,6.5625,6.5625,6.5625,6.5625,6.5625,6.5625,3.59375,6.5625,6.5625,7.65625,6.5625,6.5625,6.5625,30.78125,6.5625
hDenV4/Colombia/NSA-BROAD-0000022/2005,245.3125,245.3125,245.3125,245.3125,245.3125,245.3125,245.3125,245.3125,245.3125,245.3125,245.3125,257.34375,257.34375,257.34375,245.3125,257.34375,245.3125,245.3125,245.3125,245.3125,245.3125,245.3125,245.3125,245.78125,245.3125,243.125,245.3125,245.78125,245.78125,245.3125,245.3125,245.3125,245.3125,245.3125,251.5625,245.78125,245.3125,245.3125,245.78125,254.84375,245.3125,245.3125,245.78125,245.3125,245.3125,245.3125,245.3125,245.3125,245.3125,245.3125,245.3125,245.3125,245.3125,245.3125,245.3125,245.3125,245.3125,245.3125,245.3125,245.3125,245.3125,245.3125,245.3125,245.3125,245.3125,245.3125,245.3125,245.3125,245.3125,245.3125,245.3125,245.3125,245.3125,245.3125,245.3125,245.3125,245.3125,245.3125,245.3125,249.84375,245.3125,245.3125,245.3125,245.3125,245.3125,245.3125,245.3125,245.3125,245.3125,245.3125,245.3125,245.3125,245.3125,257.34375,245.3125,257.34375,245.3125,245.3125,245.3125,257.34375,245.3125,245.3125,245.3125,245.3125,245.0,286.71875,276.5625,276.5625,276.5625,274.53125,294.21875,281.5625,272.03125,276.5625,276.5625,276.5625,276.5625,276.5625,276.5625,276.5625,276.5625,276.5625,276.5625,276.5625,276.5625,276.5625,276.5625,276.5625,276.5625,276.5625,276.5625,276.5625,276.5625,276.5625,276.5625,276.5625,276.5625,276.5625,276.5625,276.5625,276.5625,276.5625,276.5625,276.5625,276.5625,276.5625,276.5625,276.5625,276.5625,276.5625,276.5625,276.5625,276.5625,276.5625,276.5625,276.5625,276.5625,276.5625,276.5625,277.65625,276.5625,276.5625,276.5625,276.5625,276.5625,276.5625,276.5625,276.5625,276.5625,276.5625,276.5625,276.5625,276.5625,276.5625,276.5625,276.5625,276.5625,276.5625,276.5625,276.5625,276.5625,276.5625,276.5625,276.5625,276.5625,276.5625,276.5625,276.5625,276.5625,276.5625,276.5625,444.375,444.375,438.4375,444.375,439.21875,439.21875,444.6875,437.03125,452.5,431.25,444.6875,435.15625,444.6875,444.6875,435.15625,435.15625,435.15625,444.6875,444.6875,444.6875,444.375,435.15625,435.15625,444.6875,435.15625,444.375,444.6875,447.8125,444.6875,435.15625,444.6875,444.6875,435.15625,444.375,444.375,435.15625,435.15625,444.375,444.375,444.6875,443.125,435.15625,444.6875,435.15625,435.15625,444.6875,435.15625,431.25,435.15625,435.15625,435.15625,444.6875,435.15625,435.15625,444.375,444.375,435.15625,435.15625,444.375,435.15625,435.15625,444.375,444.375,435.15625,435.15625,444.375,431.25,444.6875,435.15625,447.8125,444.6875,444.6875,444.375,435.15625,444.375,431.25,447.8125,444.6875,435.15625,435.15625,438.59375,434.375,438.59375,438.59375,435.15625,444.6875,434.375,438.59375,434.375,431.25,434.375,434.375,438.59375,434.375,434.375,434.375,434.375,434.375,434.375,434.375,439.0625,435.15625,15.3125,18.90625,23.4375,21.875,15.3125,18.90625,18.90625,18.90625,18.90625,18.90625,18.90625,18.90625,18.90625,27.65625,27.03125,27.03125,27.03125,27.03125,27.03125,18.90625,18.90625,21.875,27.03125,18.90625,18.90625,18.90625,18.90625,18.90625,18.90625,18.90625,18.90625,18.90625,18.90625,18.90625,18.90625,21.875,21.875,18.90625,18.90625,18.90625,18.90625,18.90625,18.90625,18.90625,27.65625,18.90625,18.90625,18.90625,18.90625,18.90625,18.90625,18.90625,18.90625,18.90625,18.90625,18.90625,27.65625,23.4375,18.90625,18.90625,18.90625,18.90625,18.90625,27.65625,22.1875,18.90625,41.5625,18.90625,18.90625,18.90625,27.65625,18.90625,18.90625,23.4375,21.875,18.90625,21.875,21.875,21.875,21.875,21.875,21.875,21.875,21.875,18.90625,21.875,21.875,22.96875,21.875,21.875,21.875,46.09375,21.875
hDenV4/Colombia/NSA-UIS-0000003/2005,244.375,244.375,244.375,244.375,244.375,244.375,244.375,244.375,244.375,244.375,244.375,256.40625,256.40625,256.40625,244.375,256.40625,244.375,244.375,244.375,244.375,244.375,244.375,244.375,244.84375,244.375,242.1875,244.375,244.84375,244.84375,244.375,244.375,244.375,244.375,244.375,250.625,244.84375,244.375,244.375,244.84375,253.90625,244.375,244.375,244.84375,244.375,244.375,244.375,244.375,244.375,244.375,244.375,244.375,244.375,244.375,244.375,244.375,244.375,244.375,244.375,244.375,244.375,244.375,244.375,244.375,244.375,244.375,244.375,244.375,244.375,244.375,244.375,244.375,244.375,244.375,244.375,244.375,244.375,244.375,244.375,244.375,248.90625,244.375,244.375,244.375,244.375,244.375,244.375,244.375,244.375,244.375,244.375,244.375,244.375,244.375,256.40625,244.375,256.40625,244.375,244.375,244.375,256.40625,244.375,244.375,244.375,244.375,244.0625,271.40625,261.25,261.25,261.25,259.21875,278.90625,266.25,256.71875,261.25,261.25,261.25,261.25,261.25,261.25,261.25,261.25,261.25,261.25,261.25,261.25,261.25,261.25,261.25,261.25,261.25,261.25,261.25,261.25,261.25,261.25,261.25,261.25,261.25,261.25,261.25,261.25,261.25,261.25,261.25,261.25,261.25,261.25,261.25,261.25,261.25,261.25,261.25,261.25,261.25,261.25,261.25,261.25,261.25,261.25,262.34375,261.25,261.25,261.25,261.25,261.25,261.25,261.25,261.25,261.25,261.25,261.25,261.25,261.25,261.25,261.25,261.25,261.25,261.25,261.25,261.25,261.25,261.25,261.25,261.25,261.25,261.25,261.25,261.25,261.25,261.25,261.25,440.625,440.625,444.375,440.625,435.46875,435.46875,440.9375,433.28125,448.75,427.5,440.9375,431.40625,440.9375,440.9375,431.40625,431.40625,431.40625,440.9375,440.9375,440.9375,440.625,431.40625,431.40625,440.9375,431.40625,440.625,440.9375,444.0625,440.9375,431.40625,440.9375,440.9375,431.40625,440.625,440.625,431.40625,431.40625,440.625,440.625,440.9375,439.375,431.40625,440.9375,431.40625,431.40625,440.9375,431.40625,427.5,431.40625,431.40625,431.40625,440.9375,431.40625,431.40625,440.625,440.625,431.40625,431.40625,440.625,431.40625,431.40625,440.625,440.625,431.40625,431.40625,440.625,427.5,440.9375,431.40625,444.0625,440.9375,440.9375,440.625,431.40625,440.625,427.5,444.0625,440.9375,431.40625,431.40625,434.84375,430.625,434.84375,434.84375,431.40625,440.9375,430.625,434.84375,430.625,427.5,430.625,430.625,434.84375,430.625,430.625,430.625,430.625,430.625,430.625,430.625,435.3125,431.40625,0.0,3.59375,8.125,6.5625,0.0,3.59375,3.59375,3.59375,3.59375,3.59375,3.59375,3.59375,3.59375,12.34375,11.71875,11.71875,11.71875,11.71875,11.71875,3.59375,3.59375,6.5625,11.71875,3.59375,3.59375,3.59375,3.59375,3.59375,3.59375,3.59375,3.59375,3.59375,3.59375,3.59375,3.59375,6.5625,6.5625,3.59375,3.59375,3.59375,3.59375,3.59375,3.59375,3.59375,12.34375,3.59375,3.59375,3.59375,3.59375,3.59375,3.59375,3.59375,3.59375,3.59375,3.59375,3.59375,12.34375,8.125,3.59375,3.59375,3.59375,3.59375,3.59375,12.34375,6.875,3.59375,26.25,3.59375,3.59375,3.59375,12.34375,3.59375,3.59375,8.125,6.5625,3.59375,6.5625,6.5625,6.5625,6.5625,6.5625,6.5625,6.5625,6.5625,3.59375,6.5625,6.5625,7.65625,6.5625,6.5625,6.5625,30.78125,6.5625
hDenV4/Colombia/NSA-UIS-0000004/2005,244.375,244.375,244.375,244.375,244.375,244.375,244.375,244.375,244.375,244.375,244.375,256.40625,256.40625,256.40625,244.375,256.40625,244.375,244.375,244.375,244.375,244.375,244.375,244.375,244.84375,244.375,242.1875,244.375,244.84375,244.84375,244.375,244.375,244.375,244.375,244.375,250.625,244.84375,244.375,244.375,244.84375,253.90625,244.375,244.375,244.84375,244.375,244.375,244.375,244.375,244.375,244.375,244.375,244.375,244.375,244.375,244.375,244.375,244.375,244.375,244.375,244.375,244.375,244.375,244.375,244.375,244.375,244.375,244.375,244.375,244.375,244.375,244.375,244.375,244.375,244.375,244.375,244.375,244.375,244.375,244.375,244.375,248.90625,244.375,244.375,244.375,244.375,244.375,244.375,244.375,244.375,244.375,244.375,244.375,244.375,244.375,256.40625,244.375,256.40625,244.375,244.375,244.375,256.40625,244.375,244.375,244.375,244.375,244.0625,271.40625,261.25,261.25,261.25,259.21875,278.90625,266.25,256.71875,261.25,261.25,261.25,261.25,261.25,261.25,261.25,261.25,261.25,261.25,261.25,261.25,261.25,261.25,261.25,261.25,261.25,261.25,261.25,261.25,261.25,261.25,261.25,261.25,261.25,261.25,261.25,261.25,261.25,261.25,261.25,261.25,261.25,261.25,261.25,261.25,261.25,261.25,261.25,261.25,261.25,261.25,261.25,261.25,261.25,261.25,262.34375,261.25,261.25,261.25,261.25,261.25,261.25,261.25,261.25,261.25,261.25,261.25,261.25,261.25,261.25,261.25,261.25,261.25,261.25,261.25,261.25,261.25,261.25,261.25,261.25,261.25,261.25,261.25,261.25,261.25,261.25,261.25,440.625,440.625,444.375,440.625,435.46875,435.46875,440.9375,433.28125,448.75,427.5,440.9375,431.40625,440.9375,440.9375,431.40625,431.40625,431.40625,440.9375,440.9375,440.9375,440.625,431.40625,431.40625,440.9375,431.40625,440.625,440.9375,444.0625,440.9375,431.40625,440.9375,440.9375,431.40625,440.625,440.625,431.40625,431.40625,440.625,440.625,440.9375,439.375,431.40625,440.9375,431.40625,431.40625,440.9375,431.40625,427.5,431.40625,431.40625,431.40625,440.9375,431.40625,431.40625,440.625,440.625,431.40625,431.40625,440.625,431.40625,431.40625,440.625,440.625,431.40625,431.40625,440.625,427.5,440.9375,431.40625,444.0625,440.9375,440.9375,440.625,431.40625,440.625,427.5,444.0625,440.9375,431.40625,431.40625,434.84375,430.625,434.84375,434.84375,431.40625,440.9375,430.625,434.84375,430.625,427.5,430.625,430.625,434.84375,430.625,430.625,430.625,430.625,430.625,430.625,430.625,435.3125,431.40625,0.0,3.59375,8.125,6.5625,0.0,3.59375,3.59375,3.59375,3.59375,3.59375,3.59375,3.59375,3.59375,12.34375,11.71875,11.71875,11.71875,11.71875,11.71875,3.59375,3.59375,6.5625,11.71875,3.59375,3.59375,3.59375,3.59375,3.59375,3.59375,3.59375,3.59375,3.59375,3.59375,3.59375,3.59375,6.5625,6.5625,3.59375,3.59375,3.59375,3.59375,3.59375,3.59375,3.59375,12.34375,3.59375,3.59375,3.59375,3.59375,3.59375,3.59375,3.59375,3.59375,3.59375,3.59375,3.59375,12.34375,8.125,3.59375,3.59375,3.59375,3.59375,3.59375,12.34375,6.875,3.59375,26.25,3.59375,3.59375,3.59375,12.34375,3.59375,3.59375,8.125,6.5625,3.59375,6.5625,6.5625,6.5625,6.5625,6.5625,6.5625,6.5625,6.5625,3.59375,6.5625,6.5625,7.65625,6.5625,6.5625,6.5625,30.78125,6.5625
hDenV4/Colombia/RIS-INS-426553/2013,251.40625,251.40625,251.40625,251.40625,251.40625,251.40625,251.40625,251.40625,251.40625,251.40625,251.40625,263.4375,263.4375,263.4375,251.40625,263.4375,251.40625,251.40625,251.40625,251.40625,251.40625,251.40625,251.40625,251.875,251.40625,249.21875,251.40625,251.875,251.875,251.40625,251.40625,251.40625,251.40625,251.40625,257.65625,251.875,251.40625,251.40625,251.875,260.9375,251.40625,251.40625,251.875,251.40625,251.40625,251.40625,251.40625,251.40625,251.40625,251.40625,251.40625,251.40625,251.40625,251.40625,251.40625,251.40625,251.40625,251.40625,251.40625,251.40625,251.40625,251.40625,251.40625,251.40625,251.40625,251.40625,251.40625,251.40625,251.40625,251.40625,251.40625,251.40625,251.40625,251.40625,251.40625,251.40625,251.40625,251.40625,251.40625,255.9375,251.40625,251.40625,251.40625,251.40625,251.40625,251.40625,251.40625,251.40625,251.40625,251.40625,251.40625,251.40625,251.40625,263.4375,251.40625,263.4375,251.40625,251.40625,251.40625,263.4375,251.40625,251.40625,251.40625,251.40625,251.09375,278.4375,268.28125,268.28125,268.28125,266.25,285.9375,273.28125,263.75,268.28125,268.28125,268.28125,268.28125,268.28125,268.28125,268.28125,268.28125,268.28125,268.28125,268.28125,268.28125,268.28125,268.28125,268.28125,268.28125,268.28125,268.28125,268.28125,268.28125,268.28125,268.28125,268.28125,268.28125,268.28125,268.28125,268.28125,268.28125,268.28125,268.28125,268.28125,268.28125,268.28125,268.28125,268.28125,268.28125,268.28125,268.28125,268.28125,268.28125,268.28125,268.28125,268.28125,268.28125,268.28125,268.28125,269.375,268.28125,268.28125,268.28125,268.28125,268.28125,268.28125,268.28125,268.28125,268.28125,268.28125,268.28125,268.28125,268.28125,268.28125,268.28125,268.28125,268.28125,268.28125,268.28125,268.28125,268.28125,268.28125,268.28125,268.28125,268.28125,268.28125,268.28125,268.28125,268.28125,268.28125,268.28125,438.28125,438.28125,442.03125,438.28125,433.125,433.125,438.59375,430.9375,446.40625,425.15625,438.59375,429.0625,438.59375,438.59375,429.0625,429.0625,429.0625,438.59375,438.59375,438.59375,438.28125,429.0625,429.0625,438.59375,429.0625,438.28125,438.59375,441.71875,438.59375,429.0625,438.59375,438.59375,429.0625,438.28125,438.28125,429.0625,429.0625,438.28125,438.28125,438.59375,437.03125,429.0625,438.59375,429.0625,429.0625,438.59375,429.0625,425.15625,429.0625,429.0625,429.0625,438.59375,429.0625,429.0625,438.28125,438.28125,429.0625,429.0625,438.28125,429.0625,429.0625,438.28125,438.28125,429.0625,429.0625,438.28125,425.15625,438.59375,429.0625,441.71875,438.59375,438.59375,438.28125,429.0625,438.28125,425.15625,441.71875,438.59375,429.0625,429.0625,432.5,428.28125,432.5,432.5,429.0625,438.59375,428.28125,432.5,428.28125,425.15625,428.28125,428.28125,432.5,428.28125,428.28125,428.28125,428.28125,428.28125,428.28125,428.28125,432.96875,429.0625,7.03125,10.625,15.15625,13.59375,7.03125,10.625,10.625,10.625,10.625,10.625,10.625,10.625,10.625,19.375,18.75,18.75,18.75,18.75,18.75,10.625,10.625,13.59375,18.75,10.625,10.625,10.625,10.625,10.625,10.625,10.625,10.625,10.625,10.625,10.625,10.625,13.59375,13.59375,10.625,10.625,10.625,10.625,10.625,10.625,10.625,19.375,10.625,10.625,10.625,10.625,10.625,10.625,10.625,10.625,10.625,10.625,10.625,19.375,15.15625,10.625,10.625,10.625,10.625,10.625,19.375,13.90625,10.625,33.28125,10.625,10.625,10.625,19.375,10.625,10.625,15.15625,13.59375,10.625,13.59375,13.59375,13.59375,13.59375,13.59375,13.59375,13.59375,13.59375,10.625,13.59375,13.59375,14.6875,13.59375,13.59375,13.59375,37.8125,13.59375
hDenV4/Colombia/SAN-BROAD-0000027/2001,244.375,244.375,244.375,244.375,244.375,244.375,244.375,244.375,244.375,244.375,244.375,256.40625,256.40625,256.40625,244.375,256.40625,244.375,244.375,244.375,244.375,244.375,244.375,244.375,244.84375,244.375,242.1875,244.375,244.84375,244.84375,244.375,244.375,244.375,244.375,244.375,250.625,244.84375,244.375,244.375,244.84375,253.90625,244.375,244.375,244.84375,244.375,244.375,244.375,244.375,244.375,244.375,244.375,244.375,244.375,244.375,244.375,244.375,244.375,244.375,244.375,244.375,244.375,244.375,244.375,244.375,244.375,244.375,244.375,244.375,244.375,244.375,244.375,244.375,244.375,244.375,244.375,244.375,244.375,244.375,244.375,244.375,248.90625,244.375,244.375,244.375,244.375,244.375,244.375,244.375,244.375,244.375,244.375,244.375,244.375,244.375,256.40625,244.375,256.40625,244.375,244.375,244.375,256.40625,244.375,244.375,244.375,244.375,244.0625,271.40625,261.25,261.25,261.25,259.21875,278.90625,266.25,256.71875,261.25,261.25,261.25,261.25,261.25,261.25,261.25,261.25,261.25,261.25,261.25,261.25,261.25,261.25,261.25,261.25,261.25,261.25,261.25,261.25,261.25,261.25,261.25,261.25,261.25,261.25,261.25,261.25,261.25,261.25,261.25,261.25,261.25,261.25,261.25,261.25,261.25,261.25,261.25,261.25,261.25,261.25,261.25,261.25,261.25,261.25,262.34375,261.25,261.25,261.25,261.25,261.25,261.25,261.25,261.25,261.25,261.25,261.25,261.25,261.25,261.25,261.25,261.25,261.25,261.25,261.25,261.25,261.25,261.25,261.25,261.25,261.25,261.25,261.25,261.25,261.25,261.25,261.25,440.625,440.625,444.375,440.625,435.46875,435.46875,440.9375,433.28125,448.75,427.5,440.9375,431.40625,440.9375,440.9375,431.40625,431.40625,431.40625,440.9375,440.9375,440.9375,440.625,431.40625,431.40625,440.9375,431.40625,440.625,440.9375,444.0625,440.9375,431.40625,440.9375,440.9375,431.40625,440.625,440.625,431.40625,431.40625,440.625,440.625,440.9375,439.375,431.40625,440.9375,431.40625,431.40625,440.9375,431.40625,427.5,431.40625,431.40625,431.40625,440.9375,431.40625,431.40625,440.625,440.625,431.40625,431.40625,440.625,431.40625,431.40625,440.625,440.625,431.40625,431.40625,440.625,427.5,440.9375,431.40625,444.0625,440.9375,440.9375,440.625,431.40625,440.625,427.5,444.0625,440.9375,431.40625,431.40625,434.84375,430.625,434.84375,434.84375,431.40625,440.9375,430.625,434.84375,430.625,427.5,430.625,430.625,434.84375,430.625,430.625,430.625,430.625,430.625,430.625,430.625,435.3125,431.40625,0.0,3.59375,8.125,6.5625,0.0,3.59375,3.59375,3.59375,3.59375,3.59375,3.59375,3.59375,3.59375,12.34375,11.71875,11.71875,11.71875,11.71875,11.71875,3.59375,3.59375,6.5625,11.71875,3.59375,3.59375,3.59375,3.59375,3.59375,3.59375,3.59375,3.59375,3.59375,3.59375,3.59375,3.59375,6.5625,6.5625,3.59375,3.59375,3.59375,3.59375,3.59375,3.59375,3.59375,12.34375,3.59375,3.59375,3.59375,3.59375,3.59375,3.59375,3.59375,3.59375,3.59375,3.59375,3.59375,12.34375,8.125,3.59375,3.59375,3.59375,3.59375,3.59375,12.34375,6.875,3.59375,26.25,3.59375,3.59375,3.59375,12.34375,3.59375,3.59375,8.125,6.5625,3.59375,6.5625,6.5625,6.5625,6.5625,6.5625,6.5625,6.5625,6.5625,3.59375,6.5625,6.5625,7.65625,6.5625,6.5625,6.5625,30.78125,6.5625
hDenV4/Colombia/SAN-BROAD-0000028/2001,244.375,244.375,244.375,244.375,244.375,244.375,244.375,244.375,244.375,244.375,244.375,256.40625,256.40625,256.40625,244.375,256.40625,244.375,244.375,244.375,244.375,244.375,244.375,244.375,244.84375,244.375,242.1875,244.375,244.84375,244.84375,244.375,244.375,244.375,244.375,244.375,250.625,244.84375,244.375,244.375,244.84375,253.90625,244.375,244.375,244.84375,244.375,244.375,244.375,244.375,244.375,244.375,244.375,244.375,244.375,244.375,244.375,244.375,244.375,244.375,244.375,244.375,244.375,244.375,244.375,244.375,244.375,244.375,244.375,244.375,244.375,244.375,244.375,244.375,244.375,244.375,244.375,244.375,244.375,244.375,244.375,244.375,248.90625,244.375,244.375,244.375,244.375,244.375,244.375,244.375,244.375,244.375,244.375,244.375,244.375,244.375,256.40625,244.375,256.40625,244.375,244.375,244.375,256.40625,244.375,244.375,244.375,244.375,244.0625,271.40625,261.25,261.25,261.25,259.21875,278.90625,266.25,256.71875,261.25,261.25,261.25,261.25,261.25,261.25,261.25,261.25,261.25,261.25,261.25,261.25,261.25,261.25,261.25,261.25,261.25,261.25,261.25,261.25,261.25,261.25,261.25,261.25,261.25,261.25,261.25,261.25,261.25,261.25,261.25,261.25,261.25,261.25,261.25,261.25,261.25,261.25,261.25,261.25,261.25,261.25,261.25,261.25,261.25,261.25,262.34375,261.25,261.25,261.25,261.25,261.25,261.25,261.25,261.25,261.25,261.25,261.25,261.25,261.25,261.25,261.25,261.25,261.25,261.25,261.25,261.25,261.25,261.25,261.25,261.25,261.25,261.25,261.25,261.25,261.25,261.25,261.25,440.625,440.625,444.375,440.625,435.46875,435.46875,440.9375,433.28125,448.75,427.5,440.9375,431.40625,440.9375,440.9375,431.40625,431.40625,431.40625,440.9375,440.9375,440.9375,440.625,431.40625,431.40625,440.9375,431.40625,440.625,440.9375,444.0625,440.9375,431.40625,440.9375,440.9375,431.40625,440.625,440.625,431.40625,431.40625,440.625,440.625,440.9375,439.375,431.40625,440.9375,431.40625,431.40625,440.9375,431.40625,427.5,431.40625,431.40625,431.40625,440.9375,431.40625,431.40625,440.625,440.625,431.40625,431.40625,440.625,431.40625,431.40625,440.625,440.625,431.40625,431.40625,440.625,427.5,440.9375,431.40625,444.0625,440.9375,440.9375,440.625,431.40625,440.625,427.5,444.0625,440.9375,431.40625,431.40625,434.84375,430.625,434.84375,434.84375,431.40625,440.9375,430.625,434.84375,430.625,427.5,430.625,430.625,434.84375,430.625,430.625,430.625,430.625,430.625,430.625,430.625,435.3125,431.40625,0.0,3.59375,8.125,6.5625,0.0,3.59375,3.59375,3.59375,3.59375,3.59375,3.59375,3.59375,3.59375,12.34375,11.71875,11.71875,11.71875,11.71875,11.71875,3.59375,3.59375,6.5625,11.71875,3.59375,3.59375,3.59375,3.59375,3.59375,3.59375,3.59375,3.59375,3.59375,3.59375,3.59375,3.59375,6.5625,6.5625,3.59375,3.59375,3.59375,3.59375,3.59375,3.59375,3.59375,12.34375,3.59375,3.59375,3.59375,3.59375,3.59375,3.59375,3.59375,3.59375,3.59375,3.59375,3.59375,12.34375,8.125,3.59375,3.59375,3.59375,3.59375,3.59375,12.34375,6.875,3.59375,26.25,3.59375,3.59375,3.59375,12.34375,3.59375,3.59375,8.125,6.5625,3.59375,6.5625,6.5625,6.5625,6.5625,6.5625,6.5625,6.5625,6.5625,3.59375,6.5625,6.5625,7.65625,6.5625,6.5625,6.5625,30.78125,6.5625
hDenV4/Colombia/SAN-BROAD-0000039/2001,244.375,244.375,244.375,244.375,244.375,244.375,244.375,244.375,244.375,244.375,244.375,256.40625,256.40625,256.40625,244.375,256.40625,244.375,244.375,244.375,244.375,244.375,244.375,244.375,244.84375,244.375,242.1875,244.375,244.84375,244.84375,244.375,244.375,244.375,244.375,244.375,250.625,244.84375,244.375,244.375,244.84375,253.90625,244.375,244.375,244.84375,244.375,244.375,244.375,244.375,244.375,244.375,244.375,244.375,244.375,244.375,244.375,244.375,244.375,244.375,244.375,244.375,244.375,244.375,244.375,244.375,244.375,244.375,244.375,244.375,244.375,244.375,244.375,244.375,244.375,244.375,244.375,244.375,244.375,244.375,244.375,244.375,248.90625,244.375,244.375,244.375,244.375,244.375,244.375,244.375,244.375,244.375,244.375,244.375,244.375,244.375,256.40625,244.375,256.40625,244.375,244.375,244.375,256.40625,244.375,244.375,244.375,244.375,244.0625,271.40625,261.25,261.25,261.25,259.21875,278.90625,266.25,256.71875,261.25,261.25,261.25,261.25,261.25,261.25,261.25,261.25,261.25,261.25,261.25,261.25,261.25,261.25,261.25,261.25,261.25,261.25,261.25,261.25,261.25,261.25,261.25,261.25,261.25,261.25,261.25,261.25,261.25,261.25,261.25,261.25,261.25,261.25,261.25,261.25,261.25,261.25,261.25,261.25,261.25,261.25,261.25,261.25,261.25,261.25,262.34375,261.25,261.25,261.25,261.25,261.25,261.25,261.25,261.25,261.25,261.25,261.25,261.25,261.25,261.25,261.25,261.25,261.25,261.25,261.25,261.25,261.25,261.25,261.25,261.25,261.25,261.25,261.25,261.25,261.25,261.25,261.25,440.625,440.625,444.375,440.625,435.46875,435.46875,440.9375,433.28125,448.75,427.5,440.9375,431.40625,440.9375,440.9375,431.40625,431.40625,431.40625,440.9375,440.9375,440.9375,440.625,431.40625,431.40625,440.9375,431.40625,440.625,440.9375,444.0625,440.9375,431.40625,440.9375,440.9375,431.40625,440.625,440.625,431.40625,431.40625,440.625,440.625,440.9375,439.375,431.40625,440.9375,431.40625,431.40625,440.9375,431.40625,427.5,431.40625,431.40625,431.40625,440.9375,431.40625,431.40625,440.625,440.625,431.40625,431.40625,440.625,431.40625,431.40625,440.625,440.625,431.40625,431.40625,440.625,427.5,440.9375,431.40625,444.0625,440.9375,440.9375,440.625,431.40625,440.625,427.5,444.0625,440.9375,431.40625,431.40625,434.84375,430.625,434.84375,434.84375,431.40625,440.9375,430.625,434.84375,430.625,427.5,430.625,430.625,434.84375,430.625,430.625,430.625,430.625,430.625,430.625,430.625,435.3125,431.40625,0.0,3.59375,8.125,6.5625,0.0,3.59375,3.59375,3.59375,3.59375,3.59375,3.59375,3.59375,3.59375,12.34375,11.71875,11.71875,11.71875,11.71875,11.71875,3.59375,3.59375,6.5625,11.71875,3.59375,3.59375,3.59375,3.59375,3.59375,3.59375,3.59375,3.59375,3.59375,3.59375,3.59375,3.59375,6.5625,6.5625,3.59375,3.59375,3.59375,3.59375,3.59375,3.59375,3.59375,12.34375,3.59375,3.59375,3.59375,3.59375,3.59375,3.59375,3.59375,3.59375,3.59375,3.59375,3.59375,12.34375,8.125,3.59375,3.59375,3.59375,3.59375,3.59375,12.34375,6.875,3.59375,26.25,3.59375,3.59375,3.59375,12.34375,3.59375,3.59375,8.125,6.5625,3.59375,6.5625,6.5625,6.5625,6.5625,6.5625,6.5625,6.5625,6.5625,3.59375,6.5625,6.5625,7.65625,6.5625,6.5625,6.5625,30.78125,6.5625
hDenV4/Colombia/SAN-BROAD-0000047/2004,244.375,244.375,244.375,244.375,244.375,244.375,244.375,244.375,244.375,244.375,244.375,256.40625,256.40625,256.40625,244.375,256.40625,244.375,244.375,244.375,244.375,244.375,244.375,244.375,244.84375,244.375,242.1875,244.375,244.84375,244.84375,244.375,244.375,244.375,244.375,244.375,250.625,244.84375,244.375,244.375,244.84375,253.90625,244.375,244.375,244.84375,244.375,244.375,244.375,244.375,244.375,244.375,244.375,244.375,244.375,244.375,244.375,244.375,244.375,244.375,244.375,244.375,244.375,244.375,244.375,244.375,244.375,244.375,244.375,244.375,244.375,244.375,244.375,244.375,244.375,244.375,244.375,244.375,244.375,244.375,244.375,244.375,248.90625,244.375,244.375,244.375,244.375,244.375,244.375,244.375,244.375,244.375,244.375,244.375,244.375,244.375,256.40625,244.375,256.40625,244.375,244.375,244.375,256.40625,244.375,244.375,244.375,244.375,244.0625,271.40625,261.25,261.25,261.25,259.21875,278.90625,266.25,256.71875,261.25,261.25,261.25,261.25,261.25,261.25,261.25,261.25,261.25,261.25,261.25,261.25,261.25,261.25,261.25,261.25,261.25,261.25,261.25,261.25,261.25,261.25,261.25,261.25,261.25,261.25,261.25,261.25,261.25,261.25,261.25,261.25,261.25,261.25,261.25,261.25,261.25,261.25,261.25,261.25,261.25,261.25,261.25,261.25,261.25,261.25,262.34375,261.25,261.25,261.25,261.25,261.25,261.25,261.25,261.25,261.25,261.25,261.25,261.25,261.25,261.25,261.25,261.25,261.25,261.25,261.25,261.25,261.25,261.25,261.25,261.25,261.25,261.25,261.25,261.25,261.25,261.25,261.25,440.625,440.625,444.375,440.625,435.46875,435.46875,440.9375,433.28125,448.75,427.5,440.9375,431.40625,440.9375,440.9375,431.40625,431.40625,431.40625,440.9375,440.9375,440.9375,440.625,431.40625,431.40625,440.9375,431.40625,440.625,440.9375,444.0625,440.9375,431.40625,440.9375,440.9375,431.40625,440.625,440.625,431.40625,431.40625,440.625,440.625,440.9375,439.375,431.40625,440.9375,431.40625,431.40625,440.9375,431.40625,427.5,431.40625,431.40625,431.40625,440.9375,431.40625,431.40625,440.625,440.625,431.40625,431.40625,440.625,431.40625,431.40625,440.625,440.625,431.40625,431.40625,440.625,427.5,440.9375,431.40625,444.0625,440.9375,440.9375,440.625,431.40625,440.625,427.5,444.0625,440.9375,431.40625,431.40625,434.84375,430.625,434.84375,434.84375,431.40625,440.9375,430.625,434.84375,430.625,427.5,430.625,430.625,434.84375,430.625,430.625,430.625,430.625,430.625,430.625,430.625,435.3125,431.40625,0.0,3.59375,8.125,6.5625,0.0,3.59375,3.59375,3.59375,3.59375,3.59375,3.59375,3.59375,3.59375,12.34375,11.71875,11.71875,11.71875,11.71875,11.71875,3.59375,3.59375,6.5625,11.71875,3.59375,3.59375,3.59375,3.59375,3.59375,3.59375,3.59375,3.59375,3.59375,3.59375,3.59375,3.59375,6.5625,6.5625,3.59375,3.59375,3.59375,3.59375,3.59375,3.59375,3.59375,12.34375,3.59375,3.59375,3.59375,3.59375,3.59375,3.59375,3.59375,3.59375,3.59375,3.59375,3.59375,12.34375,8.125,3.59375,3.59375,3.59375,3.59375,3.59375,12.34375,6.875,3.59375,26.25,3.59375,3.59375,3.59375,12.34375,3.59375,3.59375,8.125,6.5625,3.59375,6.5625,6.5625,6.5625,6.5625,6.5625,6.5625,6.5625,6.5625,3.59375,6.5625,6.5625,7.65625,6.5625,6.5625,6.5625,30.78125,6.5625
hDenV4/Colombia/SAN-BROAD-0000051/2004,244.375,244.375,244.375,244.375,244.375,244.375,244.375,244.375,244.375,244.375,244.375,256.40625,256.40625,256.40625,244.375,256.40625,244.375,244.375,244.375,244.375,244.375,244.375,244.375,244.84375,244.375,242.1875,244.375,244.84375,244.84375,244.375,244.375,244.375,244.375,244.375,250.625,244.84375,244.375,244.375,244.84375,253.90625,244.375,244.375,244.84375,244.375,244.375,244.375,244.375,244.375,244.375,244.375,244.375,244.375,244.375,244.375,244.375,244.375,244.375,244.375,244.375,244.375,244.375,244.375,244.375,244.375,244.375,244.375,244.375,244.375,244.375,244.375,244.375,244.375,244.375,244.375,244.375,244.375,244.375,244.375,244.375,248.90625,244.375,244.375,244.375,244.375,244.375,244.375,244.375,244.375,244.375,244.375,244.375,244.375,244.375,256.40625,244.375,256.40625,244.375,244.375,244.375,256.40625,244.375,244.375,244.375,244.375,244.0625,271.40625,261.25,261.25,261.25,259.21875,278.90625,266.25,256.71875,261.25,261.25,261.25,261.25,261.25,261.25,261.25,261.25,261.25,261.25,261.25,261.25,261.25,261.25,261.25,261.25,261.25,261.25,261.25,261.25,261.25,261.25,261.25,261.25,261.25,261.25,261.25,261.25,261.25,261.25,261.25,261.25,261.25,261.25,261.25,261.25,261.25,261.25,261.25,261.25,261.25,261.25,261.25,261.25,261.25,261.25,262.34375,261.25,261.25,261.25,261.25,261.25,261.25,261.25,261.25,261.25,261.25,261.25,261.25,261.25,261.25,261.25,261.25,261.25,261.25,261.25,261.25,261.25,261.25,261.25,261.25,261.25,261.25,261.25,261.25,261.25,261.25,261.25,440.625,440.625,444.375,440.625,435.46875,435.46875,440.9375,433.28125,448.75,427.5,440.9375,431.40625,440.9375,440.9375,431.40625,431.40625,431.40625,440.9375,440.9375,440.9375,440.625,431.40625,431.40625,440.9375,431.40625,440.625,440.9375,444.0625,440.9375,431.40625,440.9375,440.9375,431.40625,440.625,440.625,431.40625,431.40625,440.625,440.625,440.9375,439.375,431.40625,440.9375,431.40625,431.40625,440.9375,431.40625,427.5,431.40625,431.40625,431.40625,440.9375,431.40625,431.40625,440.625,440.625,431.40625,431.40625,440.625,431.40625,431.40625,440.625,440.625,431.40625,431.40625,440.625,427.5,440.9375,431.40625,444.0625,440.9375,440.9375,440.625,431.40625,440.625,427.5,444.0625,440.9375,431.40625,431.40625,434.84375,430.625,434.84375,434.84375,431.40625,440.9375,430.625,434.84375,430.625,427.5,430.625,430.625,434.84375,430.625,430.625,430.625,430.625,430.625,430.625,430.625,435.3125,431.40625,0.0,3.59375,8.125,6.5625,0.0,3.59375,3.59375,3.59375,3.59375,3.59375,3.59375,3.59375,3.59375,12.34375,11.71875,11.71875,11.71875,11.71875,11.71875,3.59375,3.59375,6.5625,11.71875,3.59375,3.59375,3.59375,3.59375,3.59375,3.59375,3.59375,3.59375,3.59375,3.59375,3.59375,3.59375,6.5625,6.5625,3.59375,3.59375,3.59375,3.59375,3.59375,3.59375,3.59375,12.34375,3.59375,3.59375,3.59375,3.59375,3.59375,3.59375,3.59375,3.59375,3.59375,3.59375,3.59375,12.34375,8.125,3.59375,3.59375,3.59375,3.59375,3.59375,12.34375,6.875,3.59375,26.25,3.59375,3.59375,3.59375,12.34375,3.59375,3.59375,8.125,6.5625,3.59375,6.5625,6.5625,6.5625,6.5625,6.5625,6.5625,6.5625,6.5625,3.59375,6.5625,6.5625,7.65625,6.5625,6.5625,6.5625,30.78125,6.5625
hDenV4/Colombia/SAN-BROAD-0000056/2001,244.375,244.375,244.375,244.375,244.375,244.375,244.375,244.375,244.375,244.375,244.375,256.40625,256.40625,256.40625,244.375,256.40625,244.375,244.375,244.375,244.375,244.375,244.375,244.375,244.84375,244.375,242.1875,244.375,244.84375,244.84375,244.375,244.375,244.375,244.375,244.375,250.625,244.84375,244.375,244.375,244.84375,253.90625,244.375,244.375,244.84375,244.375,244.375,244.375,244.375,244.375,244.375,244.375,244.375,244.375,244.375,244.375,244.375,244.375,244.375,244.375,244.375,244.375,244.375,244.375,244.375,244.375,244.375,244.375,244.375,244.375,244.375,244.375,244.375,244.375,244.375,244.375,244.375,244.375,244.375,244.375,244.375,248.90625,244.375,244.375,244.375,244.375,244.375,244.375,244.375,244.375,244.375,244.375,244.375,244.375,244.375,256.40625,244.375,256.40625,244.375,244.375,244.375,256.40625,244.375,244.375,244.375,244.375,244.0625,271.40625,261.25,261.25,261.25,259.21875,278.90625,266.25,256.71875,261.25,261.25,261.25,261.25,261.25,261.25,261.25,261.25,261.25,261.25,261.25,261.25,261.25,261.25,261.25,261.25,261.25,261.25,261.25,261.25,261.25,261.25,261.25,261.25,261.25,261.25,261.25,261.25,261.25,261.25,261.25,261.25,261.25,261.25,261.25,261.25,261.25,261.25,261.25,261.25,261.25,261.25,261.25,261.25,261.25,261.25,262.34375,261.25,261.25,261.25,261.25,261.25,261.25,261.25,261.25,261.25,261.25,261.25,261.25,261.25,261.25,261.25,261.25,261.25,261.25,261.25,261.25,261.25,261.25,261.25,261.25,261.25,261.25,261.25,261.25,261.25,261.25,261.25,440.625,440.625,444.375,440.625,435.46875,435.46875,440.9375,433.28125,448.75,427.5,440.9375,431.40625,440.9375,440.9375,431.40625,431.40625,431.40625,440.9375,440.9375,440.9375,440.625,431.40625,431.40625,440.9375,431.40625,440.625,440.9375,444.0625,440.9375,431.40625,440.9375,440.9375,431.40625,440.625,440.625,431.40625,431.40625,440.625,440.625,440.9375,439.375,431.40625,440.9375,431.40625,431.40625,440.9375,431.40625,427.5,431.40625,431.40625,431.40625,440.9375,431.40625,431.40625,440.625,440.625,431.40625,431.40625,440.625,431.40625,431.40625,440.625,440.625,431.40625,431.40625,440.625,427.5,440.9375,431.40625,444.0625,440.9375,440.9375,440.625,431.40625,440.625,427.5,444.0625,440.9375,431.40625,431.40625,434.84375,430.625,434.84375,434.84375,431.40625,440.9375,430.625,434.84375,430.625,427.5,430.625,430.625,434.84375,430.625,430.625,430.625,430.625,430.625,430.625,430.625,435.3125,431.40625,0.0,3.59375,8.125,6.5625,0.0,3.59375,3.59375,3.59375,3.59375,3.59375,3.59375,3.59375,3.59375,12.34375,11.71875,11.71875,11.71875,11.71875,11.71875,3.59375,3.59375,6.5625,11.71875,3.59375,3.59375,3.59375,3.59375,3.59375,3.59375,3.59375,3.59375,3.59375,3.59375,3.59375,3.59375,6.5625,6.5625,3.59375,3.59375,3.59375,3.59375,3.59375,3.59375,3.59375,12.34375,3.59375,3.59375,3.59375,3.59375,3.59375,3.59375,3.59375,3.59375,3.59375,3.59375,3.59375,12.34375,8.125,3.59375,3.59375,3.59375,3.59375,3.59375,12.34375,6.875,3.59375,26.25,3.59375,3.59375,3.59375,12.34375,3.59375,3.59375,8.125,6.5625,3.59375,6.5625,6.5625,6.5625,6.5625,6.5625,6.5625,6.5625,6.5625,3.59375,6.5625,6.5625,7.65625,6.5625,6.5625,6.5625,30.78125,6.5625
hDenV4/Colombia/SAN-UIS-0000021/2004,245.3125,245.3125,245.3125,245.3125,245.3125,245.3125,245.3125,245.3125,245.3125,245.3125,245.3125,257.34375,257.34375,257.34375,245.3125,257.34375,245.3125,245.3125,245.3125,245.3125,245.3125,245.3125,245.3125,245.78125,245.3125,243.125,245.3125,245.78125,245.78125,245.3125,245.3125,245.3125,245.3125,245.3125,251.5625,245.78125,245.3125,245.3125,245.78125,254.84375,245.3125,245.3125,245.78125,245.3125,245.3125,245.3125,245.3125,245.3125,245.3125,245.3125,245.3125,245.3125,245.3125,245.3125,245.3125,245.3125,245.3125,245.3125,245.3125,245.3125,245.3125,245.3125,245.3125,245.3125,245.3125,245.3125,245.3125,245.3125,245.3125,245.3125,245.3125,245.3125,245.3125,245.3125,245.3125,245.3125,245.3125,245.3125,245.3125,249.84375,245.3125,245.3125,245.3125,245.3125,245.3125,245.3125,245.3125,245.3125,245.3125,245.3125,245.3125,245.3125,245.3125,257.34375,245.3125,257.34375,245.3125,245.3125,245.3125,257.34375,245.3125,245.3125,245.3125,245.3125,245.0,286.71875,276.5625,276.5625,276.5625,274.53125,294.21875,281.5625,272.03125,276.5625,276.5625,276.5625,276.5625,276.5625,276.5625,276.5625,276.5625,276.5625,276.5625,276.5625,276.5625,276.5625,276.5625,276.5625,276.5625,276.5625,276.5625,276.5625,276.5625,276.5625,276.5625,276.5625,276.5625,276.5625,276.5625,276.5625,276.5625,276.5625,276.5625,276.5625,276.5625,276.5625,276.5625,276.5625,276.5625,276.5625,276.5625,276.5625,276.5625,276.5625,276.5625,276.5625,276.5625,276.5625,276.5625,277.65625,276.5625,276.5625,276.5625,276.5625,276.5625,276.5625,276.5625,276.5625,276.5625,276.5625,276.5625,276.5625,276.5625,276.5625,276.5625,276.5625,276.5625,276.5625,276.5625,276.5625,276.5625,276.5625,276.5625,276.5625,276.5625,276.5625,276.5625,276.5625,276.5625,276.5625,276.5625,444.375,444.375,438.4375,444.375,439.21875,439.21875,444.6875,437.03125,452.5,431.25,444.6875,435.15625,444.6875,444.6875,435.15625,435.15625,435.15625,444.6875,444.6875,444.6875,444.375,435.15625,435.15625,444.6875,435.15625,444.375,444.6875,447.8125,444.6875,435.15625,444.6875,444.6875,435.15625,444.375,444.375,435.15625,435.15625,444.375,444.375,444.6875,443.125,435.15625,444.6875,435.15625,435.15625,444.6875,435.15625,431.25,435.15625,435.15625,435.15625,444.6875,435.15625,435.15625,444.375,444.375,435.15625,435.15625,444.375,435.15625,435.15625,444.375,444.375,435.15625,435.15625,444.375,431.25,444.6875,435.15625,447.8125,444.6875,444.6875,444.375,435.15625,444.375,431.25,447.8125,444.6875,435.15625,435.15625,438.59375,434.375,438.59375,438.59375,435.15625,444.6875,434.375,438.59375,434.375,431.25,434.375,434.375,438.59375,434.375,434.375,434.375,434.375,434.375,434.375,434.375,439.0625,435.15625,15.3125,18.90625,23.4375,21.875,15.3125,18.90625,18.90625,18.90625,18.90625,18.90625,18.90625,18.90625,18.90625,27.65625,27.03125,27.03125,27.03125,27.03125,27.03125,18.90625,18.90625,21.875,27.03125,18.90625,18.90625,18.90625,18.90625,18.90625,18.90625,18.90625,18.90625,18.90625,18.90625,18.90625,18.90625,21.875,21.875,18.90625,18.90625,18.90625,18.90625,18.90625,18.90625,18.90625,27.65625,18.90625,18.90625,18.90625,18.90625,18.90625,18.90625,18.90625,18.90625,18.90625,18.90625,18.90625,27.65625,23.4375,18.90625,18.90625,18.90625,18.90625,18.90625,27.65625,22.1875,18.90625,41.5625,18.90625,18.90625,18.90625,27.65625,18.90625,18.90625,23.4375,21.875,18.90625,21.875,21.875,21.875,21.875,21.875,21.875,21.875,21.875,18.90625,21.875,21.875,22.96875,21.875,21.875,21.875,46.09375,21.875
hDenV4/Colombia/SAN-UIS-0000022/2001,244.375,244.375,244.375,244.375,244.375,244.375,244.375,244.375,244.375,244.375,244.375,256.40625,256.40625,256.40625,244.375,256.40625,244.375,244.375,244.375,244.375,244.375,244.375,244.375,244.84375,244.375,242.1875,244.375,244.84375,244.84375,244.375,244.375,244.375,244.375,244.375,250.625,244.84375,244.375,244.375,244.84375,253.90625,244.375,244.375,244.84375,244.375,244.375,244.375,244.375,244.375,244.375,244.375,244.375,244.375,244.375,244.375,244.375,244.375,244.375,244.375,244.375,244.375,244.375,244.375,244.375,244.375,244.375,244.375,244.375,244.375,244.375,244.375,244.375,244.375,244.375,244.375,244.375,244.375,244.375,244.375,244.375,248.90625,244.375,244.375,244.375,244.375,244.375,244.375,244.375,244.375,244.375,244.375,244.375,244.375,244.375,256.40625,244.375,256.40625,244.375,244.375,244.375,256.40625,244.375,244.375,244.375,244.375,244.0625,271.40625,261.25,261.25,261.25,259.21875,278.90625,266.25,256.71875,261.25,261.25,261.25,261.25,261.25,261.25,261.25,261.25,261.25,261.25,261.25,261.25,261.25,261.25,261.25,261.25,261.25,261.25,261.25,261.25,261.25,261.25,261.25,261.25,261.25,261.25,261.25,261.25,261.25,261.25,261.25,261.25,261.25,261.25,261.25,261.25,261.25,261.25,261.25,261.25,261.25,261.25,261.25,261.25,261.25,261.25,262.34375,261.25,261.25,261.25,261.25,261.25,261.25,261.25,261.25,261.25,261.25,261.25,261.25,261.25,261.25,261.25,261.25,261.25,261.25,261.25,261.25,261.25,261.25,261.25,261.25,261.25,261.25,261.25,261.25,261.25,261.25,261.25,440.625,440.625,444.375,440.625,435.46875,435.46875,440.9375,433.28125,448.75,427.5,440.9375,431.40625,440.9375,440.9375,431.40625,431.40625,431.40625,440.9375,440.9375,440.9375,440.625,431.40625,431.40625,440.9375,431.40625,440.625,440.9375,444.0625,440.9375,431.40625,440.9375,440.9375,431.40625,440.625,440.625,431.40625,431.40625,440.625,440.625,440.9375,439.375,431.40625,440.9375,431.40625,431.40625,440.9375,431.40625,427.5,431.40625,431.40625,431.40625,440.9375,431.40625,431.40625,440.625,440.625,431.40625,431.40625,440.625,431.40625,431.40625,440.625,440.625,431.40625,431.40625,440.625,427.5,440.9375,431.40625,444.0625,440.9375,440.9375,440.625,431.40625,440.625,427.5,444.0625,440.9375,431.40625,431.40625,434.84375,430.625,434.84375,434.84375,431.40625,440.9375,430.625,434.84375,430.625,427.5,430.625,430.625,434.84375,430.625,430.625,430.625,430.625,430.625,430.625,430.625,435.3125,431.40625,0.0,3.59375,8.125,6.5625,0.0,3.59375,3.59375,3.59375,3.59375,3.59375,3.59375,3.59375,3.59375,12.34375,11.71875,11.71875,11.71875,11.71875,11.71875,3.59375,3.59375,6.5625,11.71875,3.59375,3.59375,3.59375,3.59375,3.59375,3.59375,3.59375,3.59375,3.59375,3.59375,3.59375,3.59375,6.5625,6.5625,3.59375,3.59375,3.59375,3.59375,3.59375,3.59375,3.59375,12.34375,3.59375,3.59375,3.59375,3.59375,3.59375,3.59375,3.59375,3.59375,3.59375,3.59375,3.59375,12.34375,8.125,3.59375,3.59375,3.59375,3.59375,3.59375,12.34375,6.875,3.59375,26.25,3.59375,3.59375,3.59375,12.34375,3.59375,3.59375,8.125,6.5625,3.59375,6.5625,6.5625,6.5625,6.5625,6.5625,6.5625,6.5625,6.5625,3.59375,6.5625,6.5625,7.65625,6.5625,6.5625,6.5625,30.78125,6.5625
hDenV4/Colombia/SAN-UIS-0000024/2004,244.375,244.375,244.375,244.375,244.375,244.375,244.375,244.375,244.375,244.375,244.375,256.40625,256.40625,256.40625,244.375,256.40625,244.375,244.375,244.375,244.375,244.375,244.375,244.375,244.84375,244.375,242.1875,244.375,244.84375,244.84375,244.375,244.375,244.375,244.375,244.375,250.625,244.84375,244.375,244.375,244.84375,253.90625,244.375,244.375,244.84375,244.375,244.375,244.375,244.375,244.375,244.375,244.375,244.375,244.375,244.375,244.375,244.375,244.375,244.375,244.375,244.375,244.375,244.375,244.375,244.375,244.375,244.375,244.375,244.375,244.375,244.375,244.375,244.375,244.375,244.375,244.375,244.375,244.375,244.375,244.375,244.375,248.90625,244.375,244.375,244.375,244.375,244.375,244.375,244.375,244.375,244.375,244.375,244.375,244.375,244.375,256.40625,244.375,256.40625,244.375,244.375,244.375,256.40625,244.375,244.375,244.375,244.375,244.0625,271.40625,261.25,261.25,261.25,259.21875,278.90625,266.25,256.71875,261.25,261.25,261.25,261.25,261.25,261.25,261.25,261.25,261.25,261.25,261.25,261.25,261.25,261.25,261.25,261.25,261.25,261.25,261.25,261.25,261.25,261.25,261.25,261.25,261.25,261.25,261.25,261.25,261.25,261.25,261.25,261.25,261.25,261.25,261.25,261.25,261.25,261.25,261.25,261.25,261.25,261.25,261.25,261.25,261.25,261.25,262.34375,261.25,261.25,261.25,261.25,261.25,261.25,261.25,261.25,261.25,261.25,261.25,261.25,261.25,261.25,261.25,261.25,261.25,261.25,261.25,261.25,261.25,261.25,261.25,261.25,261.25,261.25,261.25,261.25,261.25,261.25,261.25,440.625,440.625,444.375,440.625,435.46875,435.46875,440.9375,433.28125,448.75,427.5,440.9375,431.40625,440.9375,440.9375,431.40625,431.40625,431.40625,440.9375,440.9375,440.9375,440.625,431.40625,431.40625,440.9375,431.40625,440.625,440.9375,444.0625,440.9375,431.40625,440.9375,440.9375,431.40625,440.625,440.625,431.40625,431.40625,440.625,440.625,440.9375,439.375,431.40625,440.9375,431.40625,431.40625,440.9375,431.40625,427.5,431.40625,431.40625,431.40625,440.9375,431.40625,431.40625,440.625,440.625,431.40625,431.40625,440.625,431.40625,431.40625,440.625,440.625,431.40625,431.40625,440.625,427.5,440.9375,431.40625,444.0625,440.9375,440.9375,440.625,431.40625,440.625,427.5,444.0625,440.9375,431.40625,431.40625,434.84375,430.625,434.84375,434.84375,431.40625,440.9375,430.625,434.84375,430.625,427.5,430.625,430.625,434.84375,430.625,430.625,430.625,430.625,430.625,430.625,430.625,435.3125,431.40625,0.0,3.59375,8.125,6.5625,0.0,3.59375,3.59375,3.59375,3.59375,3.59375,3.59375,3.59375,3.59375,12.34375,11.71875,11.71875,11.71875,11.71875,11.71875,3.59375,3.59375,6.5625,11.71875,3.59375,3.59375,3.59375,3.59375,3.59375,3.59375,3.59375,3.59375,3.59375,3.59375,3.59375,3.59375,6.5625,6.5625,3.59375,3.59375,3.59375,3.59375,3.59375,3.59375,3.59375,12.34375,3.59375,3.59375,3.59375,3.59375,3.59375,3.59375,3.59375,3.59375,3.59375,3.59375,3.59375,12.34375,8.125,3.59375,3.59375,3.59375,3.59375,3.59375,12.34375,6.875,3.59375,26.25,3.59375,3.59375,3.59375,12.34375,3.59375,3.59375,8.125,6.5625,3.59375,6.5625,6.5625,6.5625,6.5625,6.5625,6.5625,6.5625,6.5625,3.59375,6.5625,6.5625,7.65625,6.5625,6.5625,6.5625,30.78125,6.5625
hDenV4/Colombia/SAN-UIS-0000025/2004,245.3125,245.3125,245.3125,245.3125,245.3125,245.3125,245.3125,245.3125,245.3125,245.3125,245.3125,257.34375,257.34375,257.34375,245.3125,257.34375,245.3125,245.3125,245.3125,245.3125,245.3125,245.3125,245.3125,245.78125,245.3125,243.125,245.3125,245.78125,245.78125,245.3125,245.3125,245.3125,245.3125,245.3125,251.5625,245.78125,245.3125,245.3125,245.78125,254.84375,245.3125,245.3125,245.78125,245.3125,245.3125,245.3125,245.3125,245.3125,245.3125,245.3125,245.3125,245.3125,245.3125,245.3125,245.3125,245.3125,245.3125,245.3125,245.3125,245.3125,245.3125,245.3125,245.3125,245.3125,245.3125,245.3125,245.3125,245.3125,245.3125,245.3125,245.3125,245.3125,245.3125,245.3125,245.3125,245.3125,245.3125,245.3125,245.3125,249.84375,245.3125,245.3125,245.3125,245.3125,245.3125,245.3125,245.3125,245.3125,245.3125,245.3125,245.3125,245.3125,245.3125,257.34375,245.3125,257.34375,245.3125,245.3125,245.3125,257.34375,245.3125,245.3125,245.3125,245.3125,245.0,286.71875,276.5625,276.5625,276.5625,274.53125,294.21875,281.5625,272.03125,276.5625,276.5625,276.5625,276.5625,276.5625,276.5625,276.5625,276.5625,276.5625,276.5625,276.5625,276.5625,276.5625,276.5625,276.5625,276.5625,276.5625,276.5625,276.5625,276.5625,276.5625,276.5625,276.5625,276.5625,276.5625,276.5625,276.5625,276.5625,276.5625,276.5625,276.5625,276.5625,276.5625,276.5625,276.5625,276.5625,276.5625,276.5625,276.5625,276.5625,276.5625,276.5625,276.5625,276.5625,276.5625,276.5625,277.65625,276.5625,276.5625,276.5625,276.5625,276.5625,276.5625,276.5625,276.5625,276.5625,276.5625,276.5625,276.5625,276.5625,276.5625,276.5625,276.5625,276.5625,276.5625,276.5625,276.5625,276.5625,276.5625,276.5625,276.5625,276.5625,276.5625,276.5625,276.5625,276.5625,276.5625,276.5625,444.375,444.375,438.4375,444.375,439.21875,439.21875,444.6875,437.03125,452.5,431.25,444.6875,435.15625,444.6875,444.6875,435.15625,435.15625,435.15625,444.6875,444.6875,444.6875,444.375,435.15625,435.15625,444.6875,435.15625,444.375,444.6875,447.8125,444.6875,435.15625,444.6875,444.6875,435.15625,444.375,444.375,435.15625,435.15625,444.375,444.375,444.6875,443.125,435.15625,444.6875,435.15625,435.15625,444.6875,435.15625,431.25,435.15625,435.15625,435.15625,444.6875,435.15625,435.15625,444.375,444.375,435.15625,435.15625,444.375,435.15625,435.15625,444.375,444.375,435.15625,435.15625,444.375,431.25,444.6875,435.15625,447.8125,444.6875,444.6875,444.375,435.15625,444.375,431.25,447.8125,444.6875,435.15625,435.15625,438.59375,434.375,438.59375,438.59375,435.15625,444.6875,434.375,438.59375,434.375,431.25,434.375,434.375,438.59375,434.375,434.375,434.375,434.375,434.375,434.375,434.375,439.0625,435.15625,15.3125,18.90625,23.4375,21.875,15.3125,18.90625,18.90625,18.90625,18.90625,18.90625,18.90625,18.90625,18.90625,27.65625,27.03125,27.03125,27.03125,27.03125,27.03125,18.90625,18.90625,21.875,27.03125,18.90625,18.90625,18.90625,18.90625,18.90625,18.90625,18.90625,18.90625,18.90625,18.90625,18.90625,18.90625,21.875,21.875,18.90625,18.90625,18.90625,18.90625,18.90625,18.90625,18.90625,27.65625,18.90625,18.90625,18.90625,18.90625,18.90625,18.90625,18.90625,18.90625,18.90625,18.90625,18.90625,27.65625,23.4375,18.90625,18.90625,18.90625,18.90625,18.90625,27.65625,22.1875,18.90625,41.5625,18.90625,18.90625,18.90625,27.65625,18.90625,18.90625,23.4375,21.875,18.90625,21.875,21.875,21.875,21.875,21.875,21.875,21.875,21.875,18.90625,21.875,21.875,22.96875,21.875,21.875,21.875,46.09375,21.875
hDenV4/Colombia/SAN-UIS-0000026/2001,244.375,244.375,244.375,244.375,244.375,244.375,244.375,244.375,244.375,244.375,244.375,256.40625,256.40625,256.40625,244.375,256.40625,244.375,244.375,244.375,244.375,244.375,244.375,244.375,244.84375,244.375,242.1875,244.375,244.84375,244.84375,244.375,244.375,244.375,244.375,244.375,250.625,244.84375,244.375,244.375,244.84375,253.90625,244.375,244.375,244.84375,244.375,244.375,244.375,244.375,244.375,244.375,244.375,244.375,244.375,244.375,244.375,244.375,244.375,244.375,244.375,244.375,244.375,244.375,244.375,244.375,244.375,244.375,244.375,244.375,244.375,244.375,244.375,244.375,244.375,244.375,244.375,244.375,244.375,244.375,244.375,244.375,248.90625,244.375,244.375,244.375,244.375,244.375,244.375,244.375,244.375,244.375,244.375,244.375,244.375,244.375,256.40625,244.375,256.40625,244.375,244.375,244.375,256.40625,244.375,244.375,244.375,244.375,244.0625,271.40625,261.25,261.25,261.25,259.21875,278.90625,266.25,256.71875,261.25,261.25,261.25,261.25,261.25,261.25,261.25,261.25,261.25,261.25,261.25,261.25,261.25,261.25,261.25,261.25,261.25,261.25,261.25,261.25,261.25,261.25,261.25,261.25,261.25,261.25,261.25,261.25,261.25,261.25,261.25,261.25,261.25,261.25,261.25,261.25,261.25,261.25,261.25,261.25,261.25,261.25,261.25,261.25,261.25,261.25,262.34375,261.25,261.25,261.25,261.25,261.25,261.25,261.25,261.25,261.25,261.25,261.25,261.25,261.25,261.25,261.25,261.25,261.25,261.25,261.25,261.25,261.25,261.25,261.25,261.25,261.25,261.25,261.25,261.25,261.25,261.25,261.25,440.625,440.625,444.375,440.625,435.46875,435.46875,440.9375,433.28125,448.75,427.5,440.9375,431.40625,440.9375,440.9375,431.40625,431.40625,431.40625,440.9375,440.9375,440.9375,440.625,431.40625,431.40625,440.9375,431.40625,440.625,440.9375,444.0625,440.9375,431.40625,440.9375,440.9375,431.40625,440.625,440.625,431.40625,431.40625,440.625,440.625,440.9375,439.375,431.40625,440.9375,431.40625,431.40625,440.9375,431.40625,427.5,431.40625,431.40625,431.40625,440.9375,431.40625,431.40625,440.625,440.625,431.40625,431.40625,440.625,431.40625,431.40625,440.625,440.625,431.40625,431.40625,440.625,427.5,440.9375,431.40625,444.0625,440.9375,440.9375,440.625,431.40625,440.625,427.5,444.0625,440.9375,431.40625,431.40625,434.84375,430.625,434.84375,434.84375,431.40625,440.9375,430.625,434.84375,430.625,427.5,430.625,430.625,434.84375,430.625,430.625,430.625,430.625,430.625,430.625,430.625,435.3125,431.40625,0.0,3.59375,8.125,6.5625,0.0,3.59375,3.59375,3.59375,3.59375,3.59375,3.59375,3.59375,3.59375,12.34375,11.71875,11.71875,11.71875,11.71875,11.71875,3.59375,3.59375,6.5625,11.71875,3.59375,3.59375,3.59375,3.59375,3.59375,3.59375,3.59375,3.59375,3.59375,3.59375,3.59375,3.59375,6.5625,6.5625,3.59375,3.59375,3.59375,3.59375,3.59375,3.59375,3.59375,12.34375,3.59375,3.59375,3.59375,3.59375,3.59375,3.59375,3.59375,3.59375,3.59375,3.59375,3.59375,12.34375,8.125,3.59375,3.59375,3.59375,3.59375,3.59375,12.34375,6.875,3.59375,26.25,3.59375,3.59375,3.59375,12.34375,3.59375,3.59375,8.125,6.5625,3.59375,6.5625,6.5625,6.5625,6.5625,6.5625,6.5625,6.5625,6.5625,3.59375,6.5625,6.5625,7.65625,6.5625,6.5625,6.5625,30.78125,6.5625
hDenV4/Colombia/SAN-UIS-0000027/2001,244.375,244.375,244.375,244.375,244.375,244.375,244.375,244.375,244.375,244.375,244.375,256.40625,256.40625,256.40625,244.375,256.40625,244.375,244.375,244.375,244.375,244.375,244.375,244.375,244.84375,244.375,242.1875,244.375,244.84375,244.84375,244.375,244.375,244.375,244.375,244.375,250.625,244.84375,244.375,244.375,244.84375,253.90625,244.375,244.375,244.84375,244.375,244.375,244.375,244.375,244.375,244.375,244.375,244.375,244.375,244.375,244.375,244.375,244.375,244.375,244.375,244.375,244.375,244.375,244.375,244.375,244.375,244.375,244.375,244.375,244.375,244.375,244.375,244.375,244.375,244.375,244.375,244.375,244.375,244.375,244.375,244.375,248.90625,244.375,244.375,244.375,244.375,244.375,244.375,244.375,244.375,244.375,244.375,244.375,244.375,244.375,256.40625,244.375,256.40625,244.375,244.375,244.375,256.40625,244.375,244.375,244.375,244.375,244.0625,271.40625,261.25,261.25,261.25,259.21875,278.90625,266.25,256.71875,261.25,261.25,261.25,261.25,261.25,261.25,261.25,261.25,261.25,261.25,261.25,261.25,261.25,261.25,261.25,261.25,261.25,261.25,261.25,261.25,261.25,261.25,261.25,261.25,261.25,261.25,261.25,261.25,261.25,261.25,261.25,261.25,261.25,261.25,261.25,261.25,261.25,261.25,261.25,261.25,261.25,261.25,261.25,261.25,261.25,261.25,262.34375,261.25,261.25,261.25,261.25,261.25,261.25,261.25,261.25,261.25,261.25,261.25,261.25,261.25,261.25,261.25,261.25,261.25,261.25,261.25,261.25,261.25,261.25,261.25,261.25,261.25,261.25,261.25,261.25,261.25,261.25,261.25,440.625,440.625,444.375,440.625,435.46875,435.46875,440.9375,433.28125,448.75,427.5,440.9375,431.40625,440.9375,440.9375,431.40625,431.40625,431.40625,440.9375,440.9375,440.9375,440.625,431.40625,431.40625,440.9375,431.40625,440.625,440.9375,444.0625,440.9375,431.40625,440.9375,440.9375,431.40625,440.625,440.625,431.40625,431.40625,440.625,440.625,440.9375,439.375,431.40625,440.9375,431.40625,431.40625,440.9375,431.40625,427.5,431.40625,431.40625,431.40625,440.9375,431.40625,431.40625,440.625,440.625,431.40625,431.40625,440.625,431.40625,431.40625,440.625,440.625,431.40625,431.40625,440.625,427.5,440.9375,431.40625,444.0625,440.9375,440.9375,440.625,431.40625,440.625,427.5,444.0625,440.9375,431.40625,431.40625,434.84375,430.625,434.84375,434.84375,431.40625,440.9375,430.625,434.84375,430.625,427.5,430.625,430.625,434.84375,430.625,430.625,430.625,430.625,430.625,430.625,430.625,435.3125,431.40625,0.0,3.59375,8.125,6.5625,0.0,3.59375,3.59375,3.59375,3.59375,3.59375,3.59375,3.59375,3.59375,12.34375,11.71875,11.71875,11.71875,11.71875,11.71875,3.59375,3.59375,6.5625,11.71875,3.59375,3.59375,3.59375,3.59375,3.59375,3.59375,3.59375,3.59375,3.59375,3.59375,3.59375,3.59375,6.5625,6.5625,3.59375,3.59375,3.59375,3.59375,3.59375,3.59375,3.59375,12.34375,3.59375,3.59375,3.59375,3.59375,3.59375,3.59375,3.59375,3.59375,3.59375,3.59375,3.59375,12.34375,8.125,3.59375,3.59375,3.59375,3.59375,3.59375,12.34375,6.875,3.59375,26.25,3.59375,3.59375,3.59375,12.34375,3.59375,3.59375,8.125,6.5625,3.59375,6.5625,6.5625,6.5625,6.5625,6.5625,6.5625,6.5625,6.5625,3.59375,6.5625,6.5625,7.65625,6.5625,6.5625,6.5625,30.78125,6.5625
hDenV4/Colombia/SAN-UIS-0000035/2015,244.84375,244.84375,244.84375,244.84375,244.84375,244.84375,244.84375,244.84375,244.84375,244.84375,244.84375,256.875,256.875,256.875,244.84375,256.875,244.84375,244.84375,244.84375,244.84375,244.84375,244.84375,244.84375,245.3125,244.84375,242.65625,244.84375,245.3125,245.3125,244.84375,244.84375,244.84375,244.84375,244.84375,251.09375,245.3125,244.84375,244.84375,245.3125,254.375,244.84375,244.84375,245.3125,244.84375,244.84375,244.84375,244.84375,244.84375,244.84375,244.84375,244.84375,244.84375,244.84375,244.84375,244.84375,244.84375,244.84375,244.84375,244.84375,244.84375,244.84375,244.84375,244.84375,244.84375,244.84375,244.84375,244.84375,244.84375,244.84375,244.84375,244.84375,244.84375,244.84375,244.84375,244.84375,244.84375,244.84375,244.84375,244.84375,249.375,244.84375,244.84375,244.84375,244.84375,244.84375,244.84375,244.84375,244.84375,244.84375,244.84375,244.84375,244.84375,244.84375,256.875,244.84375,256.875,244.84375,244.84375,244.84375,256.875,244.84375,244.84375,244.84375,244.84375,244.53125,274.0625,263.90625,263.90625,263.90625,261.875,281.5625,268.90625,259.375,263.90625,263.90625,263.90625,263.90625,263.90625,263.90625,263.90625,263.90625,263.90625,263.90625,263.90625,263.90625,263.90625,263.90625,263.90625,263.90625,263.90625,263.90625,263.90625,263.90625,263.90625,263.90625,263.90625,263.90625,263.90625,263.90625,263.90625,263.90625,263.90625,263.90625,263.90625,263.90625,263.90625,263.90625,263.90625,263.90625,263.90625,263.90625,263.90625,263.90625,263.90625,263.90625,263.90625,263.90625,263.90625,263.90625,265.0,263.90625,263.90625,263.90625,263.90625,263.90625,263.90625,263.90625,263.90625,263.90625,263.90625,263.90625,263.90625,263.90625,263.90625,263.90625,263.90625,263.90625,263.90625,263.90625,263.90625,263.90625,263.90625,263.90625,263.90625,263.90625,263.90625,263.90625,263.90625,263.90625,263.90625,263.90625,442.96875,442.96875,446.71875,442.96875,437.8125,437.8125,443.28125,435.625,451.09375,429.84375,443.28125,433.75,443.28125,443.28125,433.75,433.75,433.75,443.28125,443.28125,443.28125,442.96875,433.75,433.75,443.28125,433.75,442.96875,443.28125,446.40625,443.28125,433.75,443.28125,443.28125,433.75,442.96875,442.96875,433.75,433.75,442.96875,442.96875,443.28125,441.71875,433.75,443.28125,433.75,433.75,443.28125,433.75,429.84375,433.75,433.75,433.75,443.28125,433.75,433.75,442.96875,442.96875,433.75,433.75,442.96875,433.75,433.75,442.96875,442.96875,433.75,433.75,442.96875,429.84375,443.28125,433.75,446.40625,443.28125,443.28125,442.96875,433.75,442.96875,429.84375,446.40625,443.28125,433.75,433.75,437.1875,432.96875,437.1875,437.1875,433.75,443.28125,432.96875,437.1875,432.96875,429.84375,432.96875,432.96875,437.1875,432.96875,432.96875,432.96875,432.96875,432.96875,432.96875,432.96875,437.65625,433.75,3.59375,0.0,4.53125,7.03125,3.59375,0.0,0.0,0.0,0.0,0.0,0.0,0.0,0.0,8.75,8.125,8.125,8.125,8.125,8.125,0.0,0.0,7.03125,8.125,0.0,0.0,0.0,0.0,0.0,0.0,0.0,0.0,0.0,0.0,0.0,0.0,7.03125,7.03125,0.0,0.0,0.0,0.0,0.0,0.0,0.0,8.75,0.0,0.0,0.0,0.0,0.0,0.0,0.0,0.0,0.0,0.0,0.0,8.75,4.53125,0.0,0.0,0.0,0.0,0.0,8.75,3.28125,0.0,22.65625,0.0,0.0,0.0,8.75,0.0,0.0,4.53125,7.03125,0.0,7.03125,7.03125,7.03125,7.03125,7.03125,7.03125,7.03125,7.03125,0.0,7.03125,7.03125,4.0625,7.03125,7.03125,7.03125,31.25,7.03125
hDenV4/Colombia/SAN-UIS-0000039/2016,244.84375,244.84375,244.84375,244.84375,244.84375,244.84375,244.84375,244.84375,244.84375,244.84375,244.84375,256.875,256.875,256.875,244.84375,256.875,244.84375,244.84375,244.84375,244.84375,244.84375,244.84375,244.84375,245.3125,244.84375,242.65625,244.84375,245.3125,245.3125,244.84375,244.84375,244.84375,244.84375,244.84375,251.09375,245.3125,244.84375,244.84375,245.3125,254.375,244.84375,244.84375,245.3125,244.84375,244.84375,244.84375,244.84375,244.84375,244.84375,244.84375,244.84375,244.84375,244.84375,244.84375,244.84375,244.84375,244.84375,244.84375,244.84375,244.84375,244.84375,244.84375,244.84375,244.84375,244.84375,244.84375,244.84375,244.84375,244.84375,244.84375,244.84375,244.84375,244.84375,244.84375,244.84375,244.84375,244.84375,244.84375,244.84375,249.375,244.84375,244.84375,244.84375,244.84375,244.84375,244.84375,244.84375,244.84375,244.84375,244.84375,244.84375,244.84375,244.84375,256.875,244.84375,256.875,244.84375,244.84375,244.84375,256.875,244.84375,244.84375,244.84375,244.84375,244.53125,274.0625,263.90625,263.90625,263.90625,261.875,281.5625,268.90625,259.375,263.90625,263.90625,263.90625,263.90625,263.90625,263.90625,263.90625,263.90625,263.90625,263.90625,263.90625,263.90625,263.90625,263.90625,263.90625,263.90625,263.90625,263.90625,263.90625,263.90625,263.90625,263.90625,263.90625,263.90625,263.90625,263.90625,263.90625,263.90625,263.90625,263.90625,263.90625,263.90625,263.90625,263.90625,263.90625,263.90625,263.90625,263.90625,263.90625,263.90625,263.90625,263.90625,263.90625,263.90625,263.90625,263.90625,265.0,263.90625,263.90625,263.90625,263.90625,263.90625,263.90625,263.90625,263.90625,263.90625,263.90625,263.90625,263.90625,263.90625,263.90625,263.90625,263.90625,263.90625,263.90625,263.90625,263.90625,263.90625,263.90625,263.90625,263.90625,263.90625,263.90625,263.90625,263.90625,263.90625,263.90625,263.90625,442.96875,442.96875,446.71875,442.96875,437.8125,437.8125,443.28125,435.625,451.09375,429.84375,443.28125,433.75,443.28125,443.28125,433.75,433.75,433.75,443.28125,443.28125,443.28125,442.96875,433.75,433.75,443.28125,433.75,442.96875,443.28125,446.40625,443.28125,433.75,443.28125,443.28125,433.75,442.96875,442.96875,433.75,433.75,442.96875,442.96875,443.28125,441.71875,433.75,443.28125,433.75,433.75,443.28125,433.75,429.84375,433.75,433.75,433.75,443.28125,433.75,433.75,442.96875,442.96875,433.75,433.75,442.96875,433.75,433.75,442.96875,442.96875,433.75,433.75,442.96875,429.84375,443.28125,433.75,446.40625,443.28125,443.28125,442.96875,433.75,442.96875,429.84375,446.40625,443.28125,433.75,433.75,437.1875,432.96875,437.1875,437.1875,433.75,443.28125,432.96875,437.1875,432.96875,429.84375,432.96875,432.96875,437.1875,432.96875,432.96875,432.96875,432.96875,432.96875,432.96875,432.96875,437.65625,433.75,3.59375,0.0,4.53125,7.03125,3.59375,0.0,0.0,0.0,0.0,0.0,0.0,0.0,0.0,8.75,8.125,8.125,8.125,8.125,8.125,0.0,0.0,7.03125,8.125,0.0,0.0,0.0,0.0,0.0,0.0,0.0,0.0,0.0,0.0,0.0,0.0,7.03125,7.03125,0.0,0.0,0.0,0.0,0.0,0.0,0.0,8.75,0.0,0.0,0.0,0.0,0.0,0.0,0.0,0.0,0.0,0.0,0.0,8.75,4.53125,0.0,0.0,0.0,0.0,0.0,8.75,3.28125,0.0,22.65625,0.0,0.0,0.0,8.75,0.0,0.0,4.53125,7.03125,0.0,7.03125,7.03125,7.03125,7.03125,7.03125,7.03125,7.03125,7.03125,0.0,7.03125,7.03125,4.0625,7.03125,7.03125,7.03125,31.25,7.03125
hDenV4/Colombia/SAN-UIS-0000042/2016,244.375,244.375,244.375,244.375,244.375,244.375,244.375,244.375,244.375,244.375,244.375,256.40625,256.40625,256.40625,244.375,256.40625,244.375,244.375,244.375,244.375,244.375,244.375,244.375,244.84375,244.375,242.1875,244.375,244.84375,244.84375,244.375,244.375,244.375,244.375,244.375,250.625,244.84375,244.375,244.375,244.84375,253.90625,244.375,244.375,244.84375,244.375,244.375,244.375,244.375,244.375,244.375,244.375,244.375,244.375,244.375,244.375,244.375,244.375,244.375,244.375,244.375,244.375,244.375,244.375,244.375,244.375,244.375,244.375,244.375,244.375,244.375,244.375,244.375,244.375,244.375,244.375,244.375,244.375,244.375,244.375,244.375,248.90625,244.375,244.375,244.375,244.375,244.375,244.375,244.375,244.375,244.375,244.375,244.375,244.375,244.375,256.40625,244.375,256.40625,244.375,244.375,244.375,256.40625,244.375,244.375,244.375,244.375,244.0625,271.40625,261.25,261.25,261.25,259.21875,278.90625,266.25,256.71875,261.25,261.25,261.25,261.25,261.25,261.25,261.25,261.25,261.25,261.25,261.25,261.25,261.25,261.25,261.25,261.25,261.25,261.25,261.25,261.25,261.25,261.25,261.25,261.25,261.25,261.25,261.25,261.25,261.25,261.25,261.25,261.25,261.25,261.25,261.25,261.25,261.25,261.25,261.25,261.25,261.25,261.25,261.25,261.25,261.25,261.25,262.34375,261.25,261.25,261.25,261.25,261.25,261.25,261.25,261.25,261.25,261.25,261.25,261.25,261.25,261.25,261.25,261.25,261.25,261.25,261.25,261.25,261.25,261.25,261.25,261.25,261.25,261.25,261.25,261.25,261.25,261.25,261.25,440.625,440.625,444.375,440.625,435.46875,435.46875,440.9375,433.28125,448.75,427.5,440.9375,431.40625,440.9375,440.9375,431.40625,431.40625,431.40625,440.9375,440.9375,440.9375,440.625,431.40625,431.40625,440.9375,431.40625,440.625,440.9375,444.0625,440.9375,431.40625,440.9375,440.9375,431.40625,440.625,440.625,431.40625,431.40625,440.625,440.625,440.9375,439.375,431.40625,440.9375,431.40625,431.40625,440.9375,431.40625,427.5,431.40625,431.40625,431.40625,440.9375,431.40625,431.40625,440.625,440.625,431.40625,431.40625,440.625,431.40625,431.40625,440.625,440.625,431.40625,431.40625,440.625,427.5,440.9375,431.40625,444.0625,440.9375,440.9375,440.625,431.40625,440.625,427.5,444.0625,440.9375,431.40625,431.40625,434.84375,430.625,434.84375,434.84375,431.40625,440.9375,430.625,434.84375,430.625,427.5,430.625,430.625,434.84375,430.625,430.625,430.625,430.625,430.625,430.625,430.625,435.3125,431.40625,0.0,3.59375,8.125,6.5625,0.0,3.59375,3.59375,3.59375,3.59375,3.59375,3.59375,3.59375,3.59375,12.34375,11.71875,11.71875,11.71875,11.71875,11.71875,3.59375,3.59375,6.5625,11.71875,3.59375,3.59375,3.59375,3.59375,3.59375,3.59375,3.59375,3.59375,3.59375,3.59375,3.59375,3.59375,6.5625,6.5625,3.59375,3.59375,3.59375,3.59375,3.59375,3.59375,3.59375,12.34375,3.59375,3.59375,3.59375,3.59375,3.59375,3.59375,3.59375,3.59375,3.59375,3.59375,3.59375,12.34375,8.125,3.59375,3.59375,3.59375,3.59375,3.59375,12.34375,6.875,3.59375,26.25,3.59375,3.59375,3.59375,12.34375,3.59375,3.59375,8.125,6.5625,3.59375,6.5625,6.5625,6.5625,6.5625,6.5625,6.5625,6.5625,6.5625,3.59375,6.5625,6.5625,7.65625,6.5625,6.5625,6.5625,30.78125,6.5625
hDenV4/Colombia/SAN-UR-F14100091/2014,244.375,244.375,244.375,244.375,244.375,244.375,244.375,244.375,244.375,244.375,244.375,256.40625,256.40625,256.40625,244.375,256.40625,244.375,244.375,244.375,244.375,244.375,244.375,244.375,244.84375,244.375,242.1875,244.375,244.84375,244.84375,244.375,244.375,244.375,244.375,244.375,250.625,244.84375,244.375,244.375,244.84375,253.90625,244.375,244.375,244.84375,244.375,244.375,244.375,244.375,244.375,244.375,244.375,244.375,244.375,244.375,244.375,244.375,244.375,244.375,244.375,244.375,244.375,244.375,244.375,244.375,244.375,244.375,244.375,244.375,244.375,244.375,244.375,244.375,244.375,244.375,244.375,244.375,244.375,244.375,244.375,244.375,248.90625,244.375,244.375,244.375,244.375,244.375,244.375,244.375,244.375,244.375,244.375,244.375,244.375,244.375,256.40625,244.375,256.40625,244.375,244.375,244.375,256.40625,244.375,244.375,244.375,244.375,244.0625,271.40625,261.25,261.25,261.25,259.21875,278.90625,266.25,256.71875,261.25,261.25,261.25,261.25,261.25,261.25,261.25,261.25,261.25,261.25,261.25,261.25,261.25,261.25,261.25,261.25,261.25,261.25,261.25,261.25,261.25,261.25,261.25,261.25,261.25,261.25,261.25,261.25,261.25,261.25,261.25,261.25,261.25,261.25,261.25,261.25,261.25,261.25,261.25,261.25,261.25,261.25,261.25,261.25,261.25,261.25,262.34375,261.25,261.25,261.25,261.25,261.25,261.25,261.25,261.25,261.25,261.25,261.25,261.25,261.25,261.25,261.25,261.25,261.25,261.25,261.25,261.25,261.25,261.25,261.25,261.25,261.25,261.25,261.25,261.25,261.25,261.25,261.25,440.625,440.625,444.375,440.625,435.46875,435.46875,440.9375,433.28125,448.75,427.5,440.9375,431.40625,440.9375,440.9375,431.40625,431.40625,431.40625,440.9375,440.9375,440.9375,440.625,431.40625,431.40625,440.9375,431.40625,440.625,440.9375,444.0625,440.9375,431.40625,440.9375,440.9375,431.40625,440.625,440.625,431.40625,431.40625,440.625,440.625,440.9375,439.375,431.40625,440.9375,431.40625,431.40625,440.9375,431.40625,427.5,431.40625,431.40625,431.40625,440.9375,431.40625,431.40625,440.625,440.625,431.40625,431.40625,440.625,431.40625,431.40625,440.625,440.625,431.40625,431.40625,440.625,427.5,440.9375,431.40625,444.0625,440.9375,440.9375,440.625,431.40625,440.625,427.5,444.0625,440.9375,431.40625,431.40625,434.84375,430.625,434.84375,434.84375,431.40625,440.9375,430.625,434.84375,430.625,427.5,430.625,430.625,434.84375,430.625,430.625,430.625,430.625,430.625,430.625,430.625,435.3125,431.40625,0.0,3.59375,8.125,6.5625,0.0,3.59375,3.59375,3.59375,3.59375,3.59375,3.59375,3.59375,3.59375,12.34375,11.71875,11.71875,11.71875,11.71875,11.71875,3.59375,3.59375,6.5625,11.71875,3.59375,3.59375,3.59375,3.59375,3.59375,3.59375,3.59375,3.59375,3.59375,3.59375,3.59375,3.59375,6.5625,6.5625,3.59375,3.59375,3.59375,3.59375,3.59375,3.59375,3.59375,12.34375,3.59375,3.59375,3.59375,3.59375,3.59375,3.59375,3.59375,3.59375,3.59375,3.59375,3.59375,12.34375,8.125,3.59375,3.59375,3.59375,3.59375,3.59375,12.34375,6.875,3.59375,26.25,3.59375,3.59375,3.59375,12.34375,3.59375,3.59375,8.125,6.5625,3.59375,6.5625,6.5625,6.5625,6.5625,6.5625,6.5625,6.5625,6.5625,3.59375,6.5625,6.5625,7.65625,6.5625,6.5625,6.5625,30.78125,6.5625
hDenV4/Colombia/SAN-UR-LV111117/2014,244.375,244.375,244.375,244.375,244.375,244.375,244.375,244.375,244.375,244.375,244.375,256.40625,256.40625,256.40625,244.375,256.40625,244.375,244.375,244.375,244.375,244.375,244.375,244.375,244.84375,244.375,242.1875,244.375,244.84375,244.84375,244.375,244.375,244.375,244.375,244.375,250.625,244.84375,244.375,244.375,244.84375,253.90625,244.375,244.375,244.84375,244.375,244.375,244.375,244.375,244.375,244.375,244.375,244.375,244.375,244.375,244.375,244.375,244.375,244.375,244.375,244.375,244.375,244.375,244.375,244.375,244.375,244.375,244.375,244.375,244.375,244.375,244.375,244.375,244.375,244.375,244.375,244.375,244.375,244.375,244.375,244.375,248.90625,244.375,244.375,244.375,244.375,244.375,244.375,244.375,244.375,244.375,244.375,244.375,244.375,244.375,256.40625,244.375,256.40625,244.375,244.375,244.375,256.40625,244.375,244.375,244.375,244.375,244.0625,271.40625,261.25,261.25,261.25,259.21875,278.90625,266.25,256.71875,261.25,261.25,261.25,261.25,261.25,261.25,261.25,261.25,261.25,261.25,261.25,261.25,261.25,261.25,261.25,261.25,261.25,261.25,261.25,261.25,261.25,261.25,261.25,261.25,261.25,261.25,261.25,261.25,261.25,261.25,261.25,261.25,261.25,261.25,261.25,261.25,261.25,261.25,261.25,261.25,261.25,261.25,261.25,261.25,261.25,261.25,262.34375,261.25,261.25,261.25,261.25,261.25,261.25,261.25,261.25,261.25,261.25,261.25,261.25,261.25,261.25,261.25,261.25,261.25,261.25,261.25,261.25,261.25,261.25,261.25,261.25,261.25,261.25,261.25,261.25,261.25,261.25,261.25,440.625,440.625,444.375,440.625,435.46875,435.46875,440.9375,433.28125,448.75,427.5,440.9375,431.40625,440.9375,440.9375,431.40625,431.40625,431.40625,440.9375,440.9375,440.9375,440.625,431.40625,431.40625,440.9375,431.40625,440.625,440.9375,444.0625,440.9375,431.40625,440.9375,440.9375,431.40625,440.625,440.625,431.40625,431.40625,440.625,440.625,440.9375,439.375,431.40625,440.9375,431.40625,431.40625,440.9375,431.40625,427.5,431.40625,431.40625,431.40625,440.9375,431.40625,431.40625,440.625,440.625,431.40625,431.40625,440.625,431.40625,431.40625,440.625,440.625,431.40625,431.40625,440.625,427.5,440.9375,431.40625,444.0625,440.9375,440.9375,440.625,431.40625,440.625,427.5,444.0625,440.9375,431.40625,431.40625,434.84375,430.625,434.84375,434.84375,431.40625,440.9375,430.625,434.84375,430.625,427.5,430.625,430.625,434.84375,430.625,430.625,430.625,430.625,430.625,430.625,430.625,435.3125,431.40625,0.0,3.59375,8.125,6.5625,0.0,3.59375,3.59375,3.59375,3.59375,3.59375,3.59375,3.59375,3.59375,12.34375,11.71875,11.71875,11.71875,11.71875,11.71875,3.59375,3.59375,6.5625,11.71875,3.59375,3.59375,3.59375,3.59375,3.59375,3.59375,3.59375,3.59375,3.59375,3.59375,3.59375,3.59375,6.5625,6.5625,3.59375,3.59375,3.59375,3.59375,3.59375,3.59375,3.59375,12.34375,3.59375,3.59375,3.59375,3.59375,3.59375,3.59375,3.59375,3.59375,3.59375,3.59375,3.59375,12.34375,8.125,3.59375,3.59375,3.59375,3.59375,3.59375,12.34375,6.875,3.59375,26.25,3.59375,3.59375,3.59375,12.34375,3.59375,3.59375,8.125,6.5625,3.59375,6.5625,6.5625,6.5625,6.5625,6.5625,6.5625,6.5625,6.5625,3.59375,6.5625,6.5625,7.65625,6.5625,6.5625,6.5625,30.78125,6.5625
hDenV4/Colombia/SAN-UR-LV121101/2010,244.375,244.375,244.375,244.375,244.375,244.375,244.375,244.375,244.375,244.375,244.375,256.40625,256.40625,256.40625,244.375,256.40625,244.375,244.375,244.375,244.375,244.375,244.375,244.375,244.84375,244.375,242.1875,244.375,244.84375,244.84375,244.375,244.375,244.375,244.375,244.375,250.625,244.84375,244.375,244.375,244.84375,253.90625,244.375,244.375,244.84375,244.375,244.375,244.375,244.375,244.375,244.375,244.375,244.375,244.375,244.375,244.375,244.375,244.375,244.375,244.375,244.375,244.375,244.375,244.375,244.375,244.375,244.375,244.375,244.375,244.375,244.375,244.375,244.375,244.375,244.375,244.375,244.375,244.375,244.375,244.375,244.375,248.90625,244.375,244.375,244.375,244.375,244.375,244.375,244.375,244.375,244.375,244.375,244.375,244.375,244.375,256.40625,244.375,256.40625,244.375,244.375,244.375,256.40625,244.375,244.375,244.375,244.375,244.0625,271.40625,261.25,261.25,261.25,259.21875,278.90625,266.25,256.71875,261.25,261.25,261.25,261.25,261.25,261.25,261.25,261.25,261.25,261.25,261.25,261.25,261.25,261.25,261.25,261.25,261.25,261.25,261.25,261.25,261.25,261.25,261.25,261.25,261.25,261.25,261.25,261.25,261.25,261.25,261.25,261.25,261.25,261.25,261.25,261.25,261.25,261.25,261.25,261.25,261.25,261.25,261.25,261.25,261.25,261.25,262.34375,261.25,261.25,261.25,261.25,261.25,261.25,261.25,261.25,261.25,261.25,261.25,261.25,261.25,261.25,261.25,261.25,261.25,261.25,261.25,261.25,261.25,261.25,261.25,261.25,261.25,261.25,261.25,261.25,261.25,261.25,261.25,440.625,440.625,444.375,440.625,435.46875,435.46875,440.9375,433.28125,448.75,427.5,440.9375,431.40625,440.9375,440.9375,431.40625,431.40625,431.40625,440.9375,440.9375,440.9375,440.625,431.40625,431.40625,440.9375,431.40625,440.625,440.9375,444.0625,440.9375,431.40625,440.9375,440.9375,431.40625,440.625,440.625,431.40625,431.40625,440.625,440.625,440.9375,439.375,431.40625,440.9375,431.40625,431.40625,440.9375,431.40625,427.5,431.40625,431.40625,431.40625,440.9375,431.40625,431.40625,440.625,440.625,431.40625,431.40625,440.625,431.40625,431.40625,440.625,440.625,431.40625,431.40625,440.625,427.5,440.9375,431.40625,444.0625,440.9375,440.9375,440.625,431.40625,440.625,427.5,444.0625,440.9375,431.40625,431.40625,434.84375,430.625,434.84375,434.84375,431.40625,440.9375,430.625,434.84375,430.625,427.5,430.625,430.625,434.84375,430.625,430.625,430.625,430.625,430.625,430.625,430.625,435.3125,431.40625,0.0,3.59375,8.125,6.5625,0.0,3.59375,3.59375,3.59375,3.59375,3.59375,3.59375,3.59375,3.59375,12.34375,11.71875,11.71875,11.71875,11.71875,11.71875,3.59375,3.59375,6.5625,11.71875,3.59375,3.59375,3.59375,3.59375,3.59375,3.59375,3.59375,3.59375,3.59375,3.59375,3.59375,3.59375,6.5625,6.5625,3.59375,3.59375,3.59375,3.59375,3.59375,3.59375,3.59375,12.34375,3.59375,3.59375,3.59375,3.59375,3.59375,3.59375,3.59375,3.59375,3.59375,3.59375,3.59375,12.34375,8.125,3.59375,3.59375,3.59375,3.59375,3.59375,12.34375,6.875,3.59375,26.25,3.59375,3.59375,3.59375,12.34375,3.59375,3.59375,8.125,6.5625,3.59375,6.5625,6.5625,6.5625,6.5625,6.5625,6.5625,6.5625,6.5625,3.59375,6.5625,6.5625,7.65625,6.5625,6.5625,6.5625,30.78125,6.5625
hDenV4/Colombia/SAN-UR-LV122006/2009,244.375,244.375,244.375,244.375,244.375,244.375,244.375,244.375,244.375,244.375,244.375,256.40625,256.40625,256.40625,244.375,256.40625,244.375,244.375,244.375,244.375,244.375,244.375,244.375,244.84375,244.375,242.1875,244.375,244.84375,244.84375,244.375,244.375,244.375,244.375,244.375,250.625,244.84375,244.375,244.375,244.84375,253.90625,244.375,244.375,244.84375,244.375,244.375,244.375,244.375,244.375,244.375,244.375,244.375,244.375,244.375,244.375,244.375,244.375,244.375,244.375,244.375,244.375,244.375,244.375,244.375,244.375,244.375,244.375,244.375,244.375,244.375,244.375,244.375,244.375,244.375,244.375,244.375,244.375,244.375,244.375,244.375,248.90625,244.375,244.375,244.375,244.375,244.375,244.375,244.375,244.375,244.375,244.375,244.375,244.375,244.375,256.40625,244.375,256.40625,244.375,244.375,244.375,256.40625,244.375,244.375,244.375,244.375,244.0625,271.40625,261.25,261.25,261.25,259.21875,278.90625,266.25,256.71875,261.25,261.25,261.25,261.25,261.25,261.25,261.25,261.25,261.25,261.25,261.25,261.25,261.25,261.25,261.25,261.25,261.25,261.25,261.25,261.25,261.25,261.25,261.25,261.25,261.25,261.25,261.25,261.25,261.25,261.25,261.25,261.25,261.25,261.25,261.25,261.25,261.25,261.25,261.25,261.25,261.25,261.25,261.25,261.25,261.25,261.25,262.34375,261.25,261.25,261.25,261.25,261.25,261.25,261.25,261.25,261.25,261.25,261.25,261.25,261.25,261.25,261.25,261.25,261.25,261.25,261.25,261.25,261.25,261.25,261.25,261.25,261.25,261.25,261.25,261.25,261.25,261.25,261.25,440.625,440.625,444.375,440.625,435.46875,435.46875,440.9375,433.28125,448.75,427.5,440.9375,431.40625,440.9375,440.9375,431.40625,431.40625,431.40625,440.9375,440.9375,440.9375,440.625,431.40625,431.40625,440.9375,431.40625,440.625,440.9375,444.0625,440.9375,431.40625,440.9375,440.9375,431.40625,440.625,440.625,431.40625,431.40625,440.625,440.625,440.9375,439.375,431.40625,440.9375,431.40625,431.40625,440.9375,431.40625,427.5,431.40625,431.40625,431.40625,440.9375,431.40625,431.40625,440.625,440.625,431.40625,431.40625,440.625,431.40625,431.40625,440.625,440.625,431.40625,431.40625,440.625,427.5,440.9375,431.40625,444.0625,440.9375,440.9375,440.625,431.40625,440.625,427.5,444.0625,440.9375,431.40625,431.40625,434.84375,430.625,434.84375,434.84375,431.40625,440.9375,430.625,434.84375,430.625,427.5,430.625,430.625,434.84375,430.625,430.625,430.625,430.625,430.625,430.625,430.625,435.3125,431.40625,0.0,3.59375,8.125,6.5625,0.0,3.59375,3.59375,3.59375,3.59375,3.59375,3.59375,3.59375,3.59375,12.34375,11.71875,11.71875,11.71875,11.71875,11.71875,3.59375,3.59375,6.5625,11.71875,3.59375,3.59375,3.59375,3.59375,3.59375,3.59375,3.59375,3.59375,3.59375,3.59375,3.59375,3.59375,6.5625,6.5625,3.59375,3.59375,3.59375,3.59375,3.59375,3.59375,3.59375,12.34375,3.59375,3.59375,3.59375,3.59375,3.59375,3.59375,3.59375,3.59375,3.59375,3.59375,3.59375,12.34375,8.125,3.59375,3.59375,3.59375,3.59375,3.59375,12.34375,6.875,3.59375,26.25,3.59375,3.59375,3.59375,12.34375,3.59375,3.59375,8.125,6.5625,3.59375,6.5625,6.5625,6.5625,6.5625,6.5625,6.5625,6.5625,6.5625,3.59375,6.5625,6.5625,7.65625,6.5625,6.5625,6.5625,30.78125,6.5625
hDenV4/Colombia/SAN-UR-LV141007/2010,244.375,244.375,244.375,244.375,244.375,244.375,244.375,244.375,244.375,244.375,244.375,256.40625,256.40625,256.40625,244.375,256.40625,244.375,244.375,244.375,244.375,244.375,244.375,244.375,244.84375,244.375,242.1875,244.375,244.84375,244.84375,244.375,244.375,244.375,244.375,244.375,250.625,244.84375,244.375,244.375,244.84375,253.90625,244.375,244.375,244.84375,244.375,244.375,244.375,244.375,244.375,244.375,244.375,244.375,244.375,244.375,244.375,244.375,244.375,244.375,244.375,244.375,244.375,244.375,244.375,244.375,244.375,244.375,244.375,244.375,244.375,244.375,244.375,244.375,244.375,244.375,244.375,244.375,244.375,244.375,244.375,244.375,248.90625,244.375,244.375,244.375,244.375,244.375,244.375,244.375,244.375,244.375,244.375,244.375,244.375,244.375,256.40625,244.375,256.40625,244.375,244.375,244.375,256.40625,244.375,244.375,244.375,244.375,244.0625,271.40625,261.25,261.25,261.25,259.21875,278.90625,266.25,256.71875,261.25,261.25,261.25,261.25,261.25,261.25,261.25,261.25,261.25,261.25,261.25,261.25,261.25,261.25,261.25,261.25,261.25,261.25,261.25,261.25,261.25,261.25,261.25,261.25,261.25,261.25,261.25,261.25,261.25,261.25,261.25,261.25,261.25,261.25,261.25,261.25,261.25,261.25,261.25,261.25,261.25,261.25,261.25,261.25,261.25,261.25,262.34375,261.25,261.25,261.25,261.25,261.25,261.25,261.25,261.25,261.25,261.25,261.25,261.25,261.25,261.25,261.25,261.25,261.25,261.25,261.25,261.25,261.25,261.25,261.25,261.25,261.25,261.25,261.25,261.25,261.25,261.25,261.25,440.625,440.625,444.375,440.625,435.46875,435.46875,440.9375,433.28125,448.75,427.5,440.9375,431.40625,440.9375,440.9375,431.40625,431.40625,431.40625,440.9375,440.9375,440.9375,440.625,431.40625,431.40625,440.9375,431.40625,440.625,440.9375,444.0625,440.9375,431.40625,440.9375,440.9375,431.40625,440.625,440.625,431.40625,431.40625,440.625,440.625,440.9375,439.375,431.40625,440.9375,431.40625,431.40625,440.9375,431.40625,427.5,431.40625,431.40625,431.40625,440.9375,431.40625,431.40625,440.625,440.625,431.40625,431.40625,440.625,431.40625,431.40625,440.625,440.625,431.40625,431.40625,440.625,427.5,440.9375,431.40625,444.0625,440.9375,440.9375,440.625,431.40625,440.625,427.5,444.0625,440.9375,431.40625,431.40625,434.84375,430.625,434.84375,434.84375,431.40625,440.9375,430.625,434.84375,430.625,427.5,430.625,430.625,434.84375,430.625,430.625,430.625,430.625,430.625,430.625,430.625,435.3125,431.40625,0.0,3.59375,8.125,6.5625,0.0,3.59375,3.59375,3.59375,3.59375,3.59375,3.59375,3.59375,3.59375,12.34375,11.71875,11.71875,11.71875,11.71875,11.71875,3.59375,3.59375,6.5625,11.71875,3.59375,3.59375,3.59375,3.59375,3.59375,3.59375,3.59375,3.59375,3.59375,3.59375,3.59375,3.59375,6.5625,6.5625,3.59375,3.59375,3.59375,3.59375,3.59375,3.59375,3.59375,12.34375,3.59375,3.59375,3.59375,3.59375,3.59375,3.59375,3.59375,3.59375,3.59375,3.59375,3.59375,12.34375,8.125,3.59375,3.59375,3.59375,3.59375,3.59375,12.34375,6.875,3.59375,26.25,3.59375,3.59375,3.59375,12.34375,3.59375,3.59375,8.125,6.5625,3.59375,6.5625,6.5625,6.5625,6.5625,6.5625,6.5625,6.5625,6.5625,3.59375,6.5625,6.5625,7.65625,6.5625,6.5625,6.5625,30.78125,6.5625
hDenV4/Colombia/SAN-UR-LV141010/2010,244.375,244.375,244.375,244.375,244.375,244.375,244.375,244.375,244.375,244.375,244.375,256.40625,256.40625,256.40625,244.375,256.40625,244.375,244.375,244.375,244.375,244.375,244.375,244.375,244.84375,244.375,242.1875,244.375,244.84375,244.84375,244.375,244.375,244.375,244.375,244.375,250.625,244.84375,244.375,244.375,244.84375,253.90625,244.375,244.375,244.84375,244.375,244.375,244.375,244.375,244.375,244.375,244.375,244.375,244.375,244.375,244.375,244.375,244.375,244.375,244.375,244.375,244.375,244.375,244.375,244.375,244.375,244.375,244.375,244.375,244.375,244.375,244.375,244.375,244.375,244.375,244.375,244.375,244.375,244.375,244.375,244.375,248.90625,244.375,244.375,244.375,244.375,244.375,244.375,244.375,244.375,244.375,244.375,244.375,244.375,244.375,256.40625,244.375,256.40625,244.375,244.375,244.375,256.40625,244.375,244.375,244.375,244.375,244.0625,271.40625,261.25,261.25,261.25,259.21875,278.90625,266.25,256.71875,261.25,261.25,261.25,261.25,261.25,261.25,261.25,261.25,261.25,261.25,261.25,261.25,261.25,261.25,261.25,261.25,261.25,261.25,261.25,261.25,261.25,261.25,261.25,261.25,261.25,261.25,261.25,261.25,261.25,261.25,261.25,261.25,261.25,261.25,261.25,261.25,261.25,261.25,261.25,261.25,261.25,261.25,261.25,261.25,261.25,261.25,262.34375,261.25,261.25,261.25,261.25,261.25,261.25,261.25,261.25,261.25,261.25,261.25,261.25,261.25,261.25,261.25,261.25,261.25,261.25,261.25,261.25,261.25,261.25,261.25,261.25,261.25,261.25,261.25,261.25,261.25,261.25,261.25,440.625,440.625,444.375,440.625,435.46875,435.46875,440.9375,433.28125,448.75,427.5,440.9375,431.40625,440.9375,440.9375,431.40625,431.40625,431.40625,440.9375,440.9375,440.9375,440.625,431.40625,431.40625,440.9375,431.40625,440.625,440.9375,444.0625,440.9375,431.40625,440.9375,440.9375,431.40625,440.625,440.625,431.40625,431.40625,440.625,440.625,440.9375,439.375,431.40625,440.9375,431.40625,431.40625,440.9375,431.40625,427.5,431.40625,431.40625,431.40625,440.9375,431.40625,431.40625,440.625,440.625,431.40625,431.40625,440.625,431.40625,431.40625,440.625,440.625,431.40625,431.40625,440.625,427.5,440.9375,431.40625,444.0625,440.9375,440.9375,440.625,431.40625,440.625,427.5,444.0625,440.9375,431.40625,431.40625,434.84375,430.625,434.84375,434.84375,431.40625,440.9375,430.625,434.84375,430.625,427.5,430.625,430.625,434.84375,430.625,430.625,430.625,430.625,430.625,430.625,430.625,435.3125,431.40625,0.0,3.59375,8.125,6.5625,0.0,3.59375,3.59375,3.59375,3.59375,3.59375,3.59375,3.59375,3.59375,12.34375,11.71875,11.71875,11.71875,11.71875,11.71875,3.59375,3.59375,6.5625,11.71875,3.59375,3.59375,3.59375,3.59375,3.59375,3.59375,3.59375,3.59375,3.59375,3.59375,3.59375,3.59375,6.5625,6.5625,3.59375,3.59375,3.59375,3.59375,3.59375,3.59375,3.59375,12.34375,3.59375,3.59375,3.59375,3.59375,3.59375,3.59375,3.59375,3.59375,3.59375,3.59375,3.59375,12.34375,8.125,3.59375,3.59375,3.59375,3.59375,3.59375,12.34375,6.875,3.59375,26.25,3.59375,3.59375,3.59375,12.34375,3.59375,3.59375,8.125,6.5625,3.59375,6.5625,6.5625,6.5625,6.5625,6.5625,6.5625,6.5625,6.5625,3.59375,6.5625,6.5625,7.65625,6.5625,6.5625,6.5625,30.78125,6.5625
hDenV4/Colombia/SAN-UR-LV141021/2010,244.375,244.375,244.375,244.375,244.375,244.375,244.375,244.375,244.375,244.375,244.375,256.40625,256.40625,256.40625,244.375,256.40625,244.375,244.375,244.375,244.375,244.375,244.375,244.375,244.84375,244.375,242.1875,244.375,244.84375,244.84375,244.375,244.375,244.375,244.375,244.375,250.625,244.84375,244.375,244.375,244.84375,253.90625,244.375,244.375,244.84375,244.375,244.375,244.375,244.375,244.375,244.375,244.375,244.375,244.375,244.375,244.375,244.375,244.375,244.375,244.375,244.375,244.375,244.375,244.375,244.375,244.375,244.375,244.375,244.375,244.375,244.375,244.375,244.375,244.375,244.375,244.375,244.375,244.375,244.375,244.375,244.375,248.90625,244.375,244.375,244.375,244.375,244.375,244.375,244.375,244.375,244.375,244.375,244.375,244.375,244.375,256.40625,244.375,256.40625,244.375,244.375,244.375,256.40625,244.375,244.375,244.375,244.375,244.0625,271.40625,261.25,261.25,261.25,259.21875,278.90625,266.25,256.71875,261.25,261.25,261.25,261.25,261.25,261.25,261.25,261.25,261.25,261.25,261.25,261.25,261.25,261.25,261.25,261.25,261.25,261.25,261.25,261.25,261.25,261.25,261.25,261.25,261.25,261.25,261.25,261.25,261.25,261.25,261.25,261.25,261.25,261.25,261.25,261.25,261.25,261.25,261.25,261.25,261.25,261.25,261.25,261.25,261.25,261.25,262.34375,261.25,261.25,261.25,261.25,261.25,261.25,261.25,261.25,261.25,261.25,261.25,261.25,261.25,261.25,261.25,261.25,261.25,261.25,261.25,261.25,261.25,261.25,261.25,261.25,261.25,261.25,261.25,261.25,261.25,261.25,261.25,440.625,440.625,444.375,440.625,435.46875,435.46875,440.9375,433.28125,448.75,427.5,440.9375,431.40625,440.9375,440.9375,431.40625,431.40625,431.40625,440.9375,440.9375,440.9375,440.625,431.40625,431.40625,440.9375,431.40625,440.625,440.9375,444.0625,440.9375,431.40625,440.9375,440.9375,431.40625,440.625,440.625,431.40625,431.40625,440.625,440.625,440.9375,439.375,431.40625,440.9375,431.40625,431.40625,440.9375,431.40625,427.5,431.40625,431.40625,431.40625,440.9375,431.40625,431.40625,440.625,440.625,431.40625,431.40625,440.625,431.40625,431.40625,440.625,440.625,431.40625,431.40625,440.625,427.5,440.9375,431.40625,444.0625,440.9375,440.9375,440.625,431.40625,440.625,427.5,444.0625,440.9375,431.40625,431.40625,434.84375,430.625,434.84375,434.84375,431.40625,440.9375,430.625,434.84375,430.625,427.5,430.625,430.625,434.84375,430.625,430.625,430.625,430.625,430.625,430.625,430.625,435.3125,431.40625,0.0,3.59375,8.125,6.5625,0.0,3.59375,3.59375,3.59375,3.59375,3.59375,3.59375,3.59375,3.59375,12.34375,11.71875,11.71875,11.71875,11.71875,11.71875,3.59375,3.59375,6.5625,11.71875,3.59375,3.59375,3.59375,3.59375,3.59375,3.59375,3.59375,3.59375,3.59375,3.59375,3.59375,3.59375,6.5625,6.5625,3.59375,3.59375,3.59375,3.59375,3.59375,3.59375,3.59375,12.34375,3.59375,3.59375,3.59375,3.59375,3.59375,3.59375,3.59375,3.59375,3.59375,3.59375,3.59375,12.34375,8.125,3.59375,3.59375,3.59375,3.59375,3.59375,12.34375,6.875,3.59375,26.25,3.59375,3.59375,3.59375,12.34375,3.59375,3.59375,8.125,6.5625,3.59375,6.5625,6.5625,6.5625,6.5625,6.5625,6.5625,6.5625,6.5625,3.59375,6.5625,6.5625,7.65625,6.5625,6.5625,6.5625,30.78125,6.5625
hDenV4/Colombia/SAN-UR-LV192075/2009,244.375,244.375,244.375,244.375,244.375,244.375,244.375,244.375,244.375,244.375,244.375,256.40625,256.40625,256.40625,244.375,256.40625,244.375,244.375,244.375,244.375,244.375,244.375,244.375,244.84375,244.375,242.1875,244.375,244.84375,244.84375,244.375,244.375,244.375,244.375,244.375,250.625,244.84375,244.375,244.375,244.84375,253.90625,244.375,244.375,244.84375,244.375,244.375,244.375,244.375,244.375,244.375,244.375,244.375,244.375,244.375,244.375,244.375,244.375,244.375,244.375,244.375,244.375,244.375,244.375,244.375,244.375,244.375,244.375,244.375,244.375,244.375,244.375,244.375,244.375,244.375,244.375,244.375,244.375,244.375,244.375,244.375,248.90625,244.375,244.375,244.375,244.375,244.375,244.375,244.375,244.375,244.375,244.375,244.375,244.375,244.375,256.40625,244.375,256.40625,244.375,244.375,244.375,256.40625,244.375,244.375,244.375,244.375,244.0625,271.40625,261.25,261.25,261.25,259.21875,278.90625,266.25,256.71875,261.25,261.25,261.25,261.25,261.25,261.25,261.25,261.25,261.25,261.25,261.25,261.25,261.25,261.25,261.25,261.25,261.25,261.25,261.25,261.25,261.25,261.25,261.25,261.25,261.25,261.25,261.25,261.25,261.25,261.25,261.25,261.25,261.25,261.25,261.25,261.25,261.25,261.25,261.25,261.25,261.25,261.25,261.25,261.25,261.25,261.25,262.34375,261.25,261.25,261.25,261.25,261.25,261.25,261.25,261.25,261.25,261.25,261.25,261.25,261.25,261.25,261.25,261.25,261.25,261.25,261.25,261.25,261.25,261.25,261.25,261.25,261.25,261.25,261.25,261.25,261.25,261.25,261.25,440.625,440.625,444.375,440.625,435.46875,435.46875,440.9375,433.28125,448.75,427.5,440.9375,431.40625,440.9375,440.9375,431.40625,431.40625,431.40625,440.9375,440.9375,440.9375,440.625,431.40625,431.40625,440.9375,431.40625,440.625,440.9375,444.0625,440.9375,431.40625,440.9375,440.9375,431.40625,440.625,440.625,431.40625,431.40625,440.625,440.625,440.9375,439.375,431.40625,440.9375,431.40625,431.40625,440.9375,431.40625,427.5,431.40625,431.40625,431.40625,440.9375,431.40625,431.40625,440.625,440.625,431.40625,431.40625,440.625,431.40625,431.40625,440.625,440.625,431.40625,431.40625,440.625,427.5,440.9375,431.40625,444.0625,440.9375,440.9375,440.625,431.40625,440.625,427.5,444.0625,440.9375,431.40625,431.40625,434.84375,430.625,434.84375,434.84375,431.40625,440.9375,430.625,434.84375,430.625,427.5,430.625,430.625,434.84375,430.625,430.625,430.625,430.625,430.625,430.625,430.625,435.3125,431.40625,0.0,3.59375,8.125,6.5625,0.0,3.59375,3.59375,3.59375,3.59375,3.59375,3.59375,3.59375,3.59375,12.34375,11.71875,11.71875,11.71875,11.71875,11.71875,3.59375,3.59375,6.5625,11.71875,3.59375,3.59375,3.59375,3.59375,3.59375,3.59375,3.59375,3.59375,3.59375,3.59375,3.59375,3.59375,6.5625,6.5625,3.59375,3.59375,3.59375,3.59375,3.59375,3.59375,3.59375,12.34375,3.59375,3.59375,3.59375,3.59375,3.59375,3.59375,3.59375,3.59375,3.59375,3.59375,3.59375,12.34375,8.125,3.59375,3.59375,3.59375,3.59375,3.59375,12.34375,6.875,3.59375,26.25,3.59375,3.59375,3.59375,12.34375,3.59375,3.59375,8.125,6.5625,3.59375,6.5625,6.5625,6.5625,6.5625,6.5625,6.5625,6.5625,6.5625,3.59375,6.5625,6.5625,7.65625,6.5625,6.5625,6.5625,30.78125,6.5625
hDenV4/Colombia/SAN-UR-P200120105/2015,244.375,244.375,244.375,244.375,244.375,244.375,244.375,244.375,244.375,244.375,244.375,256.40625,256.40625,256.40625,244.375,256.40625,244.375,244.375,244.375,244.375,244.375,244.375,244.375,244.84375,244.375,242.1875,244.375,244.84375,244.84375,244.375,244.375,244.375,244.375,244.375,250.625,244.84375,244.375,244.375,244.84375,253.90625,244.375,244.375,244.84375,244.375,244.375,244.375,244.375,244.375,244.375,244.375,244.375,244.375,244.375,244.375,244.375,244.375,244.375,244.375,244.375,244.375,244.375,244.375,244.375,244.375,244.375,244.375,244.375,244.375,244.375,244.375,244.375,244.375,244.375,244.375,244.375,244.375,244.375,244.375,244.375,248.90625,244.375,244.375,244.375,244.375,244.375,244.375,244.375,244.375,244.375,244.375,244.375,244.375,244.375,256.40625,244.375,256.40625,244.375,244.375,244.375,256.40625,244.375,244.375,244.375,244.375,244.0625,271.40625,261.25,261.25,261.25,259.21875,278.90625,266.25,256.71875,261.25,261.25,261.25,261.25,261.25,261.25,261.25,261.25,261.25,261.25,261.25,261.25,261.25,261.25,261.25,261.25,261.25,261.25,261.25,261.25,261.25,261.25,261.25,261.25,261.25,261.25,261.25,261.25,261.25,261.25,261.25,261.25,261.25,261.25,261.25,261.25,261.25,261.25,261.25,261.25,261.25,261.25,261.25,261.25,261.25,261.25,262.34375,261.25,261.25,261.25,261.25,261.25,261.25,261.25,261.25,261.25,261.25,261.25,261.25,261.25,261.25,261.25,261.25,261.25,261.25,261.25,261.25,261.25,261.25,261.25,261.25,261.25,261.25,261.25,261.25,261.25,261.25,261.25,440.625,440.625,444.375,440.625,435.46875,435.46875,440.9375,433.28125,448.75,427.5,440.9375,431.40625,440.9375,440.9375,431.40625,431.40625,431.40625,440.9375,440.9375,440.9375,440.625,431.40625,431.40625,440.9375,431.40625,440.625,440.9375,444.0625,440.9375,431.40625,440.9375,440.9375,431.40625,440.625,440.625,431.40625,431.40625,440.625,440.625,440.9375,439.375,431.40625,440.9375,431.40625,431.40625,440.9375,431.40625,427.5,431.40625,431.40625,431.40625,440.9375,431.40625,431.40625,440.625,440.625,431.40625,431.40625,440.625,431.40625,431.40625,440.625,440.625,431.40625,431.40625,440.625,427.5,440.9375,431.40625,444.0625,440.9375,440.9375,440.625,431.40625,440.625,427.5,444.0625,440.9375,431.40625,431.40625,434.84375,430.625,434.84375,434.84375,431.40625,440.9375,430.625,434.84375,430.625,427.5,430.625,430.625,434.84375,430.625,430.625,430.625,430.625,430.625,430.625,430.625,435.3125,431.40625,0.0,3.59375,8.125,6.5625,0.0,3.59375,3.59375,3.59375,3.59375,3.59375,3.59375,3.59375,3.59375,12.34375,11.71875,11.71875,11.71875,11.71875,11.71875,3.59375,3.59375,6.5625,11.71875,3.59375,3.59375,3.59375,3.59375,3.59375,3.59375,3.59375,3.59375,3.59375,3.59375,3.59375,3.59375,6.5625,6.5625,3.59375,3.59375,3.59375,3.59375,3.59375,3.59375,3.59375,12.34375,3.59375,3.59375,3.59375,3.59375,3.59375,3.59375,3.59375,3.59375,3.59375,3.59375,3.59375,12.34375,8.125,3.59375,3.59375,3.59375,3.59375,3.59375,12.34375,6.875,3.59375,26.25,3.59375,3.59375,3.59375,12.34375,3.59375,3.59375,8.125,6.5625,3.59375,6.5625,6.5625,6.5625,6.5625,6.5625,6.5625,6.5625,6.5625,3.59375,6.5625,6.5625,7.65625,6.5625,6.5625,6.5625,30.78125,6.5625
hDenV4/Colombia/SAN-UR-P202090076/2015,244.375,244.375,244.375,244.375,244.375,244.375,244.375,244.375,244.375,244.375,244.375,256.40625,256.40625,256.40625,244.375,256.40625,244.375,244.375,244.375,244.375,244.375,244.375,244.375,244.84375,244.375,242.1875,244.375,244.84375,244.84375,244.375,244.375,244.375,244.375,244.375,250.625,244.84375,244.375,244.375,244.84375,253.90625,244.375,244.375,244.84375,244.375,244.375,244.375,244.375,244.375,244.375,244.375,244.375,244.375,244.375,244.375,244.375,244.375,244.375,244.375,244.375,244.375,244.375,244.375,244.375,244.375,244.375,244.375,244.375,244.375,244.375,244.375,244.375,244.375,244.375,244.375,244.375,244.375,244.375,244.375,244.375,248.90625,244.375,244.375,244.375,244.375,244.375,244.375,244.375,244.375,244.375,244.375,244.375,244.375,244.375,256.40625,244.375,256.40625,244.375,244.375,244.375,256.40625,244.375,244.375,244.375,244.375,244.0625,271.40625,261.25,261.25,261.25,259.21875,278.90625,266.25,256.71875,261.25,261.25,261.25,261.25,261.25,261.25,261.25,261.25,261.25,261.25,261.25,261.25,261.25,261.25,261.25,261.25,261.25,261.25,261.25,261.25,261.25,261.25,261.25,261.25,261.25,261.25,261.25,261.25,261.25,261.25,261.25,261.25,261.25,261.25,261.25,261.25,261.25,261.25,261.25,261.25,261.25,261.25,261.25,261.25,261.25,261.25,262.34375,261.25,261.25,261.25,261.25,261.25,261.25,261.25,261.25,261.25,261.25,261.25,261.25,261.25,261.25,261.25,261.25,261.25,261.25,261.25,261.25,261.25,261.25,261.25,261.25,261.25,261.25,261.25,261.25,261.25,261.25,261.25,440.625,440.625,444.375,440.625,435.46875,435.46875,440.9375,433.28125,448.75,427.5,440.9375,431.40625,440.9375,440.9375,431.40625,431.40625,431.40625,440.9375,440.9375,440.9375,440.625,431.40625,431.40625,440.9375,431.40625,440.625,440.9375,444.0625,440.9375,431.40625,440.9375,440.9375,431.40625,440.625,440.625,431.40625,431.40625,440.625,440.625,440.9375,439.375,431.40625,440.9375,431.40625,431.40625,440.9375,431.40625,427.5,431.40625,431.40625,431.40625,440.9375,431.40625,431.40625,440.625,440.625,431.40625,431.40625,440.625,431.40625,431.40625,440.625,440.625,431.40625,431.40625,440.625,427.5,440.9375,431.40625,444.0625,440.9375,440.9375,440.625,431.40625,440.625,427.5,444.0625,440.9375,431.40625,431.40625,434.84375,430.625,434.84375,434.84375,431.40625,440.9375,430.625,434.84375,430.625,427.5,430.625,430.625,434.84375,430.625,430.625,430.625,430.625,430.625,430.625,430.625,435.3125,431.40625,0.0,3.59375,8.125,6.5625,0.0,3.59375,3.59375,3.59375,3.59375,3.59375,3.59375,3.59375,3.59375,12.34375,11.71875,11.71875,11.71875,11.71875,11.71875,3.59375,3.59375,6.5625,11.71875,3.59375,3.59375,3.59375,3.59375,3.59375,3.59375,3.59375,3.59375,3.59375,3.59375,3.59375,3.59375,6.5625,6.5625,3.59375,3.59375,3.59375,3.59375,3.59375,3.59375,3.59375,12.34375,3.59375,3.59375,3.59375,3.59375,3.59375,3.59375,3.59375,3.59375,3.59375,3.59375,3.59375,12.34375,8.125,3.59375,3.59375,3.59375,3.59375,3.59375,12.34375,6.875,3.59375,26.25,3.59375,3.59375,3.59375,12.34375,3.59375,3.59375,8.125,6.5625,3.59375,6.5625,6.5625,6.5625,6.5625,6.5625,6.5625,6.5625,6.5625,3.59375,6.5625,6.5625,7.65625,6.5625,6.5625,6.5625,30.78125,6.5625
hDenV4/Colombia/VAC-LSPVAC-2401630/2024,244.375,244.375,244.375,244.375,244.375,244.375,244.375,244.375,244.375,244.375,244.375,256.40625,256.40625,256.40625,244.375,256.40625,244.375,244.375,244.375,244.375,244.375,244.375,244.375,244.84375,244.375,242.1875,244.375,244.84375,244.84375,244.375,244.375,244.375,244.375,244.375,250.625,244.84375,244.375,244.375,244.84375,253.90625,244.375,244.375,244.84375,244.375,244.375,244.375,244.375,244.375,244.375,244.375,244.375,244.375,244.375,244.375,244.375,244.375,244.375,244.375,244.375,244.375,244.375,244.375,244.375,244.375,244.375,244.375,244.375,244.375,244.375,244.375,244.375,244.375,244.375,244.375,244.375,244.375,244.375,244.375,244.375,248.90625,244.375,244.375,244.375,244.375,244.375,244.375,244.375,244.375,244.375,244.375,244.375,244.375,244.375,256.40625,244.375,256.40625,244.375,244.375,244.375,256.40625,244.375,244.375,244.375,244.375,244.0625,271.40625,261.25,261.25,261.25,259.21875,278.90625,266.25,256.71875,261.25,261.25,261.25,261.25,261.25,261.25,261.25,261.25,261.25,261.25,261.25,261.25,261.25,261.25,261.25,261.25,261.25,261.25,261.25,261.25,261.25,261.25,261.25,261.25,261.25,261.25,261.25,261.25,261.25,261.25,261.25,261.25,261.25,261.25,261.25,261.25,261.25,261.25,261.25,261.25,261.25,261.25,261.25,261.25,261.25,261.25,262.34375,261.25,261.25,261.25,261.25,261.25,261.25,261.25,261.25,261.25,261.25,261.25,261.25,261.25,261.25,261.25,261.25,261.25,261.25,261.25,261.25,261.25,261.25,261.25,261.25,261.25,261.25,261.25,261.25,261.25,261.25,261.25,440.625,440.625,444.375,440.625,435.46875,435.46875,440.9375,433.28125,448.75,427.5,440.9375,431.40625,440.9375,440.9375,431.40625,431.40625,431.40625,440.9375,440.9375,440.9375,440.625,431.40625,431.40625,440.9375,431.40625,440.625,440.9375,444.0625,440.9375,431.40625,440.9375,440.9375,431.40625,440.625,440.625,431.40625,431.40625,440.625,440.625,440.9375,439.375,431.40625,440.9375,431.40625,431.40625,440.9375,431.40625,427.5,431.40625,431.40625,431.40625,440.9375,431.40625,431.40625,440.625,440.625,431.40625,431.40625,440.625,431.40625,431.40625,440.625,440.625,431.40625,431.40625,440.625,427.5,440.9375,431.40625,444.0625,440.9375,440.9375,440.625,431.40625,440.625,427.5,444.0625,440.9375,431.40625,431.40625,434.84375,430.625,434.84375,434.84375,431.40625,440.9375,430.625,434.84375,430.625,427.5,430.625,430.625,434.84375,430.625,430.625,430.625,430.625,430.625,430.625,430.625,435.3125,431.40625,0.0,3.59375,8.125,6.5625,0.0,3.59375,3.59375,3.59375,3.59375,3.59375,3.59375,3.59375,3.59375,12.34375,11.71875,11.71875,11.71875,11.71875,11.71875,3.59375,3.59375,6.5625,11.71875,3.59375,3.59375,3.59375,3.59375,3.59375,3.59375,3.59375,3.59375,3.59375,3.59375,3.59375,3.59375,6.5625,6.5625,3.59375,3.59375,3.59375,3.59375,3.59375,3.59375,3.59375,12.34375,3.59375,3.59375,3.59375,3.59375,3.59375,3.59375,3.59375,3.59375,3.59375,3.59375,3.59375,12.34375,8.125,3.59375,3.59375,3.59375,3.59375,3.59375,12.34375,6.875,3.59375,26.25,3.59375,3.59375,3.59375,12.34375,3.59375,3.59375,8.125,6.5625,3.59375,6.5625,6.5625,6.5625,6.5625,6.5625,6.5625,6.5625,6.5625,3.59375,6.5625,6.5625,7.65625,6.5625,6.5625,6.5625,30.78125,6.5625
hDenV4/Colombia/VAC-LSPVAC-2403871/2024,244.375,244.375,244.375,244.375,244.375,244.375,244.375,244.375,244.375,244.375,244.375,256.40625,256.40625,256.40625,244.375,256.40625,244.375,244.375,244.375,244.375,244.375,244.375,244.375,244.84375,244.375,242.1875,244.375,244.84375,244.84375,244.375,244.375,244.375,244.375,244.375,250.625,244.84375,244.375,244.375,244.84375,253.90625,244.375,244.375,244.84375,244.375,244.375,244.375,244.375,244.375,244.375,244.375,244.375,244.375,244.375,244.375,244.375,244.375,244.375,244.375,244.375,244.375,244.375,244.375,244.375,244.375,244.375,244.375,244.375,244.375,244.375,244.375,244.375,244.375,244.375,244.375,244.375,244.375,244.375,244.375,244.375,248.90625,244.375,244.375,244.375,244.375,244.375,244.375,244.375,244.375,244.375,244.375,244.375,244.375,244.375,256.40625,244.375,256.40625,244.375,244.375,244.375,256.40625,244.375,244.375,244.375,244.375,244.0625,271.40625,261.25,261.25,261.25,259.21875,278.90625,266.25,256.71875,261.25,261.25,261.25,261.25,261.25,261.25,261.25,261.25,261.25,261.25,261.25,261.25,261.25,261.25,261.25,261.25,261.25,261.25,261.25,261.25,261.25,261.25,261.25,261.25,261.25,261.25,261.25,261.25,261.25,261.25,261.25,261.25,261.25,261.25,261.25,261.25,261.25,261.25,261.25,261.25,261.25,261.25,261.25,261.25,261.25,261.25,262.34375,261.25,261.25,261.25,261.25,261.25,261.25,261.25,261.25,261.25,261.25,261.25,261.25,261.25,261.25,261.25,261.25,261.25,261.25,261.25,261.25,261.25,261.25,261.25,261.25,261.25,261.25,261.25,261.25,261.25,261.25,261.25,440.625,440.625,444.375,440.625,435.46875,435.46875,440.9375,433.28125,448.75,427.5,440.9375,431.40625,440.9375,440.9375,431.40625,431.40625,431.40625,440.9375,440.9375,440.9375,440.625,431.40625,431.40625,440.9375,431.40625,440.625,440.9375,444.0625,440.9375,431.40625,440.9375,440.9375,431.40625,440.625,440.625,431.40625,431.40625,440.625,440.625,440.9375,439.375,431.40625,440.9375,431.40625,431.40625,440.9375,431.40625,427.5,431.40625,431.40625,431.40625,440.9375,431.40625,431.40625,440.625,440.625,431.40625,431.40625,440.625,431.40625,431.40625,440.625,440.625,431.40625,431.40625,440.625,427.5,440.9375,431.40625,444.0625,440.9375,440.9375,440.625,431.40625,440.625,427.5,444.0625,440.9375,431.40625,431.40625,434.84375,430.625,434.84375,434.84375,431.40625,440.9375,430.625,434.84375,430.625,427.5,430.625,430.625,434.84375,430.625,430.625,430.625,430.625,430.625,430.625,430.625,435.3125,431.40625,0.0,3.59375,8.125,6.5625,0.0,3.59375,3.59375,3.59375,3.59375,3.59375,3.59375,3.59375,3.59375,12.34375,11.71875,11.71875,11.71875,11.71875,11.71875,3.59375,3.59375,6.5625,11.71875,3.59375,3.59375,3.59375,3.59375,3.59375,3.59375,3.59375,3.59375,3.59375,3.59375,3.59375,3.59375,6.5625,6.5625,3.59375,3.59375,3.59375,3.59375,3.59375,3.59375,3.59375,12.34375,3.59375,3.59375,3.59375,3.59375,3.59375,3.59375,3.59375,3.59375,3.59375,3.59375,3.59375,12.34375,8.125,3.59375,3.59375,3.59375,3.59375,3.59375,12.34375,6.875,3.59375,26.25,3.59375,3.59375,3.59375,12.34375,3.59375,3.59375,8.125,6.5625,3.59375,6.5625,6.5625,6.5625,6.5625,6.5625,6.5625,6.5625,6.5625,3.59375,6.5625,6.5625,7.65625,6.5625,6.5625,6.5625,30.78125,6.5625
hDenV4/Colombia/un-CDC-039/2006,244.375,244.375,244.375,244.375,244.375,244.375,244.375,244.375,244.375,244.375,244.375,256.40625,256.40625,256.40625,244.375,256.40625,244.375,244.375,244.375,244.375,244.375,244.375,244.375,244.84375,244.375,242.1875,244.375,244.84375,244.84375,244.375,244.375,244.375,244.375,244.375,250.625,244.84375,244.375,244.375,244.84375,253.90625,244.375,244.375,244.84375,244.375,244.375,244.375,244.375,244.375,244.375,244.375,244.375,244.375,244.375,244.375,244.375,244.375,244.375,244.375,244.375,244.375,244.375,244.375,244.375,244.375,244.375,244.375,244.375,244.375,244.375,244.375,244.375,244.375,244.375,244.375,244.375,244.375,244.375,244.375,244.375,248.90625,244.375,244.375,244.375,244.375,244.375,244.375,244.375,244.375,244.375,244.375,244.375,244.375,244.375,256.40625,244.375,256.40625,244.375,244.375,244.375,256.40625,244.375,244.375,244.375,244.375,244.0625,271.40625,261.25,261.25,261.25,259.21875,278.90625,266.25,256.71875,261.25,261.25,261.25,261.25,261.25,261.25,261.25,261.25,261.25,261.25,261.25,261.25,261.25,261.25,261.25,261.25,261.25,261.25,261.25,261.25,261.25,261.25,261.25,261.25,261.25,261.25,261.25,261.25,261.25,261.25,261.25,261.25,261.25,261.25,261.25,261.25,261.25,261.25,261.25,261.25,261.25,261.25,261.25,261.25,261.25,261.25,262.34375,261.25,261.25,261.25,261.25,261.25,261.25,261.25,261.25,261.25,261.25,261.25,261.25,261.25,261.25,261.25,261.25,261.25,261.25,261.25,261.25,261.25,261.25,261.25,261.25,261.25,261.25,261.25,261.25,261.25,261.25,261.25,440.625,440.625,444.375,440.625,435.46875,435.46875,440.9375,433.28125,448.75,427.5,440.9375,431.40625,440.9375,440.9375,431.40625,431.40625,431.40625,440.9375,440.9375,440.9375,440.625,431.40625,431.40625,440.9375,431.40625,440.625,440.9375,444.0625,440.9375,431.40625,440.9375,440.9375,431.40625,440.625,440.625,431.40625,431.40625,440.625,440.625,440.9375,439.375,431.40625,440.9375,431.40625,431.40625,440.9375,431.40625,427.5,431.40625,431.40625,431.40625,440.9375,431.40625,431.40625,440.625,440.625,431.40625,431.40625,440.625,431.40625,431.40625,440.625,440.625,431.40625,431.40625,440.625,427.5,440.9375,431.40625,444.0625,440.9375,440.9375,440.625,431.40625,440.625,427.5,444.0625,440.9375,431.40625,431.40625,434.84375,430.625,434.84375,434.84375,431.40625,440.9375,430.625,434.84375,430.625,427.5,430.625,430.625,434.84375,430.625,430.625,430.625,430.625,430.625,430.625,430.625,435.3125,431.40625,0.0,3.59375,8.125,6.5625,0.0,3.59375,3.59375,3.59375,3.59375,3.59375,3.59375,3.59375,3.59375,12.34375,11.71875,11.71875,11.71875,11.71875,11.71875,3.59375,3.59375,6.5625,11.71875,3.59375,3.59375,3.59375,3.59375,3.59375,3.59375,3.59375,3.59375,3.59375,3.59375,3.59375,3.59375,6.5625,6.5625,3.59375,3.59375,3.59375,3.59375,3.59375,3.59375,3.59375,12.34375,3.59375,3.59375,3.59375,3.59375,3.59375,3.59375,3.59375,3.59375,3.59375,3.59375,3.59375,12.34375,8.125,3.59375,3.59375,3.59375,3.59375,3.59375,12.34375,6.875,3.59375,26.25,3.59375,3.59375,3.59375,12.34375,3.59375,3.59375,8.125,6.5625,3.59375,6.5625,6.5625,6.5625,6.5625,6.5625,6.5625,6.5625,6.5625,3.59375,6.5625,6.5625,7.65625,6.5625,6.5625,6.5625,30.78125,6.5625
hDenV4/Colombia/un-INS-480579/2016,244.375,244.375,244.375,244.375,244.375,244.375,244.375,244.375,244.375,244.375,244.375,256.40625,256.40625,256.40625,244.375,256.40625,244.375,244.375,244.375,244.375,244.375,244.375,244.375,244.84375,244.375,242.1875,244.375,244.84375,244.84375,244.375,244.375,244.375,244.375,244.375,250.625,244.84375,244.375,244.375,244.84375,253.90625,244.375,244.375,244.84375,244.375,244.375,244.375,244.375,244.375,244.375,244.375,244.375,244.375,244.375,244.375,244.375,244.375,244.375,244.375,244.375,244.375,244.375,244.375,244.375,244.375,244.375,244.375,244.375,244.375,244.375,244.375,244.375,244.375,244.375,244.375,244.375,244.375,244.375,244.375,244.375,248.90625,244.375,244.375,244.375,244.375,244.375,244.375,244.375,244.375,244.375,244.375,244.375,244.375,244.375,256.40625,244.375,256.40625,244.375,244.375,244.375,256.40625,244.375,244.375,244.375,244.375,244.0625,271.40625,261.25,261.25,261.25,259.21875,278.90625,266.25,256.71875,261.25,261.25,261.25,261.25,261.25,261.25,261.25,261.25,261.25,261.25,261.25,261.25,261.25,261.25,261.25,261.25,261.25,261.25,261.25,261.25,261.25,261.25,261.25,261.25,261.25,261.25,261.25,261.25,261.25,261.25,261.25,261.25,261.25,261.25,261.25,261.25,261.25,261.25,261.25,261.25,261.25,261.25,261.25,261.25,261.25,261.25,262.34375,261.25,261.25,261.25,261.25,261.25,261.25,261.25,261.25,261.25,261.25,261.25,261.25,261.25,261.25,261.25,261.25,261.25,261.25,261.25,261.25,261.25,261.25,261.25,261.25,261.25,261.25,261.25,261.25,261.25,261.25,261.25,440.625,440.625,444.375,440.625,435.46875,435.46875,440.9375,433.28125,448.75,427.5,440.9375,431.40625,440.9375,440.9375,431.40625,431.40625,431.40625,440.9375,440.9375,440.9375,440.625,431.40625,431.40625,440.9375,431.40625,440.625,440.9375,444.0625,440.9375,431.40625,440.9375,440.9375,431.40625,440.625,440.625,431.40625,431.40625,440.625,440.625,440.9375,439.375,431.40625,440.9375,431.40625,431.40625,440.9375,431.40625,427.5,431.40625,431.40625,431.40625,440.9375,431.40625,431.40625,440.625,440.625,431.40625,431.40625,440.625,431.40625,431.40625,440.625,440.625,431.40625,431.40625,440.625,427.5,440.9375,431.40625,444.0625,440.9375,440.9375,440.625,431.40625,440.625,427.5,444.0625,440.9375,431.40625,431.40625,434.84375,430.625,434.84375,434.84375,431.40625,440.9375,430.625,434.84375,430.625,427.5,430.625,430.625,434.84375,430.625,430.625,430.625,430.625,430.625,430.625,430.625,435.3125,431.40625,0.0,3.59375,8.125,6.5625,0.0,3.59375,3.59375,3.59375,3.59375,3.59375,3.59375,3.59375,3.59375,12.34375,11.71875,11.71875,11.71875,11.71875,11.71875,3.59375,3.59375,6.5625,11.71875,3.59375,3.59375,3.59375,3.59375,3.59375,3.59375,3.59375,3.59375,3.59375,3.59375,3.59375,3.59375,6.5625,6.5625,3.59375,3.59375,3.59375,3.59375,3.59375,3.59375,3.59375,12.34375,3.59375,3.59375,3.59375,3.59375,3.59375,3.59375,3.59375,3.59375,3.59375,3.59375,3.59375,12.34375,8.125,3.59375,3.59375,3.59375,3.59375,3.59375,12.34375,6.875,3.59375,26.25,3.59375,3.59375,3.59375,12.34375,3.59375,3.59375,8.125,6.5625,3.59375,6.5625,6.5625,6.5625,6.5625,6.5625,6.5625,6.5625,6.5625,3.59375,6.5625,6.5625,7.65625,6.5625,6.5625,6.5625,30.78125,6.5625
hDenV4/Colombia/un-OUCRU-401211/2013,244.375,244.375,244.375,244.375,244.375,244.375,244.375,244.375,244.375,244.375,244.375,256.40625,256.40625,256.40625,244.375,256.40625,244.375,244.375,244.375,244.375,244.375,244.375,244.375,244.84375,244.375,242.1875,244.375,244.84375,244.84375,244.375,244.375,244.375,244.375,244.375,250.625,244.84375,244.375,244.375,244.84375,253.90625,244.375,244.375,244.84375,244.375,244.375,244.375,244.375,244.375,244.375,244.375,244.375,244.375,244.375,244.375,244.375,244.375,244.375,244.375,244.375,244.375,244.375,244.375,244.375,244.375,244.375,244.375,244.375,244.375,244.375,244.375,244.375,244.375,244.375,244.375,244.375,244.375,244.375,244.375,244.375,248.90625,244.375,244.375,244.375,244.375,244.375,244.375,244.375,244.375,244.375,244.375,244.375,244.375,244.375,256.40625,244.375,256.40625,244.375,244.375,244.375,256.40625,244.375,244.375,244.375,244.375,244.0625,271.40625,261.25,261.25,261.25,259.21875,278.90625,266.25,256.71875,261.25,261.25,261.25,261.25,261.25,261.25,261.25,261.25,261.25,261.25,261.25,261.25,261.25,261.25,261.25,261.25,261.25,261.25,261.25,261.25,261.25,261.25,261.25,261.25,261.25,261.25,261.25,261.25,261.25,261.25,261.25,261.25,261.25,261.25,261.25,261.25,261.25,261.25,261.25,261.25,261.25,261.25,261.25,261.25,261.25,261.25,262.34375,261.25,261.25,261.25,261.25,261.25,261.25,261.25,261.25,261.25,261.25,261.25,261.25,261.25,261.25,261.25,261.25,261.25,261.25,261.25,261.25,261.25,261.25,261.25,261.25,261.25,261.25,261.25,261.25,261.25,261.25,261.25,440.625,440.625,444.375,440.625,435.46875,435.46875,440.9375,433.28125,448.75,427.5,440.9375,431.40625,440.9375,440.9375,431.40625,431.40625,431.40625,440.9375,440.9375,440.9375,440.625,431.40625,431.40625,440.9375,431.40625,440.625,440.9375,444.0625,440.9375,431.40625,440.9375,440.9375,431.40625,440.625,440.625,431.40625,431.40625,440.625,440.625,440.9375,439.375,431.40625,440.9375,431.40625,431.40625,440.9375,431.40625,427.5,431.40625,431.40625,431.40625,440.9375,431.40625,431.40625,440.625,440.625,431.40625,431.40625,440.625,431.40625,431.40625,440.625,440.625,431.40625,431.40625,440.625,427.5,440.9375,431.40625,444.0625,440.9375,440.9375,440.625,431.40625,440.625,427.5,444.0625,440.9375,431.40625,431.40625,434.84375,430.625,434.84375,434.84375,431.40625,440.9375,430.625,434.84375,430.625,427.5,430.625,430.625,434.84375,430.625,430.625,430.625,430.625,430.625,430.625,430.625,435.3125,431.40625,0.0,3.59375,8.125,6.5625,0.0,3.59375,3.59375,3.59375,3.59375,3.59375,3.59375,3.59375,3.59375,12.34375,11.71875,11.71875,11.71875,11.71875,11.71875,3.59375,3.59375,6.5625,11.71875,3.59375,3.59375,3.59375,3.59375,3.59375,3.59375,3.59375,3.59375,3.59375,3.59375,3.59375,3.59375,6.5625,6.5625,3.59375,3.59375,3.59375,3.59375,3.59375,3.59375,3.59375,12.34375,3.59375,3.59375,3.59375,3.59375,3.59375,3.59375,3.59375,3.59375,3.59375,3.59375,3.59375,12.34375,8.125,3.59375,3.59375,3.59375,3.59375,3.59375,12.34375,6.875,3.59375,26.25,3.59375,3.59375,3.59375,12.34375,3.59375,3.59375,8.125,6.5625,3.59375,6.5625,6.5625,6.5625,6.5625,6.5625,6.5625,6.5625,6.5625,3.59375,6.5625,6.5625,7.65625,6.5625,6.5625,6.5625,30.78125,6.5625
hDenV4/Colombia/un-OUCRU-401213/2013,244.375,244.375,244.375,244.375,244.375,244.375,244.375,244.375,244.375,244.375,244.375,256.40625,256.40625,256.40625,244.375,256.40625,244.375,244.375,244.375,244.375,244.375,244.375,244.375,244.84375,244.375,242.1875,244.375,244.84375,244.84375,244.375,244.375,244.375,244.375,244.375,250.625,244.84375,244.375,244.375,244.84375,253.90625,244.375,244.375,244.84375,244.375,244.375,244.375,244.375,244.375,244.375,244.375,244.375,244.375,244.375,244.375,244.375,244.375,244.375,244.375,244.375,244.375,244.375,244.375,244.375,244.375,244.375,244.375,244.375,244.375,244.375,244.375,244.375,244.375,244.375,244.375,244.375,244.375,244.375,244.375,244.375,248.90625,244.375,244.375,244.375,244.375,244.375,244.375,244.375,244.375,244.375,244.375,244.375,244.375,244.375,256.40625,244.375,256.40625,244.375,244.375,244.375,256.40625,244.375,244.375,244.375,244.375,244.0625,271.40625,261.25,261.25,261.25,259.21875,278.90625,266.25,256.71875,261.25,261.25,261.25,261.25,261.25,261.25,261.25,261.25,261.25,261.25,261.25,261.25,261.25,261.25,261.25,261.25,261.25,261.25,261.25,261.25,261.25,261.25,261.25,261.25,261.25,261.25,261.25,261.25,261.25,261.25,261.25,261.25,261.25,261.25,261.25,261.25,261.25,261.25,261.25,261.25,261.25,261.25,261.25,261.25,261.25,261.25,262.34375,261.25,261.25,261.25,261.25,261.25,261.25,261.25,261.25,261.25,261.25,261.25,261.25,261.25,261.25,261.25,261.25,261.25,261.25,261.25,261.25,261.25,261.25,261.25,261.25,261.25,261.25,261.25,261.25,261.25,261.25,261.25,440.625,440.625,444.375,440.625,435.46875,435.46875,440.9375,433.28125,448.75,427.5,440.9375,431.40625,440.9375,440.9375,431.40625,431.40625,431.40625,440.9375,440.9375,440.9375,440.625,431.40625,431.40625,440.9375,431.40625,440.625,440.9375,444.0625,440.9375,431.40625,440.9375,440.9375,431.40625,440.625,440.625,431.40625,431.40625,440.625,440.625,440.9375,439.375,431.40625,440.9375,431.40625,431.40625,440.9375,431.40625,427.5,431.40625,431.40625,431.40625,440.9375,431.40625,431.40625,440.625,440.625,431.40625,431.40625,440.625,431.40625,431.40625,440.625,440.625,431.40625,431.40625,440.625,427.5,440.9375,431.40625,444.0625,440.9375,440.9375,440.625,431.40625,440.625,427.5,444.0625,440.9375,431.40625,431.40625,434.84375,430.625,434.84375,434.84375,431.40625,440.9375,430.625,434.84375,430.625,427.5,430.625,430.625,434.84375,430.625,430.625,430.625,430.625,430.625,430.625,430.625,435.3125,431.40625,0.0,3.59375,8.125,6.5625,0.0,3.59375,3.59375,3.59375,3.59375,3.59375,3.59375,3.59375,3.59375,12.34375,11.71875,11.71875,11.71875,11.71875,11.71875,3.59375,3.59375,6.5625,11.71875,3.59375,3.59375,3.59375,3.59375,3.59375,3.59375,3.59375,3.59375,3.59375,3.59375,3.59375,3.59375,6.5625,6.5625,3.59375,3.59375,3.59375,3.59375,3.59375,3.59375,3.59375,12.34375,3.59375,3.59375,3.59375,3.59375,3.59375,3.59375,3.59375,3.59375,3.59375,3.59375,3.59375,12.34375,8.125,3.59375,3.59375,3.59375,3.59375,3.59375,12.34375,6.875,3.59375,26.25,3.59375,3.59375,3.59375,12.34375,3.59375,3.59375,8.125,6.5625,3.59375,6.5625,6.5625,6.5625,6.5625,6.5625,6.5625,6.5625,6.5625,3.59375,6.5625,6.5625,7.65625,6.5625,6.5625,6.5625,30.78125,6.5625
hDenV4/Colombia/un-OUCRU-401215/2013,244.375,244.375,244.375,244.375,244.375,244.375,244.375,244.375,244.375,244.375,244.375,256.40625,256.40625,256.40625,244.375,256.40625,244.375,244.375,244.375,244.375,244.375,244.375,244.375,244.84375,244.375,242.1875,244.375,244.84375,244.84375,244.375,244.375,244.375,244.375,244.375,250.625,244.84375,244.375,244.375,244.84375,253.90625,244.375,244.375,244.84375,244.375,244.375,244.375,244.375,244.375,244.375,244.375,244.375,244.375,244.375,244.375,244.375,244.375,244.375,244.375,244.375,244.375,244.375,244.375,244.375,244.375,244.375,244.375,244.375,244.375,244.375,244.375,244.375,244.375,244.375,244.375,244.375,244.375,244.375,244.375,244.375,248.90625,244.375,244.375,244.375,244.375,244.375,244.375,244.375,244.375,244.375,244.375,244.375,244.375,244.375,256.40625,244.375,256.40625,244.375,244.375,244.375,256.40625,244.375,244.375,244.375,244.375,244.0625,271.40625,261.25,261.25,261.25,259.21875,278.90625,266.25,256.71875,261.25,261.25,261.25,261.25,261.25,261.25,261.25,261.25,261.25,261.25,261.25,261.25,261.25,261.25,261.25,261.25,261.25,261.25,261.25,261.25,261.25,261.25,261.25,261.25,261.25,261.25,261.25,261.25,261.25,261.25,261.25,261.25,261.25,261.25,261.25,261.25,261.25,261.25,261.25,261.25,261.25,261.25,261.25,261.25,261.25,261.25,262.34375,261.25,261.25,261.25,261.25,261.25,261.25,261.25,261.25,261.25,261.25,261.25,261.25,261.25,261.25,261.25,261.25,261.25,261.25,261.25,261.25,261.25,261.25,261.25,261.25,261.25,261.25,261.25,261.25,261.25,261.25,261.25,440.625,440.625,444.375,440.625,435.46875,435.46875,440.9375,433.28125,448.75,427.5,440.9375,431.40625,440.9375,440.9375,431.40625,431.40625,431.40625,440.9375,440.9375,440.9375,440.625,431.40625,431.40625,440.9375,431.40625,440.625,440.9375,444.0625,440.9375,431.40625,440.9375,440.9375,431.40625,440.625,440.625,431.40625,431.40625,440.625,440.625,440.9375,439.375,431.40625,440.9375,431.40625,431.40625,440.9375,431.40625,427.5,431.40625,431.40625,431.40625,440.9375,431.40625,431.40625,440.625,440.625,431.40625,431.40625,440.625,431.40625,431.40625,440.625,440.625,431.40625,431.40625,440.625,427.5,440.9375,431.40625,444.0625,440.9375,440.9375,440.625,431.40625,440.625,427.5,444.0625,440.9375,431.40625,431.40625,434.84375,430.625,434.84375,434.84375,431.40625,440.9375,430.625,434.84375,430.625,427.5,430.625,430.625,434.84375,430.625,430.625,430.625,430.625,430.625,430.625,430.625,435.3125,431.40625,0.0,3.59375,8.125,6.5625,0.0,3.59375,3.59375,3.59375,3.59375,3.59375,3.59375,3.59375,3.59375,12.34375,11.71875,11.71875,11.71875,11.71875,11.71875,3.59375,3.59375,6.5625,11.71875,3.59375,3.59375,3.59375,3.59375,3.59375,3.59375,3.59375,3.59375,3.59375,3.59375,3.59375,3.59375,6.5625,6.5625,3.59375,3.59375,3.59375,3.59375,3.59375,3.59375,3.59375,12.34375,3.59375,3.59375,3.59375,3.59375,3.59375,3.59375,3.59375,3.59375,3.59375,3.59375,3.59375,12.34375,8.125,3.59375,3.59375,3.59375,3.59375,3.59375,12.34375,6.875,3.59375,26.25,3.59375,3.59375,3.59375,12.34375,3.59375,3.59375,8.125,6.5625,3.59375,6.5625,6.5625,6.5625,6.5625,6.5625,6.5625,6.5625,6.5625,3.59375,6.5625,6.5625,7.65625,6.5625,6.5625,6.5625,30.78125,6.5625
hDenV4/Colombia/un-OUCRU-594/2013,244.375,244.375,244.375,244.375,244.375,244.375,244.375,244.375,244.375,244.375,244.375,256.40625,256.40625,256.40625,244.375,256.40625,244.375,244.375,244.375,244.375,244.375,244.375,244.375,244.84375,244.375,242.1875,244.375,244.84375,244.84375,244.375,244.375,244.375,244.375,244.375,250.625,244.84375,244.375,244.375,244.84375,253.90625,244.375,244.375,244.84375,244.375,244.375,244.375,244.375,244.375,244.375,244.375,244.375,244.375,244.375,244.375,244.375,244.375,244.375,244.375,244.375,244.375,244.375,244.375,244.375,244.375,244.375,244.375,244.375,244.375,244.375,244.375,244.375,244.375,244.375,244.375,244.375,244.375,244.375,244.375,244.375,248.90625,244.375,244.375,244.375,244.375,244.375,244.375,244.375,244.375,244.375,244.375,244.375,244.375,244.375,256.40625,244.375,256.40625,244.375,244.375,244.375,256.40625,244.375,244.375,244.375,244.375,244.0625,271.40625,261.25,261.25,261.25,259.21875,278.90625,266.25,256.71875,261.25,261.25,261.25,261.25,261.25,261.25,261.25,261.25,261.25,261.25,261.25,261.25,261.25,261.25,261.25,261.25,261.25,261.25,261.25,261.25,261.25,261.25,261.25,261.25,261.25,261.25,261.25,261.25,261.25,261.25,261.25,261.25,261.25,261.25,261.25,261.25,261.25,261.25,261.25,261.25,261.25,261.25,261.25,261.25,261.25,261.25,262.34375,261.25,261.25,261.25,261.25,261.25,261.25,261.25,261.25,261.25,261.25,261.25,261.25,261.25,261.25,261.25,261.25,261.25,261.25,261.25,261.25,261.25,261.25,261.25,261.25,261.25,261.25,261.25,261.25,261.25,261.25,261.25,440.625,440.625,444.375,440.625,435.46875,435.46875,440.9375,433.28125,448.75,427.5,440.9375,431.40625,440.9375,440.9375,431.40625,431.40625,431.40625,440.9375,440.9375,440.9375,440.625,431.40625,431.40625,440.9375,431.40625,440.625,440.9375,444.0625,440.9375,431.40625,440.9375,440.9375,431.40625,440.625,440.625,431.40625,431.40625,440.625,440.625,440.9375,439.375,431.40625,440.9375,431.40625,431.40625,440.9375,431.40625,427.5,431.40625,431.40625,431.40625,440.9375,431.40625,431.40625,440.625,440.625,431.40625,431.40625,440.625,431.40625,431.40625,440.625,440.625,431.40625,431.40625,440.625,427.5,440.9375,431.40625,444.0625,440.9375,440.9375,440.625,431.40625,440.625,427.5,444.0625,440.9375,431.40625,431.40625,434.84375,430.625,434.84375,434.84375,431.40625,440.9375,430.625,434.84375,430.625,427.5,430.625,430.625,434.84375,430.625,430.625,430.625,430.625,430.625,430.625,430.625,435.3125,431.40625,0.0,3.59375,8.125,6.5625,0.0,3.59375,3.59375,3.59375,3.59375,3.59375,3.59375,3.59375,3.59375,12.34375,11.71875,11.71875,11.71875,11.71875,11.71875,3.59375,3.59375,6.5625,11.71875,3.59375,3.59375,3.59375,3.59375,3.59375,3.59375,3.59375,3.59375,3.59375,3.59375,3.59375,3.59375,6.5625,6.5625,3.59375,3.59375,3.59375,3.59375,3.59375,3.59375,3.59375,12.34375,3.59375,3.59375,3.59375,3.59375,3.59375,3.59375,3.59375,3.59375,3.59375,3.59375,3.59375,12.34375,8.125,3.59375,3.59375,3.59375,3.59375,3.59375,12.34375,6.875,3.59375,26.25,3.59375,3.59375,3.59375,12.34375,3.59375,3.59375,8.125,6.5625,3.59375,6.5625,6.5625,6.5625,6.5625,6.5625,6.5625,6.5625,6.5625,3.59375,6.5625,6.5625,7.65625,6.5625,6.5625,6.5625,30.78125,6.5625
hDenV4/Colombia/un-OUCRU-595/2013,244.375,244.375,244.375,244.375,244.375,244.375,244.375,244.375,244.375,244.375,244.375,256.40625,256.40625,256.40625,244.375,256.40625,244.375,244.375,244.375,244.375,244.375,244.375,244.375,244.84375,244.375,242.1875,244.375,244.84375,244.84375,244.375,244.375,244.375,244.375,244.375,250.625,244.84375,244.375,244.375,244.84375,253.90625,244.375,244.375,244.84375,244.375,244.375,244.375,244.375,244.375,244.375,244.375,244.375,244.375,244.375,244.375,244.375,244.375,244.375,244.375,244.375,244.375,244.375,244.375,244.375,244.375,244.375,244.375,244.375,244.375,244.375,244.375,244.375,244.375,244.375,244.375,244.375,244.375,244.375,244.375,244.375,248.90625,244.375,244.375,244.375,244.375,244.375,244.375,244.375,244.375,244.375,244.375,244.375,244.375,244.375,256.40625,244.375,256.40625,244.375,244.375,244.375,256.40625,244.375,244.375,244.375,244.375,244.0625,271.40625,261.25,261.25,261.25,259.21875,278.90625,266.25,256.71875,261.25,261.25,261.25,261.25,261.25,261.25,261.25,261.25,261.25,261.25,261.25,261.25,261.25,261.25,261.25,261.25,261.25,261.25,261.25,261.25,261.25,261.25,261.25,261.25,261.25,261.25,261.25,261.25,261.25,261.25,261.25,261.25,261.25,261.25,261.25,261.25,261.25,261.25,261.25,261.25,261.25,261.25,261.25,261.25,261.25,261.25,262.34375,261.25,261.25,261.25,261.25,261.25,261.25,261.25,261.25,261.25,261.25,261.25,261.25,261.25,261.25,261.25,261.25,261.25,261.25,261.25,261.25,261.25,261.25,261.25,261.25,261.25,261.25,261.25,261.25,261.25,261.25,261.25,440.625,440.625,444.375,440.625,435.46875,435.46875,440.9375,433.28125,448.75,427.5,440.9375,431.40625,440.9375,440.9375,431.40625,431.40625,431.40625,440.9375,440.9375,440.9375,440.625,431.40625,431.40625,440.9375,431.40625,440.625,440.9375,444.0625,440.9375,431.40625,440.9375,440.9375,431.40625,440.625,440.625,431.40625,431.40625,440.625,440.625,440.9375,439.375,431.40625,440.9375,431.40625,431.40625,440.9375,431.40625,427.5,431.40625,431.40625,431.40625,440.9375,431.40625,431.40625,440.625,440.625,431.40625,431.40625,440.625,431.40625,431.40625,440.625,440.625,431.40625,431.40625,440.625,427.5,440.9375,431.40625,444.0625,440.9375,440.9375,440.625,431.40625,440.625,427.5,444.0625,440.9375,431.40625,431.40625,434.84375,430.625,434.84375,434.84375,431.40625,440.9375,430.625,434.84375,430.625,427.5,430.625,430.625,434.84375,430.625,430.625,430.625,430.625,430.625,430.625,430.625,435.3125,431.40625,0.0,3.59375,8.125,6.5625,0.0,3.59375,3.59375,3.59375,3.59375,3.59375,3.59375,3.59375,3.59375,12.34375,11.71875,11.71875,11.71875,11.71875,11.71875,3.59375,3.59375,6.5625,11.71875,3.59375,3.59375,3.59375,3.59375,3.59375,3.59375,3.59375,3.59375,3.59375,3.59375,3.59375,3.59375,6.5625,6.5625,3.59375,3.59375,3.59375,3.59375,3.59375,3.59375,3.59375,12.34375,3.59375,3.59375,3.59375,3.59375,3.59375,3.59375,3.59375,3.59375,3.59375,3.59375,3.59375,12.34375,8.125,3.59375,3.59375,3.59375,3.59375,3.59375,12.34375,6.875,3.59375,26.25,3.59375,3.59375,3.59375,12.34375,3.59375,3.59375,8.125,6.5625,3.59375,6.5625,6.5625,6.5625,6.5625,6.5625,6.5625,6.5625,6.5625,3.59375,6.5625,6.5625,7.65625,6.5625,6.5625,6.5625,30.78125,6.5625
hDenV4/Colombia/un-OUCRU-596/2013,244.375,244.375,244.375,244.375,244.375,244.375,244.375,244.375,244.375,244.375,244.375,256.40625,256.40625,256.40625,244.375,256.40625,244.375,244.375,244.375,244.375,244.375,244.375,244.375,244.84375,244.375,242.1875,244.375,244.84375,244.84375,244.375,244.375,244.375,244.375,244.375,250.625,244.84375,244.375,244.375,244.84375,253.90625,244.375,244.375,244.84375,244.375,244.375,244.375,244.375,244.375,244.375,244.375,244.375,244.375,244.375,244.375,244.375,244.375,244.375,244.375,244.375,244.375,244.375,244.375,244.375,244.375,244.375,244.375,244.375,244.375,244.375,244.375,244.375,244.375,244.375,244.375,244.375,244.375,244.375,244.375,244.375,248.90625,244.375,244.375,244.375,244.375,244.375,244.375,244.375,244.375,244.375,244.375,244.375,244.375,244.375,256.40625,244.375,256.40625,244.375,244.375,244.375,256.40625,244.375,244.375,244.375,244.375,244.0625,271.40625,261.25,261.25,261.25,259.21875,278.90625,266.25,256.71875,261.25,261.25,261.25,261.25,261.25,261.25,261.25,261.25,261.25,261.25,261.25,261.25,261.25,261.25,261.25,261.25,261.25,261.25,261.25,261.25,261.25,261.25,261.25,261.25,261.25,261.25,261.25,261.25,261.25,261.25,261.25,261.25,261.25,261.25,261.25,261.25,261.25,261.25,261.25,261.25,261.25,261.25,261.25,261.25,261.25,261.25,262.34375,261.25,261.25,261.25,261.25,261.25,261.25,261.25,261.25,261.25,261.25,261.25,261.25,261.25,261.25,261.25,261.25,261.25,261.25,261.25,261.25,261.25,261.25,261.25,261.25,261.25,261.25,261.25,261.25,261.25,261.25,261.25,440.625,440.625,444.375,440.625,435.46875,435.46875,440.9375,433.28125,448.75,427.5,440.9375,431.40625,440.9375,440.9375,431.40625,431.40625,431.40625,440.9375,440.9375,440.9375,440.625,431.40625,431.40625,440.9375,431.40625,440.625,440.9375,444.0625,440.9375,431.40625,440.9375,440.9375,431.40625,440.625,440.625,431.40625,431.40625,440.625,440.625,440.9375,439.375,431.40625,440.9375,431.40625,431.40625,440.9375,431.40625,427.5,431.40625,431.40625,431.40625,440.9375,431.40625,431.40625,440.625,440.625,431.40625,431.40625,440.625,431.40625,431.40625,440.625,440.625,431.40625,431.40625,440.625,427.5,440.9375,431.40625,444.0625,440.9375,440.9375,440.625,431.40625,440.625,427.5,444.0625,440.9375,431.40625,431.40625,434.84375,430.625,434.84375,434.84375,431.40625,440.9375,430.625,434.84375,430.625,427.5,430.625,430.625,434.84375,430.625,430.625,430.625,430.625,430.625,430.625,430.625,435.3125,431.40625,0.0,3.59375,8.125,6.5625,0.0,3.59375,3.59375,3.59375,3.59375,3.59375,3.59375,3.59375,3.59375,12.34375,11.71875,11.71875,11.71875,11.71875,11.71875,3.59375,3.59375,6.5625,11.71875,3.59375,3.59375,3.59375,3.59375,3.59375,3.59375,3.59375,3.59375,3.59375,3.59375,3.59375,3.59375,6.5625,6.5625,3.59375,3.59375,3.59375,3.59375,3.59375,3.59375,3.59375,12.34375,3.59375,3.59375,3.59375,3.59375,3.59375,3.59375,3.59375,3.59375,3.59375,3.59375,3.59375,12.34375,8.125,3.59375,3.59375,3.59375,3.59375,3.59375,12.34375,6.875,3.59375,26.25,3.59375,3.59375,3.59375,12.34375,3.59375,3.59375,8.125,6.5625,3.59375,6.5625,6.5625,6.5625,6.5625,6.5625,6.5625,6.5625,6.5625,3.59375,6.5625,6.5625,7.65625,6.5625,6.5625,6.5625,30.78125,6.5625
