IQ-TREE version 3.0.1 for Linux x86 64-bit built Jul  9 2025
Developed by Bui Quang Minh, Thomas Wong, Nhan Ly-Trong, Huaiyan Ren
Contributed by Lam-Tung Nguyen, Dominik Schrempf, Chris Bielow,
Olga Chernomor, Michael Woodhams, Diep Thi Hoang, Heiko Schmidt

Host:    dirreno-B650-AORUS-ELITE-AX (AVX512, FMA3, 30 GB RAM)
Command: iqtree3 --threads-max 16 -s ../resources/merged_data/cropped/align_DENV1-delim.fasta -m GTR+G --ninit 2 -n 2 --epsilon 0.05 -T AUTO --redo
Seed:    477784 (Using SPRNG - Scalable Parallel Random Number Generator)
Time:    Tue Jul 14 20:42:32 2026
Kernel:  AVX+FMA - auto-detect threads (16 CPU cores detected)

Reading alignment file ../resources/merged_data/cropped/align_DENV1-delim.fasta ... Fasta format detected
Reading fasta file: done in 0.0102201 secs using 87.19% CPU
Alignment most likely contains DNA/RNA sequences
Constructing alignment: done in 0.00618753 secs using 1261% CPU
Alignment has 995 sequences with 1485 columns, 714 distinct patterns
526 parsimony-informative, 128 singleton sites, 831 constant sites
                                                                                        Gap/Ambiguity  Composition  p-value
Analyzing sequences: done in 0.00671629 secs using 1357% CPU
   1  hDenV1_DELIM-0x2f_Colombia_DELIM-0x2f_un-OUCRU-101_DELIM-0x2f_2013                        0.00%    passed     88.45%
   2  hDenV1_DELIM-0x2f_Colombia_DELIM-0x2f_un-OUCRU-341_DELIM-0x2f_2013                        0.00%    passed     88.45%
   3  hDenV1_DELIM-0x2f_Colombia_DELIM-0x2f_un-OUCRU-102_DELIM-0x2f_2013                        0.00%    passed     92.00%
   4  hDenV1_DELIM-0x2f_Colombia_DELIM-0x2f_un-OUCRU-340_DELIM-0x2f_2013                        0.00%    passed     92.00%
   5  hDenV1_DELIM-0x2f_Colombia_DELIM-0x2f_un-OUCRU-101234_DELIM-0x2f_2013                     0.00%    passed     90.13%
   6  hDenV1_DELIM-0x2f_Colombia_DELIM-0x2f_un-OUCRU-348_DELIM-0x2f_2013                        0.00%    passed     90.13%
   7  hDenV1_DELIM-0x2f_Colombia_DELIM-0x2f_un-OUCRU-10123_DELIM-0x2f_2012                      0.00%    passed     88.45%
   8  hDenV1_DELIM-0x2f_Colombia_DELIM-0x2f_un-OUCRU-520_DELIM-0x2f_2012                        0.00%    passed     88.45%
   9  hDenV1_DELIM-0x2f_Colombia_DELIM-0x2f_un-OUCRU-10125_DELIM-0x2f_2013                      0.00%    passed     88.45%
  10  hDenV1_DELIM-0x2f_Colombia_DELIM-0x2f_un-OUCRU-10126_DELIM-0x2f_2013                      0.00%    passed     88.45%
  11  hDenV1_DELIM-0x2f_Colombia_DELIM-0x2f_un-OUCRU-101210_DELIM-0x2f_2013                     0.00%    passed     88.45%
  12  hDenV1_DELIM-0x2f_Colombia_DELIM-0x2f_un-OUCRU-101226_DELIM-0x2f_2012                     0.00%    passed     88.45%
  13  hDenV1_DELIM-0x2f_Colombia_DELIM-0x2f_un-OUCRU-101228_DELIM-0x2f_2013                     0.00%    passed     88.45%
  14  hDenV1_DELIM-0x2f_Colombia_DELIM-0x2f_un-OUCRU-523_DELIM-0x2f_2013                        0.00%    passed     88.45%
  15  hDenV1_DELIM-0x2f_Colombia_DELIM-0x2f_un-OUCRU-519_DELIM-0x2f_2013                        0.00%    passed     88.45%
  16  hDenV1_DELIM-0x2f_Colombia_DELIM-0x2f_un-OUCRU-506_DELIM-0x2f_2013                        0.00%    passed     88.45%
  17  hDenV1_DELIM-0x2f_Colombia_DELIM-0x2f_un-OUCRU-507_DELIM-0x2f_2012                        0.00%    passed     88.45%
  18  hDenV1_DELIM-0x2f_Colombia_DELIM-0x2f_un-OUCRU-521_DELIM-0x2f_2013                        0.00%    passed     88.45%
  19  hDenV1_DELIM-0x2f_Colombia_DELIM-0x2f_un-OUCRU-101220_DELIM-0x2f_2013                     0.00%    passed     88.45%
  20  hDenV1_DELIM-0x2f_Colombia_DELIM-0x2f_un-OUCRU-342_DELIM-0x2f_2013                        0.00%    passed     88.45%
  21  hDenV1_DELIM-0x2f_Colombia_DELIM-0x2f_un-OUCRU-101218_DELIM-0x2f_2013                     0.00%    passed     90.13%
  22  hDenV1_DELIM-0x2f_Colombia_DELIM-0x2f_un-OUCRU-522_DELIM-0x2f_2013                        0.00%    passed     90.13%
  23  hDenV1_DELIM-0x2f_Colombia_DELIM-0x2f_un-OUCRU-101223_DELIM-0x2f_2013                     0.00%    passed     64.03%
  24  hDenV1_DELIM-0x2f_Colombia_DELIM-0x2f_un-OUCRU-333_DELIM-0x2f_2013                        0.00%    passed     64.03%
  25  hDenV1_DELIM-0x2f_Colombia_DELIM-0x2f_un-OUCRU-101225_DELIM-0x2f_2013                     0.00%    passed     68.00%
  26  hDenV1_DELIM-0x2f_Colombia_DELIM-0x2f_un-OUCRU-526_DELIM-0x2f_2013                        0.00%    passed     68.00%
  27  hDenV1_DELIM-0x2f_Colombia_DELIM-0x2f_un-OUCRU-0000087_DELIM-0x2f_2013                    0.00%    passed     73.13%
  28  hDenV1_DELIM-0x2f_Colombia_DELIM-0x2f_un-OUCRU-0000060_DELIM-0x2f_2013                    0.00%    passed     78.59%
  29  hDenV1_DELIM-0x2f_Colombia_DELIM-0x2f_un-OUCRU-0000010_DELIM-0x2f_2013                    0.00%    passed     80.59%
  30  hDenV1_DELIM-0x2f_Colombia_DELIM-0x2f_un-OUCRU-0000005_DELIM-0x2f_2013                    0.00%    passed     80.59%
  31  hDenV1_DELIM-0x2f_Colombia_DELIM-0x2f_un-OUCRU-0000023_DELIM-0x2f_2013                    0.00%    passed     80.59%
  32  hDenV1_DELIM-0x2f_Colombia_DELIM-0x2f_un-OUCRU-0000014_DELIM-0x2f_2012                    0.00%    passed     78.59%
  33  hDenV1_DELIM-0x2f_Colombia_DELIM-0x2f_un-OUCRU-101227_DELIM-0x2f_2013                     0.00%    passed     76.44%
  34  hDenV1_DELIM-0x2f_Colombia_DELIM-0x2f_un-OUCRU-510_DELIM-0x2f_2013                        0.00%    passed     76.44%
  35  hDenV1_DELIM-0x2f_Colombia_DELIM-0x2f_SAN-UIS-0000054_DELIM-0x2f_2016                     0.00%    passed     73.74%
  36  DenV1_DELIM-0x2f_mosquito_DELIM-0x2f_Colombia_DELIM-0x2f_MAG-CIST-0151_DELIM-0x2f_2018    0.00%    passed     82.36%
  37  hDenV1_DELIM-0x2f_Colombia_DELIM-0x2f_SAN-UIS-0000019_DELIM-0x2f_2016                     0.00%    passed     77.73%
  38  hDenV1_DELIM-0x2f_Colombia_DELIM-0x2f_CUN-INS-450339_DELIM-0x2f_2015                      0.00%    passed     70.58%
  39  hDenV1_DELIM-0x2f_Colombia_DELIM-0x2f_un-FUAA-DFC088_DELIM-0x2f_2021                      0.00%    passed     72.66%
  40  hDenV1_DELIM-0x2f_Colombia_DELIM-0x2f_RIS-FUAA-AFI224_DELIM-0x2f_2022                     0.00%    passed     74.75%
  41  hDenV1_DELIM-0x2f_Colombia_DELIM-0x2f_VAC-LSPVAC-2400146_DELIM-0x2f_2024                  0.00%    passed     74.75%
  42  hDenV1_DELIM-0x2f_Colombia_DELIM-0x2f_VAC-LSPVAC-2401935_DELIM-0x2f_2024                  0.07%    passed     76.58%
  43  hDenV1_DELIM-0x2f_Colombia_DELIM-0x2f_VAC-LSPVAC-2400262_DELIM-0x2f_2024                  0.07%    passed     78.48%
  44  hDenV1_DELIM-0x2f_Colombia_DELIM-0x2f_VAC-LSPVAC-2404314_DELIM-0x2f_2024                  0.07%    passed     78.48%
  45  hDenV1_DELIM-0x2f_Colombia_DELIM-0x2f_VAC-LSPVAC-2405774_DELIM-0x2f_2024                  0.07%    passed     76.58%
  46  hDenV1_DELIM-0x2f_Colombia_DELIM-0x2f_VAC-LSPVAC-2405498_DELIM-0x2f_2024                  0.07%    passed     76.56%
  47  hDenV1_DELIM-0x2f_Colombia_DELIM-0x2f_VAC-LSPVAC-2400298_DELIM-0x2f_2024                  0.07%    passed     76.58%
  48  hDenV1_DELIM-0x2f_Colombia_DELIM-0x2f_VAC-LSPVAC-2405754_DELIM-0x2f_2024                  0.07%    passed     77.73%
  49  hDenV1_DELIM-0x2f_Colombia_DELIM-0x2f_VAC-LSPVAC-2405625_DELIM-0x2f_2024                  0.07%    passed     77.73%
  50  hDenV1_DELIM-0x2f_Colombia_DELIM-0x2f_VAC-LSPVAC-2409164-VI_DELIM-0x2f_2024               0.13%    passed     81.41%
  51  hDenV1_DELIM-0x2f_Colombia_DELIM-0x2f_VAC-LSPVAC-2404263_DELIM-0x2f_2024                  0.07%    passed     76.58%
  52  hDenV1_DELIM-0x2f_Colombia_DELIM-0x2f_VAC-LSPVAC-2403830_DELIM-0x2f_2024                  0.07%    passed     74.47%
  53  hDenV1_DELIM-0x2f_Colombia_DELIM-0x2f_VAC-LSPVAC-2405525_DELIM-0x2f_2024                  0.00%    passed     74.75%
  54  hDenV1_DELIM-0x2f_Colombia_DELIM-0x2f_VAC-LSPVAC-2405553_DELIM-0x2f_2024                  0.07%    passed     76.58%
  55  hDenV1_DELIM-0x2f_Colombia_DELIM-0x2f_VAC-LSPVAC-2402847_DELIM-0x2f_2024                  0.00%    passed     76.63%
  56  hDenV1_DELIM-0x2f_Colombia_DELIM-0x2f_VAC-LSPVAC-2400227_DELIM-0x2f_2024                  0.00%    passed     71.07%
  57  hDenV1_DELIM-0x2f_Colombia_DELIM-0x2f_VAC-LSPVAC-2402457_DELIM-0x2f_2024                  0.07%    passed     76.58%
  58  hDenV1_DELIM-0x2f_Colombia_DELIM-0x2f_un-Yale-DN02376_DELIM-0x2f_2023                     9.16%    passed     51.89%
  59  hDenV1_DELIM-0x2f_Colombia_DELIM-0x2f_un-Yale-DN02386_DELIM-0x2f_2023                     0.20%    passed     75.67%
  60  hDenV1_DELIM-0x2f_Colombia_DELIM-0x2f_un-Yale-DN02429_DELIM-0x2f_2023                     0.27%    passed     78.08%
  61  hDenV1_DELIM-0x2f_Colombia_DELIM-0x2f_un-Yale-DN02838_DELIM-0x2f_2024                     0.20%    passed     75.67%
  62  hDenV1_DELIM-0x2f_Colombia_DELIM-0x2f_HUI-UEB-033_DELIM-0x2f_2011                         0.00%    passed     69.62%
  63  hDenV1_DELIM-0x2f_Colombia_DELIM-0x2f_VAC-LSPVAC-2402566_DELIM-0x2f_2024                  0.00%    passed     87.91%
  64  hDenV1_DELIM-0x2f_Colombia_DELIM-0x2f_VAC-LSPVAC-2404461_DELIM-0x2f_2024                  0.00%    passed     87.91%
  65  hDenV1_DELIM-0x2f_Colombia_DELIM-0x2f_VAC-LSPVAC-2405731_DELIM-0x2f_2024                  0.00%    passed     87.91%
  66  hDenV1_DELIM-0x2f_Colombia_DELIM-0x2f_un-Yale-DN02730_DELIM-0x2f_2024                     0.34%    passed     90.43%
  67  hDenV1_DELIM-0x2f_Colombia_DELIM-0x2f_un-OUCRU-101229_DELIM-0x2f_2013                     0.00%    passed     85.31%
  68  hDenV1_DELIM-0x2f_Colombia_DELIM-0x2f_un-OUCRU-332_DELIM-0x2f_2013                        0.00%    passed     85.31%
  69  hDenV1_DELIM-0x2f_Colombia_DELIM-0x2f_un-OUCRU-103_DELIM-0x2f_2013                        0.00%    passed     86.55%
  70  hDenV1_DELIM-0x2f_Colombia_DELIM-0x2f_un-OUCRU-353_DELIM-0x2f_2013                        0.00%    passed     86.55%
  71  hDenV1_DELIM-0x2f_Colombia_DELIM-0x2f_un-OUCRU-101219_DELIM-0x2f_2013                     0.00%    passed     86.55%
  72  hDenV1_DELIM-0x2f_Colombia_DELIM-0x2f_un-OUCRU-356_DELIM-0x2f_2013                        0.00%    passed     86.55%
  73  hDenV1_DELIM-0x2f_Colombia_DELIM-0x2f_un-OUCRU-0000011_DELIM-0x2f_2012                    0.00%    passed     84.28%
  74  hDenV1_DELIM-0x2f_Colombia_DELIM-0x2f_un-OUCRU-0000008_DELIM-0x2f_2013                    0.00%    passed     90.42%
  75  hDenV1_DELIM-0x2f_Colombia_DELIM-0x2f_un-OUCRU-0000088_DELIM-0x2f_2012                    0.00%    passed     90.42%
  76  hDenV1_DELIM-0x2f_Colombia_DELIM-0x2f_un-OUCRU-0000093_DELIM-0x2f_2013                    0.00%    passed     90.42%
  77  hDenV1_DELIM-0x2f_Colombia_DELIM-0x2f_un-OUCRU-0000045_DELIM-0x2f_2013                    0.00%    passed     88.41%
  78  hDenV1_DELIM-0x2f_Colombia_DELIM-0x2f_un-OUCRU-0000043_DELIM-0x2f_2013                    0.00%    passed     87.63%
  79  hDenV1_DELIM-0x2f_Colombia_DELIM-0x2f_un-OUCRU-104_DELIM-0x2f_2013                        0.00%    passed     86.60%
  80  hDenV1_DELIM-0x2f_Colombia_DELIM-0x2f_un-OUCRU-338_DELIM-0x2f_2013                        0.00%    passed     86.60%
  81  hDenV1_DELIM-0x2f_Colombia_DELIM-0x2f_un-OUCRU-0000081_DELIM-0x2f_2013                    0.00%    passed     86.60%
  82  hDenV1_DELIM-0x2f_Colombia_DELIM-0x2f_un-OUCRU-0000046_DELIM-0x2f_2013                    0.00%    passed     92.17%
  83  hDenV1_DELIM-0x2f_Colombia_DELIM-0x2f_un-OUCRU-101253_DELIM-0x2f_2013                     0.00%    passed     91.03%
  84  hDenV1_DELIM-0x2f_Colombia_DELIM-0x2f_un-OUCRU-101235_DELIM-0x2f_2013                     0.00%    passed     91.03%
  85  hDenV1_DELIM-0x2f_Colombia_DELIM-0x2f_un-OUCRU-133_DELIM-0x2f_2013                        0.00%    passed     91.03%
  86  hDenV1_DELIM-0x2f_Colombia_DELIM-0x2f_un-OUCRU-132_DELIM-0x2f_2013                        0.00%    passed     91.03%
  87  hDenV1_DELIM-0x2f_Colombia_DELIM-0x2f_un-OUCRU-101245_DELIM-0x2f_2013                     0.00%    passed     89.88%
  88  hDenV1_DELIM-0x2f_Colombia_DELIM-0x2f_un-OUCRU-508_DELIM-0x2f_2013                        0.00%    passed     89.88%
  89  hDenV1_DELIM-0x2f_Colombia_DELIM-0x2f_un-OUCRU-0000096_DELIM-0x2f_2013                    0.00%    passed     88.82%
  90  hDenV1_DELIM-0x2f_Colombia_DELIM-0x2f_un-OUCRU-0000068_DELIM-0x2f_2013                    0.00%    passed     88.41%
  91  hDenV1_DELIM-0x2f_Colombia_DELIM-0x2f_un-OUCRU-10122_DELIM-0x2f_2013                      0.00%    passed     86.55%
  92  hDenV1_DELIM-0x2f_Colombia_DELIM-0x2f_un-OUCRU-360_DELIM-0x2f_2013                        0.00%    passed     86.55%
  93  hDenV1_DELIM-0x2f_Colombia_DELIM-0x2f_un-OUCRU-0000003_DELIM-0x2f_2013                    0.00%    passed     90.42%
  94  hDenV1_DELIM-0x2f_Colombia_DELIM-0x2f_un-OUCRU-0000076_DELIM-0x2f_2013                    0.00%    passed     88.66%
  95  hDenV1_DELIM-0x2f_Colombia_DELIM-0x2f_un-OUCRU-101221_DELIM-0x2f_2013                     0.00%    passed     88.41%
  96  hDenV1_DELIM-0x2f_Colombia_DELIM-0x2f_un-OUCRU-131_DELIM-0x2f_2013                        0.00%    passed     88.41%
  97  hDenV1_DELIM-0x2f_Colombia_DELIM-0x2f_SAN-UIS-0000034_DELIM-0x2f_2014                     0.00%    passed     91.03%
  98  hDenV1_DELIM-0x2f_Colombia_DELIM-0x2f_SAN-UIS-0000048_DELIM-0x2f_2014                     0.00%    passed     92.41%
  99  hDenV1_DELIM-0x2f_Colombia_DELIM-0x2f_SAN-UIS-0000007_DELIM-0x2f_2015                     0.00%    passed     93.75%
 100  hDenV1_DELIM-0x2f_Colombia_DELIM-0x2f_SAN-UR-F15030291_DELIM-0x2f_2014                    0.00%    passed     90.42%
 101  hDenV1_DELIM-0x2f_Colombia_DELIM-0x2f_NSA-UIDS-556_DELIM-0x2f_2015                        0.00%    passed     90.37%
 102  hDenV1_DELIM-0x2f_Colombia_DELIM-0x2f_SAN-UIS-0000016_DELIM-0x2f_2015                     0.00%    passed     90.42%
 103  hDenV1_DELIM-0x2f_Colombia_DELIM-0x2f_SAN-UIS-0000017_DELIM-0x2f_2015                     0.00%    passed     87.97%
 104  hDenV1_DELIM-0x2f_Colombia_DELIM-0x2f_SAN-UIS-0000055_DELIM-0x2f_2015                     0.00%    passed     84.28%
 105  hDenV1_DELIM-0x2f_Colombia_DELIM-0x2f_SAN-UIS-0000008_DELIM-0x2f_2014                     0.00%    passed     87.97%
 106  hDenV1_DELIM-0x2f_Colombia_DELIM-0x2f_SAN-UIS-0000030_DELIM-0x2f_2010                     0.00%    passed     86.31%
 107  hDenV1_DELIM-0x2f_Colombia_DELIM-0x2f_SAN-UIS-00003_DELIM-0x2f_2008                       0.00%    passed     86.31%
 108  hDenV1_DELIM-0x2f_Colombia_DELIM-0x2f_SAN-UIS-00002_DELIM-0x2f_2008                       0.00%    passed     87.97%
 109  hDenV1_DELIM-0x2f_Colombia_DELIM-0x2f_SAN-UIS-00001_DELIM-0x2f_2008                       0.00%    passed     86.31%
 110  hDenV1_DELIM-0x2f_Colombia_DELIM-0x2f_SAN-UIS-0000012_DELIM-0x2f_2010                     0.00%    passed     81.99%
 111  hDenV1_DELIM-0x2f_Colombia_DELIM-0x2f_SAN-UIS-0000056_DELIM-0x2f_2013                     0.00%    passed     88.82%
 112  hDenV1_DELIM-0x2f_Colombia_DELIM-0x2f_SAN-UIS-0000013_DELIM-0x2f_2010                     0.00%    passed     87.29%
 113  hDenV1_DELIM-0x2f_Colombia_DELIM-0x2f_SAN-UIS-0000059_DELIM-0x2f_2016                     0.00%    passed     76.07%
 114  hDenV1_DELIM-0x2f_Colombia_DELIM-0x2f_NSA-UIDS-559_DELIM-0x2f_2015                        0.00%    passed     82.33%
 115  hDenV1_DELIM-0x2f_Colombia_DELIM-0x2f_NSA-UIDS-555_DELIM-0x2f_2001                        0.00%    passed     78.92%
 116  hDenV1_DELIM-0x2f_Colombia_DELIM-0x2f_SAN-UIS-0000051_DELIM-0x2f_2016                     0.00%    passed     84.20%
 117  hDenV1_DELIM-0x2f_Colombia_DELIM-0x2f_SAN-UIS-0000031_DELIM-0x2f_2016                     0.00%    passed     86.18%
 118  hDenV1_DELIM-0x2f_Colombia_DELIM-0x2f_SAN-UIS-0000014_DELIM-0x2f_2016                     0.00%    passed     81.56%
 119  hDenV1_DELIM-0x2f_Colombia_DELIM-0x2f_SAN-UIS-0000015_DELIM-0x2f_2016                     0.00%    passed     87.96%
 120  hDenV1_DELIM-0x2f_Colombia_DELIM-0x2f_SAN-UIS-0000047_DELIM-0x2f_2016                     0.00%    passed     84.32%
 121  hDenV1_DELIM-0x2f_Colombia_DELIM-0x2f_un-OUCRU-0000074_DELIM-0x2f_2013                    0.00%    passed     86.51%
 122  hDenV1_DELIM-0x2f_Colombia_DELIM-0x2f_un-INS-424233_DELIM-0x2f_2013                       0.00%    passed     91.03%
 123  hDenV1_DELIM-0x2f_Colombia_DELIM-0x2f_un-INS-484948_DELIM-0x2f_2016                       0.00%    passed     88.66%
 124  hDenV1_DELIM-0x2f_Colombia_DELIM-0x2f_RIS-INS-476947_DELIM-0x2f_2016                      0.00%    passed     90.46%
 125  hDenV1_DELIM-0x2f_Colombia_DELIM-0x2f_un-INS-484940_DELIM-0x2f_2016                       1.14%    passed     91.23%
 126  DenV1_DELIM-0x2f_mosquito_DELIM-0x2f_Colombia_DELIM-0x2f_MAG-CIST-0134_DELIM-0x2f_2018    0.00%    passed     81.99%
 127  hDenV1_DELIM-0x2f_Colombia_DELIM-0x2f_ANT-UDEA-COT0012_DELIM-0x2f_2023                    0.00%    passed     93.38%
 128  hDenV1_DELIM-0x2f_Colombia_DELIM-0x2f_un-BNITM-363_DELIM-0x2f_2018                        0.00%    passed     88.45%
 129  hDenV1_DELIM-0x2f_Colombia_DELIM-0x2f_VAC-LSPVAC-2402583_DELIM-0x2f_2024                  0.00%    passed     84.09%
 130  hDenV1_DELIM-0x2f_Colombia_DELIM-0x2f_VAC-LSPVAC-2404681_DELIM-0x2f_2024                  0.07%    passed     87.72%
 131  hDenV1_DELIM-0x2f_Colombia_DELIM-0x2f_VAC-LSPVAC-2405690_DELIM-0x2f_2024                  0.00%    passed     86.55%
 132  hDenV1_DELIM-0x2f_Colombia_DELIM-0x2f_VAC-LSPVAC-2405404_DELIM-0x2f_2024                  0.07%    passed     85.53%
 133  hDenV1_DELIM-0x2f_Colombia_DELIM-0x2f_VAC-LSPVAC-2407539-VI_DELIM-0x2f_2024               0.00%    passed     81.70%
 134  hDenV1_DELIM-0x2f_Colombia_DELIM-0x2f_ANT-UDEA-COA0214_DELIM-0x2f_2022                    0.00%    passed     84.32%
 135  hDenV1_DELIM-0x2f_Colombia_DELIM-0x2f_ANT-UDEA-COT0026_DELIM-0x2f_2023                    0.00%    passed     81.99%
 136  hDenV1_DELIM-0x2f_Colombia_DELIM-0x2f_SAN-BROAD-0000032_DELIM-0x2f_2008                   0.00%    passed     87.97%
 137  hDenV1_DELIM-0x2f_Colombia_DELIM-0x2f_ANT-INS-485061_DELIM-0x2f_2016                      0.00%    passed     89.94%
 138  hDenV1_DELIM-0x2f_Colombia_DELIM-0x2f_RIS-FUAA-AFI101_DELIM-0x2f_2021                     0.00%    passed     89.15%
 139  hDenV1_DELIM-0x2f_Colombia_DELIM-0x2f_RIS-FUAA-AFI082_DELIM-0x2f_2021                     0.00%    passed     89.15%
 140  hDenV1_DELIM-0x2f_Colombia_DELIM-0x2f_RIS-FUAA-AFI031_DELIM-0x2f_2021                     0.00%    passed     89.15%
 141  hDenV1_DELIM-0x2f_Colombia_DELIM-0x2f_un-FUAA-AFI007673_DELIM-0x2f_2019                   0.00%    passed     86.91%
 142  hDenV1_DELIM-0x2f_Colombia_DELIM-0x2f_FUADLA-AFI025_676_DELIM-0x2f_2021                   0.00%    passed     89.15%
 143  hDenV1_DELIM-0x2f_Colombia_DELIM-0x2f_FUADLA-AFI059_677_DELIM-0x2f_2021                   0.00%    passed     85.38%
 144  hDenV1_DELIM-0x2f_Colombia_DELIM-0x2f_ANT-UDS-0746586_DELIM-0x2f_2013                     0.00%    passed     90.68%
 145  hDenV1_DELIM-0x2f_Colombia_DELIM-0x2f_RIS-FUAA-DFC059_DELIM-0x2f_2021                     0.00%    passed     85.11%
 146  hDenV1_DELIM-0x2f_Colombia_DELIM-0x2f_un-FUAA-DFC245_DELIM-0x2f_2022                      0.00%    passed     83.58%
 147  hDenV1_DELIM-0x2f_Colombia_DELIM-0x2f_un-FUAA-DFC217_DELIM-0x2f_2021                      0.00%    passed     83.58%
 148  hDenV1_DELIM-0x2f_Colombia_DELIM-0x2f_un-FUAA-DFC161_DELIM-0x2f_2021                      0.00%    passed     83.58%
 149  hDenV1_DELIM-0x2f_Colombia_DELIM-0x2f_un-FUAA-DFC162_DELIM-0x2f_2021                      0.00%    passed     83.58%
 150  hDenV1_DELIM-0x2f_Colombia_DELIM-0x2f_un-FUAA-DFC265_DELIM-0x2f_2022                      0.00%    passed     85.11%
 151  hDenV1_DELIM-0x2f_Colombia_DELIM-0x2f_un-FUAA-DFC114_DELIM-0x2f_2021                      0.00%    passed     85.11%
 152  hDenV1_DELIM-0x2f_Colombia_DELIM-0x2f_un-FUAA-DFC238_DELIM-0x2f_2021                      0.00%    passed     85.11%
 153  hDenV1_DELIM-0x2f_Colombia_DELIM-0x2f_un-FUAA-DFC263_DELIM-0x2f_2022                      0.00%    passed     85.11%
 154  hDenV1_DELIM-0x2f_Colombia_DELIM-0x2f_un-FUAA-DFC264_DELIM-0x2f_2022                      0.00%    passed     85.11%
 155  hDenV1_DELIM-0x2f_Colombia_DELIM-0x2f_un-FUAA-DFC096_DELIM-0x2f_2021                      0.00%    passed     81.72%
 156  hDenV1_DELIM-0x2f_Colombia_DELIM-0x2f_un-FUAA-DFC112_DELIM-0x2f_2021                      0.00%    passed     81.72%
 157  hDenV1_DELIM-0x2f_Colombia_DELIM-0x2f_un-FUAA-DFC063_DELIM-0x2f_2021                      0.00%    passed     82.33%
 158  hDenV1_DELIM-0x2f_Colombia_DELIM-0x2f_un-FUAA-DFC222_DELIM-0x2f_2021                      0.00%    passed     88.82%
 159  hDenV1_DELIM-0x2f_Colombia_DELIM-0x2f_un-FUAA-DFC087_DELIM-0x2f_2021                      0.00%    passed     86.32%
 160  hDenV1_DELIM-0x2f_Colombia_DELIM-0x2f_un-FUAA-DFC177_DELIM-0x2f_2021                      0.00%    passed     83.89%
 161  hDenV1_DELIM-0x2f_Colombia_DELIM-0x2f_VAC-LSPVAC-2300876_DELIM-0x2f_2023                 17.78%    passed     50.70%
 162  hDenV1_DELIM-0x2f_Colombia_DELIM-0x2f_VAC-LSPVAC-2306001_DELIM-0x2f_2023                  0.00%    passed     87.63%
 163  hDenV1_DELIM-0x2f_Colombia_DELIM-0x2f_VAC-LSPVAC-2404789_DELIM-0x2f_2024                  0.00%    passed     89.69%
 164  hDenV1_DELIM-0x2f_Colombia_DELIM-0x2f_VAC-LSPVAC-2400368_DELIM-0x2f_2024                  0.00%    passed     83.55%
 165  hDenV1_DELIM-0x2f_Colombia_DELIM-0x2f_VAC-LSPVAC-2402024_DELIM-0x2f_2024                  0.00%    passed     85.11%
 166  hDenV1_DELIM-0x2f_Colombia_DELIM-0x2f_VAC-LSPVAC-2405179_DELIM-0x2f_2024                  0.00%    passed     85.11%
 167  hDenV1_DELIM-0x2f_Colombia_DELIM-0x2f_un-Yale-DN02379_DELIM-0x2f_2023                     0.40%    passed     88.28%
 168  hDenV1_DELIM-0x2f_Colombia_DELIM-0x2f_un-Yale-DN02363_DELIM-0x2f_2023                     0.54%    passed     91.35%
 169  hDenV1_DELIM-0x2f_Colombia_DELIM-0x2f_un-Yale-DN02505_DELIM-0x2f_2024                     0.40%    passed     88.33%
 170  hDenV1_DELIM-0x2f_Colombia_DELIM-0x2f_un-Yale-DN02440_DELIM-0x2f_2023                     0.13%    passed     86.19%
 171  hDenV1_DELIM-0x2f_Colombia_DELIM-0x2f_VAC-LSPVAC-2400035_DELIM-0x2f_2024                  0.07%    passed     84.93%
 172  hDenV1_DELIM-0x2f_Colombia_DELIM-0x2f_VAC-LSPVAC-2401121_DELIM-0x2f_2024                  0.07%    passed     82.27%
 173  hDenV1_DELIM-0x2f_Colombia_DELIM-0x2f_VAC-LSPVAC-2400054_DELIM-0x2f_2024                  0.07%    passed     83.08%
 174  hDenV1_DELIM-0x2f_Colombia_DELIM-0x2f_VAC-LSPVAC-2405205_DELIM-0x2f_2024                  0.07%    passed     85.51%
 175  hDenV1_DELIM-0x2f_Colombia_DELIM-0x2f_VAC-LSPVAC-2401601_DELIM-0x2f_2024                  0.00%    passed     84.32%
 176  hDenV1_DELIM-0x2f_Colombia_DELIM-0x2f_un-Yale-DN02556_DELIM-0x2f_2024                     0.13%    passed     90.27%
 177  hDenV1_DELIM-0x2f_Colombia_DELIM-0x2f_un-Yale-DN02741_DELIM-0x2f_2024                     0.20%    passed     87.67%
 178  hDenV1_DELIM-0x2f_Colombia_DELIM-0x2f_un-Yale-DN02489_DELIM-0x2f_2024                    15.89%    passed     84.65%
 179  hDenV1_DELIM-0x2f_Colombia_DELIM-0x2f_VAC-LSPVAC-2401811_DELIM-0x2f_2024                  0.00%    passed     89.69%
 180  hDenV1_DELIM-0x2f_Colombia_DELIM-0x2f_un-OUCRU-10124_DELIM-0x2f_2013                      0.00%    passed     88.39%
 181  hDenV1_DELIM-0x2f_Colombia_DELIM-0x2f_un-OUCRU-134_DELIM-0x2f_2013                        0.00%    passed     88.39%
 182  hDenV1_DELIM-0x2f_Colombia_DELIM-0x2f_un-OUCRU-101212_DELIM-0x2f_2013                     0.00%    passed     84.45%
 183  hDenV1_DELIM-0x2f_Colombia_DELIM-0x2f_un-OUCRU-511_DELIM-0x2f_2013                        0.00%    passed     84.45%
 184  hDenV1_DELIM-0x2f_Colombia_DELIM-0x2f_un-OUCRU-0000063_DELIM-0x2f_2013                    0.00%    passed     87.97%
 185  hDenV1_DELIM-0x2f_Colombia_DELIM-0x2f_CAU-INS-483718_DELIM-0x2f_2016                      0.00%    passed     90.42%
 186  hDenV1_DELIM-0x2f_Colombia_DELIM-0x2f_un-INS-484942_DELIM-0x2f_2016                       0.00%    passed     88.66%
 187  hDenV1_DELIM-0x2f_Colombia_DELIM-0x2f_un-OUCRU-101224_DELIM-0x2f_2011                     0.00%    passed     85.06%
 188  hDenV1_DELIM-0x2f_Colombia_DELIM-0x2f_un-OUCRU-525_DELIM-0x2f_2011                        0.00%    passed     85.06%
 189  hDenV1_DELIM-0x2f_Colombia_DELIM-0x2f_un-OUCRU-101232_DELIM-0x2f_2013                     0.00%    passed     83.64%
 190  hDenV1_DELIM-0x2f_Colombia_DELIM-0x2f_un-OUCRU-513_DELIM-0x2f_2013                        0.00%    passed     83.64%
 191  hDenV1_DELIM-0x2f_Colombia_DELIM-0x2f_un-OUCRU-0000048_DELIM-0x2f_2013                    0.00%    passed     82.08%
 192  hDenV1_DELIM-0x2f_Colombia_DELIM-0x2f_un-OUCRU-0000052_DELIM-0x2f_2013                    0.00%    passed     82.08%
 193  hDenV1_DELIM-0x2f_Colombia_DELIM-0x2f_un-OUCRU-0000006_DELIM-0x2f_2012                    0.00%    passed     72.51%
 194  hDenV1_DELIM-0x2f_Colombia_DELIM-0x2f_un-OUCRU-0000040_DELIM-0x2f_2013                    0.00%    passed     72.51%
 195  hDenV1_DELIM-0x2f_Colombia_DELIM-0x2f_un-OUCRU-0000092_DELIM-0x2f_2012                    0.00%    passed     80.58%
 196  hDenV1_DELIM-0x2f_Colombia_DELIM-0x2f_un-OUCRU-0000069_DELIM-0x2f_2012                    0.00%    passed     72.51%
 197  hDenV1_DELIM-0x2f_Colombia_DELIM-0x2f_un-OUCRU-0000070_DELIM-0x2f_2012                    0.00%    passed     72.51%
 198  hDenV1_DELIM-0x2f_Colombia_DELIM-0x2f_SAN-UIS-0000018_DELIM-0x2f_2016                     0.00%    passed     83.83%
 199  hDenV1_DELIM-0x2f_Colombia_DELIM-0x2f_NSA-UIDS-558_DELIM-0x2f_2016                        0.00%    passed     80.04%
 200  hDenV1_DELIM-0x2f_Colombia_DELIM-0x2f_SAN-BROAD-0000037_DELIM-0x2f_2005                   0.00%    passed     78.33%
 201  hDenV1_DELIM-0x2f_Colombia_DELIM-0x2f_NSA-UIS-00011_DELIM-0x2f_2006                       0.00%    passed     82.50%
 202  hDenV1_DELIM-0x2f_Colombia_DELIM-0x2f_NSA-UIS-00014_DELIM-0x2f_2006                       0.00%    passed     82.50%
 203  hDenV1_DELIM-0x2f_Colombia_DELIM-0x2f_NSA-UIS-00015_DELIM-0x2f_2006                       0.00%    passed     82.50%
 204  hDenV1_DELIM-0x2f_Colombia_DELIM-0x2f_NSA-UIS-00013_DELIM-0x2f_2006                       0.00%    passed     82.50%
 205  hDenV1_DELIM-0x2f_Colombia_DELIM-0x2f_NSA-UIS-00012_DELIM-0x2f_2005                       0.00%    passed     78.33%
 206  hDenV1_DELIM-0x2f_Colombia_DELIM-0x2f_NSA-UIS-00005_DELIM-0x2f_2006                       0.00%    passed     86.91%
 207  hDenV1_DELIM-0x2f_Colombia_DELIM-0x2f_NSA-UIS-00009_DELIM-0x2f_2006                       0.00%    passed     86.95%
 208  hDenV1_DELIM-0x2f_Colombia_DELIM-0x2f_NSA-UIS-00007_DELIM-0x2f_2006                       0.00%    passed     84.31%
 209  hDenV1_DELIM-0x2f_Colombia_DELIM-0x2f_NSA-UIS-00010_DELIM-0x2f_2006                       0.00%    passed     84.31%
 210  hDenV1_DELIM-0x2f_Colombia_DELIM-0x2f_NSA-UIS-00008_DELIM-0x2f_2006                       0.00%    passed     84.31%
 211  hDenV1_DELIM-0x2f_Colombia_DELIM-0x2f_NSA-UIS-00006_DELIM-0x2f_2006                       0.00%    passed     84.31%
 212  hDenV1_DELIM-0x2f_Colombia_DELIM-0x2f_SAN-UIS-00004_DELIM-0x2f_2008                       0.00%    passed     87.75%
 213  hDenV1_DELIM-0x2f_Colombia_DELIM-0x2f_un-OUCRU-0000090_DELIM-0x2f_2012                    0.00%    passed     73.64%
 214  hDenV1_DELIM-0x2f_Colombia_DELIM-0x2f_un-OUCRU-0000095_DELIM-0x2f_2012                    0.00%    passed     71.79%
 215  hDenV1_DELIM-0x2f_Colombia_DELIM-0x2f_SAN-UIS-0000041_DELIM-0x2f_2010                     0.00%    passed     80.14%
 216  hDenV1_DELIM-0x2f_Colombia_DELIM-0x2f_SAN-UIS-00027_DELIM-0x2f_2008                       0.00%    passed     76.80%
 217  hDenV1_DELIM-0x2f_Colombia_DELIM-0x2f_SAN-UIS-00028_DELIM-0x2f_2007                       0.00%    passed     80.14%
 218  hDenV1_DELIM-0x2f_Colombia_DELIM-0x2f_SAN-UIS-00026_DELIM-0x2f_2007                       0.00%    passed     80.14%
 219  hDenV1_DELIM-0x2f_Colombia_DELIM-0x2f_SAN-UIS-00024_DELIM-0x2f_2008                       0.00%    passed     80.58%
 220  hDenV1_DELIM-0x2f_Colombia_DELIM-0x2f_SAN-UIS-00023_DELIM-0x2f_2008                       0.00%    passed     80.58%
 221  hDenV1_DELIM-0x2f_Colombia_DELIM-0x2f_SAN-UIS-00016_DELIM-0x2f_2007                       0.00%    passed     79.38%
 222  hDenV1_DELIM-0x2f_Colombia_DELIM-0x2f_SAN-UIS-00025_DELIM-0x2f_2007                       0.00%    passed     80.58%
 223  hDenV1_DELIM-0x2f_Colombia_DELIM-0x2f_SAN-UIS-00030_DELIM-0x2f_2008                       0.00%    passed     81.43%
 224  hDenV1_DELIM-0x2f_Colombia_DELIM-0x2f_SAN-UIS-00029_DELIM-0x2f_2008                       0.00%    passed     81.43%
 225  hDenV1_DELIM-0x2f_Colombia_DELIM-0x2f_SAN-UIS-00031_DELIM-0x2f_2004                       0.00%    passed     82.50%
 226  hDenV1_DELIM-0x2f_Colombia_DELIM-0x2f_NSA-UIS-00020_DELIM-0x2f_2006                       0.00%    passed     79.38%
 227  hDenV1_DELIM-0x2f_Colombia_DELIM-0x2f_SAN-UIS-00021_DELIM-0x2f_2007                       0.00%    passed     80.14%
 228  hDenV1_DELIM-0x2f_Colombia_DELIM-0x2f_SAN-UIS-0000011_DELIM-0x2f_2009                     0.00%    passed     80.58%
 229  hDenV1_DELIM-0x2f_Colombia_DELIM-0x2f_SAN-UIS-00022_DELIM-0x2f_2008                       0.00%    passed     80.58%
 230  hDenV1_DELIM-0x2f_Colombia_DELIM-0x2f_SAN-UIS-00018_DELIM-0x2f_2008                       0.00%    passed     74.97%
 231  hDenV1_DELIM-0x2f_Colombia_DELIM-0x2f_SAN-UIS-0000043_DELIM-0x2f_2009                     0.00%    passed     82.50%
 232  hDenV1_DELIM-0x2f_Colombia_DELIM-0x2f_SAN-UIS-0000040_DELIM-0x2f_2009                     0.00%    passed     78.20%
 233  hDenV1_DELIM-0x2f_Colombia_DELIM-0x2f_SAN-UIS-0000050_DELIM-0x2f_2009                     0.00%    passed     81.45%
 234  hDenV1_DELIM-0x2f_Colombia_DELIM-0x2f_SAN-UIS-0000020_DELIM-0x2f_2010                     0.00%    passed     80.54%
 235  hDenV1_DELIM-0x2f_Colombia_DELIM-0x2f_SAN-UIS-00017_DELIM-0x2f_2007                       0.00%    passed     83.26%
 236  hDenV1_DELIM-0x2f_Colombia_DELIM-0x2f_SAN-UIS-0000046_DELIM-0x2f_2009                     0.00%    passed     81.79%
 237  hDenV1_DELIM-0x2f_Colombia_DELIM-0x2f_SAN-UIS-0000009_DELIM-0x2f_2010                     0.00%    passed     76.89%
 238  hDenV1_DELIM-0x2f_Colombia_DELIM-0x2f_NSA-UIDS-557_DELIM-0x2f_2009                        0.00%    passed     78.30%
 239  hDenV1_DELIM-0x2f_Colombia_DELIM-0x2f_SAN-UIS-00019_DELIM-0x2f_2008                       0.00%    passed     80.04%
 240  hDenV1_DELIM-0x2f_Colombia_DELIM-0x2f_SAN-UIS-0000052_DELIM-0x2f_2010                     0.00%    passed     79.38%
 241  hDenV1_DELIM-0x2f_Colombia_DELIM-0x2f_SAN-UIS-0000029_DELIM-0x2f_2010                     0.00%    passed     85.38%
 242  hDenV1_DELIM-0x2f_Colombia_DELIM-0x2f_SAN-BROAD-0000046_DELIM-0x2f_2007                   0.00%    passed     80.14%
 243  hDenV1_DELIM-0x2f_Colombia_DELIM-0x2f_SAN-BROAD-0000029_DELIM-0x2f_2007                   0.00%    passed     80.14%
 244  hDenV1_DELIM-0x2f_Colombia_DELIM-0x2f_un-Yale-DH141_DELIM-0x2f_2004                       0.13%    passed     82.51%
 245  hDenV1_DELIM-0x2f_Colombia_DELIM-0x2f_SAN-Yale-DH141-P2_DELIM-0x2f_2004                   0.00%    passed     82.50%
 246  hDenV1_DELIM-0x2f_Colombia_DELIM-0x2f_un-BROAD-0000007_DELIM-0x2f_2005                    0.00%    passed     80.58%
 247  hDenV1_DELIM-0x2f_Colombia_DELIM-0x2f_SAN-BROAD-0000053_DELIM-0x2f_2007                   0.00%    passed     91.39%
 248  hDenV1_DELIM-0x2f_Colombia_DELIM-0x2f_NSA-BROAD-0000019_DELIM-0x2f_2006                   0.00%    passed     91.39%
 249  hDenV1_DELIM-0x2f_Colombia_DELIM-0x2f_NSA-BROAD-0000020_DELIM-0x2f_2006                   0.00%    passed     91.39%
 250  hDenV1_DELIM-0x2f_Colombia_DELIM-0x2f_NSA-BROAD-0000025_DELIM-0x2f_2006                   0.00%    passed     92.36%
 251  hDenV1_DELIM-0x2f_Colombia_DELIM-0x2f_SAN-BROAD-0000036_DELIM-0x2f_2007                   0.00%    passed     89.31%
 252  hDenV1_DELIM-0x2f_Colombia_DELIM-0x2f_un-CDC-002_DELIM-0x2f_2007                          0.34%    passed     92.58%
 253  hDenV1_DELIM-0x2f_Colombia_DELIM-0x2f_SAN-UIS-00036_DELIM-0x2f_2007                       0.00%    passed     91.39%
 254  hDenV1_DELIM-0x2f_Colombia_DELIM-0x2f_NSA-UIS-00038_DELIM-0x2f_2006                       0.00%    passed     91.39%
 255  hDenV1_DELIM-0x2f_Colombia_DELIM-0x2f_NSA-UIS-00040_DELIM-0x2f_2006                       0.00%    passed     91.39%
 256  hDenV1_DELIM-0x2f_Colombia_DELIM-0x2f_SAN-UIS-00035_DELIM-0x2f_2008                       0.00%    passed     91.39%
 257  hDenV1_DELIM-0x2f_Colombia_DELIM-0x2f_NSA-UIS-00041_DELIM-0x2f_2006                       0.00%    passed     91.39%
 258  hDenV1_DELIM-0x2f_Colombia_DELIM-0x2f_NSA-UIS-00042_DELIM-0x2f_2006                       0.00%    passed     91.39%
 259  hDenV1_DELIM-0x2f_Colombia_DELIM-0x2f_NSA-UIS-00037_DELIM-0x2f_2006                       0.00%    passed     92.36%
 260  hDenV1_DELIM-0x2f_Colombia_DELIM-0x2f_NSA-UIS-00039_DELIM-0x2f_2006                       0.00%    passed     90.09%
 261  hDenV1_DELIM-0x2f_Colombia_DELIM-0x2f_NSA-UIS-00034_DELIM-0x2f_2006                       0.00%    passed     91.39%
 262  hDenV1_DELIM-0x2f_Colombia_DELIM-0x2f_SAN-UIS-00033_DELIM-0x2f_2008                       0.00%    passed     90.09%
 263  hDenV1_DELIM-0x2f_Colombia_DELIM-0x2f_SAN-UIS-00032_DELIM-0x2f_2007                       0.00%    passed     89.31%
 264  hDenV1_DELIM-0x2f_Colombia_DELIM-0x2f_SAN-UR-LV121086_DELIM-0x2f_2010                     0.00%    passed     93.52%
 265  hDenV1_DELIM-0x2f_Colombia_DELIM-0x2f_SAN-UR-LV122007_DELIM-0x2f_2009                     0.00%    passed     90.04%
 266  hDenV1_DELIM-0x2f_Colombia_DELIM-0x2f_NSA-UIS-00045_DELIM-0x2f_2006                       0.00%    passed     79.21%
 267  hDenV1_DELIM-0x2f_Colombia_DELIM-0x2f_NSA-UIS-00046_DELIM-0x2f_2006                       0.00%    passed     79.21%
 268  hDenV1_DELIM-0x2f_Colombia_DELIM-0x2f_NSA-UIS-00043_DELIM-0x2f_2006                       0.00%    passed     79.54%
 269  hDenV1_DELIM-0x2f_Colombia_DELIM-0x2f_NSA-UIS-00044_DELIM-0x2f_2006                       0.00%    passed     85.77%
 270  hDenV1_DELIM-0x2f_Colombia_DELIM-0x2f_NSA-BROAD-0000023_DELIM-0x2f_2006                   0.00%    passed     85.77%
 271  hDenV1_DELIM-0x2f_Colombia_DELIM-0x2f_SAN-BROAD-0000058_DELIM-0x2f_2001                   0.00%    passed     90.32%
 272  hDenV1_DELIM-0x2f_Colombia_DELIM-0x2f_SAN-UIS-00051_DELIM-0x2f_2002                       0.00%    passed     91.44%
 273  hDenV1_DELIM-0x2f_Colombia_DELIM-0x2f_SAN-UIS-00050_DELIM-0x2f_2001                       0.00%    passed     90.32%
 274  hDenV1_DELIM-0x2f_Colombia_DELIM-0x2f_SAN-UIS-0000057_DELIM-0x2f_2014                     0.00%    passed     93.16%
 275  hDenV1_DELIM-0x2f_Colombia_DELIM-0x2f_un-UDS-Ov07582_DELIM-0x2f_2013                      0.00%    passed     90.68%
 276  hDenV1_DELIM-0x2f_Colombia_DELIM-0x2f_un-OUCRU-0000061_DELIM-0x2f_2012                    0.00%    passed     83.93%
 277  hDenV1_DELIM-0x2f_Colombia_DELIM-0x2f_SAN-UIS-0000028_DELIM-0x2f_2013                     0.07%    passed     80.45%
 278  hDenV1_DELIM-0x2f_Colombia_DELIM-0x2f_un-Yale-DN02733_DELIM-0x2f_2024                     0.13%    passed     92.45%
 279  hDenV1_DELIM-0x2f_Colombia_DELIM-0x2f_un-OUCRU-1_DELIM-0x2f_2013                          0.00%    passed     86.01%
 280  hDenV1_DELIM-0x2f_Colombia_DELIM-0x2f_un-OUCRU-135_DELIM-0x2f_2013                        0.00%    passed     86.01%
 281  hDenV1_DELIM-0x2f_Colombia_DELIM-0x2f_un-OUCRU-101216_DELIM-0x2f_2013                     0.00%    passed     86.01%
 282  hDenV1_DELIM-0x2f_Colombia_DELIM-0x2f_un-OUCRU-136_DELIM-0x2f_2013                        0.00%    passed     86.01%
 283  hDenV1_DELIM-0x2f_Colombia_DELIM-0x2f_un-OUCRU-10128_DELIM-0x2f_2013                      0.00%    passed     77.77%
 284  hDenV1_DELIM-0x2f_Colombia_DELIM-0x2f_un-OUCRU-512_DELIM-0x2f_2013                        0.00%    passed     77.77%
 285  hDenV1_DELIM-0x2f_Colombia_DELIM-0x2f_un-OUCRU-509_DELIM-0x2f_2013                        0.00%    passed     83.74%
 286  hDenV1_DELIM-0x2f_Colombia_DELIM-0x2f_un-OUCRU-101236_DELIM-0x2f_2013                     0.00%    passed     83.74%
 287  hDenV1_DELIM-0x2f_Colombia_DELIM-0x2f_ANT-UDEA-COT0221_DELIM-0x2f_2023                    0.00%    passed     92.00%
 288  hDenV1_DELIM-0x2f_Colombia_DELIM-0x2f_ANT-UDEA-COT0017_DELIM-0x2f_2023                    0.00%    passed     93.38%
 289  hDenV1_DELIM-0x2f_Colombia_DELIM-0x2f_ANT-UDEA-COT0011_DELIM-0x2f_2023                    0.00%    passed     93.38%
 290  hDenV1_DELIM-0x2f_Colombia_DELIM-0x2f_ANT-UDEA-COT0028_DELIM-0x2f_2023                    0.00%    passed     92.00%
 291  hDenV1_DELIM-0x2f_Colombia_DELIM-0x2f_un-Yale-DN02365_DELIM-0x2f_2023                     0.54%    passed     90.77%
 292  hDenV1_DELIM-0x2f_Colombia_DELIM-0x2f_ANT-UDEA-COA0053_DELIM-0x2f_2021                    0.00%    passed     87.91%
 293  hDenV1_DELIM-0x2f_Colombia_DELIM-0x2f_SAN-UIS-0000005_DELIM-0x2f_2015                     1.21%    passed     82.10%
 294  hDenV1_DELIM-0x2f_Colombia_DELIM-0x2f_SAN-UR-P201080030_DELIM-0x2f_2015                   1.21%    passed     86.73%
 295  hDenV1_DELIM-0x2f_Colombia_DELIM-0x2f_un-OUCRU-0000049_DELIM-0x2f_2013                    1.21%    passed     87.36%
 296  hDenV1_DELIM-0x2f_Colombia_DELIM-0x2f_un-OUCRU-0000053_DELIM-0x2f_2013                    1.21%    passed     86.65%
 297  hDenV1_DELIM-0x2f_Colombia_DELIM-0x2f_un-OUCRU-0000075_DELIM-0x2f_2013                    1.21%    passed     91.12%
 298  hDenV1_DELIM-0x2f_Colombia_DELIM-0x2f_MET-INS-424735_DELIM-0x2f_2013                      1.14%    passed     97.80%
 299  hDenV1_DELIM-0x2f_Colombia_DELIM-0x2f_VAC-LSPVAC-2407081-VI_DELIM-0x2f_2024               0.00%    passed     85.11%
 300  hDenV1_DELIM-0x2f_Colombia_DELIM-0x2f_un-OUCRU-101230_DELIM-0x2f_2013                     0.00%    passed     89.87%
 301  hDenV1_DELIM-0x2f_Colombia_DELIM-0x2f_un-OUCRU-358_DELIM-0x2f_2013                        0.00%    passed     89.87%
 302  hDenV1_DELIM-0x2f_Colombia_DELIM-0x2f_ANT-UDEA-COA0234_DELIM-0x2f_2022                    0.00%    passed     84.32%
 303  hDenV1_DELIM-0x2f_Colombia_DELIM-0x2f_BOL-UEB-016_DELIM-0x2f_2019                         0.20%    passed     83.21%
 304  hDenV1_DELIM-0x2f_Colombia_DELIM-0x2f_BOL-UEB-016-1_DELIM-0x2f_2019                       0.20%    passed     83.21%
 305  DenV1_DELIM-0x2f_un_DELIM-0x2f_Colombia_DELIM-0x2f_un-UniNorte-1_DELIM-0x2f_2001         10.24%    passed     97.30%
 306  hDenV1_DELIM-0x2f_Colombia_DELIM-0x2f_BOL-UEB-152_DELIM-0x2f_2019                        25.93%    passed     82.79%
 307  hDenV1_DELIM-0x2f_Colombia_DELIM-0x2f_BOL-UEB-152-1_DELIM-0x2f_2019                      25.93%    passed     82.79%
 308  hDenV1_DELIM-0x2f_Colombia_DELIM-0x2f_un-INS-484930_DELIM-0x2f_2016                      29.63%    passed     58.32%
 309  DENV1_DELIM-0x2f_THAILAND_DELIM-0x2f_2006_DELIM-0x2f_00002_DELIM-0x2f_06                  0.00%    passed     99.77%
 310  DENV1_DELIM-0x2f_THAILAND_DELIM-0x2f_2011_DELIM-0x2f_00002_DELIM-0x2f_11                  0.00%    passed     95.79%
 311  DENV1_DELIM-0x2f_THAILAND_DELIM-0x2f_2006_DELIM-0x2f_00003_DELIM-0x2f_06                  0.00%    passed     97.29%
 312  DENV1_DELIM-0x2f_THAILAND_DELIM-0x2f_2006_DELIM-0x2f_00004_DELIM-0x2f_06                  0.00%    passed     97.63%
 313  DENV1_DELIM-0x2f_THAILAND_DELIM-0x2f_2006_DELIM-0x2f_00006_DELIM-0x2f_06                  0.00%    passed     93.53%
 314  DENV1_DELIM-0x2f_THAILAND_DELIM-0x2f_2006_DELIM-0x2f_00007_DELIM-0x2f_06                  0.00%    passed     98.37%
 315  DENV1_DELIM-0x2f_THAILAND_DELIM-0x2f_2006_DELIM-0x2f_00010_DELIM-0x2f_06                  0.07%    passed     99.86%
 316  DENV1_DELIM-0x2f_THAILAND_DELIM-0x2f_1997_DELIM-0x2f_00012_DELIM-0x2f_97                  0.07%    passed     98.25%
 317  DENV1_DELIM-0x2f_THAILAND_DELIM-0x2f_2006_DELIM-0x2f_00030_DELIM-0x2f_06                  0.00%    passed     97.29%
 318  DENV1_DELIM-0x2f_THAILAND_DELIM-0x2f_2011_DELIM-0x2f_00046_DELIM-0x2f_11                  0.00%    passed     98.11%
 319  DENV1_DELIM-0x2f_THAILAND_DELIM-0x2f_2001_DELIM-0x2f_00047_DELIM-0x2f_01                  0.00%    passed     98.77%
 320  DENV1_DELIM-0x2f_THAILAND_DELIM-0x2f_2006_DELIM-0x2f_00048_DELIM-0x2f_06                  0.00%    passed     97.64%
 321  DENV1_DELIM-0x2f_THAILAND_DELIM-0x2f_2011_DELIM-0x2f_00055_DELIM-0x2f_11                  0.00%    passed     95.79%
 322  DENV1_DELIM-0x2f_THAILAND_DELIM-0x2f_2013_DELIM-0x2f_00059_DELIM-0x2f_13                  0.00%    passed     92.02%
 323  DENV1_DELIM-0x2f_THAILAND_DELIM-0x2f_2004_DELIM-0x2f_00062_DELIM-0x2f_04                  0.00%    passed     97.58%
 324  DENV1_DELIM-0x2f_THAILAND_DELIM-0x2f_2013_DELIM-0x2f_00062_DELIM-0x2f_13                  0.00%    passed     99.77%
 325  DENV1_DELIM-0x2f_THAILAND_DELIM-0x2f_1994_DELIM-0x2f_00066_DELIM-0x2f_94                  0.00%    passed     98.37%
 326  DENV1_DELIM-0x2f_THAILAND_DELIM-0x2f_2004_DELIM-0x2f_00068_DELIM-0x2f_04                  0.00%    passed     97.58%
 327  DENV1_DELIM-0x2f_THAILAND_DELIM-0x2f_2006_DELIM-0x2f_00068_DELIM-0x2f_06                  0.00%    passed     98.54%
 328  DENV1_DELIM-0x2f_THAILAND_DELIM-0x2f_2006_DELIM-0x2f_00069_DELIM-0x2f_06                  0.00%    passed     98.17%
 329  DENV1_DELIM-0x2f_THAILAND_DELIM-0x2f_2006_DELIM-0x2f_00074_DELIM-0x2f_06                  0.00%    passed     98.37%
 330  DENV1_DELIM-0x2f_THAILAND_DELIM-0x2f_2006_DELIM-0x2f_00080_DELIM-0x2f_06                  0.13%    passed     95.71%
 331  DENV1_DELIM-0x2f_THAILAND_DELIM-0x2f_2004_DELIM-0x2f_00088_DELIM-0x2f_04                  0.00%    passed     99.75%
 332  DENV1_DELIM-0x2f_THAILAND_DELIM-0x2f_2013_DELIM-0x2f_00090_DELIM-0x2f_13                  0.00%    passed     87.75%
 333  DENV1_DELIM-0x2f_THAILAND_DELIM-0x2f_1991_DELIM-0x2f_00098_DELIM-0x2f_91                  0.00%    passed     99.90%
 334  DENV1_DELIM-0x2f_THAILAND_DELIM-0x2f_2005_DELIM-0x2f_00109_DELIM-0x2f_05                  0.00%    passed     97.58%
 335  DENV1_DELIM-0x2f_THAILAND_DELIM-0x2f_2006_DELIM-0x2f_00113_DELIM-0x2f_06                  0.00%    passed     96.83%
 336  DENV1_DELIM-0x2f_THAILAND_DELIM-0x2f_1997_DELIM-0x2f_00115_DELIM-0x2f_97                  0.00%    passed     91.22%
 337  DENV1_DELIM-0x2f_THAILAND_DELIM-0x2f_1998_DELIM-0x2f_00141_DELIM-0x2f_98                  0.00%    passed     98.49%
 338  DENV1_DELIM-0x2f_THAILAND_DELIM-0x2f_2000_DELIM-0x2f_00163_DELIM-0x2f_00                  0.07%    passed     96.33%
 339  DENV1_DELIM-0x2f_THAILAND_DELIM-0x2f_1994_DELIM-0x2f_00168_DELIM-0x2f_94                  0.00%    passed     99.71%
 340  DENV1_DELIM-0x2f_THAILAND_DELIM-0x2f_2003_DELIM-0x2f_00170_DELIM-0x2f_03                  0.00%    passed     98.38%
 341  DENV1_DELIM-0x2f_THAILAND_DELIM-0x2f_2006_DELIM-0x2f_00172_DELIM-0x2f_06                  0.13%    passed     97.63%
 342  DENV1_DELIM-0x2f_THAILAND_DELIM-0x2f_2005_DELIM-0x2f_00186_DELIM-0x2f_05                  0.00%    passed     92.78%
 343  DENV1_DELIM-0x2f_THAILAND_DELIM-0x2f_2006_DELIM-0x2f_00188_DELIM-0x2f_06                  0.00%    passed     95.79%
 344  DENV1_DELIM-0x2f_THAILAND_DELIM-0x2f_2001_DELIM-0x2f_00189_DELIM-0x2f_01                  0.00%    passed     97.56%
 345  DENV1_DELIM-0x2f_THAILAND_DELIM-0x2f_2013_DELIM-0x2f_00192_DELIM-0x2f_13                  0.00%    passed     94.56%
 346  DENV1_DELIM-0x2f_THAILAND_DELIM-0x2f_2006_DELIM-0x2f_00201_DELIM-0x2f_06                  0.00%    passed     98.34%
 347  DENV1_DELIM-0x2f_THAILAND_DELIM-0x2f_1995_DELIM-0x2f_00207_DELIM-0x2f_95                  0.00%    passed     95.17%
 348  DENV1_DELIM-0x2f_THAILAND_DELIM-0x2f_2005_DELIM-0x2f_00208_DELIM-0x2f_05                  0.00%    passed     99.29%
 349  DENV1_DELIM-0x2f_THAILAND_DELIM-0x2f_2006_DELIM-0x2f_00209_DELIM-0x2f_06                  0.00%    passed     99.28%
 350  DENV1_DELIM-0x2f_THAILAND_DELIM-0x2f_2005_DELIM-0x2f_00210_DELIM-0x2f_05                  0.00%    passed     99.20%
 351  DENV1_DELIM-0x2f_THAILAND_DELIM-0x2f_2005_DELIM-0x2f_00211_DELIM-0x2f_05                  0.00%    passed     97.74%
 352  DENV1_DELIM-0x2f_THAILAND_DELIM-0x2f_2006_DELIM-0x2f_00211_DELIM-0x2f_06                  0.00%    passed     99.28%
 353  DENV1_DELIM-0x2f_THAILAND_DELIM-0x2f_1994_DELIM-0x2f_00212_DELIM-0x2f_94                  0.00%    passed     97.15%
 354  DENV1_DELIM-0x2f_THAILAND_DELIM-0x2f_2006_DELIM-0x2f_00213_DELIM-0x2f_06                  0.00%    passed     98.34%
 355  DENV1_DELIM-0x2f_THAILAND_DELIM-0x2f_2014_DELIM-0x2f_00213_DELIM-0x2f_14                  0.07%    passed     98.92%
 356  DENV1_DELIM-0x2f_THAILAND_DELIM-0x2f_2004_DELIM-0x2f_00223_DELIM-0x2f_04                  0.07%    passed     97.20%
 357  DENV1_DELIM-0x2f_THAILAND_DELIM-0x2f_2006_DELIM-0x2f_00228_DELIM-0x2f_06                  0.00%    passed     98.83%
 358  DENV1_DELIM-0x2f_THAILAND_DELIM-0x2f_1995_DELIM-0x2f_00229_DELIM-0x2f_95                  0.00%    passed     95.17%
 359  DENV1_DELIM-0x2f_THAILAND_DELIM-0x2f_2006_DELIM-0x2f_00231_DELIM-0x2f_06                  0.00%    passed     99.28%
 360  DENV1_DELIM-0x2f_THAILAND_DELIM-0x2f_2006_DELIM-0x2f_00232_DELIM-0x2f_06                  0.07%    passed     98.51%
 361  DENV1_DELIM-0x2f_THAILAND_DELIM-0x2f_1998_DELIM-0x2f_00233_DELIM-0x2f_98                  0.07%    passed     98.89%
 362  DENV1_DELIM-0x2f_THAILAND_DELIM-0x2f_2006_DELIM-0x2f_00248_DELIM-0x2f_06                  0.00%    passed     99.28%
 363  DENV1_DELIM-0x2f_THAILAND_DELIM-0x2f_1995_DELIM-0x2f_00257_DELIM-0x2f_95                  0.13%    passed     97.26%
 364  DENV1_DELIM-0x2f_THAILAND_DELIM-0x2f_2005_DELIM-0x2f_00258_DELIM-0x2f_05                  0.00%    passed     98.23%
 365  DENV1_DELIM-0x2f_THAILAND_DELIM-0x2f_2004_DELIM-0x2f_00259_DELIM-0x2f_04                  0.00%    passed     99.10%
 366  DENV1_DELIM-0x2f_THAILAND_DELIM-0x2f_1999_DELIM-0x2f_00262_DELIM-0x2f_99                  0.00%    passed     96.83%
 367  DENV1_DELIM-0x2f_THAILAND_DELIM-0x2f_1994_DELIM-0x2f_00263_DELIM-0x2f_94                  0.00%    passed     96.94%
 368  DENV1_DELIM-0x2f_THAILAND_DELIM-0x2f_2006_DELIM-0x2f_00265_DELIM-0x2f_06                  0.13%    passed     98.82%
 369  DENV1_DELIM-0x2f_THAILAND_DELIM-0x2f_2013_DELIM-0x2f_00270_DELIM-0x2f_13                  0.00%    passed     95.49%
 370  DENV1_DELIM-0x2f_THAILAND_DELIM-0x2f_2011_DELIM-0x2f_00272_DELIM-0x2f_11                  0.00%    passed     99.59%
 371  DENV1_DELIM-0x2f_THAILAND_DELIM-0x2f_2003_DELIM-0x2f_00275_DELIM-0x2f_03                  0.00%    passed     95.90%
 372  DENV1_DELIM-0x2f_THAILAND_DELIM-0x2f_2006_DELIM-0x2f_00287_DELIM-0x2f_06                  0.00%    passed     92.02%
 373  DENV1_DELIM-0x2f_THAILAND_DELIM-0x2f_1995_DELIM-0x2f_00288_DELIM-0x2f_95                  0.00%    passed     97.58%
 374  DENV1_DELIM-0x2f_THAILAND_DELIM-0x2f_2013_DELIM-0x2f_00297_DELIM-0x2f_13                  0.00%    passed     98.61%
 375  DENV1_DELIM-0x2f_THAILAND_DELIM-0x2f_2012_DELIM-0x2f_00305_DELIM-0x2f_12                  0.00%    passed     98.54%
 376  DENV1_DELIM-0x2f_THAILAND_DELIM-0x2f_2005_DELIM-0x2f_00306_DELIM-0x2f_05                  0.00%    passed     98.83%
 377  DENV1_DELIM-0x2f_THAILAND_DELIM-0x2f_2003_DELIM-0x2f_00311_DELIM-0x2f_03                  0.00%    passed     96.54%
 378  DENV1_DELIM-0x2f_THAILAND_DELIM-0x2f_2006_DELIM-0x2f_00318_DELIM-0x2f_06                  0.13%    passed     99.61%
 379  DENV1_DELIM-0x2f_THAILAND_DELIM-0x2f_2006_DELIM-0x2f_00326_DELIM-0x2f_06                  0.00%    passed     96.51%
 380  DENV1_DELIM-0x2f_THAILAND_DELIM-0x2f_2011_DELIM-0x2f_00330_DELIM-0x2f_11                  0.00%    passed     95.79%
 381  DENV1_DELIM-0x2f_THAILAND_DELIM-0x2f_2006_DELIM-0x2f_00332_DELIM-0x2f_06                  0.00%    passed     92.02%
 382  DENV1_DELIM-0x2f_THAILAND_DELIM-0x2f_2006_DELIM-0x2f_00334_DELIM-0x2f_06                  0.07%    passed     99.67%
 383  DENV1_DELIM-0x2f_THAILAND_DELIM-0x2f_2013_DELIM-0x2f_00343_DELIM-0x2f_13                  0.00%    passed     90.32%
 384  DENV1_DELIM-0x2f_THAILAND_DELIM-0x2f_2012_DELIM-0x2f_00346_DELIM-0x2f_12                  0.00%    passed     98.13%
 385  DENV1_DELIM-0x2f_THAILAND_DELIM-0x2f_2003_DELIM-0x2f_00348_DELIM-0x2f_03                  0.00%    passed     96.83%
 386  DENV1_DELIM-0x2f_THAILAND_DELIM-0x2f_2003_DELIM-0x2f_00349_DELIM-0x2f_03                  0.00%    passed     96.89%
 387  DENV1_DELIM-0x2f_THAILAND_DELIM-0x2f_2011_DELIM-0x2f_00349_DELIM-0x2f_11                  0.00%    passed     99.16%
 388  DENV1_DELIM-0x2f_THAILAND_DELIM-0x2f_1994_DELIM-0x2f_00350_DELIM-0x2f_94                  0.00%    passed     98.14%
 389  DENV1_DELIM-0x2f_THAILAND_DELIM-0x2f_2001_DELIM-0x2f_00355_DELIM-0x2f_01                  0.00%    passed     96.94%
 390  DENV1_DELIM-0x2f_THAILAND_DELIM-0x2f_2011_DELIM-0x2f_00358_DELIM-0x2f_11                  0.00%    passed     98.89%
 391  DENV1_DELIM-0x2f_THAILAND_DELIM-0x2f_2012_DELIM-0x2f_00358_DELIM-0x2f_12                  0.00%    passed     96.55%
 392  DENV1_DELIM-0x2f_THAILAND_DELIM-0x2f_2006_DELIM-0x2f_00365_DELIM-0x2f_06                  0.00%    passed     99.34%
 393  DENV1_DELIM-0x2f_THAILAND_DELIM-0x2f_1999_DELIM-0x2f_00365_DELIM-0x2f_99                  0.00%    passed     96.83%
 394  DENV1_DELIM-0x2f_THAILAND_DELIM-0x2f_2004_DELIM-0x2f_00369_DELIM-0x2f_04                  0.00%    passed     98.96%
 395  DENV1_DELIM-0x2f_THAILAND_DELIM-0x2f_2006_DELIM-0x2f_00369_DELIM-0x2f_06                  0.00%    passed     99.75%
 396  DENV1_DELIM-0x2f_THAILAND_DELIM-0x2f_2006_DELIM-0x2f_00371_DELIM-0x2f_06                  0.00%    passed     99.34%
 397  DENV1_DELIM-0x2f_THAILAND_DELIM-0x2f_2003_DELIM-0x2f_00373_DELIM-0x2f_03                  0.00%    passed     96.89%
 398  DENV1_DELIM-0x2f_THAILAND_DELIM-0x2f_1996_DELIM-0x2f_00375_DELIM-0x2f_96                  0.00%    passed     97.64%
 399  DENV1_DELIM-0x2f_THAILAND_DELIM-0x2f_1997_DELIM-0x2f_00377_DELIM-0x2f_97                  0.07%    passed     98.47%
 400  DENV1_DELIM-0x2f_THAILAND_DELIM-0x2f_1999_DELIM-0x2f_00380_DELIM-0x2f_99                  0.00%    passed     98.96%
 401  DENV1_DELIM-0x2f_THAILAND_DELIM-0x2f_1997_DELIM-0x2f_00382_DELIM-0x2f_97                  0.07%    passed     98.89%
 402  DENV1_DELIM-0x2f_THAILAND_DELIM-0x2f_2006_DELIM-0x2f_00392_DELIM-0x2f_06                  0.00%    passed     98.17%
 403  DENV1_DELIM-0x2f_THAILAND_DELIM-0x2f_1994_DELIM-0x2f_00395_DELIM-0x2f_94                  0.00%    passed     97.56%
 404  DENV1_DELIM-0x2f_THAILAND_DELIM-0x2f_2006_DELIM-0x2f_00398_DELIM-0x2f_06                  0.07%    passed     98.10%
 405  DENV1_DELIM-0x2f_THAILAND_DELIM-0x2f_1995_DELIM-0x2f_00410_DELIM-0x2f_95                  0.13%    passed     97.64%
 406  DENV1_DELIM-0x2f_THAILAND_DELIM-0x2f_2006_DELIM-0x2f_00411_DELIM-0x2f_06                  0.07%    passed     95.31%
 407  DENV1_DELIM-0x2f_THAILAND_DELIM-0x2f_1999_DELIM-0x2f_00413_DELIM-0x2f_99                  0.00%    passed     99.28%
 408  DENV1_DELIM-0x2f_THAILAND_DELIM-0x2f_2006_DELIM-0x2f_00418_DELIM-0x2f_06                  0.13%    passed     96.77%
 409  DENV1_DELIM-0x2f_THAILAND_DELIM-0x2f_1998_DELIM-0x2f_00422_DELIM-0x2f_98                  0.20%    passed     88.83%
 410  DENV1_DELIM-0x2f_THAILAND_DELIM-0x2f_1994_DELIM-0x2f_00424_DELIM-0x2f_94                  0.00%    passed     99.91%
 411  DENV1_DELIM-0x2f_THAILAND_DELIM-0x2f_2003_DELIM-0x2f_00427_DELIM-0x2f_03                  0.00%    passed     99.45%
 412  DENV1_DELIM-0x2f_THAILAND_DELIM-0x2f_1998_DELIM-0x2f_00428_DELIM-0x2f_98                  0.00%    passed     97.63%
 413  DENV1_DELIM-0x2f_THAILAND_DELIM-0x2f_2002_DELIM-0x2f_00431_DELIM-0x2f_02                  0.00%    passed     98.37%
 414  DENV1_DELIM-0x2f_THAILAND_DELIM-0x2f_2011_DELIM-0x2f_00432_DELIM-0x2f_11                  0.00%    passed     96.66%
 415  DENV1_DELIM-0x2f_THAILAND_DELIM-0x2f_2004_DELIM-0x2f_00436_DELIM-0x2f_04                  0.00%    passed     99.10%
 416  DENV1_DELIM-0x2f_THAILAND_DELIM-0x2f_2006_DELIM-0x2f_00437_DELIM-0x2f_06                  0.00%    passed     97.63%
 417  DENV1_DELIM-0x2f_THAILAND_DELIM-0x2f_1982_DELIM-0x2f_00437_DELIM-0x2f_82                  0.00%    passed     99.59%
 418  DENV1_DELIM-0x2f_THAILAND_DELIM-0x2f_2006_DELIM-0x2f_00438_DELIM-0x2f_06                  0.13%    passed     97.37%
 419  DENV1_DELIM-0x2f_THAILAND_DELIM-0x2f_2002_DELIM-0x2f_00440_DELIM-0x2f_02                  0.00%    passed     97.74%
 420  DENV1_DELIM-0x2f_THAILAND_DELIM-0x2f_1998_DELIM-0x2f_00442_DELIM-0x2f_98                  0.00%    passed     97.35%
 421  DENV1_DELIM-0x2f_THAILAND_DELIM-0x2f_2006_DELIM-0x2f_00443_DELIM-0x2f_06                  0.00%    passed     98.17%
 422  DENV1_DELIM-0x2f_THAILAND_DELIM-0x2f_2014_DELIM-0x2f_00444_DELIM-0x2f_14                  0.00%    passed     96.89%
 423  DENV1_DELIM-0x2f_THAILAND_DELIM-0x2f_2013_DELIM-0x2f_00456_DELIM-0x2f_13                  0.00%    passed     95.28%
 424  DENV1_DELIM-0x2f_THAILAND_DELIM-0x2f_2006_DELIM-0x2f_00458_DELIM-0x2f_06                  0.00%    passed     99.57%
 425  DENV1_DELIM-0x2f_THAILAND_DELIM-0x2f_2006_DELIM-0x2f_00462_DELIM-0x2f_06                  0.07%    passed     99.35%
 426  DENV1_DELIM-0x2f_THAILAND_DELIM-0x2f_1995_DELIM-0x2f_00471_DELIM-0x2f_95                  0.00%    passed     99.79%
 427  DENV1_DELIM-0x2f_THAILAND_DELIM-0x2f_1998_DELIM-0x2f_00473_DELIM-0x2f_98                  0.00%    passed     84.25%
 428  DENV1_DELIM-0x2f_THAILAND_DELIM-0x2f_2004_DELIM-0x2f_00477_DELIM-0x2f_04                  0.00%    passed     96.37%
 429  DENV1_DELIM-0x2f_THAILAND_DELIM-0x2f_2002_DELIM-0x2f_00479_DELIM-0x2f_02                  0.20%    passed     97.87%
 430  DENV1_DELIM-0x2f_THAILAND_DELIM-0x2f_2004_DELIM-0x2f_00479_DELIM-0x2f_04                  0.00%    passed     99.29%
 431  DENV1_DELIM-0x2f_THAILAND_DELIM-0x2f_2005_DELIM-0x2f_00479_DELIM-0x2f_05                  0.07%    passed     94.42%
 432  DENV1_DELIM-0x2f_THAILAND_DELIM-0x2f_2006_DELIM-0x2f_00482_DELIM-0x2f_06                  0.00%    passed     99.75%
 433  DENV1_DELIM-0x2f_THAILAND_DELIM-0x2f_2013_DELIM-0x2f_00485_DELIM-0x2f_13                  0.00%    passed     95.71%
 434  DENV1_DELIM-0x2f_THAILAND_DELIM-0x2f_2014_DELIM-0x2f_00485_DELIM-0x2f_14                  0.00%    passed     98.49%
 435  DENV1_DELIM-0x2f_THAILAND_DELIM-0x2f_1995_DELIM-0x2f_00487_DELIM-0x2f_95                  0.00%    passed     96.50%
 436  DENV1_DELIM-0x2f_THAILAND_DELIM-0x2f_2006_DELIM-0x2f_00490_DELIM-0x2f_06                  0.07%    passed     97.89%
 437  DENV1_DELIM-0x2f_THAILAND_DELIM-0x2f_2006_DELIM-0x2f_00492_DELIM-0x2f_06                  0.00%    passed     99.62%
 438  DENV1_DELIM-0x2f_THAILAND_DELIM-0x2f_2004_DELIM-0x2f_00493_DELIM-0x2f_04                  0.00%    passed     98.67%
 439  DENV1_DELIM-0x2f_THAILAND_DELIM-0x2f_2011_DELIM-0x2f_00493_DELIM-0x2f_11                  0.00%    passed     98.93%
 440  DENV1_DELIM-0x2f_THAILAND_DELIM-0x2f_1983_DELIM-0x2f_00493_DELIM-0x2f_83                  0.00%    passed     81.05%
 441  DENV1_DELIM-0x2f_THAILAND_DELIM-0x2f_2001_DELIM-0x2f_00494_DELIM-0x2f_01                  0.00%    passed     96.82%
 442  DENV1_DELIM-0x2f_THAILAND_DELIM-0x2f_2003_DELIM-0x2f_00496_DELIM-0x2f_03                  0.00%    passed     98.96%
 443  DENV1_DELIM-0x2f_THAILAND_DELIM-0x2f_2006_DELIM-0x2f_00498_DELIM-0x2f_06                  0.00%    passed     99.28%
 444  DENV1_DELIM-0x2f_THAILAND_DELIM-0x2f_2012_DELIM-0x2f_00511_DELIM-0x2f_12                  0.00%    passed     97.31%
 445  DENV1_DELIM-0x2f_THAILAND_DELIM-0x2f_2006_DELIM-0x2f_00514_DELIM-0x2f_06                  0.07%    passed     93.46%
 446  DENV1_DELIM-0x2f_THAILAND_DELIM-0x2f_1988_DELIM-0x2f_00522_DELIM-0x2f_88                  0.00%    passed     99.95%
 447  DENV1_DELIM-0x2f_THAILAND_DELIM-0x2f_2006_DELIM-0x2f_00527_DELIM-0x2f_06                  0.00%    passed     99.57%
 448  DENV1_DELIM-0x2f_THAILAND_DELIM-0x2f_2004_DELIM-0x2f_00532_DELIM-0x2f_04                  0.00%    passed     98.03%
 449  DENV1_DELIM-0x2f_THAILAND_DELIM-0x2f_1994_DELIM-0x2f_00532_DELIM-0x2f_94                  0.00%    passed     97.29%
 450  DENV1_DELIM-0x2f_THAILAND_DELIM-0x2f_2003_DELIM-0x2f_00537_DELIM-0x2f_03                  0.00%    passed     99.64%
 451  DENV1_DELIM-0x2f_THAILAND_DELIM-0x2f_1994_DELIM-0x2f_00537_DELIM-0x2f_94                  0.00%    passed     99.93%
 452  DENV1_DELIM-0x2f_THAILAND_DELIM-0x2f_2003_DELIM-0x2f_00543_DELIM-0x2f_03                  0.00%    passed     98.77%
 453  DENV1_DELIM-0x2f_THAILAND_DELIM-0x2f_2012_DELIM-0x2f_00543_DELIM-0x2f_12                  0.00%    passed     96.69%
 454  DENV1_DELIM-0x2f_THAILAND_DELIM-0x2f_2006_DELIM-0x2f_00551_DELIM-0x2f_06                  0.00%    passed     95.60%
 455  DENV1_DELIM-0x2f_THAILAND_DELIM-0x2f_2014_DELIM-0x2f_00554_DELIM-0x2f_14                  0.00%    passed     97.64%
 456  DENV1_DELIM-0x2f_THAILAND_DELIM-0x2f_2006_DELIM-0x2f_00555_DELIM-0x2f_06                  0.13%    passed     94.20%
 457  DENV1_DELIM-0x2f_THAILAND_DELIM-0x2f_2014_DELIM-0x2f_00559_DELIM-0x2f_14                  0.00%    passed     95.60%
 458  DENV1_DELIM-0x2f_THAILAND_DELIM-0x2f_1995_DELIM-0x2f_00569_DELIM-0x2f_95                  0.00%    passed     97.58%
 459  DENV1_DELIM-0x2f_THAILAND_DELIM-0x2f_2014_DELIM-0x2f_00572_DELIM-0x2f_14                  0.13%    passed     88.94%
 460  DENV1_DELIM-0x2f_THAILAND_DELIM-0x2f_2006_DELIM-0x2f_00577_DELIM-0x2f_06                  0.00%    passed     92.02%
 461  DENV1_DELIM-0x2f_THAILAND_DELIM-0x2f_2011_DELIM-0x2f_00577_DELIM-0x2f_11                  0.00%    passed     96.87%
 462  DENV1_DELIM-0x2f_THAILAND_DELIM-0x2f_2001_DELIM-0x2f_00580_DELIM-0x2f_01                  0.00%    passed     98.55%
 463  DENV1_DELIM-0x2f_THAILAND_DELIM-0x2f_2012_DELIM-0x2f_00580_DELIM-0x2f_12                  0.00%    passed     90.32%
 464  DENV1_DELIM-0x2f_THAILAND_DELIM-0x2f_1995_DELIM-0x2f_00582_DELIM-0x2f_95                  0.00%    passed     99.91%
 465  DENV1_DELIM-0x2f_THAILAND_DELIM-0x2f_1995_DELIM-0x2f_00590_DELIM-0x2f_95                  0.00%    passed     99.58%
 466  DENV1_DELIM-0x2f_THAILAND_DELIM-0x2f_1998_DELIM-0x2f_00592_DELIM-0x2f_98                  0.00%    passed     89.65%
 467  DENV1_DELIM-0x2f_THAILAND_DELIM-0x2f_1999_DELIM-0x2f_00594_DELIM-0x2f_99                  0.07%    passed     97.82%
 468  DENV1_DELIM-0x2f_THAILAND_DELIM-0x2f_1995_DELIM-0x2f_00595_DELIM-0x2f_95                  0.07%    passed     98.62%
 469  DENV1_DELIM-0x2f_THAILAND_DELIM-0x2f_2003_DELIM-0x2f_00596_DELIM-0x2f_03                  0.00%    passed     98.89%
 470  DENV1_DELIM-0x2f_THAILAND_DELIM-0x2f_2003_DELIM-0x2f_00598_DELIM-0x2f_03                  0.07%    passed     97.77%
 471  DENV1_DELIM-0x2f_THAILAND_DELIM-0x2f_2002_DELIM-0x2f_00600_DELIM-0x2f_02                  0.00%    passed     98.37%
 472  DENV1_DELIM-0x2f_THAILAND_DELIM-0x2f_2013_DELIM-0x2f_00607_DELIM-0x2f_13                  0.00%    passed     98.81%
 473  DENV1_DELIM-0x2f_THAILAND_DELIM-0x2f_1995_DELIM-0x2f_00614_DELIM-0x2f_95                  0.07%    passed     97.57%
 474  DENV1_DELIM-0x2f_THAILAND_DELIM-0x2f_2006_DELIM-0x2f_00616_DELIM-0x2f_06                  0.20%    passed     99.68%
 475  DENV1_DELIM-0x2f_THAILAND_DELIM-0x2f_2005_DELIM-0x2f_00617_DELIM-0x2f_05                  0.00%    passed     98.23%
 476  DENV1_DELIM-0x2f_THAILAND_DELIM-0x2f_2014_DELIM-0x2f_00624_DELIM-0x2f_14                  0.00%    passed     98.49%
 477  DENV1_DELIM-0x2f_THAILAND_DELIM-0x2f_2011_DELIM-0x2f_00626_DELIM-0x2f_11                  0.00%    passed     96.72%
 478  DENV1_DELIM-0x2f_THAILAND_DELIM-0x2f_2006_DELIM-0x2f_00631_DELIM-0x2f_06                  0.00%    passed     95.99%
 479  DENV1_DELIM-0x2f_THAILAND_DELIM-0x2f_1980_DELIM-0x2f_00633_DELIM-0x2f_80                  0.00%    passed     85.83%
 480  DENV1_DELIM-0x2f_THAILAND_DELIM-0x2f_2014_DELIM-0x2f_00634_DELIM-0x2f_14                  0.00%    passed     98.49%
 481  DENV1_DELIM-0x2f_THAILAND_DELIM-0x2f_1995_DELIM-0x2f_00637_DELIM-0x2f_95                  0.00%    passed     98.95%
 482  DENV1_DELIM-0x2f_THAILAND_DELIM-0x2f_2002_DELIM-0x2f_00644_DELIM-0x2f_02                  0.00%    passed     96.69%
 483  DENV1_DELIM-0x2f_THAILAND_DELIM-0x2f_2005_DELIM-0x2f_00647_DELIM-0x2f_05                  0.00%    passed     99.29%
 484  DENV1_DELIM-0x2f_THAILAND_DELIM-0x2f_2002_DELIM-0x2f_00650_DELIM-0x2f_02                  0.00%    passed     95.90%
 485  DENV1_DELIM-0x2f_THAILAND_DELIM-0x2f_1994_DELIM-0x2f_00650_DELIM-0x2f_94                  0.00%    passed     99.38%
 486  DENV1_DELIM-0x2f_THAILAND_DELIM-0x2f_2005_DELIM-0x2f_00667_DELIM-0x2f_05                  0.00%    passed     96.56%
 487  DENV1_DELIM-0x2f_THAILAND_DELIM-0x2f_1995_DELIM-0x2f_00668_DELIM-0x2f_95                  0.13%    passed     97.99%
 488  DENV1_DELIM-0x2f_THAILAND_DELIM-0x2f_1998_DELIM-0x2f_00669_DELIM-0x2f_98                  0.00%    passed     98.82%
 489  DENV1_DELIM-0x2f_THAILAND_DELIM-0x2f_2006_DELIM-0x2f_00674_DELIM-0x2f_06                  0.00%    passed     99.51%
 490  DENV1_DELIM-0x2f_THAILAND_DELIM-0x2f_1999_DELIM-0x2f_00684_DELIM-0x2f_99                  0.00%    passed     96.14%
 491  DENV1_DELIM-0x2f_THAILAND_DELIM-0x2f_2006_DELIM-0x2f_00690_DELIM-0x2f_06                  0.00%    passed     98.54%
 492  DENV1_DELIM-0x2f_THAILAND_DELIM-0x2f_1999_DELIM-0x2f_00692_DELIM-0x2f_99                  0.00%    passed     98.17%
 493  DENV1_DELIM-0x2f_THAILAND_DELIM-0x2f_2003_DELIM-0x2f_00697_DELIM-0x2f_03                  0.00%    passed     99.20%
 494  DENV1_DELIM-0x2f_THAILAND_DELIM-0x2f_2006_DELIM-0x2f_00698_DELIM-0x2f_06                  0.07%    passed     97.94%
 495  DENV1_DELIM-0x2f_THAILAND_DELIM-0x2f_2006_DELIM-0x2f_00709_DELIM-0x2f_06                  0.07%    passed     93.96%
 496  DENV1_DELIM-0x2f_THAILAND_DELIM-0x2f_2006_DELIM-0x2f_00713_DELIM-0x2f_06                  0.00%    passed     99.28%
 497  DENV1_DELIM-0x2f_THAILAND_DELIM-0x2f_1994_DELIM-0x2f_00713_DELIM-0x2f_94                  0.00%    passed     98.83%
 498  DENV1_DELIM-0x2f_THAILAND_DELIM-0x2f_2004_DELIM-0x2f_00725_DELIM-0x2f_04                  0.20%    passed     98.01%
 499  DENV1_DELIM-0x2f_THAILAND_DELIM-0x2f_2014_DELIM-0x2f_00725_DELIM-0x2f_14                  0.00%    passed     98.83%
 500  DENV1_DELIM-0x2f_THAILAND_DELIM-0x2f_2006_DELIM-0x2f_00728_DELIM-0x2f_06                  0.00%    passed     99.09%
 501  DENV1_DELIM-0x2f_THAILAND_DELIM-0x2f_2002_DELIM-0x2f_00731_DELIM-0x2f_02                  0.00%    passed     98.03%
 502  DENV1_DELIM-0x2f_THAILAND_DELIM-0x2f_2014_DELIM-0x2f_00738_DELIM-0x2f_14                  0.00%    passed     96.05%
 503  DENV1_DELIM-0x2f_THAILAND_DELIM-0x2f_1998_DELIM-0x2f_00739_DELIM-0x2f_98                  0.00%    passed     97.63%
 504  DENV1_DELIM-0x2f_THAILAND_DELIM-0x2f_1994_DELIM-0x2f_00740_DELIM-0x2f_94                  0.00%    passed     97.65%
 505  DENV1_DELIM-0x2f_THAILAND_DELIM-0x2f_2005_DELIM-0x2f_00743_DELIM-0x2f_05                  0.00%    passed     99.75%
 506  DENV1_DELIM-0x2f_THAILAND_DELIM-0x2f_2005_DELIM-0x2f_00744_DELIM-0x2f_05                  0.00%    passed     98.55%
 507  DENV1_DELIM-0x2f_THAILAND_DELIM-0x2f_2011_DELIM-0x2f_00750_DELIM-0x2f_11                  0.00%    passed     95.28%
 508  DENV1_DELIM-0x2f_THAILAND_DELIM-0x2f_2011_DELIM-0x2f_00757_DELIM-0x2f_11                  0.00%    passed     92.54%
 509  DENV1_DELIM-0x2f_THAILAND_DELIM-0x2f_2004_DELIM-0x2f_00758_DELIM-0x2f_04                  0.00%    passed     98.23%
 510  DENV1_DELIM-0x2f_THAILAND_DELIM-0x2f_2014_DELIM-0x2f_00758_DELIM-0x2f_14                  0.00%    passed     99.29%
 511  DENV1_DELIM-0x2f_THAILAND_DELIM-0x2f_2006_DELIM-0x2f_00761_DELIM-0x2f_06                  0.00%    passed     99.75%
 512  DENV1_DELIM-0x2f_THAILAND_DELIM-0x2f_2012_DELIM-0x2f_00763_DELIM-0x2f_12                  0.00%    passed     90.32%
 513  DENV1_DELIM-0x2f_THAILAND_DELIM-0x2f_1995_DELIM-0x2f_00769_DELIM-0x2f_95                  0.00%    passed     99.22%
 514  DENV1_DELIM-0x2f_THAILAND_DELIM-0x2f_2012_DELIM-0x2f_00777_DELIM-0x2f_12                  0.00%    passed     95.28%
 515  DENV1_DELIM-0x2f_THAILAND_DELIM-0x2f_2011_DELIM-0x2f_00785_DELIM-0x2f_11                  0.00%    passed     95.79%
 516  DENV1_DELIM-0x2f_THAILAND_DELIM-0x2f_2010_DELIM-0x2f_00792_DELIM-0x2f_10                  0.00%    passed     95.79%
 517  DENV1_DELIM-0x2f_THAILAND_DELIM-0x2f_2004_DELIM-0x2f_00793_DELIM-0x2f_04                  0.00%    passed     96.89%
 518  DENV1_DELIM-0x2f_THAILAND_DELIM-0x2f_2012_DELIM-0x2f_00807_DELIM-0x2f_12                  0.00%    passed     90.32%
 519  DENV1_DELIM-0x2f_THAILAND_DELIM-0x2f_2012_DELIM-0x2f_00809_DELIM-0x2f_12                  0.00%    passed     95.49%
 520  DENV1_DELIM-0x2f_THAILAND_DELIM-0x2f_2006_DELIM-0x2f_00817_DELIM-0x2f_06                  0.00%    passed     97.74%
 521  DENV1_DELIM-0x2f_THAILAND_DELIM-0x2f_1994_DELIM-0x2f_00817_DELIM-0x2f_94                  0.00%    passed     99.70%
 522  DENV1_DELIM-0x2f_THAILAND_DELIM-0x2f_1994_DELIM-0x2f_00821_DELIM-0x2f_94                  0.00%    passed     99.35%
 523  DENV1_DELIM-0x2f_THAILAND_DELIM-0x2f_2001_DELIM-0x2f_00822_DELIM-0x2f_01                  0.00%    passed     95.79%
 524  DENV1_DELIM-0x2f_THAILAND_DELIM-0x2f_2006_DELIM-0x2f_00825_DELIM-0x2f_06                  0.00%    passed     97.60%
 525  DENV1_DELIM-0x2f_THAILAND_DELIM-0x2f_2012_DELIM-0x2f_00829_DELIM-0x2f_12                  0.00%    passed     87.75%
 526  DENV1_DELIM-0x2f_THAILAND_DELIM-0x2f_2006_DELIM-0x2f_00833_DELIM-0x2f_06                  0.00%    passed     98.49%
 527  DENV1_DELIM-0x2f_THAILAND_DELIM-0x2f_2012_DELIM-0x2f_00840_DELIM-0x2f_12                  0.00%    passed     96.04%
 528  DENV1_DELIM-0x2f_THAILAND_DELIM-0x2f_2006_DELIM-0x2f_00841_DELIM-0x2f_06                  0.00%    passed     91.38%
 529  DENV1_DELIM-0x2f_THAILAND_DELIM-0x2f_2004_DELIM-0x2f_00878_DELIM-0x2f_04                  0.00%    passed     96.74%
 530  DENV1_DELIM-0x2f_THAILAND_DELIM-0x2f_2012_DELIM-0x2f_00878_DELIM-0x2f_12                  0.00%    passed     95.60%
 531  DENV1_DELIM-0x2f_THAILAND_DELIM-0x2f_2010_DELIM-0x2f_00887_DELIM-0x2f_10                  0.00%    passed     99.58%
 532  DENV1_DELIM-0x2f_THAILAND_DELIM-0x2f_2006_DELIM-0x2f_00921_DELIM-0x2f_06                  0.00%    passed     96.83%
 533  DENV1_DELIM-0x2f_THAILAND_DELIM-0x2f_1997_DELIM-0x2f_00926_DELIM-0x2f_97                  0.00%    passed     97.58%
 534  DENV1_DELIM-0x2f_THAILAND_DELIM-0x2f_1997_DELIM-0x2f_00927_DELIM-0x2f_97                  0.00%    passed     97.64%
 535  DENV1_DELIM-0x2f_THAILAND_DELIM-0x2f_2011_DELIM-0x2f_00938_DELIM-0x2f_11                  0.00%    passed     96.90%
 536  DENV1_DELIM-0x2f_THAILAND_DELIM-0x2f_1994_DELIM-0x2f_00938_DELIM-0x2f_94                  0.00%    passed     96.70%
 537  DENV1_DELIM-0x2f_THAILAND_DELIM-0x2f_1996_DELIM-0x2f_00942_DELIM-0x2f_96                  0.00%    passed     99.26%
 538  DENV1_DELIM-0x2f_THAILAND_DELIM-0x2f_2012_DELIM-0x2f_00943_DELIM-0x2f_12                  0.00%    passed     90.34%
 539  DENV1_DELIM-0x2f_THAILAND_DELIM-0x2f_2003_DELIM-0x2f_00961_DELIM-0x2f_03                  0.00%    passed     96.54%
 540  DENV1_DELIM-0x2f_THAILAND_DELIM-0x2f_2006_DELIM-0x2f_00966_DELIM-0x2f_06                  0.00%    passed     98.34%
 541  DENV1_DELIM-0x2f_THAILAND_DELIM-0x2f_1995_DELIM-0x2f_00968_DELIM-0x2f_95                  0.00%    passed     98.61%
 542  DENV1_DELIM-0x2f_THAILAND_DELIM-0x2f_1996_DELIM-0x2f_00970_DELIM-0x2f_96                  0.00%    passed     99.26%
 543  DENV1_DELIM-0x2f_THAILAND_DELIM-0x2f_2004_DELIM-0x2f_00975_DELIM-0x2f_04                  0.00%    passed     99.62%
 544  DENV1_DELIM-0x2f_THAILAND_DELIM-0x2f_1995_DELIM-0x2f_00975_DELIM-0x2f_95                  0.00%    passed     97.64%
 545  DENV1_DELIM-0x2f_THAILAND_DELIM-0x2f_1995_DELIM-0x2f_00978_DELIM-0x2f_95                  0.07%    passed     99.08%
 546  DENV1_DELIM-0x2f_THAILAND_DELIM-0x2f_2002_DELIM-0x2f_00995_DELIM-0x2f_02                  0.00%    passed     98.37%
 547  DENV1_DELIM-0x2f_THAILAND_DELIM-0x2f_1995_DELIM-0x2f_00995_DELIM-0x2f_95                  0.00%    passed     97.64%
 548  DENV1_DELIM-0x2f_THAILAND_DELIM-0x2f_2006_DELIM-0x2f_01001_DELIM-0x2f_06                  0.07%    passed     96.18%
 549  DENV1_DELIM-0x2f_THAILAND_DELIM-0x2f_2012_DELIM-0x2f_01006_DELIM-0x2f_12                  0.00%    passed     98.83%
 550  DENV1_DELIM-0x2f_THAILAND_DELIM-0x2f_2006_DELIM-0x2f_01014_DELIM-0x2f_06                  0.00%    passed     94.70%
 551  DENV1_DELIM-0x2f_THAILAND_DELIM-0x2f_1995_DELIM-0x2f_01014_DELIM-0x2f_95                  0.00%    passed     97.96%
 552  DENV1_DELIM-0x2f_THAILAND_DELIM-0x2f_2003_DELIM-0x2f_01023_DELIM-0x2f_03                  0.00%    passed     98.03%
 553  DENV1_DELIM-0x2f_THAILAND_DELIM-0x2f_1996_DELIM-0x2f_01023_DELIM-0x2f_96                  0.00%    passed     94.60%
 554  DENV1_DELIM-0x2f_THAILAND_DELIM-0x2f_2013_DELIM-0x2f_01031_DELIM-0x2f_13                  0.00%    passed     98.98%
 555  DENV1_DELIM-0x2f_THAILAND_DELIM-0x2f_2004_DELIM-0x2f_01038_DELIM-0x2f_04                  0.00%    passed     99.75%
 556  DENV1_DELIM-0x2f_THAILAND_DELIM-0x2f_2006_DELIM-0x2f_01038_DELIM-0x2f_06                  0.00%    passed     94.70%
 557  DENV1_DELIM-0x2f_THAILAND_DELIM-0x2f_2001_DELIM-0x2f_01039_DELIM-0x2f_01                  0.00%    passed     98.61%
 558  DENV1_DELIM-0x2f_THAILAND_DELIM-0x2f_2005_DELIM-0x2f_01040_DELIM-0x2f_05                  0.13%    passed     98.09%
 559  DENV1_DELIM-0x2f_THAILAND_DELIM-0x2f_2010_DELIM-0x2f_01040_DELIM-0x2f_10                  0.07%    passed     97.74%
 560  DENV1_DELIM-0x2f_THAILAND_DELIM-0x2f_2010_DELIM-0x2f_01044_DELIM-0x2f_10                  0.00%    passed     97.25%
 561  DENV1_DELIM-0x2f_THAILAND_DELIM-0x2f_2002_DELIM-0x2f_01048_DELIM-0x2f_02                  0.00%    passed     98.95%
 562  DENV1_DELIM-0x2f_THAILAND_DELIM-0x2f_1996_DELIM-0x2f_01049_DELIM-0x2f_96                  0.07%    passed     98.28%
 563  DENV1_DELIM-0x2f_THAILAND_DELIM-0x2f_1996_DELIM-0x2f_01055_DELIM-0x2f_96                  0.07%    passed     98.25%
 564  DENV1_DELIM-0x2f_THAILAND_DELIM-0x2f_2006_DELIM-0x2f_01057_DELIM-0x2f_06                  0.00%    passed     97.06%
 565  DENV1_DELIM-0x2f_THAILAND_DELIM-0x2f_1997_DELIM-0x2f_01057_DELIM-0x2f_97                  0.00%    passed     98.17%
 566  DENV1_DELIM-0x2f_THAILAND_DELIM-0x2f_2013_DELIM-0x2f_01060_DELIM-0x2f_13                  0.00%    passed     99.26%
 567  DENV1_DELIM-0x2f_THAILAND_DELIM-0x2f_1994_DELIM-0x2f_01088_DELIM-0x2f_94                  0.00%    passed     95.17%
 568  DENV1_DELIM-0x2f_THAILAND_DELIM-0x2f_2006_DELIM-0x2f_01089_DELIM-0x2f_06                  0.00%    passed     97.74%
 569  DENV1_DELIM-0x2f_THAILAND_DELIM-0x2f_2002_DELIM-0x2f_01091_DELIM-0x2f_02                  0.00%    passed     97.03%
 570  DENV1_DELIM-0x2f_THAILAND_DELIM-0x2f_2006_DELIM-0x2f_01093_DELIM-0x2f_06                  0.00%    passed     98.17%
 571  DENV1_DELIM-0x2f_THAILAND_DELIM-0x2f_1996_DELIM-0x2f_01095_DELIM-0x2f_96                  0.00%    passed     97.58%
 572  DENV1_DELIM-0x2f_THAILAND_DELIM-0x2f_2006_DELIM-0x2f_01096_DELIM-0x2f_06                  0.00%    passed     97.58%
 573  DENV1_DELIM-0x2f_THAILAND_DELIM-0x2f_1995_DELIM-0x2f_01097_DELIM-0x2f_95                  0.13%    passed     97.01%
 574  DENV1_DELIM-0x2f_THAILAND_DELIM-0x2f_2006_DELIM-0x2f_01104_DELIM-0x2f_06                  0.00%    passed     99.77%
 575  DENV1_DELIM-0x2f_THAILAND_DELIM-0x2f_2006_DELIM-0x2f_01108_DELIM-0x2f_06                  0.07%    passed     97.82%
 576  DENV1_DELIM-0x2f_THAILAND_DELIM-0x2f_1996_DELIM-0x2f_01114_DELIM-0x2f_96                  0.00%    passed     99.20%
 577  DENV1_DELIM-0x2f_THAILAND_DELIM-0x2f_2002_DELIM-0x2f_01117_DELIM-0x2f_02                  0.00%    passed     98.37%
 578  DENV1_DELIM-0x2f_THAILAND_DELIM-0x2f_2012_DELIM-0x2f_01133_DELIM-0x2f_12                  0.00%    passed     87.75%
 579  DENV1_DELIM-0x2f_THAILAND_DELIM-0x2f_1996_DELIM-0x2f_01134_DELIM-0x2f_96                  0.00%    passed     99.20%
 580  DENV1_DELIM-0x2f_THAILAND_DELIM-0x2f_1996_DELIM-0x2f_01139_DELIM-0x2f_96                  0.00%    passed     98.49%
 581  DENV1_DELIM-0x2f_THAILAND_DELIM-0x2f_2006_DELIM-0x2f_01140_DELIM-0x2f_06                  0.00%    passed     93.19%
 582  DENV1_DELIM-0x2f_THAILAND_DELIM-0x2f_2006_DELIM-0x2f_01141_DELIM-0x2f_06                  0.00%    passed     95.60%
 583  DENV1_DELIM-0x2f_THAILAND_DELIM-0x2f_2006_DELIM-0x2f_01143_DELIM-0x2f_06                  0.00%    passed     97.58%
 584  DENV1_DELIM-0x2f_THAILAND_DELIM-0x2f_2013_DELIM-0x2f_01143_DELIM-0x2f_13                  0.07%    passed     95.99%
 585  DENV1_DELIM-0x2f_THAILAND_DELIM-0x2f_2006_DELIM-0x2f_01145_DELIM-0x2f_06                  0.00%    passed     97.63%
 586  DENV1_DELIM-0x2f_THAILAND_DELIM-0x2f_2005_DELIM-0x2f_01147_DELIM-0x2f_05                  0.00%    passed     96.14%
 587  DENV1_DELIM-0x2f_THAILAND_DELIM-0x2f_2013_DELIM-0x2f_01152_DELIM-0x2f_13                  0.00%    passed     87.43%
 588  DENV1_DELIM-0x2f_THAILAND_DELIM-0x2f_2006_DELIM-0x2f_01170_DELIM-0x2f_06                  0.00%    passed     98.14%
 589  DENV1_DELIM-0x2f_THAILAND_DELIM-0x2f_1998_DELIM-0x2f_01173_DELIM-0x2f_98                  0.00%    passed     98.77%
 590  DENV1_DELIM-0x2f_THAILAND_DELIM-0x2f_2010_DELIM-0x2f_01175_DELIM-0x2f_10                  0.00%    passed     96.62%
 591  DENV1_DELIM-0x2f_THAILAND_DELIM-0x2f_1995_DELIM-0x2f_01199_DELIM-0x2f_95                  0.13%    passed     98.84%
 592  DENV1_DELIM-0x2f_THAILAND_DELIM-0x2f_2011_DELIM-0x2f_01202_DELIM-0x2f_11                  0.00%    passed     96.66%
 593  DENV1_DELIM-0x2f_THAILAND_DELIM-0x2f_2003_DELIM-0x2f_01203_DELIM-0x2f_03                  0.00%    passed     98.37%
 594  DENV1_DELIM-0x2f_THAILAND_DELIM-0x2f_2006_DELIM-0x2f_01211_DELIM-0x2f_06                  0.07%    passed     96.18%
 595  DENV1_DELIM-0x2f_THAILAND_DELIM-0x2f_1995_DELIM-0x2f_01213_DELIM-0x2f_95                  0.00%    passed     98.49%
 596  DENV1_DELIM-0x2f_THAILAND_DELIM-0x2f_2006_DELIM-0x2f_01214_DELIM-0x2f_06                  0.00%    passed     98.85%
 597  DENV1_DELIM-0x2f_THAILAND_DELIM-0x2f_2006_DELIM-0x2f_01229_DELIM-0x2f_06                  0.00%    passed     95.28%
 598  DENV1_DELIM-0x2f_THAILAND_DELIM-0x2f_1996_DELIM-0x2f_01231_DELIM-0x2f_96                  0.00%    passed     99.10%
 599  DENV1_DELIM-0x2f_THAILAND_DELIM-0x2f_2000_DELIM-0x2f_01236_DELIM-0x2f_00                  0.00%    passed     94.60%
 600  DENV1_DELIM-0x2f_THAILAND_DELIM-0x2f_2000_DELIM-0x2f_01239_DELIM-0x2f_00                  0.00%    passed     96.82%
 601  DENV1_DELIM-0x2f_THAILAND_DELIM-0x2f_2006_DELIM-0x2f_01241_DELIM-0x2f_06                  0.00%    passed     97.63%
 602  DENV1_DELIM-0x2f_THAILAND_DELIM-0x2f_2006_DELIM-0x2f_01242_DELIM-0x2f_06                  0.00%    passed     98.77%
 603  DENV1_DELIM-0x2f_THAILAND_DELIM-0x2f_2011_DELIM-0x2f_01259_DELIM-0x2f_11                  0.00%    passed     94.35%
 604  DENV1_DELIM-0x2f_THAILAND_DELIM-0x2f_1995_DELIM-0x2f_01262_DELIM-0x2f_95                  0.00%    passed     98.49%
 605  DENV1_DELIM-0x2f_THAILAND_DELIM-0x2f_2000_DELIM-0x2f_01264_DELIM-0x2f_00                  0.00%    passed     94.70%
 606  DENV1_DELIM-0x2f_THAILAND_DELIM-0x2f_2006_DELIM-0x2f_01273_DELIM-0x2f_06                  0.00%    passed     96.83%
 607  DENV1_DELIM-0x2f_THAILAND_DELIM-0x2f_2004_DELIM-0x2f_01274_DELIM-0x2f_04                  0.00%    passed     98.42%
 608  DENV1_DELIM-0x2f_THAILAND_DELIM-0x2f_2006_DELIM-0x2f_01277_DELIM-0x2f_06                  0.00%    passed     93.19%
 609  DENV1_DELIM-0x2f_THAILAND_DELIM-0x2f_1995_DELIM-0x2f_01277_DELIM-0x2f_95                  0.00%    passed     99.26%
 610  DENV1_DELIM-0x2f_THAILAND_DELIM-0x2f_1995_DELIM-0x2f_01283_DELIM-0x2f_95                  0.13%    passed     97.01%
 611  DENV1_DELIM-0x2f_THAILAND_DELIM-0x2f_1995_DELIM-0x2f_01293_DELIM-0x2f_95                  0.00%    passed     98.38%
 612  DENV1_DELIM-0x2f_THAILAND_DELIM-0x2f_2010_DELIM-0x2f_01302_DELIM-0x2f_10                  0.00%    passed     94.70%
 613  DENV1_DELIM-0x2f_THAILAND_DELIM-0x2f_2011_DELIM-0x2f_01302_DELIM-0x2f_11                  0.00%    passed     91.02%
 614  DENV1_DELIM-0x2f_THAILAND_DELIM-0x2f_1994_DELIM-0x2f_01308_DELIM-0x2f_94                  0.00%    passed     99.57%
 615  DENV1_DELIM-0x2f_THAILAND_DELIM-0x2f_2004_DELIM-0x2f_01309_DELIM-0x2f_04                  0.00%    passed     96.66%
 616  DENV1_DELIM-0x2f_THAILAND_DELIM-0x2f_1994_DELIM-0x2f_01310_DELIM-0x2f_94                  0.00%    passed     96.50%
 617  DENV1_DELIM-0x2f_THAILAND_DELIM-0x2f_2004_DELIM-0x2f_01313_DELIM-0x2f_04                  0.00%    passed     94.60%
 618  DENV1_DELIM-0x2f_THAILAND_DELIM-0x2f_1998_DELIM-0x2f_01315_DELIM-0x2f_98                  0.00%    passed     97.64%
 619  DENV1_DELIM-0x2f_THAILAND_DELIM-0x2f_2010_DELIM-0x2f_01327_DELIM-0x2f_10                  0.00%    passed     98.65%
 620  DENV1_DELIM-0x2f_THAILAND_DELIM-0x2f_2006_DELIM-0x2f_01330_DELIM-0x2f_06                  0.00%    passed     98.91%
 621  DENV1_DELIM-0x2f_THAILAND_DELIM-0x2f_2005_DELIM-0x2f_01331_DELIM-0x2f_05                  0.00%    passed     97.29%
 622  DENV1_DELIM-0x2f_THAILAND_DELIM-0x2f_2006_DELIM-0x2f_01332_DELIM-0x2f_06                  0.00%    passed     93.19%
 623  DENV1_DELIM-0x2f_THAILAND_DELIM-0x2f_2006_DELIM-0x2f_01334_DELIM-0x2f_06                  0.00%    passed     97.60%
 624  DENV1_DELIM-0x2f_THAILAND_DELIM-0x2f_2006_DELIM-0x2f_01335_DELIM-0x2f_06                  0.00%    passed     99.20%
 625  DENV1_DELIM-0x2f_THAILAND_DELIM-0x2f_2000_DELIM-0x2f_01349_DELIM-0x2f_00                  0.00%    passed     99.94%
 626  DENV1_DELIM-0x2f_THAILAND_DELIM-0x2f_1995_DELIM-0x2f_01364_DELIM-0x2f_95                  0.00%    passed     99.95%
 627  DENV1_DELIM-0x2f_THAILAND_DELIM-0x2f_2003_DELIM-0x2f_01373_DELIM-0x2f_03                  0.00%    passed     95.79%
 628  DENV1_DELIM-0x2f_THAILAND_DELIM-0x2f_2006_DELIM-0x2f_01376_DELIM-0x2f_06                  0.00%    passed     97.54%
 629  DENV1_DELIM-0x2f_THAILAND_DELIM-0x2f_2006_DELIM-0x2f_01377_DELIM-0x2f_06                  0.00%    passed     96.89%
 630  DENV1_DELIM-0x2f_THAILAND_DELIM-0x2f_2006_DELIM-0x2f_01380_DELIM-0x2f_06                  0.00%    passed     94.70%
 631  DENV1_DELIM-0x2f_THAILAND_DELIM-0x2f_2006_DELIM-0x2f_01381_DELIM-0x2f_06                  0.00%    passed     99.87%
 632  DENV1_DELIM-0x2f_THAILAND_DELIM-0x2f_2010_DELIM-0x2f_01381_DELIM-0x2f_10                  0.00%    passed     96.18%
 633  DENV1_DELIM-0x2f_THAILAND_DELIM-0x2f_2005_DELIM-0x2f_01383_DELIM-0x2f_05                  0.00%    passed     97.29%
 634  DENV1_DELIM-0x2f_THAILAND_DELIM-0x2f_2006_DELIM-0x2f_01383_DELIM-0x2f_06                  0.00%    passed     98.38%
 635  DENV1_DELIM-0x2f_THAILAND_DELIM-0x2f_1994_DELIM-0x2f_01385_DELIM-0x2f_94                  0.00%    passed     98.72%
 636  DENV1_DELIM-0x2f_THAILAND_DELIM-0x2f_2006_DELIM-0x2f_01386_DELIM-0x2f_06                  0.00%    passed     98.49%
 637  DENV1_DELIM-0x2f_THAILAND_DELIM-0x2f_2011_DELIM-0x2f_01392_DELIM-0x2f_11                  0.00%    passed     92.54%
 638  DENV1_DELIM-0x2f_THAILAND_DELIM-0x2f_2002_DELIM-0x2f_01393_DELIM-0x2f_02                  0.00%    passed     97.58%
 639  DENV1_DELIM-0x2f_THAILAND_DELIM-0x2f_2000_DELIM-0x2f_01397_DELIM-0x2f_00                  0.00%    passed     83.32%
 640  DENV1_DELIM-0x2f_THAILAND_DELIM-0x2f_2006_DELIM-0x2f_01402_DELIM-0x2f_06                  0.00%    passed     98.91%
 641  DENV1_DELIM-0x2f_THAILAND_DELIM-0x2f_1997_DELIM-0x2f_01403_DELIM-0x2f_97                  0.00%    passed     99.75%
 642  DENV1_DELIM-0x2f_THAILAND_DELIM-0x2f_2004_DELIM-0x2f_01411_DELIM-0x2f_04                  0.00%    passed     98.42%
 643  DENV1_DELIM-0x2f_THAILAND_DELIM-0x2f_2004_DELIM-0x2f_01416_DELIM-0x2f_04                  0.00%    passed     98.03%
 644  DENV1_DELIM-0x2f_THAILAND_DELIM-0x2f_2004_DELIM-0x2f_01420_DELIM-0x2f_04                  0.00%    passed     96.66%
 645  DENV1_DELIM-0x2f_THAILAND_DELIM-0x2f_1995_DELIM-0x2f_01423_DELIM-0x2f_95                  0.00%    passed     98.77%
 646  DENV1_DELIM-0x2f_THAILAND_DELIM-0x2f_2004_DELIM-0x2f_01425_DELIM-0x2f_04                  0.00%    passed     99.62%
 647  DENV1_DELIM-0x2f_THAILAND_DELIM-0x2f_2010_DELIM-0x2f_01436_DELIM-0x2f_10                  0.00%    passed     95.79%
 648  DENV1_DELIM-0x2f_THAILAND_DELIM-0x2f_2002_DELIM-0x2f_01443_DELIM-0x2f_02                  0.00%    passed     98.17%
 649  DENV1_DELIM-0x2f_THAILAND_DELIM-0x2f_2006_DELIM-0x2f_01444_DELIM-0x2f_06                  0.00%    passed     97.63%
 650  DENV1_DELIM-0x2f_THAILAND_DELIM-0x2f_2010_DELIM-0x2f_01446_DELIM-0x2f_10                  0.00%    passed     92.43%
 651  DENV1_DELIM-0x2f_THAILAND_DELIM-0x2f_2010_DELIM-0x2f_01447_DELIM-0x2f_10                  0.00%    passed     96.66%
 652  DENV1_DELIM-0x2f_THAILAND_DELIM-0x2f_1994_DELIM-0x2f_01447_DELIM-0x2f_94                  0.00%    passed     98.72%
 653  DENV1_DELIM-0x2f_THAILAND_DELIM-0x2f_2006_DELIM-0x2f_01448_DELIM-0x2f_06                  0.07%    passed     95.31%
 654  DENV1_DELIM-0x2f_THAILAND_DELIM-0x2f_2011_DELIM-0x2f_01450_DELIM-0x2f_11                  0.00%    passed     92.54%
 655  DENV1_DELIM-0x2f_THAILAND_DELIM-0x2f_2006_DELIM-0x2f_01453_DELIM-0x2f_06                  0.00%    passed     98.91%
 656  DENV1_DELIM-0x2f_THAILAND_DELIM-0x2f_2011_DELIM-0x2f_01453_DELIM-0x2f_11                  0.00%    passed     92.54%
 657  DENV1_DELIM-0x2f_THAILAND_DELIM-0x2f_2002_DELIM-0x2f_01459_DELIM-0x2f_02                  0.00%    passed     98.77%
 658  DENV1_DELIM-0x2f_THAILAND_DELIM-0x2f_1995_DELIM-0x2f_01459_DELIM-0x2f_95                  0.00%    passed     98.49%
 659  DENV1_DELIM-0x2f_THAILAND_DELIM-0x2f_2002_DELIM-0x2f_01462_DELIM-0x2f_02                  0.00%    passed     97.63%
 660  DENV1_DELIM-0x2f_THAILAND_DELIM-0x2f_1994_DELIM-0x2f_01471_DELIM-0x2f_94                  0.00%    passed     98.14%
 661  DENV1_DELIM-0x2f_THAILAND_DELIM-0x2f_2002_DELIM-0x2f_01473_DELIM-0x2f_02                  0.00%    passed     96.89%
 662  DENV1_DELIM-0x2f_THAILAND_DELIM-0x2f_2000_DELIM-0x2f_01476_DELIM-0x2f_00                  0.00%    passed     98.55%
 663  DENV1_DELIM-0x2f_THAILAND_DELIM-0x2f_1994_DELIM-0x2f_01476_DELIM-0x2f_94                  0.00%    passed     99.03%
 664  DENV1_DELIM-0x2f_THAILAND_DELIM-0x2f_2007_DELIM-0x2f_01479_DELIM-0x2f_07                  0.00%    passed     92.94%
 665  DENV1_DELIM-0x2f_THAILAND_DELIM-0x2f_2000_DELIM-0x2f_01483_DELIM-0x2f_00                  0.00%    passed     98.37%
 666  DENV1_DELIM-0x2f_THAILAND_DELIM-0x2f_2006_DELIM-0x2f_01483_DELIM-0x2f_06                  0.00%    passed     98.49%
 667  DENV1_DELIM-0x2f_THAILAND_DELIM-0x2f_2000_DELIM-0x2f_01492_DELIM-0x2f_00                  0.00%    passed     98.54%
 668  DENV1_DELIM-0x2f_THAILAND_DELIM-0x2f_1994_DELIM-0x2f_01495_DELIM-0x2f_94                  0.00%    passed     99.33%
 669  DENV1_DELIM-0x2f_THAILAND_DELIM-0x2f_2006_DELIM-0x2f_01499_DELIM-0x2f_06                  0.00%    passed     98.27%
 670  DENV1_DELIM-0x2f_THAILAND_DELIM-0x2f_2006_DELIM-0x2f_01505_DELIM-0x2f_06                  0.00%    passed     95.28%
 671  DENV1_DELIM-0x2f_THAILAND_DELIM-0x2f_2010_DELIM-0x2f_01510_DELIM-0x2f_10                  0.00%    passed     95.79%
 672  DENV1_DELIM-0x2f_THAILAND_DELIM-0x2f_2006_DELIM-0x2f_01511_DELIM-0x2f_06                  0.00%    passed     97.54%
 673  DENV1_DELIM-0x2f_THAILAND_DELIM-0x2f_2006_DELIM-0x2f_01512_DELIM-0x2f_06                  0.00%    passed     93.19%
 674  DENV1_DELIM-0x2f_THAILAND_DELIM-0x2f_2010_DELIM-0x2f_01518_DELIM-0x2f_10                  0.00%    passed     98.65%
 675  DENV1_DELIM-0x2f_THAILAND_DELIM-0x2f_2010_DELIM-0x2f_01521_DELIM-0x2f_10                  0.00%    passed     97.71%
 676  DENV1_DELIM-0x2f_THAILAND_DELIM-0x2f_1996_DELIM-0x2f_01524_DELIM-0x2f_96                  0.00%    passed     97.31%
 677  DENV1_DELIM-0x2f_THAILAND_DELIM-0x2f_2006_DELIM-0x2f_01528_DELIM-0x2f_06                  0.00%    passed     96.83%
 678  DENV1_DELIM-0x2f_THAILAND_DELIM-0x2f_2006_DELIM-0x2f_01529_DELIM-0x2f_06                  0.00%    passed     93.19%
 679  DENV1_DELIM-0x2f_THAILAND_DELIM-0x2f_2004_DELIM-0x2f_01530_DELIM-0x2f_04                  0.00%    passed     98.42%
 680  DENV1_DELIM-0x2f_THAILAND_DELIM-0x2f_2006_DELIM-0x2f_01530_DELIM-0x2f_06                  0.00%    passed     97.58%
 681  DENV1_DELIM-0x2f_THAILAND_DELIM-0x2f_1994_DELIM-0x2f_01533_DELIM-0x2f_94                  0.00%    passed     96.50%
 682  DENV1_DELIM-0x2f_THAILAND_DELIM-0x2f_2006_DELIM-0x2f_01535_DELIM-0x2f_06                  0.00%    passed     99.28%
 683  DENV1_DELIM-0x2f_THAILAND_DELIM-0x2f_2006_DELIM-0x2f_01538_DELIM-0x2f_06                  0.00%    passed     94.60%
 684  DENV1_DELIM-0x2f_THAILAND_DELIM-0x2f_2003_DELIM-0x2f_01555_DELIM-0x2f_03                  0.00%    passed     98.77%
 685  DENV1_DELIM-0x2f_THAILAND_DELIM-0x2f_2006_DELIM-0x2f_01561_DELIM-0x2f_06                  0.00%    passed     97.74%
 686  DENV1_DELIM-0x2f_THAILAND_DELIM-0x2f_2006_DELIM-0x2f_01563_DELIM-0x2f_06                  0.00%    passed     97.82%
 687  DENV1_DELIM-0x2f_THAILAND_DELIM-0x2f_2000_DELIM-0x2f_01565_DELIM-0x2f_00                  0.00%    passed     98.55%
 688  DENV1_DELIM-0x2f_THAILAND_DELIM-0x2f_2005_DELIM-0x2f_01567_DELIM-0x2f_05                  0.00%    passed     97.63%
 689  DENV1_DELIM-0x2f_THAILAND_DELIM-0x2f_2013_DELIM-0x2f_01570_DELIM-0x2f_13                  0.00%    passed     98.81%
 690  DENV1_DELIM-0x2f_THAILAND_DELIM-0x2f_2006_DELIM-0x2f_01573_DELIM-0x2f_06                  0.00%    passed     95.28%
 691  DENV1_DELIM-0x2f_THAILAND_DELIM-0x2f_2005_DELIM-0x2f_01578_DELIM-0x2f_05                  0.00%    passed     98.49%
 692  DENV1_DELIM-0x2f_THAILAND_DELIM-0x2f_2002_DELIM-0x2f_01579_DELIM-0x2f_02                  0.00%    passed     96.89%
 693  DENV1_DELIM-0x2f_THAILAND_DELIM-0x2f_1998_DELIM-0x2f_01579_DELIM-0x2f_98                  0.07%    passed     95.59%
 694  DENV1_DELIM-0x2f_THAILAND_DELIM-0x2f_1998_DELIM-0x2f_01582_DELIM-0x2f_98                  0.07%    passed     99.04%
 695  DENV1_DELIM-0x2f_THAILAND_DELIM-0x2f_2005_DELIM-0x2f_01591_DELIM-0x2f_05                  0.00%    passed     98.14%
 696  DENV1_DELIM-0x2f_THAILAND_DELIM-0x2f_2006_DELIM-0x2f_01595_DELIM-0x2f_06                  0.00%    passed     95.28%
 697  DENV1_DELIM-0x2f_THAILAND_DELIM-0x2f_2010_DELIM-0x2f_01600_DELIM-0x2f_10                  0.00%    passed     95.79%
 698  DENV1_DELIM-0x2f_THAILAND_DELIM-0x2f_2004_DELIM-0x2f_01604_DELIM-0x2f_04                  0.00%    passed     99.62%
 699  DENV1_DELIM-0x2f_THAILAND_DELIM-0x2f_2000_DELIM-0x2f_01606_DELIM-0x2f_00                  0.00%    passed     97.56%
 700  DENV1_DELIM-0x2f_THAILAND_DELIM-0x2f_1995_DELIM-0x2f_01608_DELIM-0x2f_95                  0.00%    passed     98.49%
 701  DENV1_DELIM-0x2f_THAILAND_DELIM-0x2f_1998_DELIM-0x2f_01610_DELIM-0x2f_98                  0.00%    passed     95.60%
 702  DENV1_DELIM-0x2f_THAILAND_DELIM-0x2f_2005_DELIM-0x2f_01616_DELIM-0x2f_05                  0.00%    passed     99.51%
 703  DENV1_DELIM-0x2f_THAILAND_DELIM-0x2f_2000_DELIM-0x2f_01624_DELIM-0x2f_00                  0.00%    passed     97.29%
 704  DENV1_DELIM-0x2f_THAILAND_DELIM-0x2f_2006_DELIM-0x2f_01635_DELIM-0x2f_06                  0.00%    passed     99.20%
 705  DENV1_DELIM-0x2f_THAILAND_DELIM-0x2f_2000_DELIM-0x2f_01639_DELIM-0x2f_00                  0.00%    passed     96.54%
 706  DENV1_DELIM-0x2f_THAILAND_DELIM-0x2f_2004_DELIM-0x2f_01640_DELIM-0x2f_04                  0.00%    passed     97.74%
 707  DENV1_DELIM-0x2f_THAILAND_DELIM-0x2f_2006_DELIM-0x2f_01650_DELIM-0x2f_06                  0.00%    passed     98.17%
 708  DENV1_DELIM-0x2f_THAILAND_DELIM-0x2f_2005_DELIM-0x2f_01651_DELIM-0x2f_05                  0.00%    passed     98.34%
 709  DENV1_DELIM-0x2f_THAILAND_DELIM-0x2f_2000_DELIM-0x2f_01661_DELIM-0x2f_00                  0.00%    passed     97.74%
 710  DENV1_DELIM-0x2f_THAILAND_DELIM-0x2f_2006_DELIM-0x2f_01678_DELIM-0x2f_06                  0.00%    passed     97.46%
 711  DENV1_DELIM-0x2f_THAILAND_DELIM-0x2f_2006_DELIM-0x2f_01690_DELIM-0x2f_06                  0.00%    passed     98.49%
 712  DENV1_DELIM-0x2f_THAILAND_DELIM-0x2f_2004_DELIM-0x2f_01692_DELIM-0x2f_04                  0.00%    passed     94.60%
 713  DENV1_DELIM-0x2f_THAILAND_DELIM-0x2f_2006_DELIM-0x2f_01710_DELIM-0x2f_06                  0.00%    passed     98.67%
 714  DENV1_DELIM-0x2f_THAILAND_DELIM-0x2f_1994_DELIM-0x2f_01723_DELIM-0x2f_94                  0.07%    passed     98.28%
 715  DENV1_DELIM-0x2f_THAILAND_DELIM-0x2f_1998_DELIM-0x2f_01723_DELIM-0x2f_98                  0.00%    passed     97.64%
 716  DENV1_DELIM-0x2f_THAILAND_DELIM-0x2f_1980_DELIM-0x2f_01738_DELIM-0x2f_80                  0.13%    passed     86.65%
 717  DENV1_DELIM-0x2f_THAILAND_DELIM-0x2f_1996_DELIM-0x2f_01763_DELIM-0x2f_96                  0.00%    passed     98.77%
 718  DENV1_DELIM-0x2f_THAILAND_DELIM-0x2f_2004_DELIM-0x2f_01764_DELIM-0x2f_04                  0.00%    passed     99.34%
 719  DENV1_DELIM-0x2f_THAILAND_DELIM-0x2f_1996_DELIM-0x2f_01771_DELIM-0x2f_96                  0.07%    passed     97.82%
 720  DENV1_DELIM-0x2f_THAILAND_DELIM-0x2f_2006_DELIM-0x2f_01774_DELIM-0x2f_06                  0.00%    passed     99.20%
 721  DENV1_DELIM-0x2f_THAILAND_DELIM-0x2f_1996_DELIM-0x2f_01789_DELIM-0x2f_96                  0.00%    passed     99.10%
 722  DENV1_DELIM-0x2f_THAILAND_DELIM-0x2f_1996_DELIM-0x2f_01792_DELIM-0x2f_96                  0.00%    passed     99.26%
 723  DENV1_DELIM-0x2f_THAILAND_DELIM-0x2f_2000_DELIM-0x2f_01798_DELIM-0x2f_00                  0.00%    passed     97.49%
 724  DENV1_DELIM-0x2f_THAILAND_DELIM-0x2f_2002_DELIM-0x2f_01813_DELIM-0x2f_02                  0.00%    passed     99.29%
 725  DENV1_DELIM-0x2f_THAILAND_DELIM-0x2f_2003_DELIM-0x2f_01815_DELIM-0x2f_03                  0.07%    passed     98.03%
 726  DENV1_DELIM-0x2f_THAILAND_DELIM-0x2f_2002_DELIM-0x2f_01819_DELIM-0x2f_02                  0.00%    passed     99.75%
 727  DENV1_DELIM-0x2f_THAILAND_DELIM-0x2f_2006_DELIM-0x2f_01820_DELIM-0x2f_06                  0.00%    passed     98.23%
 728  DENV1_DELIM-0x2f_THAILAND_DELIM-0x2f_2002_DELIM-0x2f_01821_DELIM-0x2f_02                  0.00%    passed     96.89%
 729  DENV1_DELIM-0x2f_THAILAND_DELIM-0x2f_2006_DELIM-0x2f_01823_DELIM-0x2f_06                  0.07%    passed     96.93%
 730  DENV1_DELIM-0x2f_THAILAND_DELIM-0x2f_1995_DELIM-0x2f_01827_DELIM-0x2f_95                  0.00%    passed     98.49%
 731  DENV1_DELIM-0x2f_THAILAND_DELIM-0x2f_2006_DELIM-0x2f_01830_DELIM-0x2f_06                  0.00%    passed     99.28%
 732  DENV1_DELIM-0x2f_THAILAND_DELIM-0x2f_2006_DELIM-0x2f_01831_DELIM-0x2f_06                  0.00%    passed     98.98%
 733  DENV1_DELIM-0x2f_THAILAND_DELIM-0x2f_2003_DELIM-0x2f_01849_DELIM-0x2f_03                  0.00%    passed     99.93%
 734  DENV1_DELIM-0x2f_THAILAND_DELIM-0x2f_2003_DELIM-0x2f_01851_DELIM-0x2f_03                  0.00%    passed     98.38%
 735  DENV1_DELIM-0x2f_THAILAND_DELIM-0x2f_2006_DELIM-0x2f_01858_DELIM-0x2f_06                  0.00%    passed     97.74%
 736  DENV1_DELIM-0x2f_THAILAND_DELIM-0x2f_1996_DELIM-0x2f_01867_DELIM-0x2f_96                  0.00%    passed     98.49%
 737  DENV1_DELIM-0x2f_THAILAND_DELIM-0x2f_2002_DELIM-0x2f_01893_DELIM-0x2f_02                  0.00%    passed     98.37%
 738  DENV1_DELIM-0x2f_THAILAND_DELIM-0x2f_2000_DELIM-0x2f_01909_DELIM-0x2f_00                  0.00%    passed     97.74%
 739  DENV1_DELIM-0x2f_THAILAND_DELIM-0x2f_2006_DELIM-0x2f_01931_DELIM-0x2f_06                  0.00%    passed     97.74%
 740  DENV1_DELIM-0x2f_THAILAND_DELIM-0x2f_2006_DELIM-0x2f_01932_DELIM-0x2f_06                  0.00%    passed     97.74%
 741  DENV1_DELIM-0x2f_THAILAND_DELIM-0x2f_1998_DELIM-0x2f_01932_DELIM-0x2f_98                  0.00%    passed     98.95%
 742  DENV1_DELIM-0x2f_THAILAND_DELIM-0x2f_2006_DELIM-0x2f_01934_DELIM-0x2f_06                  0.00%    passed     91.46%
 743  DENV1_DELIM-0x2f_THAILAND_DELIM-0x2f_2006_DELIM-0x2f_01936_DELIM-0x2f_06                  0.00%    passed     96.68%
 744  DENV1_DELIM-0x2f_THAILAND_DELIM-0x2f_2006_DELIM-0x2f_01937_DELIM-0x2f_06                  0.00%    passed     94.30%
 745  DENV1_DELIM-0x2f_THAILAND_DELIM-0x2f_2003_DELIM-0x2f_01982_DELIM-0x2f_03                  0.00%    passed     98.38%
 746  DENV1_DELIM-0x2f_THAILAND_DELIM-0x2f_2006_DELIM-0x2f_02000_DELIM-0x2f_06                  0.00%    passed     99.57%
 747  DENV1_DELIM-0x2f_THAILAND_DELIM-0x2f_2003_DELIM-0x2f_02031_DELIM-0x2f_03                  0.00%    passed     98.83%
 748  DENV1_DELIM-0x2f_THAILAND_DELIM-0x2f_2006_DELIM-0x2f_02035_DELIM-0x2f_06                  0.00%    passed     98.91%
 749  DENV1_DELIM-0x2f_THAILAND_DELIM-0x2f_2006_DELIM-0x2f_02046_DELIM-0x2f_06                  0.13%    passed     99.60%
 750  DENV1_DELIM-0x2f_THAILAND_DELIM-0x2f_2006_DELIM-0x2f_02050_DELIM-0x2f_06                  0.00%    passed     95.28%
 751  DENV1_DELIM-0x2f_THAILAND_DELIM-0x2f_2000_DELIM-0x2f_02059_DELIM-0x2f_00                  0.00%    passed     99.59%
 752  DENV1_DELIM-0x2f_THAILAND_DELIM-0x2f_2006_DELIM-0x2f_02076_DELIM-0x2f_06                  0.00%    passed     99.14%
 753  DENV1_DELIM-0x2f_THAILAND_DELIM-0x2f_2006_DELIM-0x2f_02079_DELIM-0x2f_06                  0.00%    passed     97.74%
 754  DENV1_DELIM-0x2f_THAILAND_DELIM-0x2f_2006_DELIM-0x2f_02080_DELIM-0x2f_06                  0.00%    passed     98.54%
 755  DENV1_DELIM-0x2f_THAILAND_DELIM-0x2f_1997_DELIM-0x2f_02080_DELIM-0x2f_97                  0.00%    passed     98.17%
 756  DENV1_DELIM-0x2f_THAILAND_DELIM-0x2f_2000_DELIM-0x2f_02089_DELIM-0x2f_00                  0.00%    passed     98.77%
 757  DENV1_DELIM-0x2f_THAILAND_DELIM-0x2f_1997_DELIM-0x2f_02090_DELIM-0x2f_97                  0.00%    passed     95.82%
 758  DENV1_DELIM-0x2f_THAILAND_DELIM-0x2f_2000_DELIM-0x2f_02094_DELIM-0x2f_00                  0.00%    passed     95.79%
 759  DENV1_DELIM-0x2f_THAILAND_DELIM-0x2f_2002_DELIM-0x2f_02110_DELIM-0x2f_02                  0.00%    passed     96.89%
 760  DENV1_DELIM-0x2f_THAILAND_DELIM-0x2f_2006_DELIM-0x2f_02114_DELIM-0x2f_06                  0.00%    passed     98.85%
 761  DENV1_DELIM-0x2f_THAILAND_DELIM-0x2f_2006_DELIM-0x2f_02116_DELIM-0x2f_06                  0.00%    passed     98.83%
 762  DENV1_DELIM-0x2f_THAILAND_DELIM-0x2f_2006_DELIM-0x2f_02118_DELIM-0x2f_06                  0.07%    passed     97.26%
 763  DENV1_DELIM-0x2f_THAILAND_DELIM-0x2f_2006_DELIM-0x2f_02122_DELIM-0x2f_06                  0.07%    passed     97.14%
 764  DENV1_DELIM-0x2f_THAILAND_DELIM-0x2f_2006_DELIM-0x2f_02127_DELIM-0x2f_06                  0.00%    passed     94.35%
 765  DENV1_DELIM-0x2f_THAILAND_DELIM-0x2f_1998_DELIM-0x2f_02128_DELIM-0x2f_98                  0.00%    passed     90.90%
 766  DENV1_DELIM-0x2f_THAILAND_DELIM-0x2f_2006_DELIM-0x2f_02129_DELIM-0x2f_06                  0.00%    passed     99.62%
 767  DENV1_DELIM-0x2f_THAILAND_DELIM-0x2f_2006_DELIM-0x2f_02131_DELIM-0x2f_06                  0.00%    passed     99.28%
 768  DENV1_DELIM-0x2f_THAILAND_DELIM-0x2f_2003_DELIM-0x2f_02150_DELIM-0x2f_03                  0.00%    passed     98.89%
 769  DENV1_DELIM-0x2f_THAILAND_DELIM-0x2f_2002_DELIM-0x2f_02168_DELIM-0x2f_02                  0.00%    passed     99.29%
 770  DENV1_DELIM-0x2f_THAILAND_DELIM-0x2f_1996_DELIM-0x2f_02174_DELIM-0x2f_96                  0.00%    passed     98.95%
 771  DENV1_DELIM-0x2f_THAILAND_DELIM-0x2f_1996_DELIM-0x2f_02185_DELIM-0x2f_96                  0.00%    passed     98.61%
 772  DENV1_DELIM-0x2f_THAILAND_DELIM-0x2f_2006_DELIM-0x2f_02193_DELIM-0x2f_06                  0.00%    passed     98.83%
 773  DENV1_DELIM-0x2f_THAILAND_DELIM-0x2f_2006_DELIM-0x2f_02196_DELIM-0x2f_06                  0.00%    passed     97.46%
 774  DENV1_DELIM-0x2f_THAILAND_DELIM-0x2f_1996_DELIM-0x2f_02208_DELIM-0x2f_96                  0.00%    passed     98.49%
 775  DENV1_DELIM-0x2f_THAILAND_DELIM-0x2f_2006_DELIM-0x2f_02239_DELIM-0x2f_06                  0.00%    passed     97.74%
 776  DENV1_DELIM-0x2f_THAILAND_DELIM-0x2f_1996_DELIM-0x2f_02264_DELIM-0x2f_96                  0.00%    passed     98.06%
 777  DENV1_DELIM-0x2f_THAILAND_DELIM-0x2f_2006_DELIM-0x2f_02270_DELIM-0x2f_06                  0.00%    passed     97.58%
 778  DENV1_DELIM-0x2f_THAILAND_DELIM-0x2f_2006_DELIM-0x2f_02296_DELIM-0x2f_06                  0.00%    passed     97.79%
 779  DENV1_DELIM-0x2f_THAILAND_DELIM-0x2f_2006_DELIM-0x2f_02333_DELIM-0x2f_06                  0.00%    passed     99.28%
 780  DENV1_DELIM-0x2f_THAILAND_DELIM-0x2f_2006_DELIM-0x2f_02340_DELIM-0x2f_06                  0.00%    passed     97.54%
 781  DENV1_DELIM-0x2f_THAILAND_DELIM-0x2f_2006_DELIM-0x2f_02344_DELIM-0x2f_06                  0.00%    passed     97.79%
 782  DENV1_DELIM-0x2f_THAILAND_DELIM-0x2f_1998_DELIM-0x2f_02355_DELIM-0x2f_98                  0.00%    passed     95.14%
 783  DENV1_DELIM-0x2f_THAILAND_DELIM-0x2f_2006_DELIM-0x2f_02356_DELIM-0x2f_06                  0.00%    passed     95.60%
 784  DENV1_DELIM-0x2f_THAILAND_DELIM-0x2f_2006_DELIM-0x2f_02358_DELIM-0x2f_06                  0.00%    passed     97.19%
 785  DENV1_DELIM-0x2f_THAILAND_DELIM-0x2f_2006_DELIM-0x2f_02361_DELIM-0x2f_06                  0.00%    passed     95.60%
 786  DENV1_DELIM-0x2f_THAILAND_DELIM-0x2f_2003_DELIM-0x2f_02371_DELIM-0x2f_03                  0.00%    passed     99.75%
 787  DENV1_DELIM-0x2f_THAILAND_DELIM-0x2f_2006_DELIM-0x2f_02395_DELIM-0x2f_06                  0.00%    passed     96.83%
 788  DENV1_DELIM-0x2f_THAILAND_DELIM-0x2f_2006_DELIM-0x2f_02424_DELIM-0x2f_06                  0.00%    passed     98.77%
 789  DENV1_DELIM-0x2f_THAILAND_DELIM-0x2f_2006_DELIM-0x2f_02433_DELIM-0x2f_06                  0.00%    passed     98.38%
 790  DENV1_DELIM-0x2f_THAILAND_DELIM-0x2f_1996_DELIM-0x2f_02443_DELIM-0x2f_96                  0.00%    passed     98.03%
 791  DENV1_DELIM-0x2f_THAILAND_DELIM-0x2f_1996_DELIM-0x2f_02452_DELIM-0x2f_96                  0.13%    passed     95.17%
 792  DENV1_DELIM-0x2f_THAILAND_DELIM-0x2f_2006_DELIM-0x2f_02454_DELIM-0x2f_06                  0.00%    passed     96.74%
 793  DENV1_DELIM-0x2f_THAILAND_DELIM-0x2f_2006_DELIM-0x2f_02459_DELIM-0x2f_06                  0.00%    passed     98.54%
 794  DENV1_DELIM-0x2f_THAILAND_DELIM-0x2f_2001_DELIM-0x2f_02478_DELIM-0x2f_01                  0.00%    passed     97.80%
 795  DENV1_DELIM-0x2f_THAILAND_DELIM-0x2f_2006_DELIM-0x2f_02499_DELIM-0x2f_06                  0.00%    passed     98.37%
 796  DENV1_DELIM-0x2f_THAILAND_DELIM-0x2f_2006_DELIM-0x2f_02508_DELIM-0x2f_06                  0.00%    passed     98.37%
 797  DENV1_DELIM-0x2f_THAILAND_DELIM-0x2f_2006_DELIM-0x2f_02509_DELIM-0x2f_06                  0.00%    passed     97.63%
 798  DENV1_DELIM-0x2f_THAILAND_DELIM-0x2f_2006_DELIM-0x2f_02511_DELIM-0x2f_06                  0.07%    passed     96.18%
 799  DENV1_DELIM-0x2f_THAILAND_DELIM-0x2f_2006_DELIM-0x2f_02539_DELIM-0x2f_06                  0.00%    passed     96.89%
 800  DENV1_DELIM-0x2f_THAILAND_DELIM-0x2f_2006_DELIM-0x2f_02547_DELIM-0x2f_06                  0.00%    passed     97.74%
 801  DENV1_DELIM-0x2f_THAILAND_DELIM-0x2f_2006_DELIM-0x2f_02548_DELIM-0x2f_06                  0.00%    passed     97.54%
 802  DENV1_DELIM-0x2f_THAILAND_DELIM-0x2f_2006_DELIM-0x2f_02549_DELIM-0x2f_06                  0.00%    passed     98.49%
 803  DENV1_DELIM-0x2f_THAILAND_DELIM-0x2f_2006_DELIM-0x2f_02553_DELIM-0x2f_06                  0.07%    passed     98.94%
 804  DENV1_DELIM-0x2f_THAILAND_DELIM-0x2f_2006_DELIM-0x2f_02554_DELIM-0x2f_06                  0.00%    passed     98.37%
 805  DENV1_DELIM-0x2f_THAILAND_DELIM-0x2f_2002_DELIM-0x2f_02557_DELIM-0x2f_02                  0.00%    passed     96.83%
 806  DENV1_DELIM-0x2f_THAILAND_DELIM-0x2f_2006_DELIM-0x2f_02583_DELIM-0x2f_06                  0.00%    passed     99.51%
 807  DENV1_DELIM-0x2f_THAILAND_DELIM-0x2f_2006_DELIM-0x2f_02584_DELIM-0x2f_06                  0.00%    passed     94.70%
 808  DENV1_DELIM-0x2f_THAILAND_DELIM-0x2f_2006_DELIM-0x2f_02585_DELIM-0x2f_06                  0.00%    passed     98.49%
 809  DENV1_DELIM-0x2f_THAILAND_DELIM-0x2f_2006_DELIM-0x2f_02588_DELIM-0x2f_06                  0.00%    passed     99.81%
 810  DENV1_DELIM-0x2f_THAILAND_DELIM-0x2f_1997_DELIM-0x2f_02588_DELIM-0x2f_97                  0.00%    passed     99.05%
 811  DENV1_DELIM-0x2f_THAILAND_DELIM-0x2f_2006_DELIM-0x2f_02592_DELIM-0x2f_06                  0.00%    passed     98.91%
 812  DENV1_DELIM-0x2f_THAILAND_DELIM-0x2f_2006_DELIM-0x2f_02595_DELIM-0x2f_06                  0.00%    passed     96.83%
 813  DENV1_DELIM-0x2f_THAILAND_DELIM-0x2f_2006_DELIM-0x2f_02615_DELIM-0x2f_06                  0.00%    passed     99.28%
 814  DENV1_DELIM-0x2f_THAILAND_DELIM-0x2f_2002_DELIM-0x2f_02630_DELIM-0x2f_02                  0.00%    passed     97.71%
 815  DENV1_DELIM-0x2f_THAILAND_DELIM-0x2f_2001_DELIM-0x2f_02633_DELIM-0x2f_01                  0.00%    passed     98.42%
 816  DENV1_DELIM-0x2f_THAILAND_DELIM-0x2f_2006_DELIM-0x2f_02634_DELIM-0x2f_06                  0.00%    passed     97.74%
 817  DENV1_DELIM-0x2f_THAILAND_DELIM-0x2f_1998_DELIM-0x2f_02640_DELIM-0x2f_98                  0.00%    passed     98.83%
 818  DENV1_DELIM-0x2f_THAILAND_DELIM-0x2f_2006_DELIM-0x2f_02648_DELIM-0x2f_06                  0.00%    passed     99.57%
 819  DENV1_DELIM-0x2f_THAILAND_DELIM-0x2f_2006_DELIM-0x2f_02653_DELIM-0x2f_06                  0.00%    passed     94.45%
 820  DENV1_DELIM-0x2f_THAILAND_DELIM-0x2f_2006_DELIM-0x2f_02657_DELIM-0x2f_06                  0.00%    passed     96.90%
 821  DENV1_DELIM-0x2f_THAILAND_DELIM-0x2f_2006_DELIM-0x2f_02673_DELIM-0x2f_06                  0.07%    passed     93.96%
 822  DENV1_DELIM-0x2f_THAILAND_DELIM-0x2f_2006_DELIM-0x2f_02676_DELIM-0x2f_06                  0.00%    passed     90.34%
 823  DENV1_DELIM-0x2f_THAILAND_DELIM-0x2f_2006_DELIM-0x2f_02677_DELIM-0x2f_06                  0.00%    passed     96.56%
 824  DENV1_DELIM-0x2f_THAILAND_DELIM-0x2f_2006_DELIM-0x2f_02679_DELIM-0x2f_06                  0.00%    passed     96.56%
 825  DENV1_DELIM-0x2f_THAILAND_DELIM-0x2f_2006_DELIM-0x2f_02681_DELIM-0x2f_06                  0.00%    passed     95.90%
 826  DENV1_DELIM-0x2f_THAILAND_DELIM-0x2f_1997_DELIM-0x2f_02701_DELIM-0x2f_97                  0.00%    passed     98.17%
 827  DENV1_DELIM-0x2f_THAILAND_DELIM-0x2f_2006_DELIM-0x2f_02717_DELIM-0x2f_06                  0.00%    passed     99.34%
 828  DENV1_DELIM-0x2f_THAILAND_DELIM-0x2f_2006_DELIM-0x2f_02718_DELIM-0x2f_06                  0.00%    passed     94.35%
 829  DENV1_DELIM-0x2f_THAILAND_DELIM-0x2f_2006_DELIM-0x2f_02719_DELIM-0x2f_06                  0.00%    passed     94.35%
 830  DENV1_DELIM-0x2f_THAILAND_DELIM-0x2f_2006_DELIM-0x2f_02723_DELIM-0x2f_06                  0.00%    passed     99.51%
 831  DENV1_DELIM-0x2f_THAILAND_DELIM-0x2f_2006_DELIM-0x2f_02725_DELIM-0x2f_06                  0.00%    passed     98.85%
 832  DENV1_DELIM-0x2f_THAILAND_DELIM-0x2f_2006_DELIM-0x2f_02729_DELIM-0x2f_06                  0.00%    passed     98.98%
 833  DENV1_DELIM-0x2f_THAILAND_DELIM-0x2f_2006_DELIM-0x2f_02730_DELIM-0x2f_06                  0.00%    passed     98.83%
 834  DENV1_DELIM-0x2f_THAILAND_DELIM-0x2f_2006_DELIM-0x2f_02776_DELIM-0x2f_06                  0.00%    passed     95.90%
 835  DENV1_DELIM-0x2f_THAILAND_DELIM-0x2f_2006_DELIM-0x2f_02789_DELIM-0x2f_06                  0.00%    passed     98.37%
 836  DENV1_DELIM-0x2f_THAILAND_DELIM-0x2f_2006_DELIM-0x2f_02808_DELIM-0x2f_06                  0.00%    passed     90.34%
 837  DENV1_DELIM-0x2f_THAILAND_DELIM-0x2f_2006_DELIM-0x2f_02815_DELIM-0x2f_06                  0.00%    passed     97.74%
 838  DENV1_DELIM-0x2f_THAILAND_DELIM-0x2f_2006_DELIM-0x2f_02817_DELIM-0x2f_06                  0.00%    passed     98.91%
 839  DENV1_DELIM-0x2f_THAILAND_DELIM-0x2f_2006_DELIM-0x2f_02834_DELIM-0x2f_06                  0.00%    passed     93.53%
 840  DENV1_DELIM-0x2f_THAILAND_DELIM-0x2f_2006_DELIM-0x2f_02835_DELIM-0x2f_06                  0.00%    passed     99.28%
 841  DENV1_DELIM-0x2f_THAILAND_DELIM-0x2f_2006_DELIM-0x2f_02847_DELIM-0x2f_06                  0.00%    passed     98.37%
 842  DENV1_DELIM-0x2f_THAILAND_DELIM-0x2f_2006_DELIM-0x2f_02848_DELIM-0x2f_06                  0.00%    passed     96.82%
 843  DENV1_DELIM-0x2f_THAILAND_DELIM-0x2f_1999_DELIM-0x2f_02859_DELIM-0x2f_99                  0.00%    passed     91.31%
 844  DENV1_DELIM-0x2f_THAILAND_DELIM-0x2f_2002_DELIM-0x2f_02860_DELIM-0x2f_02                  0.00%    passed     97.29%
 845  DENV1_DELIM-0x2f_THAILAND_DELIM-0x2f_2002_DELIM-0x2f_02894_DELIM-0x2f_02                  0.00%    passed     95.90%
 846  DENV1_DELIM-0x2f_THAILAND_DELIM-0x2f_2002_DELIM-0x2f_02908_DELIM-0x2f_02                  0.00%    passed     98.37%
 847  DENV1_DELIM-0x2f_THAILAND_DELIM-0x2f_2002_DELIM-0x2f_02912_DELIM-0x2f_02                  0.00%    passed     96.89%
 848  DENV1_DELIM-0x2f_THAILAND_DELIM-0x2f_2002_DELIM-0x2f_02913_DELIM-0x2f_02                  0.00%    passed     98.96%
 849  DENV1_DELIM-0x2f_THAILAND_DELIM-0x2f_2002_DELIM-0x2f_02928_DELIM-0x2f_02                  0.00%    passed     97.58%
 850  DENV1_DELIM-0x2f_THAILAND_DELIM-0x2f_1998_DELIM-0x2f_02932_DELIM-0x2f_98                  0.00%    passed     99.59%
 851  DENV1_DELIM-0x2f_THAILAND_DELIM-0x2f_2002_DELIM-0x2f_02986_DELIM-0x2f_02                  0.00%    passed     99.45%
 852  DENV1_DELIM-0x2f_THAILAND_DELIM-0x2f_1998_DELIM-0x2f_02988_DELIM-0x2f_98                  0.00%    passed     98.13%
 853  DENV1_DELIM-0x2f_THAILAND_DELIM-0x2f_2001_DELIM-0x2f_02991_DELIM-0x2f_01                  0.00%    passed     98.77%
 854  DENV1_DELIM-0x2f_THAILAND_DELIM-0x2f_2002_DELIM-0x2f_03029_DELIM-0x2f_02                  0.00%    passed     96.89%
 855  DENV1_DELIM-0x2f_THAILAND_DELIM-0x2f_2002_DELIM-0x2f_03030_DELIM-0x2f_02                  0.00%    passed     96.89%
 856  DENV1_DELIM-0x2f_THAILAND_DELIM-0x2f_2001_DELIM-0x2f_03086_DELIM-0x2f_01                  0.00%    passed     98.96%
 857  DENV1_DELIM-0x2f_THAILAND_DELIM-0x2f_2001_DELIM-0x2f_03090_DELIM-0x2f_01                  0.00%    passed     99.09%
 858  DENV1_DELIM-0x2f_THAILAND_DELIM-0x2f_2001_DELIM-0x2f_03116_DELIM-0x2f_01                  0.00%    passed     98.77%
 859  DENV1_DELIM-0x2f_THAILAND_DELIM-0x2f_1997_DELIM-0x2f_03152_DELIM-0x2f_97                  0.00%    passed     97.63%
 860  DENV1_DELIM-0x2f_THAILAND_DELIM-0x2f_2002_DELIM-0x2f_03161_DELIM-0x2f_02                  0.00%    passed     98.98%
 861  DENV1_DELIM-0x2f_THAILAND_DELIM-0x2f_2002_DELIM-0x2f_03162_DELIM-0x2f_02                  0.00%    passed     98.17%
 862  DENV1_DELIM-0x2f_THAILAND_DELIM-0x2f_2002_DELIM-0x2f_03163_DELIM-0x2f_02                  0.00%    passed     98.17%
 863  DENV1_DELIM-0x2f_THAILAND_DELIM-0x2f_1980_DELIM-0x2f_03228_DELIM-0x2f_80                  0.00%    passed     90.52%
 864  DENV1_DELIM-0x2f_THAILAND_DELIM-0x2f_2001_DELIM-0x2f_03334_DELIM-0x2f_01                  0.00%    passed     99.27%
 865  DENV1_DELIM-0x2f_THAILAND_DELIM-0x2f_1997_DELIM-0x2f_03398_DELIM-0x2f_97                  0.00%    passed     98.61%
 866  DENV1_DELIM-0x2f_THAILAND_DELIM-0x2f_1997_DELIM-0x2f_03401_DELIM-0x2f_97                  0.00%    passed     96.54%
 867  DENV1_DELIM-0x2f_THAILAND_DELIM-0x2f_1999_DELIM-0x2f_03410_DELIM-0x2f_99                  0.07%    passed     98.84%
 868  DENV1_DELIM-0x2f_THAILAND_DELIM-0x2f_1999_DELIM-0x2f_03427_DELIM-0x2f_99                  0.00%    passed     97.63%
 869  DENV1_DELIM-0x2f_THAILAND_DELIM-0x2f_1999_DELIM-0x2f_03440_DELIM-0x2f_99                  0.00%    passed     98.61%
 870  DENV1_DELIM-0x2f_THAILAND_DELIM-0x2f_1999_DELIM-0x2f_03450_DELIM-0x2f_99                  0.00%    passed     99.79%
 871  DENV1_DELIM-0x2f_THAILAND_DELIM-0x2f_2001_DELIM-0x2f_03599_DELIM-0x2f_01                  0.00%    passed     98.73%
 872  DENV1_DELIM-0x2f_THAILAND_DELIM-0x2f_1999_DELIM-0x2f_03646_DELIM-0x2f_99                  0.07%    passed     96.93%
 873  DENV1_DELIM-0x2f_THAILAND_DELIM-0x2f_1999_DELIM-0x2f_03704_DELIM-0x2f_99                  0.00%    passed     91.63%
 874  DENV1_DELIM-0x2f_THAILAND_DELIM-0x2f_1999_DELIM-0x2f_03739_DELIM-0x2f_99                  0.00%    passed     98.49%
 875  DENV1_DELIM-0x2f_THAILAND_DELIM-0x2f_1999_DELIM-0x2f_03805_DELIM-0x2f_99                  0.00%    passed     98.83%
 876  DENV1_DELIM-0x2f_THAILAND_DELIM-0x2f_2001_DELIM-0x2f_03878_DELIM-0x2f_01                  0.07%    passed     98.54%
 877  DENV1_DELIM-0x2f_THAILAND_DELIM-0x2f_2001_DELIM-0x2f_03897_DELIM-0x2f_01                  0.00%    passed     96.62%
 878  DENV1_DELIM-0x2f_THAILAND_DELIM-0x2f_2001_DELIM-0x2f_03910_DELIM-0x2f_01                  0.00%    passed     98.83%
 879  DENV1_DELIM-0x2f_THAILAND_DELIM-0x2f_2001_DELIM-0x2f_03916_DELIM-0x2f_01                  0.00%    passed     97.74%
 880  DENV1_DELIM-0x2f_THAILAND_DELIM-0x2f_1997_DELIM-0x2f_03948_DELIM-0x2f_97                  0.00%    passed     98.83%
 881  DENV1_DELIM-0x2f_THAILAND_DELIM-0x2f_2001_DELIM-0x2f_04083_DELIM-0x2f_01                  0.00%    passed     96.82%
 882  DENV1_DELIM-0x2f_THAILAND_DELIM-0x2f_2001_DELIM-0x2f_04247_DELIM-0x2f_01                  0.00%    passed     98.96%
 883  DENV1_DELIM-0x2f_THAILAND_DELIM-0x2f_1998_DELIM-0x2f_04294_DELIM-0x2f_98                  0.00%    passed     98.96%
 884  DENV1_DELIM-0x2f_THAILAND_DELIM-0x2f_1999_DELIM-0x2f_04347_DELIM-0x2f_99                  0.00%    passed     98.76%
 885  DENV1_DELIM-0x2f_THAILAND_DELIM-0x2f_1999_DELIM-0x2f_04348_DELIM-0x2f_99                  0.00%    passed     96.54%
 886  DENV1_DELIM-0x2f_THAILAND_DELIM-0x2f_1999_DELIM-0x2f_04350_DELIM-0x2f_99                  0.00%    passed     96.85%
 887  DENV1_DELIM-0x2f_THAILAND_DELIM-0x2f_1998_DELIM-0x2f_04404_DELIM-0x2f_98                  0.00%    passed     98.17%
 888  DENV1_DELIM-0x2f_THAILAND_DELIM-0x2f_1999_DELIM-0x2f_04438_DELIM-0x2f_99                  0.00%    passed     98.49%
 889  DENV1_DELIM-0x2f_THAILAND_DELIM-0x2f_2001_DELIM-0x2f_04601_DELIM-0x2f_01                  0.00%    passed     95.49%
 890  DENV1_DELIM-0x2f_THAILAND_DELIM-0x2f_2001_DELIM-0x2f_04762_DELIM-0x2f_01                  0.00%    passed     95.81%
 891  DENV1_DELIM-0x2f_THAILAND_DELIM-0x2f_1997_DELIM-0x2f_04772_DELIM-0x2f_97                  0.00%    passed     98.93%
 892  DENV1_DELIM-0x2f_THAILAND_DELIM-0x2f_2001_DELIM-0x2f_04774_DELIM-0x2f_01                  0.00%    passed     94.25%
 893  DENV1_DELIM-0x2f_THAILAND_DELIM-0x2f_2000_DELIM-0x2f_04850_DELIM-0x2f_00                  0.00%    passed     98.55%
 894  DENV1_DELIM-0x2f_THAILAND_DELIM-0x2f_2000_DELIM-0x2f_04866_DELIM-0x2f_00                  0.00%    passed     98.61%
 895  DENV1_DELIM-0x2f_THAILAND_DELIM-0x2f_1998_DELIM-0x2f_04922_DELIM-0x2f_98                  0.00%    passed     90.90%
 896  DENV1_DELIM-0x2f_THAILAND_DELIM-0x2f_1998_DELIM-0x2f_04979_DELIM-0x2f_98                  0.00%    passed     99.79%
 897  DENV1_DELIM-0x2f_THAILAND_DELIM-0x2f_1998_DELIM-0x2f_04985_DELIM-0x2f_98                  0.00%    passed     97.58%
 898  DENV1_DELIM-0x2f_THAILAND_DELIM-0x2f_1997_DELIM-0x2f_05014_DELIM-0x2f_97                  0.00%    passed     96.82%
 899  DENV1_DELIM-0x2f_THAILAND_DELIM-0x2f_1997_DELIM-0x2f_05035_DELIM-0x2f_97                  0.00%    passed     96.54%
 900  DENV1_DELIM-0x2f_THAILAND_DELIM-0x2f_2001_DELIM-0x2f_05097_DELIM-0x2f_01                  0.00%    passed     91.63%
 901  DENV1_DELIM-0x2f_THAILAND_DELIM-0x2f_1997_DELIM-0x2f_05131_DELIM-0x2f_97                  0.00%    passed     98.37%
 902  DENV1_DELIM-0x2f_THAILAND_DELIM-0x2f_2001_DELIM-0x2f_05236_DELIM-0x2f_01                  0.00%    passed     95.81%
 903  DENV1_DELIM-0x2f_THAILAND_DELIM-0x2f_2001_DELIM-0x2f_05282_DELIM-0x2f_01                  0.00%    passed     99.14%
 904  DENV1_DELIM-0x2f_THAILAND_DELIM-0x2f_2001_DELIM-0x2f_05287_DELIM-0x2f_01                  0.00%    passed     99.62%
 905  DENV1_DELIM-0x2f_THAILAND_DELIM-0x2f_1999_DELIM-0x2f_05390_DELIM-0x2f_99                  0.00%    passed     96.82%
 906  DENV1_DELIM-0x2f_THAILAND_DELIM-0x2f_2000_DELIM-0x2f_05411_DELIM-0x2f_00                  0.00%    passed     92.94%
 907  DENV1_DELIM-0x2f_THAILAND_DELIM-0x2f_2001_DELIM-0x2f_05491_DELIM-0x2f_01                  0.00%    passed     99.34%
 908  DENV1_DELIM-0x2f_THAILAND_DELIM-0x2f_2000_DELIM-0x2f_05522_DELIM-0x2f_00                  0.00%    passed     97.78%
 909  DENV1_DELIM-0x2f_THAILAND_DELIM-0x2f_2000_DELIM-0x2f_05574_DELIM-0x2f_00                  0.00%    passed     97.78%
 910  DENV1_DELIM-0x2f_THAILAND_DELIM-0x2f_2000_DELIM-0x2f_05580_DELIM-0x2f_00                  0.07%    passed     98.89%
 911  DENV1_DELIM-0x2f_THAILAND_DELIM-0x2f_2001_DELIM-0x2f_05600_DELIM-0x2f_01                  0.00%    passed     89.84%
 912  DENV1_DELIM-0x2f_THAILAND_DELIM-0x2f_2001_DELIM-0x2f_05601_DELIM-0x2f_01                  0.00%    passed     99.45%
 913  DENV1_DELIM-0x2f_THAILAND_DELIM-0x2f_2000_DELIM-0x2f_05603_DELIM-0x2f_00                  0.00%    passed     95.99%
 914  DENV1_DELIM-0x2f_THAILAND_DELIM-0x2f_2000_DELIM-0x2f_05605_DELIM-0x2f_00                  0.00%    passed     98.96%
 915  DENV1_DELIM-0x2f_THAILAND_DELIM-0x2f_2000_DELIM-0x2f_05722_DELIM-0x2f_00                  0.00%    passed     98.37%
 916  DENV1_DELIM-0x2f_THAILAND_DELIM-0x2f_2000_DELIM-0x2f_05725_DELIM-0x2f_00                  0.00%    passed     93.19%
 917  DENV1_DELIM-0x2f_THAILAND_DELIM-0x2f_1997_DELIM-0x2f_05802_DELIM-0x2f_97                  0.00%    passed     99.14%
 918  DENV1_DELIM-0x2f_THAILAND_DELIM-0x2f_2000_DELIM-0x2f_05829_DELIM-0x2f_00                  0.00%    passed     96.89%
 919  DENV1_DELIM-0x2f_THAILAND_DELIM-0x2f_1997_DELIM-0x2f_05865_DELIM-0x2f_97                  0.00%    passed     97.64%
 920  DENV1_DELIM-0x2f_THAILAND_DELIM-0x2f_2000_DELIM-0x2f_05866_DELIM-0x2f_00                  0.00%    passed     95.71%
 921  DENV1_DELIM-0x2f_THAILAND_DELIM-0x2f_2000_DELIM-0x2f_05886_DELIM-0x2f_00                  0.00%    passed     98.03%
 922  DENV1_DELIM-0x2f_THAILAND_DELIM-0x2f_2000_DELIM-0x2f_05899_DELIM-0x2f_00                  0.00%    passed     96.82%
 923  DENV1_DELIM-0x2f_THAILAND_DELIM-0x2f_2001_DELIM-0x2f_05905_DELIM-0x2f_01                  0.00%    passed     99.54%
 924  DENV1_DELIM-0x2f_THAILAND_DELIM-0x2f_1998_DELIM-0x2f_05917_DELIM-0x2f_98                  0.00%    passed     99.10%
 925  DENV1_DELIM-0x2f_THAILAND_DELIM-0x2f_1999_DELIM-0x2f_05946_DELIM-0x2f_99                  0.00%    passed     97.29%
 926  DENV1_DELIM-0x2f_THAILAND_DELIM-0x2f_2000_DELIM-0x2f_06012_DELIM-0x2f_00                  0.00%    passed     96.60%
 927  DENV1_DELIM-0x2f_THAILAND_DELIM-0x2f_2000_DELIM-0x2f_06069_DELIM-0x2f_00                  0.00%    passed     98.78%
 928  DENV1_DELIM-0x2f_THAILAND_DELIM-0x2f_2001_DELIM-0x2f_06099_DELIM-0x2f_01                  0.00%    passed     89.84%
 929  DENV1_DELIM-0x2f_THAILAND_DELIM-0x2f_2000_DELIM-0x2f_06103_DELIM-0x2f_00                  0.00%    passed     98.61%
 930  DENV1_DELIM-0x2f_THAILAND_DELIM-0x2f_2001_DELIM-0x2f_06112_DELIM-0x2f_01                  0.00%    passed     96.90%
 931  DENV1_DELIM-0x2f_THAILAND_DELIM-0x2f_2000_DELIM-0x2f_06113_DELIM-0x2f_00                  0.00%    passed     95.60%
 932  DENV1_DELIM-0x2f_THAILAND_DELIM-0x2f_1998_DELIM-0x2f_06169_DELIM-0x2f_98                  0.00%    passed     93.36%
 933  DENV1_DELIM-0x2f_THAILAND_DELIM-0x2f_2001_DELIM-0x2f_06236_DELIM-0x2f_01                  0.00%    passed     99.75%
 934  DENV1_DELIM-0x2f_THAILAND_DELIM-0x2f_2001_DELIM-0x2f_06237_DELIM-0x2f_01                  0.07%    passed     99.74%
 935  DENV1_DELIM-0x2f_THAILAND_DELIM-0x2f_1998_DELIM-0x2f_06329_DELIM-0x2f_98                  0.07%    passed     97.78%
 936  DENV1_DELIM-0x2f_THAILAND_DELIM-0x2f_1998_DELIM-0x2f_06491_DELIM-0x2f_98                  0.00%    passed     99.20%
 937  DENV1_DELIM-0x2f_THAILAND_DELIM-0x2f_2001_DELIM-0x2f_06498_DELIM-0x2f_01                  0.00%    passed     97.63%
 938  DENV1_DELIM-0x2f_THAILAND_DELIM-0x2f_2001_DELIM-0x2f_06552_DELIM-0x2f_01                  0.00%    passed     97.34%
 939  DENV1_DELIM-0x2f_THAILAND_DELIM-0x2f_1998_DELIM-0x2f_06566_DELIM-0x2f_98                  0.00%    passed     90.90%
 940  DENV1_DELIM-0x2f_THAILAND_DELIM-0x2f_2001_DELIM-0x2f_06632_DELIM-0x2f_01                  0.00%    passed     97.96%
 941  DENV1_DELIM-0x2f_THAILAND_DELIM-0x2f_1998_DELIM-0x2f_06705_DELIM-0x2f_98                  0.00%    passed     97.09%
 942  DENV1_DELIM-0x2f_THAILAND_DELIM-0x2f_1998_DELIM-0x2f_06761_DELIM-0x2f_98                  0.00%    passed     92.78%
 943  DENV1_DELIM-0x2f_THAILAND_DELIM-0x2f_1998_DELIM-0x2f_06810_DELIM-0x2f_98                  0.00%    passed     98.25%
 944  DENV1_DELIM-0x2f_THAILAND_DELIM-0x2f_1998_DELIM-0x2f_06870_DELIM-0x2f_98                  0.00%    passed     96.04%
 945  DENV1_DELIM-0x2f_THAILAND_DELIM-0x2f_2001_DELIM-0x2f_06889_DELIM-0x2f_01                  0.00%    passed     98.37%
 946  DENV1_DELIM-0x2f_THAILAND_DELIM-0x2f_1997_DELIM-0x2f_07423_DELIM-0x2f_97                  0.00%    passed     99.28%
 947  DENV1_DELIM-0x2f_THAILAND_DELIM-0x2f_1997_DELIM-0x2f_07794_DELIM-0x2f_97                  0.00%    passed     98.30%
 948  DENV1_DELIM-0x2f_THAILAND_DELIM-0x2f_1994_DELIM-0x2f_30031_DELIM-0x2f_94                  0.00%    passed     99.90%
 949  DENV1_DELIM-0x2f_THAILAND_DELIM-0x2f_1995_DELIM-0x2f_30103_DELIM-0x2f_95                  0.00%    passed     98.42%
 950  DENV1_DELIM-0x2f_THAILAND_DELIM-0x2f_1994_DELIM-0x2f_30116_DELIM-0x2f_94                  0.00%    passed     94.63%
 951  DENV1_DELIM-0x2f_THAILAND_DELIM-0x2f_1995_DELIM-0x2f_30139_DELIM-0x2f_95                  0.00%    passed     98.37%
 952  DENV1_DELIM-0x2f_THAILAND_DELIM-0x2f_1994_DELIM-0x2f_30156_DELIM-0x2f_94                  0.13%    passed     99.01%
 953  DENV1_DELIM-0x2f_THAILAND_DELIM-0x2f_1994_DELIM-0x2f_30157_DELIM-0x2f_94                  0.13%    passed     98.11%
 954  DENV1_DELIM-0x2f_THAILAND_DELIM-0x2f_1995_DELIM-0x2f_30158_DELIM-0x2f_95                  0.00%    passed     98.46%
 955  DENV1_DELIM-0x2f_THAILAND_DELIM-0x2f_1995_DELIM-0x2f_30166_DELIM-0x2f_95                  0.00%    passed     97.56%
 956  DENV1_DELIM-0x2f_THAILAND_DELIM-0x2f_1994_DELIM-0x2f_30174_DELIM-0x2f_94                  0.13%    passed     98.11%
 957  DENV1_DELIM-0x2f_THAILAND_DELIM-0x2f_1995_DELIM-0x2f_30177_DELIM-0x2f_95                  0.07%    passed     98.16%
 958  DENV1_DELIM-0x2f_THAILAND_DELIM-0x2f_1995_DELIM-0x2f_30179_DELIM-0x2f_95                  0.00%    passed     98.37%
 959  DENV1_DELIM-0x2f_THAILAND_DELIM-0x2f_1994_DELIM-0x2f_30182_DELIM-0x2f_94                  0.00%    passed     96.54%
 960  DENV1_DELIM-0x2f_THAILAND_DELIM-0x2f_1995_DELIM-0x2f_30201_DELIM-0x2f_95                  0.00%    passed     98.37%
 961  DENV1_DELIM-0x2f_THAILAND_DELIM-0x2f_1995_DELIM-0x2f_30211_DELIM-0x2f_95                  0.00%    passed     97.56%
 962  DENV1_DELIM-0x2f_THAILAND_DELIM-0x2f_1994_DELIM-0x2f_30253_DELIM-0x2f_94                  0.00%    passed     99.91%
 963  DENV1_DELIM-0x2f_THAILAND_DELIM-0x2f_1995_DELIM-0x2f_30254_DELIM-0x2f_95                  0.00%    passed     98.37%
 964  DENV1_DELIM-0x2f_THAILAND_DELIM-0x2f_1995_DELIM-0x2f_30255_DELIM-0x2f_95                  0.07%    passed     98.54%
 965  DENV1_DELIM-0x2f_THAILAND_DELIM-0x2f_1994_DELIM-0x2f_30262_DELIM-0x2f_94                  0.00%    passed     99.91%
 966  DENV1_DELIM-0x2f_THAILAND_DELIM-0x2f_1995_DELIM-0x2f_30295_DELIM-0x2f_95                  0.00%    passed     98.37%
 967  DENV1_DELIM-0x2f_THAILAND_DELIM-0x2f_1994_DELIM-0x2f_30299_DELIM-0x2f_94                  0.00%    passed     99.91%
 968  DENV1_DELIM-0x2f_THAILAND_DELIM-0x2f_1995_DELIM-0x2f_30423_DELIM-0x2f_95                  0.07%    passed     98.54%
 969  DENV1_DELIM-0x2f_THAILAND_DELIM-0x2f_1995_DELIM-0x2f_30466_DELIM-0x2f_95                  0.00%    passed     98.25%
 970  DENV1_DELIM-0x2f_THAILAND_DELIM-0x2f_1994_DELIM-0x2f_30515_DELIM-0x2f_94                  0.00%    passed     96.17%
 971  DENV1_DELIM-0x2f_THAILAND_DELIM-0x2f_1994_DELIM-0x2f_30577_DELIM-0x2f_94                  0.00%    passed     97.96%
 972  DENV1_DELIM-0x2f_THAILAND_DELIM-0x2f_1994_DELIM-0x2f_30620_DELIM-0x2f_94                  0.00%    passed     98.17%
 973  DENV1_DELIM-0x2f_THAILAND_DELIM-0x2f_1994_DELIM-0x2f_30722_DELIM-0x2f_94                  0.00%    passed     98.17%
 974  DENV1_DELIM-0x2f_THAILAND_DELIM-0x2f_1994_DELIM-0x2f_30778_DELIM-0x2f_94                  0.00%    passed     99.97%
 975  DENV1_DELIM-0x2f_THAILAND_DELIM-0x2f_1994_DELIM-0x2f_30797_DELIM-0x2f_94                  0.00%    passed     98.83%
 976  DENV1_DELIM-0x2f_BOLIVIA_DELIM-0x2f_2010_DELIM-0x2f_FSB-3363                              0.00%    passed     82.33%
 977  DENV1_DELIM-0x2f_MYANMAR_DELIM-0x2f_2005_DELIM-0x2f_61117                                 0.07%    passed     95.11%
 978  DENV1_DELIM-0x2f_NAURU_DELIM-0x2f_1974_DELIM-0x2f_RDENV1-WP-1A                            0.00%    passed     91.27%
 979  DENV1_DELIM-0x2f_PERU_DELIM-0x2f_2000_DELIM-0x2f_IQT-6152                                 0.00%    passed     94.16%
 980  DENV1_DELIM-0x2f_PUERTORICO_DELIM-0x2f_2006_DELIM-0x2f_BID-V852                           0.00%    passed     86.31%
 981  DENV1_DELIM-0x2f_THAILAND_DELIM-0x2f_1964_DELIM-0x2f_16007                                0.00%    passed     98.14%
 982  DENV1_DELIM-0x2f_VENEZUELA_DELIM-0x2f_2000_DELIM-0x2f_OBT-1298                            0.00%    passed     88.04%
 983  DENV1_DELIM-0x2f_VIETNAM_DELIM-0x2f_2008_DELIM-0x2f_BID-V1937                             0.00%    passed     95.21%
 984  DENV1_DELIM-0x2f_CAMBODIA_DELIM-0x2f_2003_DELIM-0x2f_FJ639680                             0.00%    passed     99.59%
 985  DENV1_DELIM-0x2f_CAMBODIA_DELIM-0x2f_2006_DELIM-0x2f_FJ639687                             0.00%    passed     86.33%
 986  DENV1_DELIM-0x2f_CAMBODIA_DELIM-0x2f_2007_DELIM-0x2f_FJ639693                             0.00%    passed     79.98%
 987  DENV1_DELIM-0x2f_CAMBODIA_DELIM-0x2f_2007_DELIM-0x2f_FJ639696                             0.00%    passed     87.61%
 988  DENV1_DELIM-0x2f_CAMBODIA_DELIM-0x2f_2003_DELIM-0x2f_FJ850069                             0.00%    passed     99.64%
 989  DENV1_DELIM-0x2f_CAMBODIA_DELIM-0x2f_2003_DELIM-0x2f_GQ868619                             0.00%    passed     99.54%
 990  DENV1_DELIM-0x2f_CAMBODIA_DELIM-0x2f_2008_DELIM-0x2f_GQ868632                             0.00%    passed     97.29%
 991  DENV1_DELIM-0x2f_CAMBODIA_DELIM-0x2f_2008_DELIM-0x2f_GU131894                             0.00%    passed     94.02%
 992  DENV1_DELIM-0x2f_CAMBODIA_DELIM-0x2f_2010_DELIM-0x2f_U0616272                             0.00%    passed     91.72%
 993  DENV1_DELIM-0x2f_CAMBODIA_DELIM-0x2f_2010_DELIM-0x2f_U0609271                             0.00%    passed     91.22%
 994  DENV1_DELIM-0x2f_CAMBODIA_DELIM-0x2f_2011_DELIM-0x2f_V0524313                             0.00%    passed     92.13%
 995  DENV1_DELIM-0x2f_CAMBODIA_DELIM-0x2f_2011_DELIM-0x2f_V0504308                             0.00%    passed     96.82%
****  TOTAL                                                                                     0.16%  0 sequences failed composition chi2 test (p-value<5%; df=3)
NOTE: hDenV1_DELIM-0x2f_Colombia_DELIM-0x2f_un-OUCRU-341_DELIM-0x2f_2013 is identical to hDenV1_DELIM-0x2f_Colombia_DELIM-0x2f_un-OUCRU-101_DELIM-0x2f_2013 but kept for subsequent analysis
NOTE: hDenV1_DELIM-0x2f_Colombia_DELIM-0x2f_un-OUCRU-340_DELIM-0x2f_2013 is identical to hDenV1_DELIM-0x2f_Colombia_DELIM-0x2f_un-OUCRU-102_DELIM-0x2f_2013 but kept for subsequent analysis
NOTE: hDenV1_DELIM-0x2f_Colombia_DELIM-0x2f_un-OUCRU-348_DELIM-0x2f_2013 is identical to hDenV1_DELIM-0x2f_Colombia_DELIM-0x2f_un-OUCRU-101234_DELIM-0x2f_2013 but kept for subsequent analysis
NOTE: hDenV1_DELIM-0x2f_Colombia_DELIM-0x2f_un-OUCRU-520_DELIM-0x2f_2012 is identical to hDenV1_DELIM-0x2f_Colombia_DELIM-0x2f_un-OUCRU-10123_DELIM-0x2f_2012 but kept for subsequent analysis
NOTE: hDenV1_DELIM-0x2f_Colombia_DELIM-0x2f_un-OUCRU-522_DELIM-0x2f_2013 is identical to hDenV1_DELIM-0x2f_Colombia_DELIM-0x2f_un-OUCRU-101218_DELIM-0x2f_2013 but kept for subsequent analysis
NOTE: hDenV1_DELIM-0x2f_Colombia_DELIM-0x2f_un-OUCRU-333_DELIM-0x2f_2013 is identical to hDenV1_DELIM-0x2f_Colombia_DELIM-0x2f_un-OUCRU-101223_DELIM-0x2f_2013 but kept for subsequent analysis
NOTE: hDenV1_DELIM-0x2f_Colombia_DELIM-0x2f_un-OUCRU-526_DELIM-0x2f_2013 is identical to hDenV1_DELIM-0x2f_Colombia_DELIM-0x2f_un-OUCRU-101225_DELIM-0x2f_2013 but kept for subsequent analysis
NOTE: hDenV1_DELIM-0x2f_Colombia_DELIM-0x2f_un-OUCRU-0000005_DELIM-0x2f_2013 is identical to hDenV1_DELIM-0x2f_Colombia_DELIM-0x2f_un-OUCRU-0000010_DELIM-0x2f_2013 but kept for subsequent analysis
NOTE: hDenV1_DELIM-0x2f_Colombia_DELIM-0x2f_un-OUCRU-510_DELIM-0x2f_2013 is identical to hDenV1_DELIM-0x2f_Colombia_DELIM-0x2f_un-OUCRU-101227_DELIM-0x2f_2013 but kept for subsequent analysis
NOTE: hDenV1_DELIM-0x2f_Colombia_DELIM-0x2f_VAC-LSPVAC-2405525_DELIM-0x2f_2024 is identical to hDenV1_DELIM-0x2f_Colombia_DELIM-0x2f_VAC-LSPVAC-2400146_DELIM-0x2f_2024 but kept for subsequent analysis
NOTE: hDenV1_DELIM-0x2f_Colombia_DELIM-0x2f_VAC-LSPVAC-2400298_DELIM-0x2f_2024 is identical to hDenV1_DELIM-0x2f_Colombia_DELIM-0x2f_VAC-LSPVAC-2401935_DELIM-0x2f_2024 but kept for subsequent analysis
NOTE: hDenV1_DELIM-0x2f_Colombia_DELIM-0x2f_VAC-LSPVAC-2404314_DELIM-0x2f_2024 is identical to hDenV1_DELIM-0x2f_Colombia_DELIM-0x2f_VAC-LSPVAC-2400262_DELIM-0x2f_2024 but kept for subsequent analysis
NOTE: hDenV1_DELIM-0x2f_Colombia_DELIM-0x2f_VAC-LSPVAC-2405625_DELIM-0x2f_2024 is identical to hDenV1_DELIM-0x2f_Colombia_DELIM-0x2f_VAC-LSPVAC-2405754_DELIM-0x2f_2024 but kept for subsequent analysis
NOTE: hDenV1_DELIM-0x2f_Colombia_DELIM-0x2f_un-Yale-DN02838_DELIM-0x2f_2024 is identical to hDenV1_DELIM-0x2f_Colombia_DELIM-0x2f_un-Yale-DN02386_DELIM-0x2f_2023 but kept for subsequent analysis
NOTE: hDenV1_DELIM-0x2f_Colombia_DELIM-0x2f_VAC-LSPVAC-2404461_DELIM-0x2f_2024 is identical to hDenV1_DELIM-0x2f_Colombia_DELIM-0x2f_VAC-LSPVAC-2402566_DELIM-0x2f_2024 but kept for subsequent analysis
NOTE: hDenV1_DELIM-0x2f_Colombia_DELIM-0x2f_un-OUCRU-332_DELIM-0x2f_2013 is identical to hDenV1_DELIM-0x2f_Colombia_DELIM-0x2f_un-OUCRU-101229_DELIM-0x2f_2013 but kept for subsequent analysis
NOTE: hDenV1_DELIM-0x2f_Colombia_DELIM-0x2f_un-OUCRU-353_DELIM-0x2f_2013 is identical to hDenV1_DELIM-0x2f_Colombia_DELIM-0x2f_un-OUCRU-103_DELIM-0x2f_2013 but kept for subsequent analysis
NOTE: hDenV1_DELIM-0x2f_Colombia_DELIM-0x2f_un-OUCRU-0000088_DELIM-0x2f_2012 is identical to hDenV1_DELIM-0x2f_Colombia_DELIM-0x2f_un-OUCRU-0000008_DELIM-0x2f_2013 but kept for subsequent analysis
NOTE: hDenV1_DELIM-0x2f_Colombia_DELIM-0x2f_un-OUCRU-338_DELIM-0x2f_2013 is identical to hDenV1_DELIM-0x2f_Colombia_DELIM-0x2f_un-OUCRU-104_DELIM-0x2f_2013 but kept for subsequent analysis
NOTE: hDenV1_DELIM-0x2f_Colombia_DELIM-0x2f_un-OUCRU-101235_DELIM-0x2f_2013 is identical to hDenV1_DELIM-0x2f_Colombia_DELIM-0x2f_un-OUCRU-101253_DELIM-0x2f_2013 but kept for subsequent analysis
NOTE: hDenV1_DELIM-0x2f_Colombia_DELIM-0x2f_un-OUCRU-508_DELIM-0x2f_2013 is identical to hDenV1_DELIM-0x2f_Colombia_DELIM-0x2f_un-OUCRU-101245_DELIM-0x2f_2013 but kept for subsequent analysis
NOTE: hDenV1_DELIM-0x2f_Colombia_DELIM-0x2f_un-INS-484948_DELIM-0x2f_2016 is identical to hDenV1_DELIM-0x2f_Colombia_DELIM-0x2f_un-OUCRU-0000076_DELIM-0x2f_2013 but kept for subsequent analysis
NOTE: hDenV1_DELIM-0x2f_Colombia_DELIM-0x2f_un-OUCRU-131_DELIM-0x2f_2013 is identical to hDenV1_DELIM-0x2f_Colombia_DELIM-0x2f_un-OUCRU-101221_DELIM-0x2f_2013 but kept for subsequent analysis
NOTE: hDenV1_DELIM-0x2f_Colombia_DELIM-0x2f_SAN-BROAD-0000032_DELIM-0x2f_2008 is identical to hDenV1_DELIM-0x2f_Colombia_DELIM-0x2f_SAN-UIS-00002_DELIM-0x2f_2008 but kept for subsequent analysis
NOTE: hDenV1_DELIM-0x2f_Colombia_DELIM-0x2f_ANT-UDEA-COT0017_DELIM-0x2f_2023 is identical to hDenV1_DELIM-0x2f_Colombia_DELIM-0x2f_ANT-UDEA-COT0012_DELIM-0x2f_2023 but kept for subsequent analysis
NOTE: hDenV1_DELIM-0x2f_Colombia_DELIM-0x2f_ANT-UDEA-COA0234_DELIM-0x2f_2022 is identical to hDenV1_DELIM-0x2f_Colombia_DELIM-0x2f_ANT-UDEA-COA0214_DELIM-0x2f_2022 but kept for subsequent analysis
NOTE: hDenV1_DELIM-0x2f_Colombia_DELIM-0x2f_RIS-FUAA-AFI082_DELIM-0x2f_2021 is identical to hDenV1_DELIM-0x2f_Colombia_DELIM-0x2f_RIS-FUAA-AFI101_DELIM-0x2f_2021 but kept for subsequent analysis
NOTE: hDenV1_DELIM-0x2f_Colombia_DELIM-0x2f_un-FUAA-DFC161_DELIM-0x2f_2021 is identical to hDenV1_DELIM-0x2f_Colombia_DELIM-0x2f_un-FUAA-DFC217_DELIM-0x2f_2021 but kept for subsequent analysis
NOTE: hDenV1_DELIM-0x2f_Colombia_DELIM-0x2f_un-FUAA-DFC114_DELIM-0x2f_2021 is identical to hDenV1_DELIM-0x2f_Colombia_DELIM-0x2f_un-FUAA-DFC265_DELIM-0x2f_2022 but kept for subsequent analysis
NOTE: hDenV1_DELIM-0x2f_Colombia_DELIM-0x2f_un-FUAA-DFC112_DELIM-0x2f_2021 is identical to hDenV1_DELIM-0x2f_Colombia_DELIM-0x2f_un-FUAA-DFC096_DELIM-0x2f_2021 but kept for subsequent analysis
NOTE: hDenV1_DELIM-0x2f_Colombia_DELIM-0x2f_un-OUCRU-134_DELIM-0x2f_2013 is identical to hDenV1_DELIM-0x2f_Colombia_DELIM-0x2f_un-OUCRU-10124_DELIM-0x2f_2013 but kept for subsequent analysis
NOTE: hDenV1_DELIM-0x2f_Colombia_DELIM-0x2f_un-OUCRU-511_DELIM-0x2f_2013 is identical to hDenV1_DELIM-0x2f_Colombia_DELIM-0x2f_un-OUCRU-101212_DELIM-0x2f_2013 but kept for subsequent analysis
NOTE: hDenV1_DELIM-0x2f_Colombia_DELIM-0x2f_un-OUCRU-525_DELIM-0x2f_2011 is identical to hDenV1_DELIM-0x2f_Colombia_DELIM-0x2f_un-OUCRU-101224_DELIM-0x2f_2011 but kept for subsequent analysis
NOTE: hDenV1_DELIM-0x2f_Colombia_DELIM-0x2f_un-OUCRU-513_DELIM-0x2f_2013 is identical to hDenV1_DELIM-0x2f_Colombia_DELIM-0x2f_un-OUCRU-101232_DELIM-0x2f_2013 but kept for subsequent analysis
NOTE: hDenV1_DELIM-0x2f_Colombia_DELIM-0x2f_un-OUCRU-0000052_DELIM-0x2f_2013 is identical to hDenV1_DELIM-0x2f_Colombia_DELIM-0x2f_un-OUCRU-0000048_DELIM-0x2f_2013 but kept for subsequent analysis
NOTE: hDenV1_DELIM-0x2f_Colombia_DELIM-0x2f_un-OUCRU-0000070_DELIM-0x2f_2012 is identical to hDenV1_DELIM-0x2f_Colombia_DELIM-0x2f_un-OUCRU-0000069_DELIM-0x2f_2012 but kept for subsequent analysis
NOTE: hDenV1_DELIM-0x2f_Colombia_DELIM-0x2f_NSA-UIS-00012_DELIM-0x2f_2005 is identical to hDenV1_DELIM-0x2f_Colombia_DELIM-0x2f_SAN-BROAD-0000037_DELIM-0x2f_2005 but kept for subsequent analysis
NOTE: hDenV1_DELIM-0x2f_Colombia_DELIM-0x2f_NSA-UIS-00015_DELIM-0x2f_2006 is identical to hDenV1_DELIM-0x2f_Colombia_DELIM-0x2f_NSA-UIS-00014_DELIM-0x2f_2006 but kept for subsequent analysis
NOTE: hDenV1_DELIM-0x2f_Colombia_DELIM-0x2f_NSA-UIS-00010_DELIM-0x2f_2006 is identical to hDenV1_DELIM-0x2f_Colombia_DELIM-0x2f_NSA-UIS-00007_DELIM-0x2f_2006 but kept for subsequent analysis
NOTE: hDenV1_DELIM-0x2f_Colombia_DELIM-0x2f_SAN-UIS-00026_DELIM-0x2f_2007 is identical to hDenV1_DELIM-0x2f_Colombia_DELIM-0x2f_SAN-UIS-00028_DELIM-0x2f_2007 but kept for subsequent analysis
NOTE: hDenV1_DELIM-0x2f_Colombia_DELIM-0x2f_SAN-UIS-00023_DELIM-0x2f_2008 is identical to hDenV1_DELIM-0x2f_Colombia_DELIM-0x2f_SAN-UIS-00024_DELIM-0x2f_2008 but kept for subsequent analysis
NOTE: hDenV1_DELIM-0x2f_Colombia_DELIM-0x2f_SAN-UIS-00029_DELIM-0x2f_2008 is identical to hDenV1_DELIM-0x2f_Colombia_DELIM-0x2f_SAN-UIS-00030_DELIM-0x2f_2008 but kept for subsequent analysis
NOTE: hDenV1_DELIM-0x2f_Colombia_DELIM-0x2f_SAN-Yale-DH141-P2_DELIM-0x2f_2004 is identical to hDenV1_DELIM-0x2f_Colombia_DELIM-0x2f_SAN-UIS-00031_DELIM-0x2f_2004 but kept for subsequent analysis
NOTE: hDenV1_DELIM-0x2f_Colombia_DELIM-0x2f_SAN-BROAD-0000046_DELIM-0x2f_2007 is identical to hDenV1_DELIM-0x2f_Colombia_DELIM-0x2f_SAN-UIS-00021_DELIM-0x2f_2007 but kept for subsequent analysis
NOTE: hDenV1_DELIM-0x2f_Colombia_DELIM-0x2f_SAN-UIS-00022_DELIM-0x2f_2008 is identical to hDenV1_DELIM-0x2f_Colombia_DELIM-0x2f_SAN-UIS-0000011_DELIM-0x2f_2009 but kept for subsequent analysis
NOTE: hDenV1_DELIM-0x2f_Colombia_DELIM-0x2f_NSA-BROAD-0000019_DELIM-0x2f_2006 is identical to hDenV1_DELIM-0x2f_Colombia_DELIM-0x2f_SAN-BROAD-0000053_DELIM-0x2f_2007 but kept for subsequent analysis
NOTE: hDenV1_DELIM-0x2f_Colombia_DELIM-0x2f_NSA-UIS-00037_DELIM-0x2f_2006 is identical to hDenV1_DELIM-0x2f_Colombia_DELIM-0x2f_NSA-BROAD-0000025_DELIM-0x2f_2006 but kept for subsequent analysis
NOTE: hDenV1_DELIM-0x2f_Colombia_DELIM-0x2f_SAN-UIS-00032_DELIM-0x2f_2007 is identical to hDenV1_DELIM-0x2f_Colombia_DELIM-0x2f_SAN-BROAD-0000036_DELIM-0x2f_2007 but kept for subsequent analysis
NOTE: hDenV1_DELIM-0x2f_Colombia_DELIM-0x2f_NSA-UIS-00046_DELIM-0x2f_2006 is identical to hDenV1_DELIM-0x2f_Colombia_DELIM-0x2f_NSA-UIS-00045_DELIM-0x2f_2006 but kept for subsequent analysis
NOTE: hDenV1_DELIM-0x2f_Colombia_DELIM-0x2f_NSA-BROAD-0000023_DELIM-0x2f_2006 is identical to hDenV1_DELIM-0x2f_Colombia_DELIM-0x2f_NSA-UIS-00044_DELIM-0x2f_2006 but kept for subsequent analysis
NOTE: hDenV1_DELIM-0x2f_Colombia_DELIM-0x2f_SAN-UIS-00050_DELIM-0x2f_2001 is identical to hDenV1_DELIM-0x2f_Colombia_DELIM-0x2f_SAN-BROAD-0000058_DELIM-0x2f_2001 but kept for subsequent analysis
NOTE: hDenV1_DELIM-0x2f_Colombia_DELIM-0x2f_un-OUCRU-135_DELIM-0x2f_2013 is identical to hDenV1_DELIM-0x2f_Colombia_DELIM-0x2f_un-OUCRU-1_DELIM-0x2f_2013 but kept for subsequent analysis
NOTE: hDenV1_DELIM-0x2f_Colombia_DELIM-0x2f_un-OUCRU-512_DELIM-0x2f_2013 is identical to hDenV1_DELIM-0x2f_Colombia_DELIM-0x2f_un-OUCRU-10128_DELIM-0x2f_2013 but kept for subsequent analysis
NOTE: hDenV1_DELIM-0x2f_Colombia_DELIM-0x2f_un-OUCRU-101236_DELIM-0x2f_2013 is identical to hDenV1_DELIM-0x2f_Colombia_DELIM-0x2f_un-OUCRU-509_DELIM-0x2f_2013 but kept for subsequent analysis
NOTE: hDenV1_DELIM-0x2f_Colombia_DELIM-0x2f_ANT-UDEA-COT0028_DELIM-0x2f_2023 is identical to hDenV1_DELIM-0x2f_Colombia_DELIM-0x2f_ANT-UDEA-COT0221_DELIM-0x2f_2023 but kept for subsequent analysis
NOTE: hDenV1_DELIM-0x2f_Colombia_DELIM-0x2f_un-OUCRU-358_DELIM-0x2f_2013 is identical to hDenV1_DELIM-0x2f_Colombia_DELIM-0x2f_un-OUCRU-101230_DELIM-0x2f_2013 but kept for subsequent analysis
NOTE: hDenV1_DELIM-0x2f_Colombia_DELIM-0x2f_BOL-UEB-016-1_DELIM-0x2f_2019 is identical to hDenV1_DELIM-0x2f_Colombia_DELIM-0x2f_BOL-UEB-016_DELIM-0x2f_2019 but kept for subsequent analysis
NOTE: hDenV1_DELIM-0x2f_Colombia_DELIM-0x2f_BOL-UEB-152-1_DELIM-0x2f_2019 is identical to hDenV1_DELIM-0x2f_Colombia_DELIM-0x2f_BOL-UEB-152_DELIM-0x2f_2019 but kept for subsequent analysis
NOTE: DENV1_DELIM-0x2f_THAILAND_DELIM-0x2f_2011_DELIM-0x2f_00055_DELIM-0x2f_11 is identical to DENV1_DELIM-0x2f_THAILAND_DELIM-0x2f_2011_DELIM-0x2f_00002_DELIM-0x2f_11 but kept for subsequent analysis
NOTE: DENV1_DELIM-0x2f_THAILAND_DELIM-0x2f_2006_DELIM-0x2f_00030_DELIM-0x2f_06 is identical to DENV1_DELIM-0x2f_THAILAND_DELIM-0x2f_2006_DELIM-0x2f_00003_DELIM-0x2f_06 but kept for subsequent analysis
NOTE: DENV1_DELIM-0x2f_THAILAND_DELIM-0x2f_2000_DELIM-0x2f_02089_DELIM-0x2f_00 is identical to DENV1_DELIM-0x2f_THAILAND_DELIM-0x2f_2001_DELIM-0x2f_00047_DELIM-0x2f_01 but kept for subsequent analysis
NOTE: DENV1_DELIM-0x2f_THAILAND_DELIM-0x2f_2005_DELIM-0x2f_00743_DELIM-0x2f_05 is identical to DENV1_DELIM-0x2f_THAILAND_DELIM-0x2f_2004_DELIM-0x2f_00088_DELIM-0x2f_04 but kept for subsequent analysis
NOTE: DENV1_DELIM-0x2f_THAILAND_DELIM-0x2f_2012_DELIM-0x2f_00829_DELIM-0x2f_12 is identical to DENV1_DELIM-0x2f_THAILAND_DELIM-0x2f_2013_DELIM-0x2f_00090_DELIM-0x2f_13 but kept for subsequent analysis
NOTE: DENV1_DELIM-0x2f_THAILAND_DELIM-0x2f_2006_DELIM-0x2f_00966_DELIM-0x2f_06 is identical to DENV1_DELIM-0x2f_THAILAND_DELIM-0x2f_2006_DELIM-0x2f_00201_DELIM-0x2f_06 but kept for subsequent analysis
NOTE: DENV1_DELIM-0x2f_THAILAND_DELIM-0x2f_1995_DELIM-0x2f_00229_DELIM-0x2f_95 is identical to DENV1_DELIM-0x2f_THAILAND_DELIM-0x2f_1995_DELIM-0x2f_00207_DELIM-0x2f_95 but kept for subsequent analysis
NOTE: DENV1_DELIM-0x2f_THAILAND_DELIM-0x2f_2005_DELIM-0x2f_00647_DELIM-0x2f_05 is identical to DENV1_DELIM-0x2f_THAILAND_DELIM-0x2f_2005_DELIM-0x2f_00208_DELIM-0x2f_05 but kept for subsequent analysis
NOTE: DENV1_DELIM-0x2f_THAILAND_DELIM-0x2f_2006_DELIM-0x2f_00211_DELIM-0x2f_06 is identical to DENV1_DELIM-0x2f_THAILAND_DELIM-0x2f_2006_DELIM-0x2f_00209_DELIM-0x2f_06 but kept for subsequent analysis
NOTE: DENV1_DELIM-0x2f_THAILAND_DELIM-0x2f_2004_DELIM-0x2f_01640_DELIM-0x2f_04 is identical to DENV1_DELIM-0x2f_THAILAND_DELIM-0x2f_2005_DELIM-0x2f_00211_DELIM-0x2f_05 but kept for subsequent analysis
NOTE: DENV1_DELIM-0x2f_THAILAND_DELIM-0x2f_2005_DELIM-0x2f_00617_DELIM-0x2f_05 is identical to DENV1_DELIM-0x2f_THAILAND_DELIM-0x2f_2005_DELIM-0x2f_00258_DELIM-0x2f_05 but kept for subsequent analysis
NOTE: DENV1_DELIM-0x2f_THAILAND_DELIM-0x2f_2012_DELIM-0x2f_00809_DELIM-0x2f_12 is identical to DENV1_DELIM-0x2f_THAILAND_DELIM-0x2f_2013_DELIM-0x2f_00270_DELIM-0x2f_13 but kept for subsequent analysis
NOTE: DENV1_DELIM-0x2f_THAILAND_DELIM-0x2f_2006_DELIM-0x2f_00332_DELIM-0x2f_06 is identical to DENV1_DELIM-0x2f_THAILAND_DELIM-0x2f_2006_DELIM-0x2f_00287_DELIM-0x2f_06 but kept for subsequent analysis
NOTE: DENV1_DELIM-0x2f_THAILAND_DELIM-0x2f_1995_DELIM-0x2f_00569_DELIM-0x2f_95 is identical to DENV1_DELIM-0x2f_THAILAND_DELIM-0x2f_1995_DELIM-0x2f_00288_DELIM-0x2f_95 but kept for subsequent analysis
NOTE: DENV1_DELIM-0x2f_THAILAND_DELIM-0x2f_2012_DELIM-0x2f_00580_DELIM-0x2f_12 is identical to DENV1_DELIM-0x2f_THAILAND_DELIM-0x2f_2013_DELIM-0x2f_00343_DELIM-0x2f_13 but kept for subsequent analysis
NOTE: DENV1_DELIM-0x2f_THAILAND_DELIM-0x2f_2003_DELIM-0x2f_00373_DELIM-0x2f_03 is identical to DENV1_DELIM-0x2f_THAILAND_DELIM-0x2f_2003_DELIM-0x2f_00349_DELIM-0x2f_03 but kept for subsequent analysis
NOTE: DENV1_DELIM-0x2f_THAILAND_DELIM-0x2f_2006_DELIM-0x2f_00482_DELIM-0x2f_06 is identical to DENV1_DELIM-0x2f_THAILAND_DELIM-0x2f_2006_DELIM-0x2f_00369_DELIM-0x2f_06 but kept for subsequent analysis
NOTE: DENV1_DELIM-0x2f_THAILAND_DELIM-0x2f_1997_DELIM-0x2f_00927_DELIM-0x2f_97 is identical to DENV1_DELIM-0x2f_THAILAND_DELIM-0x2f_1996_DELIM-0x2f_00375_DELIM-0x2f_96 but kept for subsequent analysis
NOTE: DENV1_DELIM-0x2f_THAILAND_DELIM-0x2f_2006_DELIM-0x2f_01145_DELIM-0x2f_06 is identical to DENV1_DELIM-0x2f_THAILAND_DELIM-0x2f_2006_DELIM-0x2f_00437_DELIM-0x2f_06 but kept for subsequent analysis
NOTE: DENV1_DELIM-0x2f_THAILAND_DELIM-0x2f_2006_DELIM-0x2f_01650_DELIM-0x2f_06 is identical to DENV1_DELIM-0x2f_THAILAND_DELIM-0x2f_2006_DELIM-0x2f_00443_DELIM-0x2f_06 but kept for subsequent analysis
NOTE: DENV1_DELIM-0x2f_THAILAND_DELIM-0x2f_1994_DELIM-0x2f_01310_DELIM-0x2f_94 is identical to DENV1_DELIM-0x2f_THAILAND_DELIM-0x2f_1995_DELIM-0x2f_00487_DELIM-0x2f_95 but kept for subsequent analysis
NOTE: DENV1_DELIM-0x2f_THAILAND_DELIM-0x2f_2000_DELIM-0x2f_01476_DELIM-0x2f_00 is identical to DENV1_DELIM-0x2f_THAILAND_DELIM-0x2f_2001_DELIM-0x2f_00580_DELIM-0x2f_01 but kept for subsequent analysis
NOTE: DENV1_DELIM-0x2f_THAILAND_DELIM-0x2f_2002_DELIM-0x2f_01893_DELIM-0x2f_02 is identical to DENV1_DELIM-0x2f_THAILAND_DELIM-0x2f_2002_DELIM-0x2f_00600_DELIM-0x2f_02 but kept for subsequent analysis
NOTE: DENV1_DELIM-0x2f_THAILAND_DELIM-0x2f_2014_DELIM-0x2f_00634_DELIM-0x2f_14 is identical to DENV1_DELIM-0x2f_THAILAND_DELIM-0x2f_2014_DELIM-0x2f_00624_DELIM-0x2f_14 but kept for subsequent analysis
NOTE: DENV1_DELIM-0x2f_THAILAND_DELIM-0x2f_2006_DELIM-0x2f_02080_DELIM-0x2f_06 is identical to DENV1_DELIM-0x2f_THAILAND_DELIM-0x2f_2006_DELIM-0x2f_00690_DELIM-0x2f_06 but kept for subsequent analysis
NOTE: DENV1_DELIM-0x2f_THAILAND_DELIM-0x2f_2006_DELIM-0x2f_02131_DELIM-0x2f_06 is identical to DENV1_DELIM-0x2f_THAILAND_DELIM-0x2f_2006_DELIM-0x2f_00713_DELIM-0x2f_06 but kept for subsequent analysis
NOTE: DENV1_DELIM-0x2f_THAILAND_DELIM-0x2f_2011_DELIM-0x2f_01392_DELIM-0x2f_11 is identical to DENV1_DELIM-0x2f_THAILAND_DELIM-0x2f_2011_DELIM-0x2f_00757_DELIM-0x2f_11 but kept for subsequent analysis
NOTE: DENV1_DELIM-0x2f_THAILAND_DELIM-0x2f_2006_DELIM-0x2f_01386_DELIM-0x2f_06 is identical to DENV1_DELIM-0x2f_THAILAND_DELIM-0x2f_2006_DELIM-0x2f_00833_DELIM-0x2f_06 but kept for subsequent analysis
NOTE: DENV1_DELIM-0x2f_THAILAND_DELIM-0x2f_2006_DELIM-0x2f_01273_DELIM-0x2f_06 is identical to DENV1_DELIM-0x2f_THAILAND_DELIM-0x2f_2006_DELIM-0x2f_00921_DELIM-0x2f_06 but kept for subsequent analysis
NOTE: DENV1_DELIM-0x2f_THAILAND_DELIM-0x2f_1996_DELIM-0x2f_01095_DELIM-0x2f_96 is identical to DENV1_DELIM-0x2f_THAILAND_DELIM-0x2f_1997_DELIM-0x2f_00926_DELIM-0x2f_97 but kept for subsequent analysis
NOTE: DENV1_DELIM-0x2f_THAILAND_DELIM-0x2f_1996_DELIM-0x2f_01792_DELIM-0x2f_96 is identical to DENV1_DELIM-0x2f_THAILAND_DELIM-0x2f_1996_DELIM-0x2f_00970_DELIM-0x2f_96 but kept for subsequent analysis
NOTE: DENV1_DELIM-0x2f_THAILAND_DELIM-0x2f_2004_DELIM-0x2f_01425_DELIM-0x2f_04 is identical to DENV1_DELIM-0x2f_THAILAND_DELIM-0x2f_2004_DELIM-0x2f_00975_DELIM-0x2f_04 but kept for subsequent analysis
NOTE: DENV1_DELIM-0x2f_THAILAND_DELIM-0x2f_1995_DELIM-0x2f_00995_DELIM-0x2f_95 is identical to DENV1_DELIM-0x2f_THAILAND_DELIM-0x2f_1995_DELIM-0x2f_00975_DELIM-0x2f_95 but kept for subsequent analysis
NOTE: DENV1_DELIM-0x2f_THAILAND_DELIM-0x2f_2006_DELIM-0x2f_01038_DELIM-0x2f_06 is identical to DENV1_DELIM-0x2f_THAILAND_DELIM-0x2f_2006_DELIM-0x2f_01014_DELIM-0x2f_06 but kept for subsequent analysis
NOTE: DENV1_DELIM-0x2f_THAILAND_DELIM-0x2f_2003_DELIM-0x2f_02371_DELIM-0x2f_03 is identical to DENV1_DELIM-0x2f_THAILAND_DELIM-0x2f_2004_DELIM-0x2f_01038_DELIM-0x2f_04 but kept for subsequent analysis
NOTE: DENV1_DELIM-0x2f_THAILAND_DELIM-0x2f_2000_DELIM-0x2f_04866_DELIM-0x2f_00 is identical to DENV1_DELIM-0x2f_THAILAND_DELIM-0x2f_2001_DELIM-0x2f_01039_DELIM-0x2f_01 but kept for subsequent analysis
NOTE: DENV1_DELIM-0x2f_THAILAND_DELIM-0x2f_2006_DELIM-0x2f_01858_DELIM-0x2f_06 is identical to DENV1_DELIM-0x2f_THAILAND_DELIM-0x2f_2006_DELIM-0x2f_01089_DELIM-0x2f_06 but kept for subsequent analysis
NOTE: DENV1_DELIM-0x2f_THAILAND_DELIM-0x2f_2006_DELIM-0x2f_01143_DELIM-0x2f_06 is identical to DENV1_DELIM-0x2f_THAILAND_DELIM-0x2f_2006_DELIM-0x2f_01096_DELIM-0x2f_06 but kept for subsequent analysis
NOTE: DENV1_DELIM-0x2f_THAILAND_DELIM-0x2f_1996_DELIM-0x2f_01867_DELIM-0x2f_96 is identical to DENV1_DELIM-0x2f_THAILAND_DELIM-0x2f_1996_DELIM-0x2f_01139_DELIM-0x2f_96 but kept for subsequent analysis
NOTE: DENV1_DELIM-0x2f_THAILAND_DELIM-0x2f_2006_DELIM-0x2f_01277_DELIM-0x2f_06 is identical to DENV1_DELIM-0x2f_THAILAND_DELIM-0x2f_2006_DELIM-0x2f_01140_DELIM-0x2f_06 but kept for subsequent analysis
NOTE: DENV1_DELIM-0x2f_THAILAND_DELIM-0x2f_1995_DELIM-0x2f_01262_DELIM-0x2f_95 is identical to DENV1_DELIM-0x2f_THAILAND_DELIM-0x2f_1995_DELIM-0x2f_01213_DELIM-0x2f_95 but kept for subsequent analysis
NOTE: DENV1_DELIM-0x2f_THAILAND_DELIM-0x2f_2006_DELIM-0x2f_02114_DELIM-0x2f_06 is identical to DENV1_DELIM-0x2f_THAILAND_DELIM-0x2f_2006_DELIM-0x2f_01214_DELIM-0x2f_06 but kept for subsequent analysis
NOTE: DENV1_DELIM-0x2f_THAILAND_DELIM-0x2f_2006_DELIM-0x2f_01505_DELIM-0x2f_06 is identical to DENV1_DELIM-0x2f_THAILAND_DELIM-0x2f_2006_DELIM-0x2f_01229_DELIM-0x2f_06 but kept for subsequent analysis
NOTE: DENV1_DELIM-0x2f_THAILAND_DELIM-0x2f_2001_DELIM-0x2f_04083_DELIM-0x2f_01 is identical to DENV1_DELIM-0x2f_THAILAND_DELIM-0x2f_2000_DELIM-0x2f_01239_DELIM-0x2f_00 but kept for subsequent analysis
NOTE: DENV1_DELIM-0x2f_THAILAND_DELIM-0x2f_2004_DELIM-0x2f_01411_DELIM-0x2f_04 is identical to DENV1_DELIM-0x2f_THAILAND_DELIM-0x2f_2004_DELIM-0x2f_01274_DELIM-0x2f_04 but kept for subsequent analysis
NOTE: DENV1_DELIM-0x2f_THAILAND_DELIM-0x2f_2004_DELIM-0x2f_01420_DELIM-0x2f_04 is identical to DENV1_DELIM-0x2f_THAILAND_DELIM-0x2f_2004_DELIM-0x2f_01309_DELIM-0x2f_04 but kept for subsequent analysis
NOTE: DENV1_DELIM-0x2f_THAILAND_DELIM-0x2f_2004_DELIM-0x2f_01692_DELIM-0x2f_04 is identical to DENV1_DELIM-0x2f_THAILAND_DELIM-0x2f_2004_DELIM-0x2f_01313_DELIM-0x2f_04 but kept for subsequent analysis
NOTE: DENV1_DELIM-0x2f_THAILAND_DELIM-0x2f_2010_DELIM-0x2f_01518_DELIM-0x2f_10 is identical to DENV1_DELIM-0x2f_THAILAND_DELIM-0x2f_2010_DELIM-0x2f_01327_DELIM-0x2f_10 but kept for subsequent analysis
NOTE: DENV1_DELIM-0x2f_THAILAND_DELIM-0x2f_2006_DELIM-0x2f_01402_DELIM-0x2f_06 is identical to DENV1_DELIM-0x2f_THAILAND_DELIM-0x2f_2006_DELIM-0x2f_01330_DELIM-0x2f_06 but kept for subsequent analysis
NOTE: DENV1_DELIM-0x2f_THAILAND_DELIM-0x2f_2006_DELIM-0x2f_01512_DELIM-0x2f_06 is identical to DENV1_DELIM-0x2f_THAILAND_DELIM-0x2f_2006_DELIM-0x2f_01332_DELIM-0x2f_06 but kept for subsequent analysis
NOTE: DENV1_DELIM-0x2f_THAILAND_DELIM-0x2f_2006_DELIM-0x2f_01635_DELIM-0x2f_06 is identical to DENV1_DELIM-0x2f_THAILAND_DELIM-0x2f_2006_DELIM-0x2f_01335_DELIM-0x2f_06 but kept for subsequent analysis
NOTE: DENV1_DELIM-0x2f_THAILAND_DELIM-0x2f_1994_DELIM-0x2f_01447_DELIM-0x2f_94 is identical to DENV1_DELIM-0x2f_THAILAND_DELIM-0x2f_1994_DELIM-0x2f_01385_DELIM-0x2f_94 but kept for subsequent analysis
NOTE: DENV1_DELIM-0x2f_THAILAND_DELIM-0x2f_2002_DELIM-0x2f_01579_DELIM-0x2f_02 is identical to DENV1_DELIM-0x2f_THAILAND_DELIM-0x2f_2002_DELIM-0x2f_01473_DELIM-0x2f_02 but kept for subsequent analysis
NOTE: DENV1_DELIM-0x2f_THAILAND_DELIM-0x2f_2000_DELIM-0x2f_05722_DELIM-0x2f_00 is identical to DENV1_DELIM-0x2f_THAILAND_DELIM-0x2f_2000_DELIM-0x2f_01483_DELIM-0x2f_00 but kept for subsequent analysis
NOTE: DENV1_DELIM-0x2f_THAILAND_DELIM-0x2f_2006_DELIM-0x2f_02340_DELIM-0x2f_06 is identical to DENV1_DELIM-0x2f_THAILAND_DELIM-0x2f_2006_DELIM-0x2f_01511_DELIM-0x2f_06 but kept for subsequent analysis
NOTE: DENV1_DELIM-0x2f_THAILAND_DELIM-0x2f_2003_DELIM-0x2f_01982_DELIM-0x2f_03 is identical to DENV1_DELIM-0x2f_THAILAND_DELIM-0x2f_2003_DELIM-0x2f_01851_DELIM-0x2f_03 but kept for subsequent analysis
NOTE: DENV1_DELIM-0x2f_THAILAND_DELIM-0x2f_2006_DELIM-0x2f_02718_DELIM-0x2f_06 is identical to DENV1_DELIM-0x2f_THAILAND_DELIM-0x2f_2006_DELIM-0x2f_02127_DELIM-0x2f_06 but kept for subsequent analysis
NOTE: DENV1_DELIM-0x2f_THAILAND_DELIM-0x2f_2006_DELIM-0x2f_02595_DELIM-0x2f_06 is identical to DENV1_DELIM-0x2f_THAILAND_DELIM-0x2f_2006_DELIM-0x2f_02395_DELIM-0x2f_06 but kept for subsequent analysis
NOTE: DENV1_DELIM-0x2f_THAILAND_DELIM-0x2f_2006_DELIM-0x2f_02508_DELIM-0x2f_06 is identical to DENV1_DELIM-0x2f_THAILAND_DELIM-0x2f_2006_DELIM-0x2f_02499_DELIM-0x2f_06 but kept for subsequent analysis
NOTE: DENV1_DELIM-0x2f_THAILAND_DELIM-0x2f_2006_DELIM-0x2f_02789_DELIM-0x2f_06 is identical to DENV1_DELIM-0x2f_THAILAND_DELIM-0x2f_2006_DELIM-0x2f_02554_DELIM-0x2f_06 but kept for subsequent analysis
NOTE: DENV1_DELIM-0x2f_THAILAND_DELIM-0x2f_2006_DELIM-0x2f_02679_DELIM-0x2f_06 is identical to DENV1_DELIM-0x2f_THAILAND_DELIM-0x2f_2006_DELIM-0x2f_02677_DELIM-0x2f_06 but kept for subsequent analysis
NOTE: DENV1_DELIM-0x2f_THAILAND_DELIM-0x2f_2002_DELIM-0x2f_03163_DELIM-0x2f_02 is identical to DENV1_DELIM-0x2f_THAILAND_DELIM-0x2f_2002_DELIM-0x2f_03162_DELIM-0x2f_02 but kept for subsequent analysis
NOTE: DENV1_DELIM-0x2f_THAILAND_DELIM-0x2f_1997_DELIM-0x2f_05035_DELIM-0x2f_97 is identical to DENV1_DELIM-0x2f_THAILAND_DELIM-0x2f_1997_DELIM-0x2f_03401_DELIM-0x2f_97 but kept for subsequent analysis
NOTE: DENV1_DELIM-0x2f_THAILAND_DELIM-0x2f_1998_DELIM-0x2f_04979_DELIM-0x2f_98 is identical to DENV1_DELIM-0x2f_THAILAND_DELIM-0x2f_1999_DELIM-0x2f_03450_DELIM-0x2f_99 but kept for subsequent analysis
NOTE: DENV1_DELIM-0x2f_THAILAND_DELIM-0x2f_2001_DELIM-0x2f_05236_DELIM-0x2f_01 is identical to DENV1_DELIM-0x2f_THAILAND_DELIM-0x2f_2001_DELIM-0x2f_04762_DELIM-0x2f_01 but kept for subsequent analysis
NOTE: DENV1_DELIM-0x2f_THAILAND_DELIM-0x2f_1998_DELIM-0x2f_06566_DELIM-0x2f_98 is identical to DENV1_DELIM-0x2f_THAILAND_DELIM-0x2f_1998_DELIM-0x2f_04922_DELIM-0x2f_98 but kept for subsequent analysis
NOTE: DENV1_DELIM-0x2f_THAILAND_DELIM-0x2f_2000_DELIM-0x2f_05574_DELIM-0x2f_00 is identical to DENV1_DELIM-0x2f_THAILAND_DELIM-0x2f_2000_DELIM-0x2f_05522_DELIM-0x2f_00 but kept for subsequent analysis
NOTE: DENV1_DELIM-0x2f_THAILAND_DELIM-0x2f_2001_DELIM-0x2f_06099_DELIM-0x2f_01 is identical to DENV1_DELIM-0x2f_THAILAND_DELIM-0x2f_2001_DELIM-0x2f_05600_DELIM-0x2f_01 but kept for subsequent analysis
NOTE: DENV1_DELIM-0x2f_THAILAND_DELIM-0x2f_1994_DELIM-0x2f_30174_DELIM-0x2f_94 is identical to DENV1_DELIM-0x2f_THAILAND_DELIM-0x2f_1994_DELIM-0x2f_30157_DELIM-0x2f_94 but kept for subsequent analysis
NOTE: DENV1_DELIM-0x2f_THAILAND_DELIM-0x2f_1995_DELIM-0x2f_30211_DELIM-0x2f_95 is identical to DENV1_DELIM-0x2f_THAILAND_DELIM-0x2f_1995_DELIM-0x2f_30166_DELIM-0x2f_95 but kept for subsequent analysis
NOTE: DENV1_DELIM-0x2f_THAILAND_DELIM-0x2f_1995_DELIM-0x2f_30295_DELIM-0x2f_95 is identical to DENV1_DELIM-0x2f_THAILAND_DELIM-0x2f_1995_DELIM-0x2f_30179_DELIM-0x2f_95 but kept for subsequent analysis
NOTE: DENV1_DELIM-0x2f_THAILAND_DELIM-0x2f_1995_DELIM-0x2f_30254_DELIM-0x2f_95 is identical to DENV1_DELIM-0x2f_THAILAND_DELIM-0x2f_1995_DELIM-0x2f_30201_DELIM-0x2f_95 but kept for subsequent analysis
NOTE: DENV1_DELIM-0x2f_THAILAND_DELIM-0x2f_1994_DELIM-0x2f_30262_DELIM-0x2f_94 is identical to DENV1_DELIM-0x2f_THAILAND_DELIM-0x2f_1994_DELIM-0x2f_30253_DELIM-0x2f_94 but kept for subsequent analysis
NOTE: DENV1_DELIM-0x2f_THAILAND_DELIM-0x2f_1995_DELIM-0x2f_30423_DELIM-0x2f_95 is identical to DENV1_DELIM-0x2f_THAILAND_DELIM-0x2f_1995_DELIM-0x2f_30255_DELIM-0x2f_95 but kept for subsequent analysis
Checking for duplicate sequences: done in 0.00619966 secs using 1310% CPU
Identifying sites to remove: done in 0.00446553 secs using 715% CPU
NOTE: 111 identical sequences (see below) will be ignored for subsequent analysis
NOTE: hDenV1_DELIM-0x2f_Colombia_DELIM-0x2f_un-OUCRU-10125_DELIM-0x2f_2013 (identical to hDenV1_DELIM-0x2f_Colombia_DELIM-0x2f_un-OUCRU-10123_DELIM-0x2f_2012) is ignored but added at the end
NOTE: hDenV1_DELIM-0x2f_Colombia_DELIM-0x2f_un-OUCRU-10126_DELIM-0x2f_2013 (identical to hDenV1_DELIM-0x2f_Colombia_DELIM-0x2f_un-OUCRU-10123_DELIM-0x2f_2012) is ignored but added at the end
NOTE: hDenV1_DELIM-0x2f_Colombia_DELIM-0x2f_un-OUCRU-101210_DELIM-0x2f_2013 (identical to hDenV1_DELIM-0x2f_Colombia_DELIM-0x2f_un-OUCRU-10123_DELIM-0x2f_2012) is ignored but added at the end
NOTE: hDenV1_DELIM-0x2f_Colombia_DELIM-0x2f_un-OUCRU-101226_DELIM-0x2f_2012 (identical to hDenV1_DELIM-0x2f_Colombia_DELIM-0x2f_un-OUCRU-10123_DELIM-0x2f_2012) is ignored but added at the end
NOTE: hDenV1_DELIM-0x2f_Colombia_DELIM-0x2f_un-OUCRU-101228_DELIM-0x2f_2013 (identical to hDenV1_DELIM-0x2f_Colombia_DELIM-0x2f_un-OUCRU-10123_DELIM-0x2f_2012) is ignored but added at the end
NOTE: hDenV1_DELIM-0x2f_Colombia_DELIM-0x2f_un-OUCRU-523_DELIM-0x2f_2013 (identical to hDenV1_DELIM-0x2f_Colombia_DELIM-0x2f_un-OUCRU-10123_DELIM-0x2f_2012) is ignored but added at the end
NOTE: hDenV1_DELIM-0x2f_Colombia_DELIM-0x2f_un-OUCRU-519_DELIM-0x2f_2013 (identical to hDenV1_DELIM-0x2f_Colombia_DELIM-0x2f_un-OUCRU-10123_DELIM-0x2f_2012) is ignored but added at the end
NOTE: hDenV1_DELIM-0x2f_Colombia_DELIM-0x2f_un-OUCRU-506_DELIM-0x2f_2013 (identical to hDenV1_DELIM-0x2f_Colombia_DELIM-0x2f_un-OUCRU-10123_DELIM-0x2f_2012) is ignored but added at the end
NOTE: hDenV1_DELIM-0x2f_Colombia_DELIM-0x2f_un-OUCRU-507_DELIM-0x2f_2012 (identical to hDenV1_DELIM-0x2f_Colombia_DELIM-0x2f_un-OUCRU-10123_DELIM-0x2f_2012) is ignored but added at the end
NOTE: hDenV1_DELIM-0x2f_Colombia_DELIM-0x2f_un-OUCRU-521_DELIM-0x2f_2013 (identical to hDenV1_DELIM-0x2f_Colombia_DELIM-0x2f_un-OUCRU-10123_DELIM-0x2f_2012) is ignored but added at the end
NOTE: hDenV1_DELIM-0x2f_Colombia_DELIM-0x2f_un-OUCRU-101220_DELIM-0x2f_2013 (identical to hDenV1_DELIM-0x2f_Colombia_DELIM-0x2f_un-OUCRU-10123_DELIM-0x2f_2012) is ignored but added at the end
NOTE: hDenV1_DELIM-0x2f_Colombia_DELIM-0x2f_un-OUCRU-342_DELIM-0x2f_2013 (identical to hDenV1_DELIM-0x2f_Colombia_DELIM-0x2f_un-OUCRU-10123_DELIM-0x2f_2012) is ignored but added at the end
NOTE: hDenV1_DELIM-0x2f_Colombia_DELIM-0x2f_un-OUCRU-0000023_DELIM-0x2f_2013 (identical to hDenV1_DELIM-0x2f_Colombia_DELIM-0x2f_un-OUCRU-0000010_DELIM-0x2f_2013) is ignored but added at the end
NOTE: hDenV1_DELIM-0x2f_Colombia_DELIM-0x2f_VAC-LSPVAC-2404263_DELIM-0x2f_2024 (identical to hDenV1_DELIM-0x2f_Colombia_DELIM-0x2f_VAC-LSPVAC-2401935_DELIM-0x2f_2024) is ignored but added at the end
NOTE: hDenV1_DELIM-0x2f_Colombia_DELIM-0x2f_VAC-LSPVAC-2405553_DELIM-0x2f_2024 (identical to hDenV1_DELIM-0x2f_Colombia_DELIM-0x2f_VAC-LSPVAC-2401935_DELIM-0x2f_2024) is ignored but added at the end
NOTE: hDenV1_DELIM-0x2f_Colombia_DELIM-0x2f_VAC-LSPVAC-2402457_DELIM-0x2f_2024 (identical to hDenV1_DELIM-0x2f_Colombia_DELIM-0x2f_VAC-LSPVAC-2401935_DELIM-0x2f_2024) is ignored but added at the end
NOTE: hDenV1_DELIM-0x2f_Colombia_DELIM-0x2f_VAC-LSPVAC-2405731_DELIM-0x2f_2024 (identical to hDenV1_DELIM-0x2f_Colombia_DELIM-0x2f_VAC-LSPVAC-2402566_DELIM-0x2f_2024) is ignored but added at the end
NOTE: hDenV1_DELIM-0x2f_Colombia_DELIM-0x2f_un-OUCRU-101219_DELIM-0x2f_2013 (identical to hDenV1_DELIM-0x2f_Colombia_DELIM-0x2f_un-OUCRU-103_DELIM-0x2f_2013) is ignored but added at the end
NOTE: hDenV1_DELIM-0x2f_Colombia_DELIM-0x2f_un-OUCRU-356_DELIM-0x2f_2013 (identical to hDenV1_DELIM-0x2f_Colombia_DELIM-0x2f_un-OUCRU-103_DELIM-0x2f_2013) is ignored but added at the end
NOTE: hDenV1_DELIM-0x2f_Colombia_DELIM-0x2f_un-OUCRU-10122_DELIM-0x2f_2013 (identical to hDenV1_DELIM-0x2f_Colombia_DELIM-0x2f_un-OUCRU-103_DELIM-0x2f_2013) is ignored but added at the end
NOTE: hDenV1_DELIM-0x2f_Colombia_DELIM-0x2f_un-OUCRU-360_DELIM-0x2f_2013 (identical to hDenV1_DELIM-0x2f_Colombia_DELIM-0x2f_un-OUCRU-103_DELIM-0x2f_2013) is ignored but added at the end
NOTE: hDenV1_DELIM-0x2f_Colombia_DELIM-0x2f_un-OUCRU-0000093_DELIM-0x2f_2013 (identical to hDenV1_DELIM-0x2f_Colombia_DELIM-0x2f_un-OUCRU-0000008_DELIM-0x2f_2013) is ignored but added at the end
NOTE: hDenV1_DELIM-0x2f_Colombia_DELIM-0x2f_un-OUCRU-0000003_DELIM-0x2f_2013 (identical to hDenV1_DELIM-0x2f_Colombia_DELIM-0x2f_un-OUCRU-0000008_DELIM-0x2f_2013) is ignored but added at the end
NOTE: hDenV1_DELIM-0x2f_Colombia_DELIM-0x2f_un-OUCRU-0000081_DELIM-0x2f_2013 (identical to hDenV1_DELIM-0x2f_Colombia_DELIM-0x2f_un-OUCRU-104_DELIM-0x2f_2013) is ignored but added at the end
NOTE: hDenV1_DELIM-0x2f_Colombia_DELIM-0x2f_un-OUCRU-133_DELIM-0x2f_2013 (identical to hDenV1_DELIM-0x2f_Colombia_DELIM-0x2f_un-OUCRU-101253_DELIM-0x2f_2013) is ignored but added at the end
NOTE: hDenV1_DELIM-0x2f_Colombia_DELIM-0x2f_un-OUCRU-132_DELIM-0x2f_2013 (identical to hDenV1_DELIM-0x2f_Colombia_DELIM-0x2f_un-OUCRU-101253_DELIM-0x2f_2013) is ignored but added at the end
NOTE: hDenV1_DELIM-0x2f_Colombia_DELIM-0x2f_un-INS-424233_DELIM-0x2f_2013 (identical to hDenV1_DELIM-0x2f_Colombia_DELIM-0x2f_un-OUCRU-101253_DELIM-0x2f_2013) is ignored but added at the end
NOTE: hDenV1_DELIM-0x2f_Colombia_DELIM-0x2f_un-INS-484942_DELIM-0x2f_2016 (identical to hDenV1_DELIM-0x2f_Colombia_DELIM-0x2f_un-OUCRU-0000076_DELIM-0x2f_2013) is ignored but added at the end
NOTE: hDenV1_DELIM-0x2f_Colombia_DELIM-0x2f_ANT-UDEA-COT0011_DELIM-0x2f_2023 (identical to hDenV1_DELIM-0x2f_Colombia_DELIM-0x2f_ANT-UDEA-COT0012_DELIM-0x2f_2023) is ignored but added at the end
NOTE: hDenV1_DELIM-0x2f_Colombia_DELIM-0x2f_RIS-FUAA-AFI031_DELIM-0x2f_2021 (identical to hDenV1_DELIM-0x2f_Colombia_DELIM-0x2f_RIS-FUAA-AFI101_DELIM-0x2f_2021) is ignored but added at the end
NOTE: hDenV1_DELIM-0x2f_Colombia_DELIM-0x2f_FUADLA-AFI025_676_DELIM-0x2f_2021 (identical to hDenV1_DELIM-0x2f_Colombia_DELIM-0x2f_RIS-FUAA-AFI101_DELIM-0x2f_2021) is ignored but added at the end
NOTE: hDenV1_DELIM-0x2f_Colombia_DELIM-0x2f_un-FUAA-DFC162_DELIM-0x2f_2021 (identical to hDenV1_DELIM-0x2f_Colombia_DELIM-0x2f_un-FUAA-DFC217_DELIM-0x2f_2021) is ignored but added at the end
NOTE: hDenV1_DELIM-0x2f_Colombia_DELIM-0x2f_un-FUAA-DFC238_DELIM-0x2f_2021 (identical to hDenV1_DELIM-0x2f_Colombia_DELIM-0x2f_un-FUAA-DFC265_DELIM-0x2f_2022) is ignored but added at the end
NOTE: hDenV1_DELIM-0x2f_Colombia_DELIM-0x2f_un-FUAA-DFC263_DELIM-0x2f_2022 (identical to hDenV1_DELIM-0x2f_Colombia_DELIM-0x2f_un-FUAA-DFC265_DELIM-0x2f_2022) is ignored but added at the end
NOTE: hDenV1_DELIM-0x2f_Colombia_DELIM-0x2f_VAC-LSPVAC-2402024_DELIM-0x2f_2024 (identical to hDenV1_DELIM-0x2f_Colombia_DELIM-0x2f_un-FUAA-DFC265_DELIM-0x2f_2022) is ignored but added at the end
NOTE: hDenV1_DELIM-0x2f_Colombia_DELIM-0x2f_VAC-LSPVAC-2405179_DELIM-0x2f_2024 (identical to hDenV1_DELIM-0x2f_Colombia_DELIM-0x2f_un-FUAA-DFC265_DELIM-0x2f_2022) is ignored but added at the end
NOTE: hDenV1_DELIM-0x2f_Colombia_DELIM-0x2f_NSA-UIS-00013_DELIM-0x2f_2006 (identical to hDenV1_DELIM-0x2f_Colombia_DELIM-0x2f_NSA-UIS-00014_DELIM-0x2f_2006) is ignored but added at the end
NOTE: hDenV1_DELIM-0x2f_Colombia_DELIM-0x2f_NSA-UIS-00008_DELIM-0x2f_2006 (identical to hDenV1_DELIM-0x2f_Colombia_DELIM-0x2f_NSA-UIS-00007_DELIM-0x2f_2006) is ignored but added at the end
NOTE: hDenV1_DELIM-0x2f_Colombia_DELIM-0x2f_NSA-UIS-00006_DELIM-0x2f_2006 (identical to hDenV1_DELIM-0x2f_Colombia_DELIM-0x2f_NSA-UIS-00007_DELIM-0x2f_2006) is ignored but added at the end
NOTE: hDenV1_DELIM-0x2f_Colombia_DELIM-0x2f_SAN-BROAD-0000029_DELIM-0x2f_2007 (identical to hDenV1_DELIM-0x2f_Colombia_DELIM-0x2f_SAN-UIS-00028_DELIM-0x2f_2007) is ignored but added at the end
NOTE: hDenV1_DELIM-0x2f_Colombia_DELIM-0x2f_un-BROAD-0000007_DELIM-0x2f_2005 (identical to hDenV1_DELIM-0x2f_Colombia_DELIM-0x2f_SAN-UIS-00024_DELIM-0x2f_2008) is ignored but added at the end
NOTE: hDenV1_DELIM-0x2f_Colombia_DELIM-0x2f_NSA-BROAD-0000020_DELIM-0x2f_2006 (identical to hDenV1_DELIM-0x2f_Colombia_DELIM-0x2f_SAN-BROAD-0000053_DELIM-0x2f_2007) is ignored but added at the end
NOTE: hDenV1_DELIM-0x2f_Colombia_DELIM-0x2f_SAN-UIS-00036_DELIM-0x2f_2007 (identical to hDenV1_DELIM-0x2f_Colombia_DELIM-0x2f_SAN-BROAD-0000053_DELIM-0x2f_2007) is ignored but added at the end
NOTE: hDenV1_DELIM-0x2f_Colombia_DELIM-0x2f_NSA-UIS-00038_DELIM-0x2f_2006 (identical to hDenV1_DELIM-0x2f_Colombia_DELIM-0x2f_SAN-BROAD-0000053_DELIM-0x2f_2007) is ignored but added at the end
NOTE: hDenV1_DELIM-0x2f_Colombia_DELIM-0x2f_NSA-UIS-00040_DELIM-0x2f_2006 (identical to hDenV1_DELIM-0x2f_Colombia_DELIM-0x2f_SAN-BROAD-0000053_DELIM-0x2f_2007) is ignored but added at the end
NOTE: hDenV1_DELIM-0x2f_Colombia_DELIM-0x2f_SAN-UIS-00035_DELIM-0x2f_2008 (identical to hDenV1_DELIM-0x2f_Colombia_DELIM-0x2f_SAN-BROAD-0000053_DELIM-0x2f_2007) is ignored but added at the end
NOTE: hDenV1_DELIM-0x2f_Colombia_DELIM-0x2f_NSA-UIS-00041_DELIM-0x2f_2006 (identical to hDenV1_DELIM-0x2f_Colombia_DELIM-0x2f_SAN-BROAD-0000053_DELIM-0x2f_2007) is ignored but added at the end
NOTE: hDenV1_DELIM-0x2f_Colombia_DELIM-0x2f_NSA-UIS-00042_DELIM-0x2f_2006 (identical to hDenV1_DELIM-0x2f_Colombia_DELIM-0x2f_SAN-BROAD-0000053_DELIM-0x2f_2007) is ignored but added at the end
NOTE: hDenV1_DELIM-0x2f_Colombia_DELIM-0x2f_un-OUCRU-101216_DELIM-0x2f_2013 (identical to hDenV1_DELIM-0x2f_Colombia_DELIM-0x2f_un-OUCRU-1_DELIM-0x2f_2013) is ignored but added at the end
NOTE: hDenV1_DELIM-0x2f_Colombia_DELIM-0x2f_un-OUCRU-136_DELIM-0x2f_2013 (identical to hDenV1_DELIM-0x2f_Colombia_DELIM-0x2f_un-OUCRU-1_DELIM-0x2f_2013) is ignored but added at the end
NOTE: DENV1_DELIM-0x2f_THAILAND_DELIM-0x2f_2011_DELIM-0x2f_00330_DELIM-0x2f_11 (identical to DENV1_DELIM-0x2f_THAILAND_DELIM-0x2f_2011_DELIM-0x2f_00002_DELIM-0x2f_11) is ignored but added at the end
NOTE: DENV1_DELIM-0x2f_THAILAND_DELIM-0x2f_2010_DELIM-0x2f_00792_DELIM-0x2f_10 (identical to DENV1_DELIM-0x2f_THAILAND_DELIM-0x2f_2011_DELIM-0x2f_00002_DELIM-0x2f_11) is ignored but added at the end
NOTE: DENV1_DELIM-0x2f_THAILAND_DELIM-0x2f_2010_DELIM-0x2f_01436_DELIM-0x2f_10 (identical to DENV1_DELIM-0x2f_THAILAND_DELIM-0x2f_2011_DELIM-0x2f_00002_DELIM-0x2f_11) is ignored but added at the end
NOTE: DENV1_DELIM-0x2f_THAILAND_DELIM-0x2f_2010_DELIM-0x2f_01510_DELIM-0x2f_10 (identical to DENV1_DELIM-0x2f_THAILAND_DELIM-0x2f_2011_DELIM-0x2f_00002_DELIM-0x2f_11) is ignored but added at the end
NOTE: DENV1_DELIM-0x2f_THAILAND_DELIM-0x2f_2010_DELIM-0x2f_01600_DELIM-0x2f_10 (identical to DENV1_DELIM-0x2f_THAILAND_DELIM-0x2f_2011_DELIM-0x2f_00002_DELIM-0x2f_11) is ignored but added at the end
NOTE: DENV1_DELIM-0x2f_THAILAND_DELIM-0x2f_2005_DELIM-0x2f_01331_DELIM-0x2f_05 (identical to DENV1_DELIM-0x2f_THAILAND_DELIM-0x2f_2006_DELIM-0x2f_00003_DELIM-0x2f_06) is ignored but added at the end
NOTE: DENV1_DELIM-0x2f_THAILAND_DELIM-0x2f_2005_DELIM-0x2f_01383_DELIM-0x2f_05 (identical to DENV1_DELIM-0x2f_THAILAND_DELIM-0x2f_2006_DELIM-0x2f_00003_DELIM-0x2f_06) is ignored but added at the end
NOTE: DENV1_DELIM-0x2f_THAILAND_DELIM-0x2f_2001_DELIM-0x2f_02991_DELIM-0x2f_01 (identical to DENV1_DELIM-0x2f_THAILAND_DELIM-0x2f_2001_DELIM-0x2f_00047_DELIM-0x2f_01) is ignored but added at the end
NOTE: DENV1_DELIM-0x2f_THAILAND_DELIM-0x2f_2001_DELIM-0x2f_03116_DELIM-0x2f_01 (identical to DENV1_DELIM-0x2f_THAILAND_DELIM-0x2f_2001_DELIM-0x2f_00047_DELIM-0x2f_01) is ignored but added at the end
NOTE: DENV1_DELIM-0x2f_THAILAND_DELIM-0x2f_1994_DELIM-0x2f_01088_DELIM-0x2f_94 (identical to DENV1_DELIM-0x2f_THAILAND_DELIM-0x2f_1995_DELIM-0x2f_00207_DELIM-0x2f_95) is ignored but added at the end
NOTE: DENV1_DELIM-0x2f_THAILAND_DELIM-0x2f_2006_DELIM-0x2f_00231_DELIM-0x2f_06 (identical to DENV1_DELIM-0x2f_THAILAND_DELIM-0x2f_2006_DELIM-0x2f_00209_DELIM-0x2f_06) is ignored but added at the end
NOTE: DENV1_DELIM-0x2f_THAILAND_DELIM-0x2f_2006_DELIM-0x2f_00248_DELIM-0x2f_06 (identical to DENV1_DELIM-0x2f_THAILAND_DELIM-0x2f_2006_DELIM-0x2f_00209_DELIM-0x2f_06) is ignored but added at the end
NOTE: DENV1_DELIM-0x2f_THAILAND_DELIM-0x2f_2006_DELIM-0x2f_00498_DELIM-0x2f_06 (identical to DENV1_DELIM-0x2f_THAILAND_DELIM-0x2f_2006_DELIM-0x2f_00209_DELIM-0x2f_06) is ignored but added at the end
NOTE: DENV1_DELIM-0x2f_THAILAND_DELIM-0x2f_2006_DELIM-0x2f_01535_DELIM-0x2f_06 (identical to DENV1_DELIM-0x2f_THAILAND_DELIM-0x2f_2006_DELIM-0x2f_00209_DELIM-0x2f_06) is ignored but added at the end
NOTE: DENV1_DELIM-0x2f_THAILAND_DELIM-0x2f_2006_DELIM-0x2f_01830_DELIM-0x2f_06 (identical to DENV1_DELIM-0x2f_THAILAND_DELIM-0x2f_2006_DELIM-0x2f_00209_DELIM-0x2f_06) is ignored but added at the end
NOTE: DENV1_DELIM-0x2f_THAILAND_DELIM-0x2f_2006_DELIM-0x2f_02333_DELIM-0x2f_06 (identical to DENV1_DELIM-0x2f_THAILAND_DELIM-0x2f_2006_DELIM-0x2f_00209_DELIM-0x2f_06) is ignored but added at the end
NOTE: DENV1_DELIM-0x2f_THAILAND_DELIM-0x2f_2006_DELIM-0x2f_02615_DELIM-0x2f_06 (identical to DENV1_DELIM-0x2f_THAILAND_DELIM-0x2f_2006_DELIM-0x2f_00209_DELIM-0x2f_06) is ignored but added at the end
NOTE: DENV1_DELIM-0x2f_THAILAND_DELIM-0x2f_2006_DELIM-0x2f_00577_DELIM-0x2f_06 (identical to DENV1_DELIM-0x2f_THAILAND_DELIM-0x2f_2006_DELIM-0x2f_00287_DELIM-0x2f_06) is ignored but added at the end
NOTE: DENV1_DELIM-0x2f_THAILAND_DELIM-0x2f_2012_DELIM-0x2f_00763_DELIM-0x2f_12 (identical to DENV1_DELIM-0x2f_THAILAND_DELIM-0x2f_2013_DELIM-0x2f_00343_DELIM-0x2f_13) is ignored but added at the end
NOTE: DENV1_DELIM-0x2f_THAILAND_DELIM-0x2f_2012_DELIM-0x2f_00807_DELIM-0x2f_12 (identical to DENV1_DELIM-0x2f_THAILAND_DELIM-0x2f_2013_DELIM-0x2f_00343_DELIM-0x2f_13) is ignored but added at the end
NOTE: DENV1_DELIM-0x2f_THAILAND_DELIM-0x2f_2002_DELIM-0x2f_02912_DELIM-0x2f_02 (identical to DENV1_DELIM-0x2f_THAILAND_DELIM-0x2f_2003_DELIM-0x2f_00349_DELIM-0x2f_03) is ignored but added at the end
NOTE: DENV1_DELIM-0x2f_THAILAND_DELIM-0x2f_2002_DELIM-0x2f_03029_DELIM-0x2f_02 (identical to DENV1_DELIM-0x2f_THAILAND_DELIM-0x2f_2003_DELIM-0x2f_00349_DELIM-0x2f_03) is ignored but added at the end
NOTE: DENV1_DELIM-0x2f_THAILAND_DELIM-0x2f_2002_DELIM-0x2f_03030_DELIM-0x2f_02 (identical to DENV1_DELIM-0x2f_THAILAND_DELIM-0x2f_2003_DELIM-0x2f_00349_DELIM-0x2f_03) is ignored but added at the end
NOTE: DENV1_DELIM-0x2f_THAILAND_DELIM-0x2f_2006_DELIM-0x2f_01241_DELIM-0x2f_06 (identical to DENV1_DELIM-0x2f_THAILAND_DELIM-0x2f_2006_DELIM-0x2f_00437_DELIM-0x2f_06) is ignored but added at the end
NOTE: DENV1_DELIM-0x2f_THAILAND_DELIM-0x2f_2005_DELIM-0x2f_01567_DELIM-0x2f_05 (identical to DENV1_DELIM-0x2f_THAILAND_DELIM-0x2f_2006_DELIM-0x2f_00437_DELIM-0x2f_06) is ignored but added at the end
NOTE: DENV1_DELIM-0x2f_THAILAND_DELIM-0x2f_1994_DELIM-0x2f_01533_DELIM-0x2f_94 (identical to DENV1_DELIM-0x2f_THAILAND_DELIM-0x2f_1995_DELIM-0x2f_00487_DELIM-0x2f_95) is ignored but added at the end
NOTE: DENV1_DELIM-0x2f_THAILAND_DELIM-0x2f_2000_DELIM-0x2f_01565_DELIM-0x2f_00 (identical to DENV1_DELIM-0x2f_THAILAND_DELIM-0x2f_2001_DELIM-0x2f_00580_DELIM-0x2f_01) is ignored but added at the end
NOTE: DENV1_DELIM-0x2f_THAILAND_DELIM-0x2f_2002_DELIM-0x2f_02908_DELIM-0x2f_02 (identical to DENV1_DELIM-0x2f_THAILAND_DELIM-0x2f_2002_DELIM-0x2f_00600_DELIM-0x2f_02) is ignored but added at the end
NOTE: DENV1_DELIM-0x2f_THAILAND_DELIM-0x2f_2001_DELIM-0x2f_06889_DELIM-0x2f_01 (identical to DENV1_DELIM-0x2f_THAILAND_DELIM-0x2f_2002_DELIM-0x2f_00600_DELIM-0x2f_02) is ignored but added at the end
NOTE: DENV1_DELIM-0x2f_THAILAND_DELIM-0x2f_2006_DELIM-0x2f_02459_DELIM-0x2f_06 (identical to DENV1_DELIM-0x2f_THAILAND_DELIM-0x2f_2006_DELIM-0x2f_00690_DELIM-0x2f_06) is ignored but added at the end
NOTE: DENV1_DELIM-0x2f_THAILAND_DELIM-0x2f_2011_DELIM-0x2f_01450_DELIM-0x2f_11 (identical to DENV1_DELIM-0x2f_THAILAND_DELIM-0x2f_2011_DELIM-0x2f_00757_DELIM-0x2f_11) is ignored but added at the end
NOTE: DENV1_DELIM-0x2f_THAILAND_DELIM-0x2f_2011_DELIM-0x2f_01453_DELIM-0x2f_11 (identical to DENV1_DELIM-0x2f_THAILAND_DELIM-0x2f_2011_DELIM-0x2f_00757_DELIM-0x2f_11) is ignored but added at the end
NOTE: DENV1_DELIM-0x2f_THAILAND_DELIM-0x2f_2005_DELIM-0x2f_01578_DELIM-0x2f_05 (identical to DENV1_DELIM-0x2f_THAILAND_DELIM-0x2f_2006_DELIM-0x2f_00833_DELIM-0x2f_06) is ignored but added at the end
NOTE: DENV1_DELIM-0x2f_THAILAND_DELIM-0x2f_2006_DELIM-0x2f_01690_DELIM-0x2f_06 (identical to DENV1_DELIM-0x2f_THAILAND_DELIM-0x2f_2006_DELIM-0x2f_00833_DELIM-0x2f_06) is ignored but added at the end
NOTE: DENV1_DELIM-0x2f_THAILAND_DELIM-0x2f_2006_DELIM-0x2f_02549_DELIM-0x2f_06 (identical to DENV1_DELIM-0x2f_THAILAND_DELIM-0x2f_2006_DELIM-0x2f_00833_DELIM-0x2f_06) is ignored but added at the end
NOTE: DENV1_DELIM-0x2f_THAILAND_DELIM-0x2f_2006_DELIM-0x2f_02585_DELIM-0x2f_06 (identical to DENV1_DELIM-0x2f_THAILAND_DELIM-0x2f_2006_DELIM-0x2f_00833_DELIM-0x2f_06) is ignored but added at the end
NOTE: DENV1_DELIM-0x2f_THAILAND_DELIM-0x2f_2006_DELIM-0x2f_01528_DELIM-0x2f_06 (identical to DENV1_DELIM-0x2f_THAILAND_DELIM-0x2f_2006_DELIM-0x2f_00921_DELIM-0x2f_06) is ignored but added at the end
NOTE: DENV1_DELIM-0x2f_THAILAND_DELIM-0x2f_2004_DELIM-0x2f_01604_DELIM-0x2f_04 (identical to DENV1_DELIM-0x2f_THAILAND_DELIM-0x2f_2004_DELIM-0x2f_00975_DELIM-0x2f_04) is ignored but added at the end
NOTE: DENV1_DELIM-0x2f_THAILAND_DELIM-0x2f_2000_DELIM-0x2f_06103_DELIM-0x2f_00 (identical to DENV1_DELIM-0x2f_THAILAND_DELIM-0x2f_2001_DELIM-0x2f_01039_DELIM-0x2f_01) is ignored but added at the end
NOTE: DENV1_DELIM-0x2f_THAILAND_DELIM-0x2f_2006_DELIM-0x2f_01931_DELIM-0x2f_06 (identical to DENV1_DELIM-0x2f_THAILAND_DELIM-0x2f_2006_DELIM-0x2f_01089_DELIM-0x2f_06) is ignored but added at the end
NOTE: DENV1_DELIM-0x2f_THAILAND_DELIM-0x2f_2006_DELIM-0x2f_01932_DELIM-0x2f_06 (identical to DENV1_DELIM-0x2f_THAILAND_DELIM-0x2f_2006_DELIM-0x2f_01089_DELIM-0x2f_06) is ignored but added at the end
NOTE: DENV1_DELIM-0x2f_THAILAND_DELIM-0x2f_2006_DELIM-0x2f_02079_DELIM-0x2f_06 (identical to DENV1_DELIM-0x2f_THAILAND_DELIM-0x2f_2006_DELIM-0x2f_01089_DELIM-0x2f_06) is ignored but added at the end
NOTE: DENV1_DELIM-0x2f_THAILAND_DELIM-0x2f_2006_DELIM-0x2f_02815_DELIM-0x2f_06 (identical to DENV1_DELIM-0x2f_THAILAND_DELIM-0x2f_2006_DELIM-0x2f_01089_DELIM-0x2f_06) is ignored but added at the end
NOTE: DENV1_DELIM-0x2f_THAILAND_DELIM-0x2f_2006_DELIM-0x2f_01530_DELIM-0x2f_06 (identical to DENV1_DELIM-0x2f_THAILAND_DELIM-0x2f_2006_DELIM-0x2f_01096_DELIM-0x2f_06) is ignored but added at the end
NOTE: DENV1_DELIM-0x2f_THAILAND_DELIM-0x2f_2006_DELIM-0x2f_02270_DELIM-0x2f_06 (identical to DENV1_DELIM-0x2f_THAILAND_DELIM-0x2f_2006_DELIM-0x2f_01096_DELIM-0x2f_06) is ignored but added at the end
NOTE: DENV1_DELIM-0x2f_THAILAND_DELIM-0x2f_1995_DELIM-0x2f_01459_DELIM-0x2f_95 (identical to DENV1_DELIM-0x2f_THAILAND_DELIM-0x2f_1995_DELIM-0x2f_01213_DELIM-0x2f_95) is ignored but added at the end
NOTE: DENV1_DELIM-0x2f_THAILAND_DELIM-0x2f_1995_DELIM-0x2f_01827_DELIM-0x2f_95 (identical to DENV1_DELIM-0x2f_THAILAND_DELIM-0x2f_1995_DELIM-0x2f_01213_DELIM-0x2f_95) is ignored but added at the end
NOTE: DENV1_DELIM-0x2f_THAILAND_DELIM-0x2f_2006_DELIM-0x2f_02725_DELIM-0x2f_06 (identical to DENV1_DELIM-0x2f_THAILAND_DELIM-0x2f_2006_DELIM-0x2f_01214_DELIM-0x2f_06) is ignored but added at the end
NOTE: DENV1_DELIM-0x2f_THAILAND_DELIM-0x2f_2006_DELIM-0x2f_01573_DELIM-0x2f_06 (identical to DENV1_DELIM-0x2f_THAILAND_DELIM-0x2f_2006_DELIM-0x2f_01229_DELIM-0x2f_06) is ignored but added at the end
NOTE: DENV1_DELIM-0x2f_THAILAND_DELIM-0x2f_2006_DELIM-0x2f_02050_DELIM-0x2f_06 (identical to DENV1_DELIM-0x2f_THAILAND_DELIM-0x2f_2006_DELIM-0x2f_01229_DELIM-0x2f_06) is ignored but added at the end
NOTE: DENV1_DELIM-0x2f_THAILAND_DELIM-0x2f_2000_DELIM-0x2f_05899_DELIM-0x2f_00 (identical to DENV1_DELIM-0x2f_THAILAND_DELIM-0x2f_2000_DELIM-0x2f_01239_DELIM-0x2f_00) is ignored but added at the end
NOTE: DENV1_DELIM-0x2f_THAILAND_DELIM-0x2f_2004_DELIM-0x2f_01530_DELIM-0x2f_04 (identical to DENV1_DELIM-0x2f_THAILAND_DELIM-0x2f_2004_DELIM-0x2f_01274_DELIM-0x2f_04) is ignored but added at the end
NOTE: DENV1_DELIM-0x2f_THAILAND_DELIM-0x2f_2006_DELIM-0x2f_01453_DELIM-0x2f_06 (identical to DENV1_DELIM-0x2f_THAILAND_DELIM-0x2f_2006_DELIM-0x2f_01330_DELIM-0x2f_06) is ignored but added at the end
NOTE: DENV1_DELIM-0x2f_THAILAND_DELIM-0x2f_2006_DELIM-0x2f_02035_DELIM-0x2f_06 (identical to DENV1_DELIM-0x2f_THAILAND_DELIM-0x2f_2006_DELIM-0x2f_01330_DELIM-0x2f_06) is ignored but added at the end
NOTE: DENV1_DELIM-0x2f_THAILAND_DELIM-0x2f_2006_DELIM-0x2f_02592_DELIM-0x2f_06 (identical to DENV1_DELIM-0x2f_THAILAND_DELIM-0x2f_2006_DELIM-0x2f_01330_DELIM-0x2f_06) is ignored but added at the end
NOTE: DENV1_DELIM-0x2f_THAILAND_DELIM-0x2f_2006_DELIM-0x2f_01529_DELIM-0x2f_06 (identical to DENV1_DELIM-0x2f_THAILAND_DELIM-0x2f_2006_DELIM-0x2f_01332_DELIM-0x2f_06) is ignored but added at the end
NOTE: DENV1_DELIM-0x2f_THAILAND_DELIM-0x2f_2006_DELIM-0x2f_01774_DELIM-0x2f_06 (identical to DENV1_DELIM-0x2f_THAILAND_DELIM-0x2f_2006_DELIM-0x2f_01335_DELIM-0x2f_06) is ignored but added at the end
NOTE: DENV1_DELIM-0x2f_THAILAND_DELIM-0x2f_2002_DELIM-0x2f_02110_DELIM-0x2f_02 (identical to DENV1_DELIM-0x2f_THAILAND_DELIM-0x2f_2002_DELIM-0x2f_01473_DELIM-0x2f_02) is ignored but added at the end
NOTE: DENV1_DELIM-0x2f_THAILAND_DELIM-0x2f_2006_DELIM-0x2f_02719_DELIM-0x2f_06 (identical to DENV1_DELIM-0x2f_THAILAND_DELIM-0x2f_2006_DELIM-0x2f_02127_DELIM-0x2f_06) is ignored but added at the end
NOTE: DENV1_DELIM-0x2f_THAILAND_DELIM-0x2f_2006_DELIM-0x2f_02847_DELIM-0x2f_06 (identical to DENV1_DELIM-0x2f_THAILAND_DELIM-0x2f_2006_DELIM-0x2f_02554_DELIM-0x2f_06) is ignored but added at the end
NOTE: DENV1_DELIM-0x2f_THAILAND_DELIM-0x2f_1994_DELIM-0x2f_30299_DELIM-0x2f_94 (identical to DENV1_DELIM-0x2f_THAILAND_DELIM-0x2f_1994_DELIM-0x2f_30253_DELIM-0x2f_94) is ignored but added at the end
Alignment was printed to ../resources/merged_data/cropped/align_DENV1-delim.fasta.uniqueseq.phy

For your convenience alignment with unique sequences printed to ../resources/merged_data/cropped/align_DENV1-delim.fasta.uniqueseq.phy

Create initial parsimony tree by phylogenetic likelihood library (PLL)... 0.111 seconds

NOTE: 82 MB RAM (0 GB) is required!
Measuring multi-threading efficiency up to 16 CPU cores
Increase to 10 rounds for branch lengths
26 trees examined
Threads: 1 / Time: 16.647 sec / Speedup: 1.000 / Efficiency: 100% / LogL: -134732
Threads: 2 / Time: 10.956 sec / Speedup: 1.519 / Efficiency: 76% / LogL: -134732
Threads: 3 / Time: 9.165 sec / Speedup: 1.816 / Efficiency: 61% / LogL: -134732
Threads: 4 / Time: 8.266 sec / Speedup: 2.014 / Efficiency: 50% / LogL: -134732
Threads: 5 / Time: 7.717 sec / Speedup: 2.157 / Efficiency: 43% / LogL: -134732
Determining AUTO threadcount: done in 52.7729 secs using 256.7% CPU
BEST NUMBER OF THREADS: 4

Estimate model parameters (epsilon = 0.500)
1. Initial log-likelihood: -21352.417
2. Current log-likelihood: -19031.269
3. Current log-likelihood: -19011.024
4. Current log-likelihood: -19008.760
Optimal log-likelihood: -19008.347
Rate parameters:  A-C: 0.76615  A-G: 11.22758  A-T: 1.96271  C-G: 0.50781  C-T: 34.39242  G-T: 1.00000
Base frequencies:  A: 0.326  C: 0.203  G: 0.261  T: 0.211
Gamma shape alpha: 0.311
Parameters optimization took 4 rounds (2.299 sec)
Wrote distance file to... 
Computing ML distances based on estimated model parameters...
Calculating distance matrix: done in 0.375017 secs using 399.3% CPU
Computing ML distances took 0.377709 sec (of wall-clock time) 1.497469 sec (of CPU time)
Setting up auxiliary I and S matrices: done in 0.00337589 secs using 450.7% CPU
Constructing RapidNJ tree: done in 0.169875 secs using 192.7% CPU
Computing RapidNJ tree took 0.173331 sec (of wall-clock time) 0.342837 sec (of CPU time)
Log-likelihood of RapidNJ tree: -19492.901
--------------------------------------------------------------------
|             INITIALIZING CANDIDATE TREE SET                      |
--------------------------------------------------------------------

Do NNI search on 2 best initial trees
Optimizing NNI: done in 0.436371 secs using 297.9% CPU
Estimate model parameters (epsilon = 0.500)
BETTER TREE FOUND at iteration 1: -18986.399
Optimizing NNI: done in 0.988644 secs using 296.7% CPU
Finish initializing candidate tree set (4)
Current best tree score: -18986.399 / CPU time: 1.589
Number of iterations: 2
TREE SEARCH COMPLETED AFTER 2 ITERATIONS / Time: 0h:0m:57s

--------------------------------------------------------------------
|                    FINALIZING TREE SEARCH                        |
--------------------------------------------------------------------
Performs final model parameters optimization
Estimate model parameters (epsilon = 0.050)
1. Initial log-likelihood: -18986.399
Optimal log-likelihood: -18986.394
Rate parameters:  A-C: 0.76862  A-G: 11.22660  A-T: 1.95773  C-G: 0.50659  C-T: 34.39313  G-T: 1.00000
Base frequencies:  A: 0.326  C: 0.203  G: 0.261  T: 0.211
Gamma shape alpha: 0.306
Parameters optimization took 1 rounds (0.141 sec)
BEST SCORE FOUND : -18986.394
Total tree length: 1.593

Total number of iterations: 2
CPU time used for tree search: 4.722 sec (0h:0m:4s)
Wall-clock time used for tree search: 1.590 sec (0h:0m:1s)
Total CPU time used: 152.671 sec (0h:2m:32s)
Total wall-clock time used: 57.812 sec (0h:0m:57s)

Analysis results written to: 
  IQ-TREE report:                ../resources/merged_data/cropped/align_DENV1-delim.fasta.iqtree
  Maximum-likelihood tree:       ../resources/merged_data/cropped/align_DENV1-delim.fasta.treefile
  Likelihood distances:          ../resources/merged_data/cropped/align_DENV1-delim.fasta.mldist
  Screen log file:               ../resources/merged_data/cropped/align_DENV1-delim.fasta.log

Date and Time: Tue Jul 14 20:43:30 2026
