IQ-TREE version 3.0.1 for Linux x86 64-bit built Jul  9 2025
Developed by Bui Quang Minh, Thomas Wong, Nhan Ly-Trong, Huaiyan Ren
Contributed by Lam-Tung Nguyen, Dominik Schrempf, Chris Bielow,
Olga Chernomor, Michael Woodhams, Diep Thi Hoang, Heiko Schmidt

Host:    dirreno-B650-AORUS-ELITE-AX (AVX512, FMA3, 30 GB RAM)
Command: iqtree3 --threads-max 16 -s ../resources/merged_data/cropped/align_DENV1-delim.fasta -m GTR+G --ninit 2 -n 2 --epsilon 0.05 -T AUTO --redo
Seed:    592247 (Using SPRNG - Scalable Parallel Random Number Generator)
Time:    Wed May 13 18:19:23 2026
Kernel:  AVX+FMA - auto-detect threads (16 CPU cores detected)

Reading alignment file ../resources/merged_data/cropped/align_DENV1-delim.fasta ... Fasta format detected
Reading fasta file: done in 0.0136114 secs using 92.52% CPU
Alignment most likely contains DNA/RNA sequences
Constructing alignment: done in 0.008512 secs using 893.8% CPU
Alignment has 1335 sequences with 1485 columns, 780 distinct patterns
586 parsimony-informative, 134 singleton sites, 765 constant sites
                                                                                        Gap/Ambiguity  Composition  p-value
Analyzing sequences: done in 0.000125558 secs using 8223% CPU
   1  hDenV1_DELIM-0x2f_Colombia_DELIM-0x2f_un-OUCRU-101_DELIM-0x2f_2013                        0.00%    passed     84.84%
   2  hDenV1_DELIM-0x2f_Colombia_DELIM-0x2f_un-OUCRU-341_DELIM-0x2f_2013                        0.00%    passed     84.84%
   3  hDenV1_DELIM-0x2f_Colombia_DELIM-0x2f_un-OUCRU-102_DELIM-0x2f_2013                        0.00%    passed     88.97%
   4  hDenV1_DELIM-0x2f_Colombia_DELIM-0x2f_un-OUCRU-340_DELIM-0x2f_2013                        0.00%    passed     88.97%
   5  hDenV1_DELIM-0x2f_Colombia_DELIM-0x2f_un-OUCRU-101234_DELIM-0x2f_2013                     0.00%    passed     86.83%
   6  hDenV1_DELIM-0x2f_Colombia_DELIM-0x2f_un-OUCRU-348_DELIM-0x2f_2013                        0.00%    passed     86.83%
   7  hDenV1_DELIM-0x2f_Colombia_DELIM-0x2f_un-OUCRU-10123_DELIM-0x2f_2012                      0.00%    passed     84.84%
   8  hDenV1_DELIM-0x2f_Colombia_DELIM-0x2f_un-OUCRU-520_DELIM-0x2f_2012                        0.00%    passed     84.84%
   9  hDenV1_DELIM-0x2f_Colombia_DELIM-0x2f_un-OUCRU-10125_DELIM-0x2f_2013                      0.00%    passed     84.84%
  10  hDenV1_DELIM-0x2f_Colombia_DELIM-0x2f_un-OUCRU-10126_DELIM-0x2f_2013                      0.00%    passed     84.84%
  11  hDenV1_DELIM-0x2f_Colombia_DELIM-0x2f_un-OUCRU-101210_DELIM-0x2f_2013                     0.00%    passed     84.84%
  12  hDenV1_DELIM-0x2f_Colombia_DELIM-0x2f_un-OUCRU-101226_DELIM-0x2f_2012                     0.00%    passed     84.84%
  13  hDenV1_DELIM-0x2f_Colombia_DELIM-0x2f_un-OUCRU-101228_DELIM-0x2f_2013                     0.00%    passed     84.84%
  14  hDenV1_DELIM-0x2f_Colombia_DELIM-0x2f_un-OUCRU-523_DELIM-0x2f_2013                        0.00%    passed     84.84%
  15  hDenV1_DELIM-0x2f_Colombia_DELIM-0x2f_un-OUCRU-519_DELIM-0x2f_2013                        0.00%    passed     84.84%
  16  hDenV1_DELIM-0x2f_Colombia_DELIM-0x2f_un-OUCRU-506_DELIM-0x2f_2013                        0.00%    passed     84.84%
  17  hDenV1_DELIM-0x2f_Colombia_DELIM-0x2f_un-OUCRU-507_DELIM-0x2f_2012                        0.00%    passed     84.84%
  18  hDenV1_DELIM-0x2f_Colombia_DELIM-0x2f_un-OUCRU-521_DELIM-0x2f_2013                        0.00%    passed     84.84%
  19  hDenV1_DELIM-0x2f_Colombia_DELIM-0x2f_un-OUCRU-101220_DELIM-0x2f_2013                     0.00%    passed     84.84%
  20  hDenV1_DELIM-0x2f_Colombia_DELIM-0x2f_un-OUCRU-342_DELIM-0x2f_2013                        0.00%    passed     84.84%
  21  hDenV1_DELIM-0x2f_Colombia_DELIM-0x2f_un-OUCRU-101218_DELIM-0x2f_2013                     0.00%    passed     86.83%
  22  hDenV1_DELIM-0x2f_Colombia_DELIM-0x2f_un-OUCRU-522_DELIM-0x2f_2013                        0.00%    passed     86.83%
  23  hDenV1_DELIM-0x2f_Colombia_DELIM-0x2f_un-OUCRU-101223_DELIM-0x2f_2013                     0.00%    passed     58.96%
  24  hDenV1_DELIM-0x2f_Colombia_DELIM-0x2f_un-OUCRU-333_DELIM-0x2f_2013                        0.00%    passed     58.96%
  25  hDenV1_DELIM-0x2f_Colombia_DELIM-0x2f_un-OUCRU-101225_DELIM-0x2f_2013                     0.00%    passed     63.25%
  26  hDenV1_DELIM-0x2f_Colombia_DELIM-0x2f_un-OUCRU-526_DELIM-0x2f_2013                        0.00%    passed     63.25%
  27  hDenV1_DELIM-0x2f_Colombia_DELIM-0x2f_un-OUCRU-0000087_DELIM-0x2f_2013                    0.00%    passed     68.31%
  28  hDenV1_DELIM-0x2f_Colombia_DELIM-0x2f_un-OUCRU-0000060_DELIM-0x2f_2013                    0.00%    passed     74.10%
  29  hDenV1_DELIM-0x2f_Colombia_DELIM-0x2f_un-OUCRU-0000010_DELIM-0x2f_2013                    0.00%    passed     76.33%
  30  hDenV1_DELIM-0x2f_Colombia_DELIM-0x2f_un-OUCRU-0000005_DELIM-0x2f_2013                    0.00%    passed     76.33%
  31  hDenV1_DELIM-0x2f_Colombia_DELIM-0x2f_un-OUCRU-0000023_DELIM-0x2f_2013                    0.00%    passed     76.33%
  32  hDenV1_DELIM-0x2f_Colombia_DELIM-0x2f_un-OUCRU-0000014_DELIM-0x2f_2012                    0.00%    passed     74.10%
  33  hDenV1_DELIM-0x2f_Colombia_DELIM-0x2f_un-OUCRU-101227_DELIM-0x2f_2013                     0.00%    passed     71.69%
  34  hDenV1_DELIM-0x2f_Colombia_DELIM-0x2f_un-OUCRU-510_DELIM-0x2f_2013                        0.00%    passed     71.69%
  35  hDenV1_DELIM-0x2f_Colombia_DELIM-0x2f_SAN-UIS-0000054_DELIM-0x2f_2016                     0.00%    passed     69.22%
  36  DenV1_DELIM-0x2f_mosquito_DELIM-0x2f_Colombia_DELIM-0x2f_MAG-CIST-0151_DELIM-0x2f_2018    0.00%    passed     78.36%
  37  hDenV1_DELIM-0x2f_Colombia_DELIM-0x2f_SAN-UIS-0000019_DELIM-0x2f_2016                     0.00%    passed     73.27%
  38  hDenV1_DELIM-0x2f_Colombia_DELIM-0x2f_CUN-INS-450339_DELIM-0x2f_2015                      0.00%    passed     66.25%
  39  hDenV1_DELIM-0x2f_Colombia_DELIM-0x2f_un-FUAA-DFC088_DELIM-0x2f_2021                      0.00%    passed     67.90%
  40  hDenV1_DELIM-0x2f_Colombia_DELIM-0x2f_RIS-FUAA-AFI224_DELIM-0x2f_2022                     0.00%    passed     70.18%
  41  hDenV1_DELIM-0x2f_Colombia_DELIM-0x2f_VAC-LSPVAC-2400146_DELIM-0x2f_2024                  0.00%    passed     70.18%
  42  hDenV1_DELIM-0x2f_Colombia_DELIM-0x2f_VAC-LSPVAC-2401935_DELIM-0x2f_2024                  0.07%    passed     72.08%
  43  hDenV1_DELIM-0x2f_Colombia_DELIM-0x2f_VAC-LSPVAC-2400262_DELIM-0x2f_2024                  0.07%    passed     74.20%
  44  hDenV1_DELIM-0x2f_Colombia_DELIM-0x2f_VAC-LSPVAC-2404314_DELIM-0x2f_2024                  0.07%    passed     74.20%
  45  hDenV1_DELIM-0x2f_Colombia_DELIM-0x2f_VAC-LSPVAC-2405774_DELIM-0x2f_2024                  0.07%    passed     72.08%
  46  hDenV1_DELIM-0x2f_Colombia_DELIM-0x2f_VAC-LSPVAC-2405498_DELIM-0x2f_2024                  0.07%    passed     72.38%
  47  hDenV1_DELIM-0x2f_Colombia_DELIM-0x2f_VAC-LSPVAC-2400298_DELIM-0x2f_2024                  0.07%    passed     72.08%
  48  hDenV1_DELIM-0x2f_Colombia_DELIM-0x2f_VAC-LSPVAC-2405754_DELIM-0x2f_2024                  0.07%    passed     73.15%
  49  hDenV1_DELIM-0x2f_Colombia_DELIM-0x2f_VAC-LSPVAC-2405625_DELIM-0x2f_2024                  0.07%    passed     73.15%
  50  hDenV1_DELIM-0x2f_Colombia_DELIM-0x2f_VAC-LSPVAC-2409164-VI_DELIM-0x2f_2024               0.13%    passed     77.16%
  51  hDenV1_DELIM-0x2f_Colombia_DELIM-0x2f_VAC-LSPVAC-2404263_DELIM-0x2f_2024                  0.07%    passed     72.08%
  52  hDenV1_DELIM-0x2f_Colombia_DELIM-0x2f_VAC-LSPVAC-2403830_DELIM-0x2f_2024                  0.07%    passed     69.77%
  53  hDenV1_DELIM-0x2f_Colombia_DELIM-0x2f_VAC-LSPVAC-2405525_DELIM-0x2f_2024                  0.00%    passed     70.18%
  54  hDenV1_DELIM-0x2f_Colombia_DELIM-0x2f_VAC-LSPVAC-2405553_DELIM-0x2f_2024                  0.07%    passed     72.08%
  55  hDenV1_DELIM-0x2f_Colombia_DELIM-0x2f_VAC-LSPVAC-2402847_DELIM-0x2f_2024                  0.00%    passed     72.28%
  56  hDenV1_DELIM-0x2f_Colombia_DELIM-0x2f_VAC-LSPVAC-2400227_DELIM-0x2f_2024                  0.00%    passed     66.42%
  57  hDenV1_DELIM-0x2f_Colombia_DELIM-0x2f_VAC-LSPVAC-2402457_DELIM-0x2f_2024                  0.07%    passed     72.08%
  58  hDenV1_DELIM-0x2f_Colombia_DELIM-0x2f_un-Yale-DN02376_DELIM-0x2f_2023                     9.16%    passed     48.21%
  59  hDenV1_DELIM-0x2f_Colombia_DELIM-0x2f_un-Yale-DN02386_DELIM-0x2f_2023                     0.20%    passed     71.22%
  60  hDenV1_DELIM-0x2f_Colombia_DELIM-0x2f_un-Yale-DN02429_DELIM-0x2f_2023                     0.27%    passed     73.66%
  61  hDenV1_DELIM-0x2f_Colombia_DELIM-0x2f_un-Yale-DN02838_DELIM-0x2f_2024                     0.20%    passed     71.22%
  62  hDenV1_DELIM-0x2f_Colombia_DELIM-0x2f_HUI-UEB-033_DELIM-0x2f_2011                         0.00%    passed     64.75%
  63  hDenV1_DELIM-0x2f_Colombia_DELIM-0x2f_VAC-LSPVAC-2402566_DELIM-0x2f_2024                  0.00%    passed     84.34%
  64  hDenV1_DELIM-0x2f_Colombia_DELIM-0x2f_VAC-LSPVAC-2404461_DELIM-0x2f_2024                  0.00%    passed     84.34%
  65  hDenV1_DELIM-0x2f_Colombia_DELIM-0x2f_VAC-LSPVAC-2405731_DELIM-0x2f_2024                  0.00%    passed     84.34%
  66  hDenV1_DELIM-0x2f_Colombia_DELIM-0x2f_un-Yale-DN02730_DELIM-0x2f_2024                     0.34%    passed     87.33%
  67  hDenV1_DELIM-0x2f_Colombia_DELIM-0x2f_un-OUCRU-101229_DELIM-0x2f_2013                     0.00%    passed     81.51%
  68  hDenV1_DELIM-0x2f_Colombia_DELIM-0x2f_un-OUCRU-332_DELIM-0x2f_2013                        0.00%    passed     81.51%
  69  hDenV1_DELIM-0x2f_Colombia_DELIM-0x2f_un-OUCRU-103_DELIM-0x2f_2013                        0.00%    passed     82.68%
  70  hDenV1_DELIM-0x2f_Colombia_DELIM-0x2f_un-OUCRU-353_DELIM-0x2f_2013                        0.00%    passed     82.68%
  71  hDenV1_DELIM-0x2f_Colombia_DELIM-0x2f_un-OUCRU-101219_DELIM-0x2f_2013                     0.00%    passed     82.68%
  72  hDenV1_DELIM-0x2f_Colombia_DELIM-0x2f_un-OUCRU-356_DELIM-0x2f_2013                        0.00%    passed     82.68%
  73  hDenV1_DELIM-0x2f_Colombia_DELIM-0x2f_un-OUCRU-0000011_DELIM-0x2f_2012                    0.00%    passed     80.07%
  74  hDenV1_DELIM-0x2f_Colombia_DELIM-0x2f_un-OUCRU-0000008_DELIM-0x2f_2013                    0.00%    passed     87.05%
  75  hDenV1_DELIM-0x2f_Colombia_DELIM-0x2f_un-OUCRU-0000088_DELIM-0x2f_2012                    0.00%    passed     87.05%
  76  hDenV1_DELIM-0x2f_Colombia_DELIM-0x2f_un-OUCRU-0000093_DELIM-0x2f_2013                    0.00%    passed     87.05%
  77  hDenV1_DELIM-0x2f_Colombia_DELIM-0x2f_un-OUCRU-0000045_DELIM-0x2f_2013                    0.00%    passed     84.71%
  78  hDenV1_DELIM-0x2f_Colombia_DELIM-0x2f_un-OUCRU-0000043_DELIM-0x2f_2013                    0.00%    passed     83.85%
  79  hDenV1_DELIM-0x2f_Colombia_DELIM-0x2f_un-OUCRU-104_DELIM-0x2f_2013                        0.00%    passed     82.67%
  80  hDenV1_DELIM-0x2f_Colombia_DELIM-0x2f_un-OUCRU-338_DELIM-0x2f_2013                        0.00%    passed     82.67%
  81  hDenV1_DELIM-0x2f_Colombia_DELIM-0x2f_un-OUCRU-0000081_DELIM-0x2f_2013                    0.00%    passed     82.67%
  82  hDenV1_DELIM-0x2f_Colombia_DELIM-0x2f_un-OUCRU-0000046_DELIM-0x2f_2013                    0.00%    passed     89.12%
  83  hDenV1_DELIM-0x2f_Colombia_DELIM-0x2f_un-OUCRU-101253_DELIM-0x2f_2013                     0.00%    passed     87.80%
  84  hDenV1_DELIM-0x2f_Colombia_DELIM-0x2f_un-OUCRU-101235_DELIM-0x2f_2013                     0.00%    passed     87.80%
  85  hDenV1_DELIM-0x2f_Colombia_DELIM-0x2f_un-OUCRU-133_DELIM-0x2f_2013                        0.00%    passed     87.80%
  86  hDenV1_DELIM-0x2f_Colombia_DELIM-0x2f_un-OUCRU-132_DELIM-0x2f_2013                        0.00%    passed     87.80%
  87  hDenV1_DELIM-0x2f_Colombia_DELIM-0x2f_un-OUCRU-101245_DELIM-0x2f_2013                     0.00%    passed     86.42%
  88  hDenV1_DELIM-0x2f_Colombia_DELIM-0x2f_un-OUCRU-508_DELIM-0x2f_2013                        0.00%    passed     86.42%
  89  hDenV1_DELIM-0x2f_Colombia_DELIM-0x2f_un-OUCRU-0000096_DELIM-0x2f_2013                    0.00%    passed     85.25%
  90  hDenV1_DELIM-0x2f_Colombia_DELIM-0x2f_un-OUCRU-0000068_DELIM-0x2f_2013                    0.00%    passed     84.71%
  91  hDenV1_DELIM-0x2f_Colombia_DELIM-0x2f_un-OUCRU-10122_DELIM-0x2f_2013                      0.00%    passed     82.68%
  92  hDenV1_DELIM-0x2f_Colombia_DELIM-0x2f_un-OUCRU-360_DELIM-0x2f_2013                        0.00%    passed     82.68%
  93  hDenV1_DELIM-0x2f_Colombia_DELIM-0x2f_un-OUCRU-0000003_DELIM-0x2f_2013                    0.00%    passed     87.05%
  94  hDenV1_DELIM-0x2f_Colombia_DELIM-0x2f_un-OUCRU-0000076_DELIM-0x2f_2013                    0.00%    passed     85.03%
  95  hDenV1_DELIM-0x2f_Colombia_DELIM-0x2f_un-OUCRU-101221_DELIM-0x2f_2013                     0.00%    passed     84.71%
  96  hDenV1_DELIM-0x2f_Colombia_DELIM-0x2f_un-OUCRU-131_DELIM-0x2f_2013                        0.00%    passed     84.71%
  97  hDenV1_DELIM-0x2f_Colombia_DELIM-0x2f_SAN-UIS-0000034_DELIM-0x2f_2014                     0.00%    passed     87.80%
  98  hDenV1_DELIM-0x2f_Colombia_DELIM-0x2f_SAN-UIS-0000048_DELIM-0x2f_2014                     0.00%    passed     89.61%
  99  hDenV1_DELIM-0x2f_Colombia_DELIM-0x2f_SAN-UIS-0000007_DELIM-0x2f_2015                     0.00%    passed     91.10%
 100  hDenV1_DELIM-0x2f_Colombia_DELIM-0x2f_SAN-UR-F15030291_DELIM-0x2f_2014                    0.00%    passed     87.05%
 101  hDenV1_DELIM-0x2f_Colombia_DELIM-0x2f_NSA-UIDS-556_DELIM-0x2f_2015                        0.00%    passed     87.01%
 102  hDenV1_DELIM-0x2f_Colombia_DELIM-0x2f_SAN-UIS-0000016_DELIM-0x2f_2015                     0.00%    passed     87.05%
 103  hDenV1_DELIM-0x2f_Colombia_DELIM-0x2f_SAN-UIS-0000017_DELIM-0x2f_2015                     0.00%    passed     84.22%
 104  hDenV1_DELIM-0x2f_Colombia_DELIM-0x2f_SAN-UIS-0000055_DELIM-0x2f_2015                     0.00%    passed     80.07%
 105  hDenV1_DELIM-0x2f_Colombia_DELIM-0x2f_SAN-UIS-0000008_DELIM-0x2f_2014                     0.00%    passed     84.22%
 106  hDenV1_DELIM-0x2f_Colombia_DELIM-0x2f_SAN-UIS-0000030_DELIM-0x2f_2010                     0.00%    passed     82.33%
 107  hDenV1_DELIM-0x2f_Colombia_DELIM-0x2f_SAN-UIS-00003_DELIM-0x2f_2008                       0.00%    passed     82.33%
 108  hDenV1_DELIM-0x2f_Colombia_DELIM-0x2f_SAN-UIS-00002_DELIM-0x2f_2008                       0.00%    passed     84.22%
 109  hDenV1_DELIM-0x2f_Colombia_DELIM-0x2f_SAN-UIS-00001_DELIM-0x2f_2008                       0.00%    passed     82.33%
 110  hDenV1_DELIM-0x2f_Colombia_DELIM-0x2f_SAN-UIS-0000012_DELIM-0x2f_2010                     0.00%    passed     77.60%
 111  hDenV1_DELIM-0x2f_Colombia_DELIM-0x2f_SAN-UIS-0000056_DELIM-0x2f_2013                     0.00%    passed     85.25%
 112  hDenV1_DELIM-0x2f_Colombia_DELIM-0x2f_SAN-UIS-0000013_DELIM-0x2f_2010                     0.00%    passed     83.48%
 113  hDenV1_DELIM-0x2f_Colombia_DELIM-0x2f_SAN-UIS-0000059_DELIM-0x2f_2016                     0.00%    passed     71.27%
 114  hDenV1_DELIM-0x2f_Colombia_DELIM-0x2f_NSA-UIDS-559_DELIM-0x2f_2015                        0.00%    passed     77.97%
 115  hDenV1_DELIM-0x2f_Colombia_DELIM-0x2f_NSA-UIDS-555_DELIM-0x2f_2001                        0.00%    passed     74.21%
 116  hDenV1_DELIM-0x2f_Colombia_DELIM-0x2f_SAN-UIS-0000051_DELIM-0x2f_2016                     0.00%    passed     80.07%
 117  hDenV1_DELIM-0x2f_Colombia_DELIM-0x2f_SAN-UIS-0000031_DELIM-0x2f_2016                     0.00%    passed     82.33%
 118  hDenV1_DELIM-0x2f_Colombia_DELIM-0x2f_SAN-UIS-0000014_DELIM-0x2f_2016                     0.00%    passed     77.23%
 119  hDenV1_DELIM-0x2f_Colombia_DELIM-0x2f_SAN-UIS-0000015_DELIM-0x2f_2016                     0.00%    passed     84.36%
 120  hDenV1_DELIM-0x2f_Colombia_DELIM-0x2f_SAN-UIS-0000047_DELIM-0x2f_2016                     0.00%    passed     80.12%
 121  hDenV1_DELIM-0x2f_Colombia_DELIM-0x2f_un-OUCRU-0000074_DELIM-0x2f_2013                    0.00%    passed     82.60%
 122  hDenV1_DELIM-0x2f_Colombia_DELIM-0x2f_un-INS-424233_DELIM-0x2f_2013                       0.00%    passed     87.80%
 123  hDenV1_DELIM-0x2f_Colombia_DELIM-0x2f_un-INS-484948_DELIM-0x2f_2016                       0.00%    passed     85.03%
 124  hDenV1_DELIM-0x2f_Colombia_DELIM-0x2f_RIS-INS-476947_DELIM-0x2f_2016                      0.00%    passed     87.15%
 125  hDenV1_DELIM-0x2f_Colombia_DELIM-0x2f_un-INS-484940_DELIM-0x2f_2016                       1.14%    passed     88.28%
 126  DenV1_DELIM-0x2f_mosquito_DELIM-0x2f_Colombia_DELIM-0x2f_MAG-CIST-0134_DELIM-0x2f_2018    0.00%    passed     77.60%
 127  hDenV1_DELIM-0x2f_Colombia_DELIM-0x2f_ANT-UDEA-COT0012_DELIM-0x2f_2023                    0.00%    passed     90.67%
 128  hDenV1_DELIM-0x2f_Colombia_DELIM-0x2f_un-BNITM-363_DELIM-0x2f_2018                        0.00%    passed     84.84%
 129  hDenV1_DELIM-0x2f_Colombia_DELIM-0x2f_VAC-LSPVAC-2402583_DELIM-0x2f_2024                  0.00%    passed     80.00%
 130  hDenV1_DELIM-0x2f_Colombia_DELIM-0x2f_VAC-LSPVAC-2404681_DELIM-0x2f_2024                  0.07%    passed     84.00%
 131  hDenV1_DELIM-0x2f_Colombia_DELIM-0x2f_VAC-LSPVAC-2405690_DELIM-0x2f_2024                  0.00%    passed     82.68%
 132  hDenV1_DELIM-0x2f_Colombia_DELIM-0x2f_VAC-LSPVAC-2405404_DELIM-0x2f_2024                  0.07%    passed     81.55%
 133  hDenV1_DELIM-0x2f_Colombia_DELIM-0x2f_VAC-LSPVAC-2407539-VI_DELIM-0x2f_2024               0.00%    passed     77.40%
 134  hDenV1_DELIM-0x2f_Colombia_DELIM-0x2f_ANT-UDEA-COA0214_DELIM-0x2f_2022                    0.00%    passed     80.12%
 135  hDenV1_DELIM-0x2f_Colombia_DELIM-0x2f_ANT-UDEA-COT0026_DELIM-0x2f_2023                    0.00%    passed     77.60%
 136  hDenV1_DELIM-0x2f_Colombia_DELIM-0x2f_SAN-BROAD-0000032_DELIM-0x2f_2008                   0.00%    passed     84.22%
 137  hDenV1_DELIM-0x2f_Colombia_DELIM-0x2f_ANT-INS-485061_DELIM-0x2f_2016                      0.00%    passed     86.77%
 138  hDenV1_DELIM-0x2f_Colombia_DELIM-0x2f_RIS-FUAA-AFI101_DELIM-0x2f_2021                     0.00%    passed     85.92%
 139  hDenV1_DELIM-0x2f_Colombia_DELIM-0x2f_RIS-FUAA-AFI082_DELIM-0x2f_2021                     0.00%    passed     85.92%
 140  hDenV1_DELIM-0x2f_Colombia_DELIM-0x2f_RIS-FUAA-AFI031_DELIM-0x2f_2021                     0.00%    passed     85.92%
 141  hDenV1_DELIM-0x2f_Colombia_DELIM-0x2f_un-FUAA-AFI007673_DELIM-0x2f_2019                   0.00%    passed     83.21%
 142  hDenV1_DELIM-0x2f_Colombia_DELIM-0x2f_FUADLA-AFI025_676_DELIM-0x2f_2021                   0.00%    passed     85.92%
 143  hDenV1_DELIM-0x2f_Colombia_DELIM-0x2f_FUADLA-AFI059_677_DELIM-0x2f_2021                   0.00%    passed     81.44%
 144  hDenV1_DELIM-0x2f_Colombia_DELIM-0x2f_ANT-UDS-0746586_DELIM-0x2f_2013                     0.00%    passed     87.42%
 145  hDenV1_DELIM-0x2f_Colombia_DELIM-0x2f_RIS-FUAA-DFC059_DELIM-0x2f_2021                     0.00%    passed     81.03%
 146  hDenV1_DELIM-0x2f_Colombia_DELIM-0x2f_un-FUAA-DFC245_DELIM-0x2f_2022                      0.00%    passed     79.29%
 147  hDenV1_DELIM-0x2f_Colombia_DELIM-0x2f_un-FUAA-DFC217_DELIM-0x2f_2021                      0.00%    passed     79.29%
 148  hDenV1_DELIM-0x2f_Colombia_DELIM-0x2f_un-FUAA-DFC161_DELIM-0x2f_2021                      0.00%    passed     79.29%
 149  hDenV1_DELIM-0x2f_Colombia_DELIM-0x2f_un-FUAA-DFC162_DELIM-0x2f_2021                      0.00%    passed     79.29%
 150  hDenV1_DELIM-0x2f_Colombia_DELIM-0x2f_un-FUAA-DFC265_DELIM-0x2f_2022                      0.00%    passed     81.03%
 151  hDenV1_DELIM-0x2f_Colombia_DELIM-0x2f_un-FUAA-DFC114_DELIM-0x2f_2021                      0.00%    passed     81.03%
 152  hDenV1_DELIM-0x2f_Colombia_DELIM-0x2f_un-FUAA-DFC238_DELIM-0x2f_2021                      0.00%    passed     81.03%
 153  hDenV1_DELIM-0x2f_Colombia_DELIM-0x2f_un-FUAA-DFC263_DELIM-0x2f_2022                      0.00%    passed     81.03%
 154  hDenV1_DELIM-0x2f_Colombia_DELIM-0x2f_un-FUAA-DFC264_DELIM-0x2f_2022                      0.00%    passed     81.03%
 155  hDenV1_DELIM-0x2f_Colombia_DELIM-0x2f_un-FUAA-DFC096_DELIM-0x2f_2021                      0.00%    passed     77.24%
 156  hDenV1_DELIM-0x2f_Colombia_DELIM-0x2f_un-FUAA-DFC112_DELIM-0x2f_2021                      0.00%    passed     77.24%
 157  hDenV1_DELIM-0x2f_Colombia_DELIM-0x2f_un-FUAA-DFC063_DELIM-0x2f_2021                      0.00%    passed     77.97%
 158  hDenV1_DELIM-0x2f_Colombia_DELIM-0x2f_un-FUAA-DFC222_DELIM-0x2f_2021                      0.00%    passed     85.25%
 159  hDenV1_DELIM-0x2f_Colombia_DELIM-0x2f_un-FUAA-DFC087_DELIM-0x2f_2021                      0.00%    passed     82.44%
 160  hDenV1_DELIM-0x2f_Colombia_DELIM-0x2f_un-FUAA-DFC177_DELIM-0x2f_2021                      0.00%    passed     79.63%
 161  hDenV1_DELIM-0x2f_Colombia_DELIM-0x2f_VAC-LSPVAC-2300876_DELIM-0x2f_2023                 17.78%    passed     46.30%
 162  hDenV1_DELIM-0x2f_Colombia_DELIM-0x2f_VAC-LSPVAC-2306001_DELIM-0x2f_2023                  0.00%    passed     83.85%
 163  hDenV1_DELIM-0x2f_Colombia_DELIM-0x2f_VAC-LSPVAC-2404789_DELIM-0x2f_2024                  0.00%    passed     86.34%
 164  hDenV1_DELIM-0x2f_Colombia_DELIM-0x2f_VAC-LSPVAC-2400368_DELIM-0x2f_2024                  0.00%    passed     79.39%
 165  hDenV1_DELIM-0x2f_Colombia_DELIM-0x2f_VAC-LSPVAC-2402024_DELIM-0x2f_2024                  0.00%    passed     81.03%
 166  hDenV1_DELIM-0x2f_Colombia_DELIM-0x2f_VAC-LSPVAC-2405179_DELIM-0x2f_2024                  0.00%    passed     81.03%
 167  hDenV1_DELIM-0x2f_Colombia_DELIM-0x2f_un-Yale-DN02379_DELIM-0x2f_2023                     0.40%    passed     84.58%
 168  hDenV1_DELIM-0x2f_Colombia_DELIM-0x2f_un-Yale-DN02363_DELIM-0x2f_2023                     0.54%    passed     88.20%
 169  hDenV1_DELIM-0x2f_Colombia_DELIM-0x2f_un-Yale-DN02505_DELIM-0x2f_2024                     0.40%    passed     84.76%
 170  hDenV1_DELIM-0x2f_Colombia_DELIM-0x2f_un-Yale-DN02440_DELIM-0x2f_2023                     0.13%    passed     82.19%
 171  hDenV1_DELIM-0x2f_Colombia_DELIM-0x2f_VAC-LSPVAC-2400035_DELIM-0x2f_2024                  0.07%    passed     80.79%
 172  hDenV1_DELIM-0x2f_Colombia_DELIM-0x2f_VAC-LSPVAC-2401121_DELIM-0x2f_2024                  0.07%    passed     77.86%
 173  hDenV1_DELIM-0x2f_Colombia_DELIM-0x2f_VAC-LSPVAC-2400054_DELIM-0x2f_2024                  0.07%    passed     78.74%
 174  hDenV1_DELIM-0x2f_Colombia_DELIM-0x2f_VAC-LSPVAC-2405205_DELIM-0x2f_2024                  0.07%    passed     81.44%
 175  hDenV1_DELIM-0x2f_Colombia_DELIM-0x2f_VAC-LSPVAC-2401601_DELIM-0x2f_2024                  0.00%    passed     80.12%
 176  hDenV1_DELIM-0x2f_Colombia_DELIM-0x2f_un-Yale-DN02556_DELIM-0x2f_2024                     0.13%    passed     86.92%
 177  hDenV1_DELIM-0x2f_Colombia_DELIM-0x2f_un-Yale-DN02741_DELIM-0x2f_2024                     0.20%    passed     83.91%
 178  hDenV1_DELIM-0x2f_Colombia_DELIM-0x2f_un-Yale-DN02489_DELIM-0x2f_2024                    15.89%    passed     81.49%
 179  hDenV1_DELIM-0x2f_Colombia_DELIM-0x2f_VAC-LSPVAC-2401811_DELIM-0x2f_2024                  0.00%    passed     86.34%
 180  hDenV1_DELIM-0x2f_Colombia_DELIM-0x2f_un-OUCRU-10124_DELIM-0x2f_2013                      0.00%    passed     84.82%
 181  hDenV1_DELIM-0x2f_Colombia_DELIM-0x2f_un-OUCRU-134_DELIM-0x2f_2013                        0.00%    passed     84.82%
 182  hDenV1_DELIM-0x2f_Colombia_DELIM-0x2f_un-OUCRU-101212_DELIM-0x2f_2013                     0.00%    passed     80.31%
 183  hDenV1_DELIM-0x2f_Colombia_DELIM-0x2f_un-OUCRU-511_DELIM-0x2f_2013                        0.00%    passed     80.31%
 184  hDenV1_DELIM-0x2f_Colombia_DELIM-0x2f_un-OUCRU-0000063_DELIM-0x2f_2013                    0.00%    passed     84.22%
 185  hDenV1_DELIM-0x2f_Colombia_DELIM-0x2f_CAU-INS-483718_DELIM-0x2f_2016                      0.00%    passed     87.05%
 186  hDenV1_DELIM-0x2f_Colombia_DELIM-0x2f_un-INS-484942_DELIM-0x2f_2016                       0.00%    passed     85.03%
 187  hDenV1_DELIM-0x2f_Colombia_DELIM-0x2f_un-OUCRU-101224_DELIM-0x2f_2011                     0.00%    passed     81.46%
 188  hDenV1_DELIM-0x2f_Colombia_DELIM-0x2f_un-OUCRU-525_DELIM-0x2f_2011                        0.00%    passed     81.46%
 189  hDenV1_DELIM-0x2f_Colombia_DELIM-0x2f_un-OUCRU-101232_DELIM-0x2f_2013                     0.00%    passed     80.19%
 190  hDenV1_DELIM-0x2f_Colombia_DELIM-0x2f_un-OUCRU-513_DELIM-0x2f_2013                        0.00%    passed     80.19%
 191  hDenV1_DELIM-0x2f_Colombia_DELIM-0x2f_un-OUCRU-0000048_DELIM-0x2f_2013                    0.00%    passed     78.21%
 192  hDenV1_DELIM-0x2f_Colombia_DELIM-0x2f_un-OUCRU-0000052_DELIM-0x2f_2013                    0.00%    passed     78.21%
 193  hDenV1_DELIM-0x2f_Colombia_DELIM-0x2f_un-OUCRU-0000006_DELIM-0x2f_2012                    0.00%    passed     67.71%
 194  hDenV1_DELIM-0x2f_Colombia_DELIM-0x2f_un-OUCRU-0000040_DELIM-0x2f_2013                    0.00%    passed     67.71%
 195  hDenV1_DELIM-0x2f_Colombia_DELIM-0x2f_un-OUCRU-0000092_DELIM-0x2f_2012                    0.00%    passed     76.50%
 196  hDenV1_DELIM-0x2f_Colombia_DELIM-0x2f_un-OUCRU-0000069_DELIM-0x2f_2012                    0.00%    passed     67.71%
 197  hDenV1_DELIM-0x2f_Colombia_DELIM-0x2f_un-OUCRU-0000070_DELIM-0x2f_2012                    0.00%    passed     67.71%
 198  hDenV1_DELIM-0x2f_Colombia_DELIM-0x2f_SAN-UIS-0000018_DELIM-0x2f_2016                     0.00%    passed     80.19%
 199  hDenV1_DELIM-0x2f_Colombia_DELIM-0x2f_NSA-UIDS-558_DELIM-0x2f_2016                        0.00%    passed     75.46%
 200  hDenV1_DELIM-0x2f_Colombia_DELIM-0x2f_SAN-BROAD-0000037_DELIM-0x2f_2005                   0.00%    passed     73.58%
 201  hDenV1_DELIM-0x2f_Colombia_DELIM-0x2f_NSA-UIS-00011_DELIM-0x2f_2006                       0.00%    passed     78.29%
 202  hDenV1_DELIM-0x2f_Colombia_DELIM-0x2f_NSA-UIS-00014_DELIM-0x2f_2006                       0.00%    passed     78.29%
 203  hDenV1_DELIM-0x2f_Colombia_DELIM-0x2f_NSA-UIS-00015_DELIM-0x2f_2006                       0.00%    passed     78.29%
 204  hDenV1_DELIM-0x2f_Colombia_DELIM-0x2f_NSA-UIS-00013_DELIM-0x2f_2006                       0.00%    passed     78.29%
 205  hDenV1_DELIM-0x2f_Colombia_DELIM-0x2f_NSA-UIS-00012_DELIM-0x2f_2005                       0.00%    passed     73.58%
 206  hDenV1_DELIM-0x2f_Colombia_DELIM-0x2f_NSA-UIS-00005_DELIM-0x2f_2006                       0.00%    passed     83.21%
 207  hDenV1_DELIM-0x2f_Colombia_DELIM-0x2f_NSA-UIS-00009_DELIM-0x2f_2006                       0.00%    passed     83.10%
 208  hDenV1_DELIM-0x2f_Colombia_DELIM-0x2f_NSA-UIS-00007_DELIM-0x2f_2006                       0.00%    passed     80.18%
 209  hDenV1_DELIM-0x2f_Colombia_DELIM-0x2f_NSA-UIS-00010_DELIM-0x2f_2006                       0.00%    passed     80.18%
 210  hDenV1_DELIM-0x2f_Colombia_DELIM-0x2f_NSA-UIS-00008_DELIM-0x2f_2006                       0.00%    passed     80.18%
 211  hDenV1_DELIM-0x2f_Colombia_DELIM-0x2f_NSA-UIS-00006_DELIM-0x2f_2006                       0.00%    passed     80.18%
 212  hDenV1_DELIM-0x2f_Colombia_DELIM-0x2f_SAN-UIS-00004_DELIM-0x2f_2008                       0.00%    passed     84.64%
 213  hDenV1_DELIM-0x2f_Colombia_DELIM-0x2f_un-OUCRU-0000090_DELIM-0x2f_2012                    0.00%    passed     69.53%
 214  hDenV1_DELIM-0x2f_Colombia_DELIM-0x2f_un-OUCRU-0000095_DELIM-0x2f_2012                    0.00%    passed     67.50%
 215  hDenV1_DELIM-0x2f_Colombia_DELIM-0x2f_SAN-UIS-0000041_DELIM-0x2f_2010                     0.00%    passed     75.87%
 216  hDenV1_DELIM-0x2f_Colombia_DELIM-0x2f_SAN-UIS-00027_DELIM-0x2f_2008                       0.00%    passed     72.32%
 217  hDenV1_DELIM-0x2f_Colombia_DELIM-0x2f_SAN-UIS-00028_DELIM-0x2f_2007                       0.00%    passed     75.87%
 218  hDenV1_DELIM-0x2f_Colombia_DELIM-0x2f_SAN-UIS-00026_DELIM-0x2f_2007                       0.00%    passed     75.87%
 219  hDenV1_DELIM-0x2f_Colombia_DELIM-0x2f_SAN-UIS-00024_DELIM-0x2f_2008                       0.00%    passed     76.50%
 220  hDenV1_DELIM-0x2f_Colombia_DELIM-0x2f_SAN-UIS-00023_DELIM-0x2f_2008                       0.00%    passed     76.50%
 221  hDenV1_DELIM-0x2f_Colombia_DELIM-0x2f_SAN-UIS-00016_DELIM-0x2f_2007                       0.00%    passed     74.93%
 222  hDenV1_DELIM-0x2f_Colombia_DELIM-0x2f_SAN-UIS-00025_DELIM-0x2f_2007                       0.00%    passed     76.50%
 223  hDenV1_DELIM-0x2f_Colombia_DELIM-0x2f_SAN-UIS-00030_DELIM-0x2f_2008                       0.00%    passed     77.03%
 224  hDenV1_DELIM-0x2f_Colombia_DELIM-0x2f_SAN-UIS-00029_DELIM-0x2f_2008                       0.00%    passed     77.03%
 225  hDenV1_DELIM-0x2f_Colombia_DELIM-0x2f_SAN-UIS-00031_DELIM-0x2f_2004                       0.00%    passed     78.29%
 226  hDenV1_DELIM-0x2f_Colombia_DELIM-0x2f_NSA-UIS-00020_DELIM-0x2f_2006                       0.00%    passed     74.93%
 227  hDenV1_DELIM-0x2f_Colombia_DELIM-0x2f_SAN-UIS-00021_DELIM-0x2f_2007                       0.00%    passed     75.87%
 228  hDenV1_DELIM-0x2f_Colombia_DELIM-0x2f_SAN-UIS-0000011_DELIM-0x2f_2009                     0.00%    passed     76.50%
 229  hDenV1_DELIM-0x2f_Colombia_DELIM-0x2f_SAN-UIS-00022_DELIM-0x2f_2008                       0.00%    passed     76.50%
 230  hDenV1_DELIM-0x2f_Colombia_DELIM-0x2f_SAN-UIS-00018_DELIM-0x2f_2008                       0.00%    passed     70.16%
 231  hDenV1_DELIM-0x2f_Colombia_DELIM-0x2f_SAN-UIS-0000043_DELIM-0x2f_2009                     0.00%    passed     78.29%
 232  hDenV1_DELIM-0x2f_Colombia_DELIM-0x2f_SAN-UIS-0000040_DELIM-0x2f_2009                     0.00%    passed     73.74%
 233  hDenV1_DELIM-0x2f_Colombia_DELIM-0x2f_SAN-UIS-0000050_DELIM-0x2f_2009                     0.00%    passed     77.22%
 234  hDenV1_DELIM-0x2f_Colombia_DELIM-0x2f_SAN-UIS-0000020_DELIM-0x2f_2010                     0.00%    passed     76.12%
 235  hDenV1_DELIM-0x2f_Colombia_DELIM-0x2f_SAN-UIS-00017_DELIM-0x2f_2007                       0.00%    passed     79.24%
 236  hDenV1_DELIM-0x2f_Colombia_DELIM-0x2f_SAN-UIS-0000046_DELIM-0x2f_2009                     0.00%    passed     77.73%
 237  hDenV1_DELIM-0x2f_Colombia_DELIM-0x2f_SAN-UIS-0000009_DELIM-0x2f_2010                     0.00%    passed     72.76%
 238  hDenV1_DELIM-0x2f_Colombia_DELIM-0x2f_NSA-UIDS-557_DELIM-0x2f_2009                        0.00%    passed     73.68%
 239  hDenV1_DELIM-0x2f_Colombia_DELIM-0x2f_SAN-UIS-00019_DELIM-0x2f_2008                       0.00%    passed     75.46%
 240  hDenV1_DELIM-0x2f_Colombia_DELIM-0x2f_SAN-UIS-0000052_DELIM-0x2f_2010                     0.00%    passed     74.93%
 241  hDenV1_DELIM-0x2f_Colombia_DELIM-0x2f_SAN-UIS-0000029_DELIM-0x2f_2010                     0.00%    passed     81.44%
 242  hDenV1_DELIM-0x2f_Colombia_DELIM-0x2f_SAN-BROAD-0000046_DELIM-0x2f_2007                   0.00%    passed     75.87%
 243  hDenV1_DELIM-0x2f_Colombia_DELIM-0x2f_SAN-BROAD-0000029_DELIM-0x2f_2007                   0.00%    passed     75.87%
 244  hDenV1_DELIM-0x2f_Colombia_DELIM-0x2f_un-Yale-DH141_DELIM-0x2f_2004                       0.13%    passed     78.31%
 245  hDenV1_DELIM-0x2f_Colombia_DELIM-0x2f_SAN-Yale-DH141-P2_DELIM-0x2f_2004                   0.00%    passed     78.29%
 246  hDenV1_DELIM-0x2f_Colombia_DELIM-0x2f_un-BROAD-0000007_DELIM-0x2f_2005                    0.00%    passed     76.50%
 247  hDenV1_DELIM-0x2f_Colombia_DELIM-0x2f_SAN-BROAD-0000053_DELIM-0x2f_2007                   0.00%    passed     88.20%
 248  hDenV1_DELIM-0x2f_Colombia_DELIM-0x2f_NSA-BROAD-0000019_DELIM-0x2f_2006                   0.00%    passed     88.20%
 249  hDenV1_DELIM-0x2f_Colombia_DELIM-0x2f_NSA-BROAD-0000020_DELIM-0x2f_2006                   0.00%    passed     88.20%
 250  hDenV1_DELIM-0x2f_Colombia_DELIM-0x2f_NSA-BROAD-0000025_DELIM-0x2f_2006                   0.00%    passed     89.41%
 251  hDenV1_DELIM-0x2f_Colombia_DELIM-0x2f_SAN-BROAD-0000036_DELIM-0x2f_2007                   0.00%    passed     85.78%
 252  hDenV1_DELIM-0x2f_Colombia_DELIM-0x2f_un-CDC-002_DELIM-0x2f_2007                          0.34%    passed     89.62%
 253  hDenV1_DELIM-0x2f_Colombia_DELIM-0x2f_SAN-UIS-00036_DELIM-0x2f_2007                       0.00%    passed     88.20%
 254  hDenV1_DELIM-0x2f_Colombia_DELIM-0x2f_NSA-UIS-00038_DELIM-0x2f_2006                       0.00%    passed     88.20%
 255  hDenV1_DELIM-0x2f_Colombia_DELIM-0x2f_NSA-UIS-00040_DELIM-0x2f_2006                       0.00%    passed     88.20%
 256  hDenV1_DELIM-0x2f_Colombia_DELIM-0x2f_SAN-UIS-00035_DELIM-0x2f_2008                       0.00%    passed     88.20%
 257  hDenV1_DELIM-0x2f_Colombia_DELIM-0x2f_NSA-UIS-00041_DELIM-0x2f_2006                       0.00%    passed     88.20%
 258  hDenV1_DELIM-0x2f_Colombia_DELIM-0x2f_NSA-UIS-00042_DELIM-0x2f_2006                       0.00%    passed     88.20%
 259  hDenV1_DELIM-0x2f_Colombia_DELIM-0x2f_NSA-UIS-00037_DELIM-0x2f_2006                       0.00%    passed     89.41%
 260  hDenV1_DELIM-0x2f_Colombia_DELIM-0x2f_NSA-UIS-00039_DELIM-0x2f_2006                       0.00%    passed     86.66%
 261  hDenV1_DELIM-0x2f_Colombia_DELIM-0x2f_NSA-UIS-00034_DELIM-0x2f_2006                       0.00%    passed     88.20%
 262  hDenV1_DELIM-0x2f_Colombia_DELIM-0x2f_SAN-UIS-00033_DELIM-0x2f_2008                       0.00%    passed     86.66%
 263  hDenV1_DELIM-0x2f_Colombia_DELIM-0x2f_SAN-UIS-00032_DELIM-0x2f_2007                       0.00%    passed     85.78%
 264  hDenV1_DELIM-0x2f_Colombia_DELIM-0x2f_SAN-UR-LV121086_DELIM-0x2f_2010                     0.00%    passed     90.76%
 265  hDenV1_DELIM-0x2f_Colombia_DELIM-0x2f_SAN-UR-LV122007_DELIM-0x2f_2009                     0.00%    passed     86.63%
 266  hDenV1_DELIM-0x2f_Colombia_DELIM-0x2f_NSA-UIS-00045_DELIM-0x2f_2006                       0.00%    passed     74.51%
 267  hDenV1_DELIM-0x2f_Colombia_DELIM-0x2f_NSA-UIS-00046_DELIM-0x2f_2006                       0.00%    passed     74.51%
 268  hDenV1_DELIM-0x2f_Colombia_DELIM-0x2f_NSA-UIS-00043_DELIM-0x2f_2006                       0.00%    passed     74.91%
 269  hDenV1_DELIM-0x2f_Colombia_DELIM-0x2f_NSA-UIS-00044_DELIM-0x2f_2006                       0.00%    passed     81.74%
 270  hDenV1_DELIM-0x2f_Colombia_DELIM-0x2f_NSA-BROAD-0000023_DELIM-0x2f_2006                   0.00%    passed     81.74%
 271  hDenV1_DELIM-0x2f_Colombia_DELIM-0x2f_SAN-BROAD-0000058_DELIM-0x2f_2001                   0.00%    passed     87.02%
 272  hDenV1_DELIM-0x2f_Colombia_DELIM-0x2f_SAN-UIS-00051_DELIM-0x2f_2002                       0.00%    passed     88.55%
 273  hDenV1_DELIM-0x2f_Colombia_DELIM-0x2f_SAN-UIS-00050_DELIM-0x2f_2001                       0.00%    passed     87.02%
 274  hDenV1_DELIM-0x2f_Colombia_DELIM-0x2f_SAN-UIS-0000057_DELIM-0x2f_2014                     0.00%    passed     90.34%
 275  hDenV1_DELIM-0x2f_Colombia_DELIM-0x2f_un-UDS-Ov07582_DELIM-0x2f_2013                      0.00%    passed     87.42%
 276  hDenV1_DELIM-0x2f_Colombia_DELIM-0x2f_un-OUCRU-0000061_DELIM-0x2f_2012                    0.00%    passed     79.69%
 277  hDenV1_DELIM-0x2f_Colombia_DELIM-0x2f_SAN-UIS-0000028_DELIM-0x2f_2013                     0.07%    passed     76.01%
 278  hDenV1_DELIM-0x2f_Colombia_DELIM-0x2f_un-Yale-DN02733_DELIM-0x2f_2024                     0.13%    passed     89.67%
 279  hDenV1_DELIM-0x2f_Colombia_DELIM-0x2f_un-OUCRU-1_DELIM-0x2f_2013                          0.00%    passed     82.11%
 280  hDenV1_DELIM-0x2f_Colombia_DELIM-0x2f_un-OUCRU-135_DELIM-0x2f_2013                        0.00%    passed     82.11%
 281  hDenV1_DELIM-0x2f_Colombia_DELIM-0x2f_un-OUCRU-101216_DELIM-0x2f_2013                     0.00%    passed     82.11%
 282  hDenV1_DELIM-0x2f_Colombia_DELIM-0x2f_un-OUCRU-136_DELIM-0x2f_2013                        0.00%    passed     82.11%
 283  hDenV1_DELIM-0x2f_Colombia_DELIM-0x2f_un-OUCRU-10128_DELIM-0x2f_2013                      0.00%    passed     73.14%
 284  hDenV1_DELIM-0x2f_Colombia_DELIM-0x2f_un-OUCRU-512_DELIM-0x2f_2013                        0.00%    passed     73.14%
 285  hDenV1_DELIM-0x2f_Colombia_DELIM-0x2f_un-OUCRU-509_DELIM-0x2f_2013                        0.00%    passed     79.58%
 286  hDenV1_DELIM-0x2f_Colombia_DELIM-0x2f_un-OUCRU-101236_DELIM-0x2f_2013                     0.00%    passed     79.58%
 287  hDenV1_DELIM-0x2f_Colombia_DELIM-0x2f_ANT-UDEA-COT0221_DELIM-0x2f_2023                    0.00%    passed     88.97%
 288  hDenV1_DELIM-0x2f_Colombia_DELIM-0x2f_ANT-UDEA-COT0017_DELIM-0x2f_2023                    0.00%    passed     90.67%
 289  hDenV1_DELIM-0x2f_Colombia_DELIM-0x2f_ANT-UDEA-COT0011_DELIM-0x2f_2023                    0.00%    passed     90.67%
 290  hDenV1_DELIM-0x2f_Colombia_DELIM-0x2f_ANT-UDEA-COT0028_DELIM-0x2f_2023                    0.00%    passed     88.97%
 291  hDenV1_DELIM-0x2f_Colombia_DELIM-0x2f_un-Yale-DN02365_DELIM-0x2f_2023                     0.54%    passed     87.73%
 292  hDenV1_DELIM-0x2f_Colombia_DELIM-0x2f_ANT-UDEA-COA0053_DELIM-0x2f_2021                    0.00%    passed     84.34%
 293  hDenV1_DELIM-0x2f_Colombia_DELIM-0x2f_SAN-UIS-0000005_DELIM-0x2f_2015                     1.21%    passed     77.96%
 294  hDenV1_DELIM-0x2f_Colombia_DELIM-0x2f_SAN-UR-P201080030_DELIM-0x2f_2015                   1.21%    passed     83.03%
 295  hDenV1_DELIM-0x2f_Colombia_DELIM-0x2f_un-OUCRU-0000049_DELIM-0x2f_2013                    1.21%    passed     83.66%
 296  hDenV1_DELIM-0x2f_Colombia_DELIM-0x2f_un-OUCRU-0000053_DELIM-0x2f_2013                    1.21%    passed     83.00%
 297  hDenV1_DELIM-0x2f_Colombia_DELIM-0x2f_un-OUCRU-0000075_DELIM-0x2f_2013                    1.21%    passed     87.99%
 298  hDenV1_DELIM-0x2f_Colombia_DELIM-0x2f_MET-INS-424735_DELIM-0x2f_2013                      1.14%    passed     96.28%
 299  hDenV1_DELIM-0x2f_Colombia_DELIM-0x2f_VAC-LSPVAC-2407081-VI_DELIM-0x2f_2024               0.00%    passed     81.03%
 300  hDenV1_DELIM-0x2f_Colombia_DELIM-0x2f_un-OUCRU-101230_DELIM-0x2f_2013                     0.00%    passed     87.25%
 301  hDenV1_DELIM-0x2f_Colombia_DELIM-0x2f_un-OUCRU-358_DELIM-0x2f_2013                        0.00%    passed     87.25%
 302  hDenV1_DELIM-0x2f_Colombia_DELIM-0x2f_ANT-UDEA-COA0234_DELIM-0x2f_2022                    0.00%    passed     80.12%
 303  hDenV1_DELIM-0x2f_Colombia_DELIM-0x2f_BOL-UEB-016_DELIM-0x2f_2019                         0.20%    passed     79.14%
 304  hDenV1_DELIM-0x2f_Colombia_DELIM-0x2f_BOL-UEB-016-1_DELIM-0x2f_2019                       0.20%    passed     79.14%
 305  DenV1_DELIM-0x2f_un_DELIM-0x2f_Colombia_DELIM-0x2f_un-UniNorte-1_DELIM-0x2f_2001         10.24%    passed     97.04%
 306  hDenV1_DELIM-0x2f_Colombia_DELIM-0x2f_BOL-UEB-152_DELIM-0x2f_2019                        25.93%    passed     80.65%
 307  hDenV1_DELIM-0x2f_Colombia_DELIM-0x2f_BOL-UEB-152-1_DELIM-0x2f_2019                      25.93%    passed     80.65%
 308  hDenV1_DELIM-0x2f_Colombia_DELIM-0x2f_un-INS-484930_DELIM-0x2f_2016                      29.63%    passed     58.27%
 309  NC_001477.1                                                                               0.00%    passed     90.40%
 310  2016.874                                                                                  0.00%    passed     77.78%
 311  2016.79                                                                                   0.00%    passed     77.78%
 312  2004.538                                                                                  0.00%    passed     90.67%
 313  2004.5_3                                                                                  0.00%    passed     93.36%
 314  2016.041                                                                                  0.00%    passed     92.04%
 315  2002.707                                                                                  0.00%    passed     86.09%
 316  2005.5_8                                                                                  0.00%    passed     96.75%
 317  1960.5                                                                                    0.00%    passed     94.64%
 318  2017.775                                                                                  0.00%    passed     99.98%
 319  2017.315                                                                                  0.00%    passed     96.76%
 320  2014.915                                                                                  0.00%    passed     97.45%
 321  2016.669                                                                                  0.00%    passed     99.81%
 322  2014.934                                                                                  0.00%    passed     99.75%
 323  2017.288                                                                                  0.00%    passed     99.46%
 324  2015.808                                                                                  0.00%    passed     98.82%
 325  2013.688                                                                                  0.07%    passed     97.47%
 326  2011.581                                                                                  0.00%    passed     98.23%
 327  2011.321                                                                                  0.00%    passed     97.40%
 328  2011.507                                                                                  0.00%    passed     96.24%
 329  2011.003                                                                                  0.00%    passed     97.40%
 330  2010.57                                                                                   0.00%    passed     97.40%
 331  2002.463                                                                                  0.00%    passed     97.98%
 332  2011.559                                                                                  0.00%    passed     97.98%
 333  2011.474                                                                                  0.07%    passed     97.47%
 334  2002.479                                                                                  0.00%    passed     97.98%
 335  2011.501                                                                                  0.00%    passed     97.98%
 336  2010.926                                                                                  0.00%    passed     97.40%
 337  2010.86                                                                                   0.00%    passed     97.40%
 338  2010.827                                                                                  0.00%    passed     97.98%
 339  2011.036                                                                                  0.00%    passed     97.40%
 340  2010.825                                                                                  0.00%    passed     97.40%
 341  1997.584                                                                                  0.00%    passed     95.13%
 342  2011.515                                                                                  0.00%    passed     97.40%
 343  2011.378                                                                                  0.00%    passed     97.98%
 344  2011.505                                                                                  0.00%    passed     96.89%
 345  2011.986                                                                                  0.00%    passed     98.39%
 346  2013.5                                                                                    0.00%    passed     90.51%
 347  2011.974                                                                                  0.00%    passed     94.72%
 348  2011.973                                                                                  0.00%    passed     94.72%
 349  2011.912                                                                                  0.00%    passed     94.72%
 350  2011.51                                                                                   0.00%    passed     94.72%
 351  2013.027                                                                                  0.00%    passed     90.51%
 352  2013.022                                                                                  0.00%    passed     94.22%
 353  2012.913                                                                                  0.00%    passed     92.82%
 354  2011.764                                                                                  0.00%    passed     97.98%
 355  2013.26                                                                                   0.00%    passed     96.89%
 356  2012.85                                                                                   0.00%    passed     96.89%
 357  2009.625                                                                                  0.00%    passed     99.46%
 358  2009.556                                                                                  0.00%    passed     99.81%
 359  2007.622_2                                                                                0.00%    passed     99.53%
 360  2007.488                                                                                  0.00%    passed     99.53%
 361  2007.419                                                                                  0.00%    passed     99.53%
 362  2007.479                                                                                  0.07%    passed     98.48%
 363  2006.97_3                                                                                 0.00%    passed     98.82%
 364  2006.926_3                                                                                0.00%    passed     98.23%
 365  2006.921                                                                                  0.00%    passed     98.82%
 366  2006.896                                                                                  0.07%    passed     97.66%
 367  2006.863                                                                                  0.00%    passed     98.16%
 368  2006.91                                                                                   0.00%    passed     98.16%
 369  2006.66                                                                                   0.00%    passed     98.82%
 370  2006.655                                                                                  0.00%    passed     98.73%
 371  2006.638_2                                                                                0.00%    passed     98.82%
 372  2006.622                                                                                  0.00%    passed     98.82%
 373  2006.6                                                                                    0.00%    passed     98.25%
 374  2006.619                                                                                  0.00%    passed     98.82%
 375  2006.638                                                                                  0.00%    passed     98.82%
 376  2006.614                                                                                  0.00%    passed     98.82%
 377  1995.685                                                                                  0.00%    passed     98.82%
 378  2002.463_2                                                                                0.00%    passed     98.82%
 379  2006.589                                                                                  0.00%    passed     99.24%
 380  2006.932                                                                                  0.00%    passed     98.18%
 381  2007.436                                                                                  0.00%    passed     98.82%
 382  2000.481                                                                                  0.00%    passed     98.82%
 383  2006.871_2                                                                                0.00%    passed     99.21%
 384  2006.515_2                                                                                0.00%    passed     98.82%
 385  2006.696                                                                                  0.00%    passed     98.82%
 386  2006.852                                                                                  0.00%    passed     97.20%
 387  2006.649                                                                                  0.00%    passed     99.24%
 388  2006.614_2                                                                                0.00%    passed     98.82%
 389  2006.6_2                                                                                  0.00%    passed     98.82%
 390  2006.433                                                                                  0.00%    passed     98.82%
 391  2006.644                                                                                  0.00%    passed     98.82%
 392  2006.975                                                                                  0.00%    passed     99.24%
 393  2006.901                                                                                  0.00%    passed     99.24%
 394  2006.962                                                                                  0.00%    passed     99.24%
 395  2006.899_3                                                                                0.00%    passed     98.82%
 396  2006.871_3                                                                                0.00%    passed     99.46%
 397  2006.740                                                                                  0.00%    passed     98.82%
 398  2006.721_2                                                                                0.00%    passed     98.82%
 399  2006.721_3                                                                                0.00%    passed     98.82%
 400  2006.784                                                                                  0.07%    passed     98.40%
 401  2006.819                                                                                  0.00%    passed     98.82%
 402  2006.855                                                                                  0.00%    passed     97.20%
 403  2006.611_2                                                                                0.00%    passed     98.16%
 404  2006.556                                                                                  0.00%    passed     98.16%
 405  2006.54                                                                                   0.07%    passed     97.66%
 406  2006.468                                                                                  0.00%    passed     98.16%
 407  2006.622_3                                                                                0.00%    passed     98.82%
 408  2006.592                                                                                  0.00%    passed     98.75%
 409  2009.608                                                                                  0.00%    passed     96.60%
 410  2009.348                                                                                  0.00%    passed     98.16%
 411  2009.5_3                                                                                  0.07%    passed     98.33%
 412  2014.899                                                                                  0.00%    passed     99.25%
 413  2014.83                                                                                   0.00%    passed     98.85%
 414  2014.789                                                                                  0.00%    passed     98.85%
 415  2013.655                                                                                  0.00%    passed     98.94%
 416  2014.619                                                                                  0.00%    passed     98.25%
 417  2014.753                                                                                  0.13%    passed     91.74%
 418  2011.499                                                                                  0.00%    passed     99.57%
 419  1999.378                                                                                  0.13%    passed     99.52%
 420  2002.29                                                                                   0.00%    passed     99.57%
 421  2002.244                                                                                  0.00%    passed     99.75%
 422  1998.244_2                                                                                0.00%    passed     99.57%
 423  2002.605                                                                                  0.00%    passed     99.57%
 424  2004.016                                                                                  0.00%    passed     99.57%
 425  2001.866                                                                                  0.00%    passed     98.73%
 426  2001.688                                                                                  0.00%    passed     99.77%
 427  2001.647                                                                                  0.00%    passed     99.21%
 428  2001.638                                                                                  0.00%    passed     98.82%
 429  2001.449                                                                                  0.00%    passed     99.24%
 430  2001.474_2                                                                                0.00%    passed     99.24%
 431  1998.616                                                                                  0.00%    passed     99.75%
 432  2003.145                                                                                  0.00%    passed     98.25%
 433  2003.137                                                                                  0.00%    passed     98.25%
 434  2002.953_2                                                                                0.00%    passed     98.25%
 435  2002.953                                                                                  0.00%    passed     98.25%
 436  2002.918                                                                                  0.00%    passed     98.25%
 437  2002.923                                                                                  0.00%    passed     98.73%
 438  2002.907                                                                                  0.00%    passed     97.52%
 439  2003.134                                                                                  0.00%    passed     98.16%
 440  2003.104                                                                                  0.00%    passed     97.52%
 441  2002.564                                                                                  0.00%    passed     98.25%
 442  2002.43                                                                                   0.00%    passed     98.25%
 443  2002.389                                                                                  0.00%    passed     98.25%
 444  2002.252                                                                                  0.00%    passed     99.24%
 445  2002.175_2                                                                                0.00%    passed     98.99%
 446  2001.5                                                                                    0.00%    passed     99.53%
 447  2001.356                                                                                  0.00%    passed     99.46%
 448  2001.493                                                                                  0.00%    passed     99.50%
 449  2001.025                                                                                  0.00%    passed     99.46%
 450  2000.689_2                                                                                0.00%    passed     99.46%
 451  2000.943                                                                                  0.00%    passed     98.99%
 452  2000.926                                                                                  0.00%    passed     98.82%
 453  2001.334                                                                                  0.00%    passed     99.46%
 454  2001.288_2                                                                                0.00%    passed     99.25%
 455  2001.485                                                                                  0.07%    passed     99.33%
 456  2000.872_2                                                                                0.00%    passed     99.53%
 457  2001.353                                                                                  0.00%    passed     99.53%
 458  2002.214                                                                                  0.00%    passed     99.24%
 459  2004.623_2                                                                                0.00%    passed     96.67%
 460  2001.455                                                                                  0.07%    passed     99.42%
 461  2001.203                                                                                  0.00%    passed     99.24%
 462  2001.118                                                                                  0.00%    passed     98.18%
 463  2000.934                                                                                  0.00%    passed     97.34%
 464  2006.238                                                                                  0.00%    passed     99.94%
 465  2001.811                                                                                  0.00%    passed     99.81%
 466  1998.173                                                                                  0.00%    passed     99.94%
 467  2001.658                                                                                  0.00%    passed     99.91%
 468  2010.704                                                                                  0.00%    passed     99.91%
 469  2002.57                                                                                   0.00%    passed     99.97%
 470  2002.548                                                                                  0.07%    passed     99.98%
 471  2001.288                                                                                  0.00%    passed     99.08%
 472  2001.704                                                                                  0.00%    passed     99.81%
 473  2002.345                                                                                  0.00%    passed     98.73%
 474  2001.8                                                                                    0.00%    passed     98.23%
 475  2001.37                                                                                   0.00%    passed     99.24%
 476  2002.074                                                                                  0.00%    passed     99.24%
 477  2003.17                                                                                   0.00%    passed     99.81%
 478  2002.586                                                                                  0.00%    passed     99.75%
 479  2002.09                                                                                   0.20%    passed     98.91%
 480  2010.6                                                                                    0.00%    passed     99.46%
 481  2010.545                                                                                  0.00%    passed     99.46%
 482  2003.386_2                                                                                0.00%    passed     99.46%
 483  2003.192                                                                                  0.00%    passed     99.53%
 484  2003.863                                                                                  0.00%    passed     99.54%
 485  2003.041                                                                                  0.00%    passed     99.57%
 486  2002.51                                                                                   0.00%    passed     99.24%
 487  2002.132                                                                                  0.00%    passed     99.24%
 488  2003.745                                                                                  0.07%    passed     99.02%
 489  2002.915                                                                                  0.00%    passed     99.24%
 490  2003.638                                                                                  0.00%    passed     99.46%
 491  2002.378                                                                                  0.00%    passed     99.46%
 492  2001.964                                                                                  0.00%    passed     99.24%
 493  2001.416                                                                                  0.00%    passed     99.57%
 494  2001.534                                                                                  0.00%    passed     99.53%
 495  2003.244                                                                                  0.07%    passed     98.84%
 496  2003.83                                                                                   0.00%    passed     99.46%
 497  2003.762                                                                                  0.00%    passed     99.21%
 498  2003.816                                                                                  0.00%    passed     99.21%
 499  2003.06                                                                                   0.00%    passed     99.21%
 500  2002.233                                                                                  0.00%    passed     99.57%
 501  2001.496                                                                                  0.00%    passed     98.82%
 502  2006.441                                                                                  0.00%    passed     98.99%
 503  2004.041                                                                                  0.00%    passed     98.73%
 504  2006.052                                                                                  0.00%    passed     99.29%
 505  2005.449                                                                                  0.00%    passed     99.13%
 506  2005.167                                                                                  0.00%    passed     99.13%
 507  2004.609                                                                                  0.00%    passed     99.13%
 508  2004.481                                                                                  0.00%    passed     99.37%
 509  2005.14                                                                                   0.00%    passed     98.82%
 510  2004.932                                                                                  0.00%    passed     98.82%
 511  2005.063                                                                                  0.00%    passed     98.73%
 512  2004.235                                                                                  0.07%    passed     98.47%
 513  2004.044                                                                                  0.00%    passed     98.73%
 514  2006.027                                                                                  0.00%    passed     98.51%
 515  2006.008                                                                                  0.00%    passed     98.51%
 516  2005.882                                                                                  0.00%    passed     98.51%
 517  2005.863                                                                                  0.00%    passed     98.51%
 518  2006.389                                                                                  0.00%    passed     98.75%
 519  2005.493                                                                                  0.00%    passed     99.25%
 520  2005.455                                                                                  0.00%    passed     99.15%
 521  2005.356                                                                                  0.07%    passed     99.00%
 522  2005.312                                                                                  0.00%    passed     99.25%
 523  2005.405                                                                                  0.00%    passed     99.25%
 524  2005.321                                                                                  0.07%    passed     99.42%
 525  2005.332                                                                                  0.13%    passed     99.20%
 526  2005.405_2                                                                                0.00%    passed     99.25%
 527  2004.883                                                                                  0.00%    passed     99.25%
 528  2004.844                                                                                  0.00%    passed     99.25%
 529  2004.803                                                                                  0.00%    passed     99.25%
 530  2004.596                                                                                  0.20%    passed     99.01%
 531  2003.241                                                                                  0.00%    passed     99.54%
 532  2003.205                                                                                  0.00%    passed     99.88%
 533  2001.827                                                                                  0.07%    passed     99.92%
 534  2001.827_2                                                                                0.00%    passed     99.94%
 535  2005.422                                                                                  0.07%    passed     99.98%
 536  2005.389                                                                                  0.00%    passed     99.94%
 537  2005.375                                                                                  0.00%    passed     99.94%
 538  2005.307                                                                                  0.00%    passed     99.94%
 539  2005.085                                                                                  0.07%    passed     99.92%
 540  2004.738                                                                                  0.00%    passed     99.94%
 541  2003.964                                                                                  0.00%    passed     99.94%
 542  2002.499_2                                                                                0.00%    passed     99.94%
 543  2002.762                                                                                  0.00%    passed     98.16%
 544  2003.37                                                                                   0.00%    passed     99.75%
 545  2006.97_2                                                                                 0.00%    passed     99.23%
 546  2006.945_3                                                                                0.00%    passed     99.58%
 547  2006.942                                                                                  0.00%    passed     99.07%
 548  2006.907_2                                                                                0.00%    passed     98.73%
 549  2006.899                                                                                  0.00%    passed     98.73%
 550  2006.852_2                                                                                0.00%    passed     98.23%
 551  2006.773_2                                                                                0.00%    passed     99.51%
 552  2006.447                                                                                  0.00%    passed     98.73%
 553  2006.688                                                                                  0.00%    passed     99.07%
 554  2005.967_2                                                                                0.00%    passed     98.73%
 555  2006.658_2                                                                                0.00%    passed     98.73%
 556  2006.581_2                                                                                0.00%    passed     98.73%
 557  2006.901_2                                                                                0.07%    passed     99.49%
 558  2006.625_2                                                                                0.00%    passed     97.97%
 559  2006.504                                                                                  0.00%    passed     97.40%
 560  2006.836                                                                                  0.00%    passed     98.23%
 561  2006.011_2                                                                                0.00%    passed     98.75%
 562  2005.995                                                                                  0.00%    passed     99.20%
 563  2005.901                                                                                  0.00%    passed     99.63%
 564  2005.874                                                                                  0.00%    passed     99.63%
 565  2005.208                                                                                  0.00%    passed     99.50%
 566  2004.262                                                                                  0.00%    passed     99.63%
 567  2005.447                                                                                  0.00%    passed     99.86%
 568  2004.956                                                                                  0.00%    passed     99.50%
 569  2003.271                                                                                  0.00%    passed     99.63%
 570  2002.203                                                                                  0.00%    passed     99.84%
 571  2001.658_2                                                                                0.00%    passed     99.51%
 572  2006.907                                                                                  0.00%    passed     99.23%
 573  2006.759                                                                                  0.00%    passed     99.23%
 574  2006.603_3                                                                                0.00%    passed     98.73%
 575  2006.597                                                                                  0.00%    passed     99.23%
 576  2006.581                                                                                  0.00%    passed     99.23%
 577  2006.567                                                                                  0.00%    passed     99.23%
 578  2003.403_2                                                                                0.00%    passed     99.08%
 579  2003.386                                                                                  0.00%    passed     99.08%
 580  2003.764                                                                                  0.00%    passed     99.95%
 581  2002.493                                                                                  0.00%    passed     99.75%
 582  2003.575                                                                                  0.00%    passed     97.47%
 583  2003.455                                                                                  0.00%    passed     99.53%
 584  2002.808                                                                                  0.00%    passed     98.28%
 585  2002.989                                                                                  0.00%    passed     99.47%
 586  2002.942                                                                                  0.00%    passed     99.81%
 587  2003.211                                                                                  0.00%    passed     99.46%
 588  2002.921                                                                                  0.00%    passed     99.53%
 589  2002.384                                                                                  0.00%    passed     98.75%
 590  2002.142                                                                                  0.00%    passed     98.11%
 591  2003.488                                                                                  0.00%    passed     99.24%
 592  1997.573                                                                                  0.00%    passed     99.46%
 593  2004.678                                                                                  0.00%    passed     98.14%
 594  2004.954                                                                                  0.00%    passed     96.50%
 595  2006.181                                                                                  0.00%    passed     99.63%
 596  2006.164                                                                                  0.00%    passed     99.53%
 597  2005.975                                                                                  0.00%    passed     99.24%
 598  2005.921                                                                                  0.00%    passed     99.46%
 599  2005.907                                                                                  0.00%    passed     99.46%
 600  2005.841                                                                                  0.00%    passed     99.46%
 601  2005.833                                                                                  0.00%    passed     99.46%
 602  2005.458                                                                                  0.00%    passed     99.46%
 603  2005.466                                                                                  0.00%    passed     99.75%
 604  2005.137                                                                                  0.00%    passed     99.75%
 605  1999.636                                                                                  0.00%    passed     99.24%
 606  1995.658_2                                                                                0.00%    passed     99.24%
 607  1997.477                                                                                  0.00%    passed     99.24%
 608  1995.658                                                                                  0.07%    passed     99.33%
 609  1998.718                                                                                  0.00%    passed     99.24%
 610  2006.91_2                                                                                 0.00%    passed     99.97%
 611  2006.581_4                                                                                0.00%    passed     99.97%
 612  2006.414                                                                                  0.00%    passed     99.94%
 613  2006.279                                                                                  0.00%    passed     99.91%
 614  2006.26                                                                                   0.07%    passed     99.85%
 615  2006.2                                                                                    0.00%    passed     99.91%
 616  2006.249                                                                                  0.00%    passed     99.91%
 617  2006.255                                                                                  0.00%    passed     99.91%
 618  2005.537_2                                                                                0.00%    passed     99.94%
 619  2006.197                                                                                  0.07%    passed     99.92%
 620  2004.055                                                                                  0.00%    passed     99.94%
 621  2006.852_3                                                                                0.00%    passed     98.62%
 622  2006.608                                                                                  0.00%    passed     98.62%
 623  2006.685                                                                                  0.07%    passed     98.15%
 624  2006.789_2                                                                                0.00%    passed     99.91%
 625  2006.203                                                                                  0.00%    passed     99.77%
 626  2006.362                                                                                  0.20%    passed     99.93%
 627  2006.482_2                                                                                0.00%    passed     99.91%
 628  2006.214                                                                                  0.00%    passed     99.77%
 629  2003.395_2                                                                                0.00%    passed     98.99%
 630  2006.282                                                                                  0.00%    passed     99.91%
 631  2006.277                                                                                  0.00%    passed     99.94%
 632  2006.211                                                                                  0.00%    passed     99.94%
 633  2006.016                                                                                  0.07%    passed     99.95%
 634  2006.008_2                                                                                0.00%    passed     99.91%
 635  2004.989                                                                                  0.00%    passed     99.77%
 636  2004.855                                                                                  0.00%    passed     99.91%
 637  2004.915                                                                                  0.00%    passed     99.91%
 638  2004.716                                                                                  0.00%    passed     99.91%
 639  2004.475                                                                                  0.00%    passed     99.75%
 640  2004.445                                                                                  0.00%    passed     99.63%
 641  2009.542                                                                                  0.00%    passed     98.18%
 642  2009.203                                                                                  0.00%    passed     96.17%
 643  2009.118                                                                                  0.00%    passed     96.17%
 644  2007.458                                                                                  0.00%    passed     96.80%
 645  2006.929_2                                                                                0.00%    passed     97.91%
 646  2006.926                                                                                  0.00%    passed     97.91%
 647  2006.57_3                                                                                 0.00%    passed     98.69%
 648  2006.512                                                                                  0.00%    passed     99.03%
 649  2006.225                                                                                  0.00%    passed     99.03%
 650  2006.055                                                                                  0.00%    passed     99.03%
 651  2006.899_2                                                                                0.00%    passed     98.62%
 652  2006.581_3                                                                                0.00%    passed     99.21%
 653  2006.397                                                                                  0.07%    passed     98.90%
 654  2006.485                                                                                  0.00%    passed     99.20%
 655  2006.129                                                                                  0.00%    passed     99.20%
 656  2006.279_2                                                                                0.07%    passed     98.89%
 657  2005.479                                                                                  0.00%    passed     97.91%
 658  2006.94                                                                                   0.00%    passed     99.49%
 659  2006.792_2                                                                                0.00%    passed     99.49%
 660  2006.542                                                                                  0.00%    passed     99.49%
 661  2006.945                                                                                  0.00%    passed     99.50%
 662  2006.444                                                                                  0.00%    passed     98.69%
 663  2006.26_2                                                                                 0.00%    passed     99.03%
 664  2006.855_2                                                                                0.00%    passed     98.30%
 665  2006.647                                                                                  0.00%    passed     99.03%
 666  2004.473                                                                                  0.00%    passed     97.72%
 667  2004.372                                                                                  0.00%    passed     99.53%
 668  2006.551                                                                                  0.00%    passed     99.46%
 669  2006.23                                                                                   0.07%    passed     99.01%
 670  2005.345                                                                                  0.00%    passed     95.78%
 671  2005.123                                                                                  0.00%    passed     95.14%
 672  2011.468                                                                                  0.00%    passed     98.16%
 673  2006.679_2                                                                                0.00%    passed     98.16%
 674  2002.279                                                                                  0.00%    passed     98.16%
 675  2006.299                                                                                  0.00%    passed     98.16%
 676  2006.416                                                                                  0.07%    passed     98.40%
 677  2006.403                                                                                  0.00%    passed     98.16%
 678  2007.238                                                                                  0.00%    passed     98.82%
 679  2007.216                                                                                  0.00%    passed     98.82%
 680  2006.57                                                                                   0.00%    passed     98.62%
 681  2006.082                                                                                  0.00%    passed     98.16%
 682  2007.578                                                                                  0.00%    passed     96.67%
 683  2006.907_4                                                                                0.00%    passed     98.25%
 684  1997.463                                                                                  0.00%    passed     98.25%
 685  2006.827                                                                                  0.00%    passed     98.73%
 686  2006.529_2                                                                                0.00%    passed     98.73%
 687  2006.515                                                                                  0.00%    passed     98.73%
 688  2006.611                                                                                  0.00%    passed     98.73%
 689  2006.482                                                                                  0.00%    passed     98.82%
 690  2006.929                                                                                  0.00%    passed     97.52%
 691  2005.37                                                                                   0.00%    passed     98.82%
 692  2005.37_2                                                                                 0.00%    passed     98.82%
 693  2008.593                                                                                  0.00%    passed     98.18%
 694  2006.551_2                                                                                0.00%    passed     98.75%
 695  2006.518                                                                                  0.07%    passed     98.87%
 696  2006.529                                                                                  0.00%    passed     98.75%
 697  2005.959                                                                                  0.00%    passed     98.75%
 698  2006.258                                                                                  0.00%    passed     98.75%
 699  2006.115                                                                                  0.13%    passed     98.69%
 700  2005.773                                                                                  0.00%    passed     97.68%
 701  2006.038                                                                                  0.00%    passed     98.70%
 702  2006.622_4                                                                                0.00%    passed     96.50%
 703  2007.5_3                                                                                  0.00%    passed     96.86%
 704  1999.537_2                                                                                0.00%    passed     99.26%
 705  2006.893_2                                                                                0.00%    passed     99.24%
 706  2006.888                                                                                  0.00%    passed     99.24%
 707  2007.512                                                                                  0.00%    passed     99.37%
 708  2011.441                                                                                  0.00%    passed     97.53%
 709  2010.871                                                                                  0.00%    passed     98.28%
 710  2010.866                                                                                  0.00%    passed     99.29%
 711  2010.764                                                                                  0.00%    passed     99.29%
 712  2011.26                                                                                   0.00%    passed     99.85%
 713  2014.732                                                                                  0.00%    passed     98.70%
 714  2014.641                                                                                  0.00%    passed     99.26%
 715  2012.53                                                                                   0.00%    passed     99.12%
 716  2012.948                                                                                  0.00%    passed     99.50%
 717  2013.658                                                                                  0.00%    passed     99.58%
 718  2013.025                                                                                  0.00%    passed     99.91%
 719  2011.345                                                                                  0.00%    passed     99.54%
 720  2011.34                                                                                   0.00%    passed     99.66%
 721  2010.792                                                                                  0.00%    passed     97.69%
 722  2008.585                                                                                  0.00%    passed     99.13%
 723  2006.871                                                                                  0.00%    passed     99.29%
 724  2006.395                                                                                  0.00%    passed     99.29%
 725  2003.307                                                                                  0.00%    passed     99.29%
 726  2006.685_2                                                                                0.00%    passed     99.13%
 727  2006.773                                                                                  0.00%    passed     99.29%
 728  2006.455                                                                                  0.00%    passed     99.46%
 729  2006.058                                                                                  0.00%    passed     99.24%
 730  2005.622                                                                                  0.00%    passed     98.53%
 731  2009.5                                                                                    0.00%    passed     99.76%
 732  2009.6                                                                                    0.00%    passed     99.81%
 733  2006.184                                                                                  0.13%    passed     99.90%
 734  2006.145                                                                                  0.00%    passed     99.46%
 735  1999.46                                                                                   0.00%    passed     96.48%
 736  2009.532                                                                                  0.00%    passed     98.51%
 737  2009.501                                                                                  0.00%    passed     97.68%
 738  2009.411                                                                                  0.00%    passed     97.68%
 739  2008.516                                                                                  0.00%    passed     99.27%
 740  2012.724                                                                                  0.00%    passed     97.64%
 741  2010.362                                                                                  0.00%    passed     96.13%
 742  2003.342                                                                                  0.07%    passed     97.97%
 743  2007.666                                                                                  0.00%    passed     95.13%
 744  2006.318                                                                                  0.00%    passed     97.20%
 745  2011.945                                                                                  0.00%    passed     99.99%
 746  2011.502                                                                                  0.00%    passed     99.91%
 747  2004.295                                                                                  0.00%    passed     99.91%
 748  2006.625                                                                                  0.00%    passed     99.91%
 749  2008.943                                                                                  0.00%    passed     99.65%
 750  2007.562                                                                                  0.00%    passed     99.98%
 751  2005.707                                                                                  0.00%    passed     99.50%
 752  2006.964                                                                                  0.00%    passed     92.82%
 753  2006.614_3                                                                                0.00%    passed     95.38%
 754  2006.57_4                                                                                 0.00%    passed     95.38%
 755  2006.559_2                                                                                0.00%    passed     95.38%
 756  2006.526_2                                                                                0.00%    passed     95.38%
 757  2006.403_3                                                                                0.07%    passed     96.02%
 758  2006.948                                                                                  0.00%    passed     96.24%
 759  2006.945_2                                                                                0.00%    passed     96.24%
 760  2006.789_3                                                                                0.00%    passed     96.24%
 761  2006.907_3                                                                                0.00%    passed     96.60%
 762  2006.732                                                                                  0.00%    passed     93.95%
 763  2006.926_2                                                                                0.07%    passed     96.02%
 764  2006.301                                                                                  0.07%    passed     95.51%
 765  2006.126                                                                                  0.00%    passed     97.40%
 766  2006.244                                                                                  0.13%    passed     98.11%
 767  2006.923                                                                                  0.00%    passed     96.35%
 768  2006.337                                                                                  0.00%    passed     94.22%
 769  2006.192                                                                                  0.00%    passed     94.22%
 770  2006.011                                                                                  0.00%    passed     95.43%
 771  2004.852                                                                                  0.00%    passed     97.98%
 772  2004.811                                                                                  0.00%    passed     97.98%
 773  1995.507                                                                                  0.00%    passed     99.25%
 774  2003.455_2                                                                                0.00%    passed     98.80%
 775  2002.499                                                                                  0.00%    passed     98.25%
 776  2001.956                                                                                  0.00%    passed     97.52%
 777  2000.79                                                                                   0.00%    passed     97.52%
 778  2000.956                                                                                  0.00%    passed     98.73%
 779  2002.077                                                                                  0.00%    passed     98.82%
 780  2006.597_2                                                                                0.07%    passed     97.09%
 781  2006.066                                                                                  0.13%    passed     97.35%
 782  2003.622                                                                                  0.00%    passed     99.81%
 783  2006.575                                                                                  0.00%    passed     98.25%
 784  2006.014                                                                                  0.00%    passed     99.24%
 785  2006.674                                                                                  0.00%    passed     98.23%
 786  2006.619_2                                                                                0.00%    passed     98.23%
 787  2006.236                                                                                  0.00%    passed     98.23%
 788  2006.504_2                                                                                0.00%    passed     96.60%
 789  2006.49_2                                                                                 0.00%    passed     96.60%
 790  2003.5_4                                                                                  0.00%    passed     99.24%
 791  2003.5_5                                                                                  0.00%    passed     98.73%
 792  2006.874                                                                                  0.00%    passed     98.14%
 793  2003.5_6                                                                                  0.00%    passed     99.24%
 794  2004.847                                                                                  0.00%    passed     98.99%
 795  2002.37_2                                                                                 0.00%    passed     99.10%
 796  2001.877                                                                                  0.00%    passed     98.75%
 797  2006.814                                                                                  0.00%    passed     99.46%
 798  1995.918                                                                                  0.00%    passed     99.08%
 799  2006.581_5                                                                                0.00%    passed     96.13%
 800  2004.5_5                                                                                  0.00%    passed     99.85%
 801  2003.5_2                                                                                  0.00%    passed     99.76%
 802  2001.762                                                                                  0.00%    passed     99.75%
 803  2001.5_5                                                                                  0.00%    passed     99.63%
 804  2000.5_3                                                                                  0.00%    passed     99.85%
 805  2005.5_9                                                                                  0.00%    passed     99.46%
 806  2011.847                                                                                  0.00%    passed     93.22%
 807  2008.757                                                                                  0.00%    passed     97.99%
 808  2009.414                                                                                  0.00%    passed     95.90%
 809  2006.97                                                                                   0.00%    passed     95.43%
 810  2006.767                                                                                  0.00%    passed     96.89%
 811  2006.932_2                                                                                0.00%    passed     92.82%
 812  2006.803                                                                                  0.00%    passed     98.53%
 813  2006.721                                                                                  0.00%    passed     95.94%
 814  2006.452                                                                                  0.00%    passed     93.58%
 815  2006.638_3                                                                                0.00%    passed     96.89%
 816  2006.627                                                                                  0.00%    passed     96.89%
 817  2006.548                                                                                  0.00%    passed     96.89%
 818  2006.649_2                                                                                0.00%    passed     98.53%
 819  2006.49_3                                                                                 0.07%    passed     97.65%
 820  2006.66_2                                                                                 0.00%    passed     99.31%
 821  2006.605                                                                                  0.00%    passed     99.10%
 822  2006.526                                                                                  0.00%    passed     97.20%
 823  2006.255_2                                                                                0.13%    passed     98.49%
 824  2006.241                                                                                  0.07%    passed     97.09%
 825  2006.608_2                                                                                0.00%    passed     96.89%
 826  2006.375                                                                                  0.00%    passed     97.35%
 827  2006.323                                                                                  0.13%    passed     95.88%
 828  2006.189                                                                                  0.00%    passed     97.64%
 829  2005.364                                                                                  0.07%    passed     96.19%
 830  2011.638                                                                                  0.00%    passed     88.64%
 831  2011.504                                                                                  0.00%    passed     88.64%
 832  2002.496                                                                                  0.00%    passed     91.32%
 833  2006.433_2                                                                                0.00%    passed     90.35%
 834  2006.956                                                                                  0.00%    passed     97.52%
 835  2004.626                                                                                  0.00%    passed     98.25%
 836  2010.751                                                                                  0.00%    passed     96.60%
 837  1999.474                                                                                  0.00%    passed     98.75%
 838  2011.493                                                                                  0.00%    passed     99.74%
 839  2011.455                                                                                  0.00%    passed     99.84%
 840  1997.929                                                                                  0.00%    passed     99.74%
 841  2000.678                                                                                  0.00%    passed     99.85%
 842  2000.456                                                                                  0.00%    passed     99.84%
 843  1998.405                                                                                  0.00%    passed     99.50%
 844  1999.082                                                                                  0.00%    passed     99.74%
 845  1999.671                                                                                  0.00%    passed     99.26%
 846  1999.471                                                                                  0.07%    passed     99.48%
 847  1997.797                                                                                  0.00%    passed     98.70%
 848  1997.792                                                                                  0.00%    passed     99.51%
 849  1996.907                                                                                  0.00%    passed     99.27%
 850  1996.62                                                                                   0.00%    passed     99.63%
 851  1997.112_2                                                                                0.07%    passed     99.21%
 852  1998.025                                                                                  0.07%    passed     99.52%
 853  2003.825                                                                                  0.00%    passed     97.48%
 854  1997.644                                                                                  0.00%    passed     98.70%
 855  1999.477                                                                                  0.00%    passed     99.27%
 856  1998.132                                                                                  0.00%    passed     98.70%
 857  1999.521                                                                                  0.00%    passed     99.12%
 858  1998.86                                                                                   0.00%    passed     99.63%
 859  1999.556                                                                                  0.00%    passed     99.50%
 860  1997.458                                                                                  0.00%    passed     99.20%
 861  2001.948                                                                                  0.00%    passed     99.10%
 862  2001.655                                                                                  0.00%    passed     97.48%
 863  2001.589                                                                                  0.00%    passed     97.48%
 864  2001.573                                                                                  0.00%    passed     97.24%
 865  2001.332                                                                                  0.00%    passed     99.20%
 866  2000.694                                                                                  0.00%    passed     97.47%
 867  1999.97                                                                                   0.00%    passed     98.51%
 868  2001.296                                                                                  0.07%    passed     98.40%
 869  1998.742                                                                                  0.00%    passed     99.63%
 870  1998.186_2                                                                                0.00%    passed     98.70%
 871  1997.351                                                                                  0.00%    passed     99.10%
 872  1996.787                                                                                  0.00%    passed     99.63%
 873  2000.904                                                                                  0.00%    passed     99.24%
 874  2000.503                                                                                  0.00%    passed     99.24%
 875  1999.537                                                                                  0.00%    passed     99.46%
 876  2011.332                                                                                  0.00%    passed     99.10%
 877  1997.433                                                                                  0.00%    passed     99.10%
 878  1998.485                                                                                  0.00%    passed     99.85%
 879  1997.707_2                                                                                0.00%    passed     98.18%
 880  1997.616                                                                                  0.00%    passed     98.75%
 881  1995.71                                                                                   0.00%    passed     99.46%
 882  1996.568                                                                                  0.00%    passed     99.63%
 883  1995.885                                                                                  0.00%    passed     99.26%
 884  1995.723                                                                                  0.00%    passed     99.26%
 885  1995.589                                                                                  0.07%    passed     99.59%
 886  1996.705                                                                                  0.00%    passed     98.31%
 887  1997.373                                                                                  0.00%    passed     99.94%
 888  1998.575                                                                                  0.00%    passed     99.53%
 889  1997.652_2                                                                                0.00%    passed     99.27%
 890  1996.814                                                                                  0.00%    passed     99.26%
 891  1996.579                                                                                  0.00%    passed     99.26%
 892  1998.096                                                                                  0.00%    passed     98.75%
 893  1994.707                                                                                  0.00%    passed     99.10%
 894  1994.364                                                                                  0.00%    passed     98.51%
 895  1994.5_11                                                                                 0.13%    passed     99.49%
 896  1999.638_3                                                                                0.00%    passed     99.38%
 897  1998.255                                                                                  0.00%    passed     99.32%
 898  1996.486                                                                                  0.00%    passed     99.09%
 899  1998.016                                                                                  0.00%    passed     99.26%
 900  1996.932_2                                                                                0.00%    passed     98.83%
 901  2003.795                                                                                  0.00%    passed     96.48%
 902  1998.345                                                                                  0.00%    passed     97.72%
 903  1998.367                                                                                  0.00%    passed     95.90%
 904  1998.241                                                                                  0.00%    passed     93.39%
 905  1997.052                                                                                  0.00%    passed     93.73%
 906  1998.074                                                                                  0.00%    passed     92.14%
 907  1997.304                                                                                  0.00%    passed     98.70%
 908  1996.205                                                                                  0.00%    passed     98.70%
 909  1996.781                                                                                  0.07%    passed     98.87%
 910  1996.53                                                                                   0.00%    passed     96.50%
 911  1995.304                                                                                  0.00%    passed     98.73%
 912  1995.126                                                                                  0.00%    passed     98.73%
 913  1995.197                                                                                  0.13%    passed     98.77%
 914  1995.666_2                                                                                0.13%    passed     98.29%
 915  1995.595                                                                                  0.00%    passed     98.70%
 916  1995.584_2                                                                                0.00%    passed     98.70%
 917  1995.63                                                                                   0.13%    passed     98.29%
 918  1995.66                                                                                   0.00%    passed     99.26%
 919  1995.638                                                                                  0.13%    passed     99.45%
 920  1995.548                                                                                  0.00%    passed     99.27%
 921  1994.926                                                                                  0.00%    passed     99.50%
 922  1994.6                                                                                    0.00%    passed     99.10%
 923  1994.5_10                                                                                 0.00%    passed     97.90%
 924  1994.504                                                                                  0.00%    passed     99.50%
 925  1998.052                                                                                  0.20%    passed     91.51%
 926  1998.216                                                                                  0.13%    passed     99.09%
 927  1996.574                                                                                  0.00%    passed     99.63%
 928  1995.786                                                                                  0.00%    passed     99.26%
 929  1998.055                                                                                  0.00%    passed     98.75%
 930  1997.671                                                                                  0.00%    passed     99.50%
 931  1997.559                                                                                  0.00%    passed     99.10%
 932  2002.126                                                                                  0.00%    passed     98.53%
 933  1997.5                                                                                    0.07%    passed     99.12%
 934  1996.921                                                                                  0.00%    passed     99.26%
 935  1998.926                                                                                  0.00%    passed     97.48%
 936  1998.896                                                                                  0.00%    passed     98.14%
 937  1998.173_2                                                                                0.00%    passed     97.20%
 938  1999.071                                                                                  0.00%    passed     98.16%
 939  1999.06                                                                                   0.00%    passed     98.16%
 940  2002.145                                                                                  0.00%    passed     97.52%
 941  2000.929                                                                                  0.00%    passed     98.25%
 942  2000.574                                                                                  0.00%    passed     98.82%
 943  2001.638_2                                                                                0.00%    passed     94.13%
 944  2000.814                                                                                  0.00%    passed     95.13%
 945  1999.521_2                                                                                0.07%    passed     98.15%
 946  1999.534                                                                                  0.00%    passed     94.13%
 947  1998.797                                                                                  0.00%    passed     95.57%
 948  2001.797                                                                                  0.00%    passed     92.63%
 949  2001.704_2                                                                                0.00%    passed     92.63%
 950  2001.186                                                                                  0.00%    passed     97.40%
 951  2000.388                                                                                  0.00%    passed     96.60%
 952  1999.367                                                                                  0.00%    passed     93.79%
 953  2000.907                                                                                  0.00%    passed     95.39%
 954  2000.743                                                                                  0.00%    passed     95.38%
 955  2000.661_2                                                                                0.00%    passed     95.38%
 956  2000.661                                                                                  0.07%    passed     94.61%
 957  2000.593                                                                                  0.00%    passed     95.38%
 958  2000.5                                                                                    0.00%    passed     98.14%
 959  2000.134                                                                                  0.07%    passed     97.86%
 960  2001.474                                                                                  0.07%    passed     92.05%
 961  1997.71                                                                                   0.00%    passed     98.00%
 962  1997.652                                                                                  0.00%    passed     98.00%
 963  1998.879                                                                                  0.00%    passed     93.39%
 964  1998.726                                                                                  0.00%    passed     93.39%
 965  1998.205                                                                                  0.00%    passed     92.81%
 966  1998.06                                                                                   0.00%    passed     87.57%
 967  2006.603                                                                                  0.00%    passed     97.25%
 968  2000.615                                                                                  0.00%    passed     97.25%
 969  2001.375                                                                                  0.00%    passed     97.25%
 970  2000.923                                                                                  0.07%    passed     98.47%
 971  2000.874                                                                                  0.00%    passed     98.30%
 972  2000.872                                                                                  0.00%    passed     98.30%
 973  2000.609                                                                                  0.00%    passed     98.30%
 974  2000.689                                                                                  0.07%    passed     98.15%
 975  2001.595                                                                                  0.00%    passed     96.17%
 976  2001.515                                                                                  0.00%    passed     98.18%
 977  2001.493_2                                                                                0.00%    passed     98.04%
 978  2000.945                                                                                  0.00%    passed     98.18%
 979  2000.363                                                                                  0.00%    passed     98.18%
 980  2002.992                                                                                  0.00%    passed     99.03%
 981  2002.992_2                                                                                0.00%    passed     99.03%
 982  2006.496                                                                                  0.00%    passed     98.99%
 983  1996.945                                                                                  0.00%    passed     98.99%
 984  1996.779                                                                                  0.00%    passed     99.46%
 985  1996.56                                                                                   0.00%    passed     98.73%
 986  1997.304_2                                                                                0.00%    passed     98.73%
 987  1997.729                                                                                  0.00%    passed     99.24%
 988  1998.167                                                                                  0.07%    passed     99.62%
 989  1998.104                                                                                  0.00%    passed     99.46%
 990  1998.737                                                                                  0.00%    passed     98.73%
 991  1998.923                                                                                  0.00%    passed     99.08%
 992  1998.214                                                                                  0.00%    passed     99.57%
 993  1999.074                                                                                  0.00%    passed     99.53%
 994  1998.827                                                                                  0.07%    passed     98.76%
 995  2011.367                                                                                  0.00%    passed     98.62%
 996  1997.112                                                                                  0.07%    passed     99.52%
 997  1996.549                                                                                  0.07%    passed     99.12%
 998  2000.432                                                                                  0.00%    passed     99.03%
 999  1999.17                                                                                   0.00%    passed     99.03%
1000  2000.432_2                                                                                0.00%    passed     99.98%
1001  1999.479                                                                                  0.00%    passed     99.92%
1002  1998.734                                                                                  0.00%    passed     99.92%
1003  1998.09                                                                                   0.00%    passed     99.36%
1004  1997.54                                                                                   0.00%    passed     99.41%
1005  1998.496                                                                                  0.00%    passed     99.02%
1006  1995.581                                                                                  0.00%    passed     99.18%
1007  2006.559                                                                                  0.00%    passed     98.51%
1008  1998.252                                                                                  0.00%    passed     98.51%
1009  1997.444                                                                                  0.00%    passed     97.30%
1010  1999.638_2                                                                                0.00%    passed     97.90%
1011  1998.315                                                                                  0.00%    passed     96.84%
1012  1996.932                                                                                  0.13%    passed     96.97%
1013  1998.5_3                                                                                  0.00%    passed     95.20%
1014  2006.734                                                                                  0.00%    passed     97.91%
1015  2001.89                                                                                   0.00%    passed     98.54%
1016  2001.54                                                                                   0.00%    passed     98.82%
1017  2001.54_2                                                                                 0.00%    passed     98.82%
1018  2001.463                                                                                  0.00%    passed     98.82%
1019  2001.452                                                                                  0.00%    passed     99.41%
1020  2001.403                                                                                  0.00%    passed     99.68%
1021  2000.866                                                                                  0.07%    passed     99.52%
1022  2000.787                                                                                  0.00%    passed     99.30%
1023  2000.495                                                                                  0.00%    passed     99.30%
1024  2000.62                                                                                   0.00%    passed     98.62%
1025  2001.14                                                                                   0.00%    passed     99.30%
1026  2001.263                                                                                  0.00%    passed     98.82%
1027  2001.356_2                                                                                0.00%    passed     99.62%
1028  2006.532                                                                                  0.00%    passed     99.06%
1029  2005.967                                                                                  0.00%    passed     99.06%
1030  2005.537                                                                                  0.00%    passed     99.30%
1031  2005.721                                                                                  0.13%    passed     99.01%
1032  2008.738                                                                                  0.00%    passed     98.16%
1033  2006.5_4                                                                                  0.00%    passed     96.48%
1034  2006.5_5                                                                                  0.00%    passed     97.72%
1035  2005.5_4                                                                                  0.00%    passed     98.06%
1036  2005.5_5                                                                                  0.00%    passed     98.62%
1037  2005.5_6                                                                                  0.00%    passed     98.64%
1038  2005.5_10                                                                                 0.00%    passed     97.72%
1039  2011.811                                                                                  0.00%    passed     95.57%
1040  2010.693                                                                                  0.00%    passed     97.78%
1041  2010.619                                                                                  0.07%    passed     96.53%
1042  2010.512                                                                                  0.00%    passed     97.20%
1043  2008.246                                                                                  0.00%    passed     99.46%
1044  2007.5_4                                                                                  0.00%    passed     96.48%
1045  2011.411                                                                                  0.00%    passed     99.54%
1046  2010.608                                                                                  0.00%    passed     99.87%
1047  2006.784_2                                                                                0.07%    passed     98.48%
1048  2014.197                                                                                  0.07%    passed     99.35%
1049  2013.405                                                                                  0.00%    passed     99.31%
1050  2012.582                                                                                  0.00%    passed     99.02%
1051  2012.361                                                                                  0.00%    passed     97.52%
1052  2012.362                                                                                  0.00%    passed     97.52%
1053  2011.033                                                                                  0.00%    passed     98.83%
1054  2011.458                                                                                  0.00%    passed     98.05%
1055  2007.419_3                                                                                0.00%    passed     91.03%
1056  2007.397                                                                                  0.00%    passed     92.90%
1057  2001.126                                                                                  0.00%    passed     89.40%
1058  2000.454                                                                                  0.00%    passed     86.65%
1059  2000.363_2                                                                                0.00%    passed     96.50%
1060  1999.83                                                                                   0.00%    passed     98.18%
1061  2000.568                                                                                  0.00%    passed     98.00%
1062  1998.907                                                                                  0.00%    passed     95.09%
1063  1999.132                                                                                  0.07%    passed     98.87%
1064  1999.167                                                                                  0.00%    passed     97.68%
1065  1998.603                                                                                  0.00%    passed     99.10%
1066  2008.5_4                                                                                  0.00%    passed     98.99%
1067  2008.5_5                                                                                  0.00%    passed     97.90%
1068  2008.5_6                                                                                  0.00%    passed     97.68%
1069  2001.241                                                                                  0.00%    passed     99.27%
1070  2000.989                                                                                  0.00%    passed     99.27%
1071  2000.795                                                                                  0.00%    passed     99.27%
1072  2000.858                                                                                  0.00%    passed     98.70%
1073  2000.847                                                                                  0.00%    passed     98.70%
1074  2000.973                                                                                  0.00%    passed     97.70%
1075  2000.623                                                                                  0.13%    passed     99.38%
1076  2000.538                                                                                  0.13%    passed     99.38%
1077  2000.986                                                                                  0.00%    passed     99.32%
1078  2003.359_2                                                                                0.00%    passed     98.00%
1079  2003.118                                                                                  0.00%    passed     98.00%
1080  2002.247                                                                                  0.00%    passed     98.30%
1081  2001.214                                                                                  0.07%    passed     98.34%
1082  2000.53                                                                                   0.00%    passed     98.40%
1083  2000.527                                                                                  0.00%    passed     98.40%
1084  2000.557                                                                                  0.00%    passed     98.40%
1085  2000.511                                                                                  0.00%    passed     99.12%
1086  1999.641                                                                                  0.00%    passed     97.37%
1087  2010.647                                                                                  0.07%    passed     98.71%
1088  2010.553                                                                                  0.00%    passed     99.23%
1089  2010.455                                                                                  0.00%    passed     99.23%
1090  2009.5_2                                                                                  0.13%    passed     99.85%
1091  2008.566                                                                                  0.13%    passed     99.91%
1092  2007.893                                                                                  0.13%    passed     99.86%
1093  2007.633                                                                                  0.00%    passed     99.86%
1094  2007.633_2                                                                                0.07%    passed     99.72%
1095  2007.392                                                                                  0.00%    passed     99.86%
1096  2007.614                                                                                  0.00%    passed     99.86%
1097  2006.926_4                                                                                0.00%    passed     99.86%
1098  2006.915                                                                                  0.00%    passed     99.74%
1099  2006.364                                                                                  0.00%    passed     99.86%
1100  2006.148_2                                                                                0.00%    passed     99.74%
1101  2005.932                                                                                  0.00%    passed     99.74%
1102  2006.14_2                                                                                 0.00%    passed     99.74%
1103  2006.137                                                                                  0.00%    passed     99.74%
1104  2005.814                                                                                  0.00%    passed     99.74%
1105  2005.811                                                                                  0.00%    passed     99.74%
1106  2006.036                                                                                  0.00%    passed     99.74%
1107  2006.29                                                                                   0.00%    passed     99.74%
1108  2006.159                                                                                  0.00%    passed     99.74%
1109  2006.789                                                                                  0.00%    passed     99.74%
1110  2006.46                                                                                   0.00%    passed     99.74%
1111  2006.403_2                                                                                0.00%    passed     99.74%
1112  2006.414_2                                                                                0.00%    passed     99.62%
1113  2005.978                                                                                  0.00%    passed     99.84%
1114  2006.266                                                                                  0.00%    passed     99.86%
1115  2006.304                                                                                  0.00%    passed     99.86%
1116  2006.616                                                                                  0.00%    passed     99.74%
1117  2002.175                                                                                  0.00%    passed     99.62%
1118  2006.381                                                                                  0.00%    passed     99.84%
1119  2006.91_3                                                                                 0.00%    passed     99.84%
1120  2006.679                                                                                  0.00%    passed     99.74%
1121  2006.668                                                                                  0.00%    passed     99.50%
1122  2006.622_2                                                                                0.00%    passed     99.74%
1123  2006.603_2                                                                                0.00%    passed     99.74%
1124  2006.658                                                                                  0.00%    passed     99.74%
1125  2006.808                                                                                  0.00%    passed     99.74%
1126  2006.748                                                                                  0.00%    passed     99.86%
1127  2006.792                                                                                  0.00%    passed     99.50%
1128  2006.973                                                                                  0.00%    passed     99.74%
1129  2006.893                                                                                  0.00%    passed     98.75%
1130  2006.162                                                                                  0.13%    passed     99.49%
1131  2006.148                                                                                  0.07%    passed     99.30%
1132  2006.14                                                                                   0.00%    passed     99.20%
1133  2006.521                                                                                  0.00%    passed     99.91%
1134  2006.677                                                                                  0.00%    passed     99.63%
1135  2006.641                                                                                  0.00%    passed     99.63%
1136  2006.57_2                                                                                 0.00%    passed     99.63%
1137  2005.14_2                                                                                 0.00%    passed     99.63%
1138  2006.94_2                                                                                 0.00%    passed     99.84%
1139  2007.622                                                                                  0.00%    passed     99.98%
1140  2006.764                                                                                  0.13%    passed     99.89%
1141  2006.271                                                                                  0.07%    passed     99.77%
1142  2013.159                                                                                  0.00%    passed     92.83%
1143  2012.842                                                                                  0.00%    passed     92.83%
1144  2012.858                                                                                  0.00%    passed     92.83%
1145  2012.762                                                                                  0.00%    passed     92.83%
1146  2012.883                                                                                  0.00%    passed     97.48%
1147  2012.697                                                                                  0.00%    passed     98.31%
1148  2009.5_4                                                                                  0.00%    passed     95.56%
1149  2008.5                                                                                    0.00%    passed     96.84%
1150  2008.5_8                                                                                  0.00%    passed     96.11%
1151  2006.5_6                                                                                  0.00%    passed     95.36%
1152  2007.5_6                                                                                  0.00%    passed     97.90%
1153  2008.5_7                                                                                  0.00%    passed     95.56%
1154  2008.5_9                                                                                  0.00%    passed     96.11%
1155  2007.5_5                                                                                  0.00%    passed     94.31%
1156  2006.693                                                                                  0.00%    passed     91.21%
1157  2005.5_13                                                                                 0.00%    passed     91.36%
1158  2006.5_8                                                                                  0.00%    passed     93.73%
1159  2013.11                                                                                   0.00%    passed     97.24%
1160  2012.861                                                                                  0.00%    passed     97.24%
1161  2005.5_11                                                                                 0.00%    passed     96.60%
1162  2002.899                                                                                  0.00%    passed     98.51%
1163  2013.066                                                                                  0.00%    passed     96.54%
1164  2013.129                                                                                  0.00%    passed     99.27%
1165  2008.5_3                                                                                  0.00%    passed     99.27%
1166  2006.5_3                                                                                  0.00%    passed     99.27%
1167  2007.5                                                                                    0.00%    passed     98.70%
1168  2008.5_2                                                                                  0.00%    passed     91.36%
1169  2006.5                                                                                    0.00%    passed     85.19%
1170  2005.5                                                                                    0.00%    passed     85.04%
1171  2006.5_2                                                                                  0.00%    passed     91.07%
1172  2003.5_3                                                                                  0.00%    passed     91.03%
1173  2002.5_3                                                                                  0.00%    passed     91.21%
1174  2007.5_7                                                                                  0.00%    passed     88.16%
1175  2006.5_7                                                                                  0.00%    passed     89.40%
1176  2005.5_12                                                                                 0.00%    passed     91.76%
1177  2007.5_2                                                                                  0.00%    passed     91.21%
1178  2000.992                                                                                  0.00%    passed     97.20%
1179  2000.637                                                                                  0.00%    passed     98.82%
1180  2002.37                                                                                   0.00%    passed     97.52%
1181  2013.279                                                                                  0.00%    passed     97.34%
1182  2012.893                                                                                  0.00%    passed     97.20%
1183  2005.5_7                                                                                  0.07%    passed     96.93%
1184  2002.5                                                                                    0.00%    passed     97.48%
1185  2001.5_2                                                                                  0.00%    passed     97.24%
1186  2001.5_3                                                                                  0.00%    passed     98.51%
1187  2001.5_4                                                                                  0.00%    passed     96.11%
1188  2013.866                                                                                  0.00%    passed     99.31%
1189  2012.598                                                                                  0.00%    passed     97.93%
1190  2010.655                                                                                  0.00%    passed     98.38%
1191  2009.827                                                                                  0.00%    passed     97.91%
1192  2010.833                                                                                  0.00%    passed     94.64%
1193  2013.69                                                                                   0.00%    passed     89.66%
1194  2016.014                                                                                  0.00%    passed     98.91%
1195  2014.745                                                                                  0.00%    passed     97.20%
1196  2007.419_2                                                                                0.00%    passed     99.15%
1197  2003.326                                                                                  0.00%    passed     98.72%
1198  1995.6                                                                                    0.00%    passed     98.72%
1199  1995.6_2                                                                                  0.07%    passed     98.48%
1200  1995.5                                                                                    0.00%    passed     98.72%
1201  2004.074                                                                                  0.00%    passed     98.72%
1202  1995.584                                                                                  0.00%    passed     98.12%
1203  1995.641                                                                                  0.00%    passed     98.12%
1204  1995.551                                                                                  0.00%    passed     98.72%
1205  1998.244                                                                                  0.00%    passed     99.44%
1206  1997.685                                                                                  0.00%    passed     99.44%
1207  2003.353                                                                                  0.00%    passed     98.60%
1208  1997.523                                                                                  0.00%    passed     98.60%
1209  2003.315                                                                                  0.00%    passed     98.12%
1210  1999.427                                                                                  0.00%    passed     98.12%
1211  2002.236                                                                                  0.00%    passed     98.60%
1212  2000.869                                                                                  0.00%    passed     96.35%
1213  2000.549                                                                                  0.00%    passed     98.12%
1214  1994.014                                                                                  0.00%    passed     98.72%
1215  2001.093                                                                                  0.00%    passed     97.84%
1216  2001.907                                                                                  0.00%    passed     98.60%
1217  2001.055                                                                                  0.00%    passed     98.12%
1218  2003.91                                                                                   0.00%    passed     98.72%
1219  1999.638                                                                                  0.00%    passed     99.15%
1220  1999.351                                                                                  0.00%    passed     98.81%
1221  1999.348                                                                                  0.00%    passed     98.72%
1222  1994.896                                                                                  0.00%    passed     99.15%
1223  1994.847                                                                                  0.00%    passed     99.15%
1224  1994.523                                                                                  0.00%    passed     97.63%
1225  1995.666_3                                                                                0.00%    passed     99.51%
1226  1995.567                                                                                  0.00%    passed     98.60%
1227  1994.663                                                                                  0.00%    passed     97.91%
1228  1994.214                                                                                  0.00%    passed     98.12%
1229  1994.167                                                                                  0.00%    passed     98.87%
1230  2006.441_2                                                                                0.07%    passed     98.36%
1231  2001.37_2                                                                                 0.00%    passed     95.40%
1232  2004.033                                                                                  0.00%    passed     97.63%
1233  1995.688                                                                                  0.00%    passed     97.63%
1234  1996.754                                                                                  0.00%    passed     99.51%
1235  1996.393                                                                                  0.00%    passed     99.51%
1236  1995.77                                                                                   0.00%    passed     99.54%
1237  1994.816                                                                                  0.00%    passed     99.99%
1238  2006.46_2                                                                                 0.00%    passed     99.51%
1239  1998.189                                                                                  0.07%    passed     99.92%
1240  1997.707                                                                                  0.00%    passed     99.87%
1241  1997.471                                                                                  0.00%    passed     99.87%
1242  2003.359                                                                                  0.00%    passed     99.69%
1243  2001.279                                                                                  0.00%    passed     99.69%
1244  1996.489                                                                                  0.00%    passed     99.37%
1245  1997.833                                                                                  0.00%    passed     99.91%
1246  1998.186                                                                                  0.00%    passed     99.69%
1247  1997.488                                                                                  0.00%    passed     99.51%
1248  1996.497                                                                                  0.00%    passed     99.51%
1249  2004.623                                                                                  0.07%    passed     97.01%
1250  2003.707                                                                                  0.07%    passed     97.01%
1251  2003.403                                                                                  0.00%    passed     99.05%
1252  1998.058                                                                                  0.00%    passed     98.42%
1253  1997.69                                                                                   0.00%    passed     99.48%
1254  1997.978                                                                                  0.00%    passed     98.88%
1255  1994.088                                                                                  0.00%    passed     98.15%
1256  2006.49                                                                                   0.07%    passed     98.44%
1257  1995.225                                                                                  0.00%    passed     97.31%
1258  1994.97                                                                                   0.00%    passed     97.31%
1259  1994.805                                                                                  0.00%    passed     97.31%
1260  1994.5_2                                                                                  0.00%    passed     97.31%
1261  1994.5                                                                                    0.00%    passed     97.84%
1262  1994.121                                                                                  0.00%    passed     97.84%
1263  1995.107                                                                                  0.13%    passed     98.01%
1264  1998.071                                                                                  0.00%    passed     97.27%
1265  1994.956                                                                                  0.07%    passed     98.82%
1266  1995.666                                                                                  0.00%    passed     99.05%
1267  1996.544                                                                                  0.07%    passed     98.82%
1268  1994.458                                                                                  0.00%    passed     99.75%
1269  1994.058                                                                                  0.00%    passed     99.91%
1270  1995.458                                                                                  0.00%    passed     99.69%
1271  1998.167_2                                                                                0.07%    passed     96.74%
1272  1999.485                                                                                  0.00%    passed     96.58%
1273  1995.37                                                                                   0.07%    passed     99.01%
1274  1995.079                                                                                  0.00%    passed     96.24%
1275  1995.030                                                                                  0.00%    passed     96.24%
1276  1994.729                                                                                  0.00%    passed     96.24%
1277  1994.5_5                                                                                  0.00%    passed     98.60%
1278  1994.918                                                                                  0.00%    passed     98.87%
1279  1995.411                                                                                  0.13%    passed     98.82%
1280  1994.921                                                                                  0.00%    passed     99.48%
1281  2006.479                                                                                  0.07%    passed     99.42%
1282  2003.395                                                                                  0.00%    passed     99.24%
1283  1999.455                                                                                  0.00%    passed     99.24%
1284  1999.416                                                                                  0.00%    passed     98.82%
1285  2004.5_4                                                                                  0.00%    passed     99.11%
1286  2003.5_7                                                                                  0.00%    passed     99.88%
1287  2003.5_9                                                                                  0.00%    passed     99.31%
1288  2001.5_6                                                                                  0.00%    passed     99.60%
1289  2000.5_2                                                                                  0.00%    passed     99.76%
1290  2003.5_8                                                                                  0.00%    passed     99.63%
1291  2005.5_2                                                                                  0.00%    passed     97.48%
1292  2005.5_3                                                                                  0.00%    passed     95.22%
1293  2003.5                                                                                    0.00%    passed     95.22%
1294  2004.5                                                                                    0.00%    passed     97.70%
1295  2004.5_2                                                                                  0.00%    passed     95.55%
1296  1994.5_3                                                                                  0.00%    passed     98.53%
1297  2004.12                                                                                   0.00%    passed     99.61%
1298  2004.074_2                                                                                0.00%    passed     99.61%
1299  1995.321                                                                                  0.00%    passed     99.98%
1300  1994.945                                                                                  0.00%    passed     99.55%
1301  1994.592                                                                                  0.00%    passed     99.88%
1302  1991.5                                                                                    0.00%    passed     99.72%
1303  1995.186                                                                                  0.00%    passed     99.02%
1304  1994.5_7                                                                                  0.00%    passed     99.98%
1305  1994.5_9                                                                                  0.00%    passed     99.98%
1306  1994.5_8                                                                                  0.00%    passed     99.98%
1307  1994.5_13                                                                                 0.00%    passed     99.86%
1308  1994.5_4                                                                                  0.00%    passed     99.71%
1309  1988.5                                                                                    0.00%    passed     99.90%
1310  1994.375                                                                                  0.00%    passed     99.72%
1311  1996.904                                                                                  0.00%    passed     98.19%
1312  1995.381                                                                                  0.00%    passed     98.19%
1313  1995.326                                                                                  0.00%    passed     99.04%
1314  1995.69                                                                                   0.00%    passed     99.73%
1315  1985.455                                                                                  0.00%    passed     99.07%
1316  1983.455                                                                                  0.00%    passed     99.97%
1317  1982.5                                                                                    0.00%    passed     99.85%
1318  1978.455                                                                                  0.00%    passed     99.84%
1319  2002.5_2                                                                                  0.00%    passed     99.48%
1320  1998.5_2                                                                                  0.00%    passed     99.11%
1321  1995.258                                                                                  0.00%    passed     99.87%
1322  1994.238                                                                                  0.00%    passed     99.92%
1323  1994.805_2                                                                                0.00%    passed     99.86%
1324  1994.595                                                                                  0.00%    passed     99.51%
1325  1994.5_6                                                                                  0.00%    passed     97.34%
1326  1994.5_12                                                                                 0.00%    passed     94.14%
1327  1998.5                                                                                    0.00%    passed     71.42%
1328  1996.5                                                                                    0.00%    passed     82.33%
1329  1987.126                                                                                  0.00%    passed     84.03%
1330  1980.5_3                                                                                  0.00%    passed     83.25%
1331  1980.5                                                                                    0.00%    passed     88.53%
1332  1980.5_2                                                                                  0.13%    passed     83.91%
1333  1980.372                                                                                  0.00%    passed     88.53%
1334  1982.455                                                                                  0.07%    passed     82.93%
1335  1983.5                                                                                    0.00%    passed     79.01%
****  TOTAL                                                                                     0.12%  0 sequences failed composition chi2 test (p-value<5%; df=3)
NOTE: hDenV1_DELIM-0x2f_Colombia_DELIM-0x2f_un-OUCRU-341_DELIM-0x2f_2013 is identical to hDenV1_DELIM-0x2f_Colombia_DELIM-0x2f_un-OUCRU-101_DELIM-0x2f_2013 but kept for subsequent analysis
NOTE: hDenV1_DELIM-0x2f_Colombia_DELIM-0x2f_un-OUCRU-340_DELIM-0x2f_2013 is identical to hDenV1_DELIM-0x2f_Colombia_DELIM-0x2f_un-OUCRU-102_DELIM-0x2f_2013 but kept for subsequent analysis
NOTE: hDenV1_DELIM-0x2f_Colombia_DELIM-0x2f_un-OUCRU-348_DELIM-0x2f_2013 is identical to hDenV1_DELIM-0x2f_Colombia_DELIM-0x2f_un-OUCRU-101234_DELIM-0x2f_2013 but kept for subsequent analysis
NOTE: hDenV1_DELIM-0x2f_Colombia_DELIM-0x2f_un-OUCRU-520_DELIM-0x2f_2012 is identical to hDenV1_DELIM-0x2f_Colombia_DELIM-0x2f_un-OUCRU-10123_DELIM-0x2f_2012 but kept for subsequent analysis
NOTE: hDenV1_DELIM-0x2f_Colombia_DELIM-0x2f_un-OUCRU-522_DELIM-0x2f_2013 is identical to hDenV1_DELIM-0x2f_Colombia_DELIM-0x2f_un-OUCRU-101218_DELIM-0x2f_2013 but kept for subsequent analysis
NOTE: hDenV1_DELIM-0x2f_Colombia_DELIM-0x2f_un-OUCRU-333_DELIM-0x2f_2013 is identical to hDenV1_DELIM-0x2f_Colombia_DELIM-0x2f_un-OUCRU-101223_DELIM-0x2f_2013 but kept for subsequent analysis
NOTE: hDenV1_DELIM-0x2f_Colombia_DELIM-0x2f_un-OUCRU-526_DELIM-0x2f_2013 is identical to hDenV1_DELIM-0x2f_Colombia_DELIM-0x2f_un-OUCRU-101225_DELIM-0x2f_2013 but kept for subsequent analysis
NOTE: hDenV1_DELIM-0x2f_Colombia_DELIM-0x2f_un-OUCRU-0000005_DELIM-0x2f_2013 is identical to hDenV1_DELIM-0x2f_Colombia_DELIM-0x2f_un-OUCRU-0000010_DELIM-0x2f_2013 but kept for subsequent analysis
NOTE: hDenV1_DELIM-0x2f_Colombia_DELIM-0x2f_un-OUCRU-510_DELIM-0x2f_2013 is identical to hDenV1_DELIM-0x2f_Colombia_DELIM-0x2f_un-OUCRU-101227_DELIM-0x2f_2013 but kept for subsequent analysis
NOTE: hDenV1_DELIM-0x2f_Colombia_DELIM-0x2f_VAC-LSPVAC-2405525_DELIM-0x2f_2024 is identical to hDenV1_DELIM-0x2f_Colombia_DELIM-0x2f_VAC-LSPVAC-2400146_DELIM-0x2f_2024 but kept for subsequent analysis
NOTE: hDenV1_DELIM-0x2f_Colombia_DELIM-0x2f_VAC-LSPVAC-2400298_DELIM-0x2f_2024 is identical to hDenV1_DELIM-0x2f_Colombia_DELIM-0x2f_VAC-LSPVAC-2401935_DELIM-0x2f_2024 but kept for subsequent analysis
NOTE: hDenV1_DELIM-0x2f_Colombia_DELIM-0x2f_VAC-LSPVAC-2404314_DELIM-0x2f_2024 is identical to hDenV1_DELIM-0x2f_Colombia_DELIM-0x2f_VAC-LSPVAC-2400262_DELIM-0x2f_2024 but kept for subsequent analysis
NOTE: hDenV1_DELIM-0x2f_Colombia_DELIM-0x2f_VAC-LSPVAC-2405625_DELIM-0x2f_2024 is identical to hDenV1_DELIM-0x2f_Colombia_DELIM-0x2f_VAC-LSPVAC-2405754_DELIM-0x2f_2024 but kept for subsequent analysis
NOTE: hDenV1_DELIM-0x2f_Colombia_DELIM-0x2f_un-Yale-DN02838_DELIM-0x2f_2024 is identical to hDenV1_DELIM-0x2f_Colombia_DELIM-0x2f_un-Yale-DN02386_DELIM-0x2f_2023 but kept for subsequent analysis
NOTE: hDenV1_DELIM-0x2f_Colombia_DELIM-0x2f_VAC-LSPVAC-2404461_DELIM-0x2f_2024 is identical to hDenV1_DELIM-0x2f_Colombia_DELIM-0x2f_VAC-LSPVAC-2402566_DELIM-0x2f_2024 but kept for subsequent analysis
NOTE: hDenV1_DELIM-0x2f_Colombia_DELIM-0x2f_un-OUCRU-332_DELIM-0x2f_2013 is identical to hDenV1_DELIM-0x2f_Colombia_DELIM-0x2f_un-OUCRU-101229_DELIM-0x2f_2013 but kept for subsequent analysis
NOTE: hDenV1_DELIM-0x2f_Colombia_DELIM-0x2f_un-OUCRU-353_DELIM-0x2f_2013 is identical to hDenV1_DELIM-0x2f_Colombia_DELIM-0x2f_un-OUCRU-103_DELIM-0x2f_2013 but kept for subsequent analysis
NOTE: hDenV1_DELIM-0x2f_Colombia_DELIM-0x2f_un-OUCRU-0000088_DELIM-0x2f_2012 is identical to hDenV1_DELIM-0x2f_Colombia_DELIM-0x2f_un-OUCRU-0000008_DELIM-0x2f_2013 but kept for subsequent analysis
NOTE: hDenV1_DELIM-0x2f_Colombia_DELIM-0x2f_un-OUCRU-338_DELIM-0x2f_2013 is identical to hDenV1_DELIM-0x2f_Colombia_DELIM-0x2f_un-OUCRU-104_DELIM-0x2f_2013 but kept for subsequent analysis
NOTE: hDenV1_DELIM-0x2f_Colombia_DELIM-0x2f_un-OUCRU-101235_DELIM-0x2f_2013 is identical to hDenV1_DELIM-0x2f_Colombia_DELIM-0x2f_un-OUCRU-101253_DELIM-0x2f_2013 but kept for subsequent analysis
NOTE: hDenV1_DELIM-0x2f_Colombia_DELIM-0x2f_un-OUCRU-508_DELIM-0x2f_2013 is identical to hDenV1_DELIM-0x2f_Colombia_DELIM-0x2f_un-OUCRU-101245_DELIM-0x2f_2013 but kept for subsequent analysis
NOTE: hDenV1_DELIM-0x2f_Colombia_DELIM-0x2f_un-INS-484948_DELIM-0x2f_2016 is identical to hDenV1_DELIM-0x2f_Colombia_DELIM-0x2f_un-OUCRU-0000076_DELIM-0x2f_2013 but kept for subsequent analysis
NOTE: hDenV1_DELIM-0x2f_Colombia_DELIM-0x2f_un-OUCRU-131_DELIM-0x2f_2013 is identical to hDenV1_DELIM-0x2f_Colombia_DELIM-0x2f_un-OUCRU-101221_DELIM-0x2f_2013 but kept for subsequent analysis
NOTE: hDenV1_DELIM-0x2f_Colombia_DELIM-0x2f_SAN-BROAD-0000032_DELIM-0x2f_2008 is identical to hDenV1_DELIM-0x2f_Colombia_DELIM-0x2f_SAN-UIS-00002_DELIM-0x2f_2008 but kept for subsequent analysis
NOTE: hDenV1_DELIM-0x2f_Colombia_DELIM-0x2f_ANT-UDEA-COT0017_DELIM-0x2f_2023 is identical to hDenV1_DELIM-0x2f_Colombia_DELIM-0x2f_ANT-UDEA-COT0012_DELIM-0x2f_2023 but kept for subsequent analysis
NOTE: hDenV1_DELIM-0x2f_Colombia_DELIM-0x2f_ANT-UDEA-COA0234_DELIM-0x2f_2022 is identical to hDenV1_DELIM-0x2f_Colombia_DELIM-0x2f_ANT-UDEA-COA0214_DELIM-0x2f_2022 but kept for subsequent analysis
NOTE: hDenV1_DELIM-0x2f_Colombia_DELIM-0x2f_RIS-FUAA-AFI082_DELIM-0x2f_2021 is identical to hDenV1_DELIM-0x2f_Colombia_DELIM-0x2f_RIS-FUAA-AFI101_DELIM-0x2f_2021 but kept for subsequent analysis
NOTE: hDenV1_DELIM-0x2f_Colombia_DELIM-0x2f_un-FUAA-DFC161_DELIM-0x2f_2021 is identical to hDenV1_DELIM-0x2f_Colombia_DELIM-0x2f_un-FUAA-DFC217_DELIM-0x2f_2021 but kept for subsequent analysis
NOTE: hDenV1_DELIM-0x2f_Colombia_DELIM-0x2f_un-FUAA-DFC114_DELIM-0x2f_2021 is identical to hDenV1_DELIM-0x2f_Colombia_DELIM-0x2f_un-FUAA-DFC265_DELIM-0x2f_2022 but kept for subsequent analysis
NOTE: hDenV1_DELIM-0x2f_Colombia_DELIM-0x2f_un-FUAA-DFC112_DELIM-0x2f_2021 is identical to hDenV1_DELIM-0x2f_Colombia_DELIM-0x2f_un-FUAA-DFC096_DELIM-0x2f_2021 but kept for subsequent analysis
NOTE: hDenV1_DELIM-0x2f_Colombia_DELIM-0x2f_un-OUCRU-134_DELIM-0x2f_2013 is identical to hDenV1_DELIM-0x2f_Colombia_DELIM-0x2f_un-OUCRU-10124_DELIM-0x2f_2013 but kept for subsequent analysis
NOTE: hDenV1_DELIM-0x2f_Colombia_DELIM-0x2f_un-OUCRU-511_DELIM-0x2f_2013 is identical to hDenV1_DELIM-0x2f_Colombia_DELIM-0x2f_un-OUCRU-101212_DELIM-0x2f_2013 but kept for subsequent analysis
NOTE: hDenV1_DELIM-0x2f_Colombia_DELIM-0x2f_un-OUCRU-525_DELIM-0x2f_2011 is identical to hDenV1_DELIM-0x2f_Colombia_DELIM-0x2f_un-OUCRU-101224_DELIM-0x2f_2011 but kept for subsequent analysis
NOTE: hDenV1_DELIM-0x2f_Colombia_DELIM-0x2f_un-OUCRU-513_DELIM-0x2f_2013 is identical to hDenV1_DELIM-0x2f_Colombia_DELIM-0x2f_un-OUCRU-101232_DELIM-0x2f_2013 but kept for subsequent analysis
NOTE: hDenV1_DELIM-0x2f_Colombia_DELIM-0x2f_un-OUCRU-0000052_DELIM-0x2f_2013 is identical to hDenV1_DELIM-0x2f_Colombia_DELIM-0x2f_un-OUCRU-0000048_DELIM-0x2f_2013 but kept for subsequent analysis
NOTE: hDenV1_DELIM-0x2f_Colombia_DELIM-0x2f_un-OUCRU-0000070_DELIM-0x2f_2012 is identical to hDenV1_DELIM-0x2f_Colombia_DELIM-0x2f_un-OUCRU-0000069_DELIM-0x2f_2012 but kept for subsequent analysis
NOTE: hDenV1_DELIM-0x2f_Colombia_DELIM-0x2f_NSA-UIS-00012_DELIM-0x2f_2005 is identical to hDenV1_DELIM-0x2f_Colombia_DELIM-0x2f_SAN-BROAD-0000037_DELIM-0x2f_2005 but kept for subsequent analysis
NOTE: hDenV1_DELIM-0x2f_Colombia_DELIM-0x2f_NSA-UIS-00015_DELIM-0x2f_2006 is identical to hDenV1_DELIM-0x2f_Colombia_DELIM-0x2f_NSA-UIS-00014_DELIM-0x2f_2006 but kept for subsequent analysis
NOTE: hDenV1_DELIM-0x2f_Colombia_DELIM-0x2f_NSA-UIS-00010_DELIM-0x2f_2006 is identical to hDenV1_DELIM-0x2f_Colombia_DELIM-0x2f_NSA-UIS-00007_DELIM-0x2f_2006 but kept for subsequent analysis
NOTE: hDenV1_DELIM-0x2f_Colombia_DELIM-0x2f_SAN-UIS-00026_DELIM-0x2f_2007 is identical to hDenV1_DELIM-0x2f_Colombia_DELIM-0x2f_SAN-UIS-00028_DELIM-0x2f_2007 but kept for subsequent analysis
NOTE: hDenV1_DELIM-0x2f_Colombia_DELIM-0x2f_SAN-UIS-00023_DELIM-0x2f_2008 is identical to hDenV1_DELIM-0x2f_Colombia_DELIM-0x2f_SAN-UIS-00024_DELIM-0x2f_2008 but kept for subsequent analysis
NOTE: hDenV1_DELIM-0x2f_Colombia_DELIM-0x2f_SAN-UIS-00029_DELIM-0x2f_2008 is identical to hDenV1_DELIM-0x2f_Colombia_DELIM-0x2f_SAN-UIS-00030_DELIM-0x2f_2008 but kept for subsequent analysis
NOTE: hDenV1_DELIM-0x2f_Colombia_DELIM-0x2f_SAN-Yale-DH141-P2_DELIM-0x2f_2004 is identical to hDenV1_DELIM-0x2f_Colombia_DELIM-0x2f_SAN-UIS-00031_DELIM-0x2f_2004 but kept for subsequent analysis
NOTE: hDenV1_DELIM-0x2f_Colombia_DELIM-0x2f_SAN-BROAD-0000046_DELIM-0x2f_2007 is identical to hDenV1_DELIM-0x2f_Colombia_DELIM-0x2f_SAN-UIS-00021_DELIM-0x2f_2007 but kept for subsequent analysis
NOTE: hDenV1_DELIM-0x2f_Colombia_DELIM-0x2f_SAN-UIS-00022_DELIM-0x2f_2008 is identical to hDenV1_DELIM-0x2f_Colombia_DELIM-0x2f_SAN-UIS-0000011_DELIM-0x2f_2009 but kept for subsequent analysis
NOTE: hDenV1_DELIM-0x2f_Colombia_DELIM-0x2f_NSA-BROAD-0000019_DELIM-0x2f_2006 is identical to hDenV1_DELIM-0x2f_Colombia_DELIM-0x2f_SAN-BROAD-0000053_DELIM-0x2f_2007 but kept for subsequent analysis
NOTE: hDenV1_DELIM-0x2f_Colombia_DELIM-0x2f_NSA-UIS-00037_DELIM-0x2f_2006 is identical to hDenV1_DELIM-0x2f_Colombia_DELIM-0x2f_NSA-BROAD-0000025_DELIM-0x2f_2006 but kept for subsequent analysis
NOTE: hDenV1_DELIM-0x2f_Colombia_DELIM-0x2f_SAN-UIS-00032_DELIM-0x2f_2007 is identical to hDenV1_DELIM-0x2f_Colombia_DELIM-0x2f_SAN-BROAD-0000036_DELIM-0x2f_2007 but kept for subsequent analysis
NOTE: hDenV1_DELIM-0x2f_Colombia_DELIM-0x2f_NSA-UIS-00046_DELIM-0x2f_2006 is identical to hDenV1_DELIM-0x2f_Colombia_DELIM-0x2f_NSA-UIS-00045_DELIM-0x2f_2006 but kept for subsequent analysis
NOTE: hDenV1_DELIM-0x2f_Colombia_DELIM-0x2f_NSA-BROAD-0000023_DELIM-0x2f_2006 is identical to hDenV1_DELIM-0x2f_Colombia_DELIM-0x2f_NSA-UIS-00044_DELIM-0x2f_2006 but kept for subsequent analysis
NOTE: hDenV1_DELIM-0x2f_Colombia_DELIM-0x2f_SAN-UIS-00050_DELIM-0x2f_2001 is identical to hDenV1_DELIM-0x2f_Colombia_DELIM-0x2f_SAN-BROAD-0000058_DELIM-0x2f_2001 but kept for subsequent analysis
NOTE: hDenV1_DELIM-0x2f_Colombia_DELIM-0x2f_un-OUCRU-135_DELIM-0x2f_2013 is identical to hDenV1_DELIM-0x2f_Colombia_DELIM-0x2f_un-OUCRU-1_DELIM-0x2f_2013 but kept for subsequent analysis
NOTE: hDenV1_DELIM-0x2f_Colombia_DELIM-0x2f_un-OUCRU-512_DELIM-0x2f_2013 is identical to hDenV1_DELIM-0x2f_Colombia_DELIM-0x2f_un-OUCRU-10128_DELIM-0x2f_2013 but kept for subsequent analysis
NOTE: hDenV1_DELIM-0x2f_Colombia_DELIM-0x2f_un-OUCRU-101236_DELIM-0x2f_2013 is identical to hDenV1_DELIM-0x2f_Colombia_DELIM-0x2f_un-OUCRU-509_DELIM-0x2f_2013 but kept for subsequent analysis
NOTE: hDenV1_DELIM-0x2f_Colombia_DELIM-0x2f_ANT-UDEA-COT0028_DELIM-0x2f_2023 is identical to hDenV1_DELIM-0x2f_Colombia_DELIM-0x2f_ANT-UDEA-COT0221_DELIM-0x2f_2023 but kept for subsequent analysis
NOTE: hDenV1_DELIM-0x2f_Colombia_DELIM-0x2f_un-OUCRU-358_DELIM-0x2f_2013 is identical to hDenV1_DELIM-0x2f_Colombia_DELIM-0x2f_un-OUCRU-101230_DELIM-0x2f_2013 but kept for subsequent analysis
NOTE: hDenV1_DELIM-0x2f_Colombia_DELIM-0x2f_BOL-UEB-016-1_DELIM-0x2f_2019 is identical to hDenV1_DELIM-0x2f_Colombia_DELIM-0x2f_BOL-UEB-016_DELIM-0x2f_2019 but kept for subsequent analysis
NOTE: hDenV1_DELIM-0x2f_Colombia_DELIM-0x2f_BOL-UEB-152-1_DELIM-0x2f_2019 is identical to hDenV1_DELIM-0x2f_Colombia_DELIM-0x2f_BOL-UEB-152_DELIM-0x2f_2019 but kept for subsequent analysis
NOTE: 2016.79 is identical to 2016.874 but kept for subsequent analysis
NOTE: 2011.003 is identical to 2011.321 but kept for subsequent analysis
NOTE: 2002.479 is identical to 2011.559 but kept for subsequent analysis
NOTE: 2011.973 is identical to 2011.974 but kept for subsequent analysis
NOTE: 2007.488 is identical to 2007.622_2 but kept for subsequent analysis
NOTE: 2006.66 is identical to 2006.97_3 but kept for subsequent analysis
NOTE: 2006.91 is identical to 2006.863 but kept for subsequent analysis
NOTE: 2000.481 is identical to 2007.436 but kept for subsequent analysis
NOTE: 2006.901 is identical to 2006.975 but kept for subsequent analysis
NOTE: 2006.556 is identical to 2006.611_2 but kept for subsequent analysis
NOTE: 2014.789 is identical to 2014.83 but kept for subsequent analysis
NOTE: 2002.29 is identical to 2011.499 but kept for subsequent analysis
NOTE: 2001.474_2 is identical to 2001.449 but kept for subsequent analysis
NOTE: 2003.137 is identical to 2003.145 but kept for subsequent analysis
NOTE: 2002.43 is identical to 2002.564 but kept for subsequent analysis
NOTE: 2001.025 is identical to 2001.356 but kept for subsequent analysis
NOTE: 2003.455 is identical to 2000.872_2 but kept for subsequent analysis
NOTE: 1998.173 is identical to 2006.238 but kept for subsequent analysis
NOTE: 2010.545 is identical to 2010.6 but kept for subsequent analysis
NOTE: 2002.132 is identical to 2002.51 but kept for subsequent analysis
NOTE: 2003.816 is identical to 2003.762 but kept for subsequent analysis
NOTE: 2005.167 is identical to 2005.449 but kept for subsequent analysis
NOTE: 2004.932 is identical to 2005.14 but kept for subsequent analysis
NOTE: 2006.008 is identical to 2006.027 but kept for subsequent analysis
NOTE: 2005.312 is identical to 2005.493 but kept for subsequent analysis
NOTE: 2005.375 is identical to 2005.389 but kept for subsequent analysis
NOTE: 2003.964 is identical to 2004.738 but kept for subsequent analysis
NOTE: 2006.899 is identical to 2006.907_2 but kept for subsequent analysis
NOTE: 2005.874 is identical to 2005.901 but kept for subsequent analysis
NOTE: 2006.759 is identical to 2006.907 but kept for subsequent analysis
NOTE: 2003.386 is identical to 2003.403_2 but kept for subsequent analysis
NOTE: 2005.907 is identical to 2005.921 but kept for subsequent analysis
NOTE: 2005.137 is identical to 2005.466 but kept for subsequent analysis
NOTE: 1995.658_2 is identical to 1999.636 but kept for subsequent analysis
NOTE: 2006.2 is identical to 2006.279 but kept for subsequent analysis
NOTE: 2004.055 is identical to 2005.537_2 but kept for subsequent analysis
NOTE: 2006.608 is identical to 2006.852_3 but kept for subsequent analysis
NOTE: 2006.211 is identical to 2006.277 but kept for subsequent analysis
NOTE: 2004.915 is identical to 2004.855 but kept for subsequent analysis
NOTE: 2009.118 is identical to 2009.203 but kept for subsequent analysis
NOTE: 2006.926 is identical to 2006.929_2 but kept for subsequent analysis
NOTE: 2006.129 is identical to 2006.485 but kept for subsequent analysis
NOTE: 2006.792_2 is identical to 2006.94 but kept for subsequent analysis
NOTE: 2006.647 is identical to 2006.26_2 but kept for subsequent analysis
NOTE: 2006.679_2 is identical to 2011.468 but kept for subsequent analysis
NOTE: 2007.216 is identical to 2007.238 but kept for subsequent analysis
NOTE: 1997.463 is identical to 2006.907_4 but kept for subsequent analysis
NOTE: 2006.529_2 is identical to 2006.827 but kept for subsequent analysis
NOTE: 2005.37_2 is identical to 2005.37 but kept for subsequent analysis
NOTE: 2006.529 is identical to 2006.551_2 but kept for subsequent analysis
NOTE: 2006.888 is identical to 2006.893_2 but kept for subsequent analysis
NOTE: 2010.764 is identical to 2010.866 but kept for subsequent analysis
NOTE: 2006.395 is identical to 2006.871 but kept for subsequent analysis
NOTE: 2009.411 is identical to 2009.501 but kept for subsequent analysis
NOTE: 2004.295 is identical to 2011.502 but kept for subsequent analysis
NOTE: 2006.57_4 is identical to 2006.614_3 but kept for subsequent analysis
NOTE: 2006.526_2 is identical to 2006.559_2 but kept for subsequent analysis
NOTE: 2006.945_2 is identical to 2006.948 but kept for subsequent analysis
NOTE: 2006.192 is identical to 2006.337 but kept for subsequent analysis
NOTE: 2004.811 is identical to 2004.852 but kept for subsequent analysis
NOTE: 2000.79 is identical to 2001.956 but kept for subsequent analysis
NOTE: 2006.619_2 is identical to 2006.674 but kept for subsequent analysis
NOTE: 2006.49_2 is identical to 2006.504_2 but kept for subsequent analysis
NOTE: 2006.627 is identical to 2006.767 but kept for subsequent analysis
NOTE: 2011.504 is identical to 2011.638 but kept for subsequent analysis
NOTE: 2001.589 is identical to 2001.655 but kept for subsequent analysis
NOTE: 2000.503 is identical to 2000.904 but kept for subsequent analysis
NOTE: 1995.723 is identical to 1995.885 but kept for subsequent analysis
NOTE: 1996.579 is identical to 1996.814 but kept for subsequent analysis
NOTE: 1996.205 is identical to 1997.304 but kept for subsequent analysis
NOTE: 1995.126 is identical to 1995.304 but kept for subsequent analysis
NOTE: 1995.584_2 is identical to 1995.595 but kept for subsequent analysis
NOTE: 2001.704_2 is identical to 2001.797 but kept for subsequent analysis
NOTE: 2000.661_2 is identical to 2000.743 but kept for subsequent analysis
NOTE: 1997.652 is identical to 1997.71 but kept for subsequent analysis
NOTE: 1998.726 is identical to 1998.879 but kept for subsequent analysis
NOTE: 2000.615 is identical to 2006.603 but kept for subsequent analysis
NOTE: 2000.872 is identical to 2000.874 but kept for subsequent analysis
NOTE: 2000.945 is identical to 2001.515 but kept for subsequent analysis
NOTE: 2002.992_2 is identical to 2002.992 but kept for subsequent analysis
NOTE: 1996.945 is identical to 2006.496 but kept for subsequent analysis
NOTE: 1997.304_2 is identical to 1996.56 but kept for subsequent analysis
NOTE: 1998.734 is identical to 1999.479 but kept for subsequent analysis
NOTE: 2001.54_2 is identical to 2001.54 but kept for subsequent analysis
NOTE: 2001.14 is identical to 2000.495 but kept for subsequent analysis
NOTE: 2012.362 is identical to 2012.361 but kept for subsequent analysis
NOTE: 2000.989 is identical to 2001.241 but kept for subsequent analysis
NOTE: 2000.847 is identical to 2000.858 but kept for subsequent analysis
NOTE: 2000.538 is identical to 2000.623 but kept for subsequent analysis
NOTE: 2000.527 is identical to 2000.53 but kept for subsequent analysis
NOTE: 2007.614 is identical to 2007.392 but kept for subsequent analysis
NOTE: 2006.148_2 is identical to 2006.915 but kept for subsequent analysis
NOTE: 2006.46 is identical to 2006.789 but kept for subsequent analysis
NOTE: 2006.641 is identical to 2006.677 but kept for subsequent analysis
NOTE: 2012.842 is identical to 2013.159 but kept for subsequent analysis
NOTE: 2012.861 is identical to 2013.11 but kept for subsequent analysis
NOTE: 1994.896 is identical to 2007.419_2 but kept for subsequent analysis
NOTE: 1995.6 is identical to 2003.326 but kept for subsequent analysis
NOTE: 1995.551 is identical to 2004.074 but kept for subsequent analysis
NOTE: 1995.641 is identical to 1995.584 but kept for subsequent analysis
NOTE: 1997.685 is identical to 1998.244 but kept for subsequent analysis
NOTE: 1997.523 is identical to 2003.353 but kept for subsequent analysis
NOTE: 1999.427 is identical to 2003.315 but kept for subsequent analysis
NOTE: 1999.348 is identical to 2003.91 but kept for subsequent analysis
NOTE: 1995.688 is identical to 2004.033 but kept for subsequent analysis
NOTE: 1996.393 is identical to 1996.754 but kept for subsequent analysis
NOTE: 1997.471 is identical to 1997.707 but kept for subsequent analysis
NOTE: 1998.186 is identical to 2003.359 but kept for subsequent analysis
NOTE: 1994.97 is identical to 1995.225 but kept for subsequent analysis
NOTE: 1994.121 is identical to 1994.5 but kept for subsequent analysis
NOTE: 1995.030 is identical to 1995.079 but kept for subsequent analysis
NOTE: 1999.455 is identical to 2003.395 but kept for subsequent analysis
NOTE: 2004.074_2 is identical to 2004.12 but kept for subsequent analysis
NOTE: 1994.5_9 is identical to 1994.5_7 but kept for subsequent analysis
Checking for duplicate sequences: done in 0.0037023 secs using 1485% CPU
Identifying sites to remove: done in 0.00553435 secs using 350.4% CPU
NOTE: 161 identical sequences (see below) will be ignored for subsequent analysis
NOTE: hDenV1_DELIM-0x2f_Colombia_DELIM-0x2f_un-OUCRU-10125_DELIM-0x2f_2013 (identical to hDenV1_DELIM-0x2f_Colombia_DELIM-0x2f_un-OUCRU-10123_DELIM-0x2f_2012) is ignored but added at the end
NOTE: hDenV1_DELIM-0x2f_Colombia_DELIM-0x2f_un-OUCRU-10126_DELIM-0x2f_2013 (identical to hDenV1_DELIM-0x2f_Colombia_DELIM-0x2f_un-OUCRU-10123_DELIM-0x2f_2012) is ignored but added at the end
NOTE: hDenV1_DELIM-0x2f_Colombia_DELIM-0x2f_un-OUCRU-101210_DELIM-0x2f_2013 (identical to hDenV1_DELIM-0x2f_Colombia_DELIM-0x2f_un-OUCRU-10123_DELIM-0x2f_2012) is ignored but added at the end
NOTE: hDenV1_DELIM-0x2f_Colombia_DELIM-0x2f_un-OUCRU-101226_DELIM-0x2f_2012 (identical to hDenV1_DELIM-0x2f_Colombia_DELIM-0x2f_un-OUCRU-10123_DELIM-0x2f_2012) is ignored but added at the end
NOTE: hDenV1_DELIM-0x2f_Colombia_DELIM-0x2f_un-OUCRU-101228_DELIM-0x2f_2013 (identical to hDenV1_DELIM-0x2f_Colombia_DELIM-0x2f_un-OUCRU-10123_DELIM-0x2f_2012) is ignored but added at the end
NOTE: hDenV1_DELIM-0x2f_Colombia_DELIM-0x2f_un-OUCRU-523_DELIM-0x2f_2013 (identical to hDenV1_DELIM-0x2f_Colombia_DELIM-0x2f_un-OUCRU-10123_DELIM-0x2f_2012) is ignored but added at the end
NOTE: hDenV1_DELIM-0x2f_Colombia_DELIM-0x2f_un-OUCRU-519_DELIM-0x2f_2013 (identical to hDenV1_DELIM-0x2f_Colombia_DELIM-0x2f_un-OUCRU-10123_DELIM-0x2f_2012) is ignored but added at the end
NOTE: hDenV1_DELIM-0x2f_Colombia_DELIM-0x2f_un-OUCRU-506_DELIM-0x2f_2013 (identical to hDenV1_DELIM-0x2f_Colombia_DELIM-0x2f_un-OUCRU-10123_DELIM-0x2f_2012) is ignored but added at the end
NOTE: hDenV1_DELIM-0x2f_Colombia_DELIM-0x2f_un-OUCRU-507_DELIM-0x2f_2012 (identical to hDenV1_DELIM-0x2f_Colombia_DELIM-0x2f_un-OUCRU-10123_DELIM-0x2f_2012) is ignored but added at the end
NOTE: hDenV1_DELIM-0x2f_Colombia_DELIM-0x2f_un-OUCRU-521_DELIM-0x2f_2013 (identical to hDenV1_DELIM-0x2f_Colombia_DELIM-0x2f_un-OUCRU-10123_DELIM-0x2f_2012) is ignored but added at the end
NOTE: hDenV1_DELIM-0x2f_Colombia_DELIM-0x2f_un-OUCRU-101220_DELIM-0x2f_2013 (identical to hDenV1_DELIM-0x2f_Colombia_DELIM-0x2f_un-OUCRU-10123_DELIM-0x2f_2012) is ignored but added at the end
NOTE: hDenV1_DELIM-0x2f_Colombia_DELIM-0x2f_un-OUCRU-342_DELIM-0x2f_2013 (identical to hDenV1_DELIM-0x2f_Colombia_DELIM-0x2f_un-OUCRU-10123_DELIM-0x2f_2012) is ignored but added at the end
NOTE: hDenV1_DELIM-0x2f_Colombia_DELIM-0x2f_un-OUCRU-0000023_DELIM-0x2f_2013 (identical to hDenV1_DELIM-0x2f_Colombia_DELIM-0x2f_un-OUCRU-0000010_DELIM-0x2f_2013) is ignored but added at the end
NOTE: hDenV1_DELIM-0x2f_Colombia_DELIM-0x2f_VAC-LSPVAC-2404263_DELIM-0x2f_2024 (identical to hDenV1_DELIM-0x2f_Colombia_DELIM-0x2f_VAC-LSPVAC-2401935_DELIM-0x2f_2024) is ignored but added at the end
NOTE: hDenV1_DELIM-0x2f_Colombia_DELIM-0x2f_VAC-LSPVAC-2405553_DELIM-0x2f_2024 (identical to hDenV1_DELIM-0x2f_Colombia_DELIM-0x2f_VAC-LSPVAC-2401935_DELIM-0x2f_2024) is ignored but added at the end
NOTE: hDenV1_DELIM-0x2f_Colombia_DELIM-0x2f_VAC-LSPVAC-2402457_DELIM-0x2f_2024 (identical to hDenV1_DELIM-0x2f_Colombia_DELIM-0x2f_VAC-LSPVAC-2401935_DELIM-0x2f_2024) is ignored but added at the end
NOTE: hDenV1_DELIM-0x2f_Colombia_DELIM-0x2f_VAC-LSPVAC-2405731_DELIM-0x2f_2024 (identical to hDenV1_DELIM-0x2f_Colombia_DELIM-0x2f_VAC-LSPVAC-2402566_DELIM-0x2f_2024) is ignored but added at the end
NOTE: hDenV1_DELIM-0x2f_Colombia_DELIM-0x2f_un-OUCRU-101219_DELIM-0x2f_2013 (identical to hDenV1_DELIM-0x2f_Colombia_DELIM-0x2f_un-OUCRU-103_DELIM-0x2f_2013) is ignored but added at the end
NOTE: hDenV1_DELIM-0x2f_Colombia_DELIM-0x2f_un-OUCRU-356_DELIM-0x2f_2013 (identical to hDenV1_DELIM-0x2f_Colombia_DELIM-0x2f_un-OUCRU-103_DELIM-0x2f_2013) is ignored but added at the end
NOTE: hDenV1_DELIM-0x2f_Colombia_DELIM-0x2f_un-OUCRU-10122_DELIM-0x2f_2013 (identical to hDenV1_DELIM-0x2f_Colombia_DELIM-0x2f_un-OUCRU-103_DELIM-0x2f_2013) is ignored but added at the end
NOTE: hDenV1_DELIM-0x2f_Colombia_DELIM-0x2f_un-OUCRU-360_DELIM-0x2f_2013 (identical to hDenV1_DELIM-0x2f_Colombia_DELIM-0x2f_un-OUCRU-103_DELIM-0x2f_2013) is ignored but added at the end
NOTE: hDenV1_DELIM-0x2f_Colombia_DELIM-0x2f_un-OUCRU-0000093_DELIM-0x2f_2013 (identical to hDenV1_DELIM-0x2f_Colombia_DELIM-0x2f_un-OUCRU-0000008_DELIM-0x2f_2013) is ignored but added at the end
NOTE: hDenV1_DELIM-0x2f_Colombia_DELIM-0x2f_un-OUCRU-0000003_DELIM-0x2f_2013 (identical to hDenV1_DELIM-0x2f_Colombia_DELIM-0x2f_un-OUCRU-0000008_DELIM-0x2f_2013) is ignored but added at the end
NOTE: hDenV1_DELIM-0x2f_Colombia_DELIM-0x2f_un-OUCRU-0000081_DELIM-0x2f_2013 (identical to hDenV1_DELIM-0x2f_Colombia_DELIM-0x2f_un-OUCRU-104_DELIM-0x2f_2013) is ignored but added at the end
NOTE: hDenV1_DELIM-0x2f_Colombia_DELIM-0x2f_un-OUCRU-133_DELIM-0x2f_2013 (identical to hDenV1_DELIM-0x2f_Colombia_DELIM-0x2f_un-OUCRU-101253_DELIM-0x2f_2013) is ignored but added at the end
NOTE: hDenV1_DELIM-0x2f_Colombia_DELIM-0x2f_un-OUCRU-132_DELIM-0x2f_2013 (identical to hDenV1_DELIM-0x2f_Colombia_DELIM-0x2f_un-OUCRU-101253_DELIM-0x2f_2013) is ignored but added at the end
NOTE: hDenV1_DELIM-0x2f_Colombia_DELIM-0x2f_un-INS-424233_DELIM-0x2f_2013 (identical to hDenV1_DELIM-0x2f_Colombia_DELIM-0x2f_un-OUCRU-101253_DELIM-0x2f_2013) is ignored but added at the end
NOTE: hDenV1_DELIM-0x2f_Colombia_DELIM-0x2f_un-INS-484942_DELIM-0x2f_2016 (identical to hDenV1_DELIM-0x2f_Colombia_DELIM-0x2f_un-OUCRU-0000076_DELIM-0x2f_2013) is ignored but added at the end
NOTE: hDenV1_DELIM-0x2f_Colombia_DELIM-0x2f_ANT-UDEA-COT0011_DELIM-0x2f_2023 (identical to hDenV1_DELIM-0x2f_Colombia_DELIM-0x2f_ANT-UDEA-COT0012_DELIM-0x2f_2023) is ignored but added at the end
NOTE: hDenV1_DELIM-0x2f_Colombia_DELIM-0x2f_RIS-FUAA-AFI031_DELIM-0x2f_2021 (identical to hDenV1_DELIM-0x2f_Colombia_DELIM-0x2f_RIS-FUAA-AFI101_DELIM-0x2f_2021) is ignored but added at the end
NOTE: hDenV1_DELIM-0x2f_Colombia_DELIM-0x2f_FUADLA-AFI025_676_DELIM-0x2f_2021 (identical to hDenV1_DELIM-0x2f_Colombia_DELIM-0x2f_RIS-FUAA-AFI101_DELIM-0x2f_2021) is ignored but added at the end
NOTE: hDenV1_DELIM-0x2f_Colombia_DELIM-0x2f_un-FUAA-DFC162_DELIM-0x2f_2021 (identical to hDenV1_DELIM-0x2f_Colombia_DELIM-0x2f_un-FUAA-DFC217_DELIM-0x2f_2021) is ignored but added at the end
NOTE: hDenV1_DELIM-0x2f_Colombia_DELIM-0x2f_un-FUAA-DFC238_DELIM-0x2f_2021 (identical to hDenV1_DELIM-0x2f_Colombia_DELIM-0x2f_un-FUAA-DFC265_DELIM-0x2f_2022) is ignored but added at the end
NOTE: hDenV1_DELIM-0x2f_Colombia_DELIM-0x2f_un-FUAA-DFC263_DELIM-0x2f_2022 (identical to hDenV1_DELIM-0x2f_Colombia_DELIM-0x2f_un-FUAA-DFC265_DELIM-0x2f_2022) is ignored but added at the end
NOTE: hDenV1_DELIM-0x2f_Colombia_DELIM-0x2f_VAC-LSPVAC-2402024_DELIM-0x2f_2024 (identical to hDenV1_DELIM-0x2f_Colombia_DELIM-0x2f_un-FUAA-DFC265_DELIM-0x2f_2022) is ignored but added at the end
NOTE: hDenV1_DELIM-0x2f_Colombia_DELIM-0x2f_VAC-LSPVAC-2405179_DELIM-0x2f_2024 (identical to hDenV1_DELIM-0x2f_Colombia_DELIM-0x2f_un-FUAA-DFC265_DELIM-0x2f_2022) is ignored but added at the end
NOTE: hDenV1_DELIM-0x2f_Colombia_DELIM-0x2f_NSA-UIS-00013_DELIM-0x2f_2006 (identical to hDenV1_DELIM-0x2f_Colombia_DELIM-0x2f_NSA-UIS-00014_DELIM-0x2f_2006) is ignored but added at the end
NOTE: hDenV1_DELIM-0x2f_Colombia_DELIM-0x2f_NSA-UIS-00008_DELIM-0x2f_2006 (identical to hDenV1_DELIM-0x2f_Colombia_DELIM-0x2f_NSA-UIS-00007_DELIM-0x2f_2006) is ignored but added at the end
NOTE: hDenV1_DELIM-0x2f_Colombia_DELIM-0x2f_NSA-UIS-00006_DELIM-0x2f_2006 (identical to hDenV1_DELIM-0x2f_Colombia_DELIM-0x2f_NSA-UIS-00007_DELIM-0x2f_2006) is ignored but added at the end
NOTE: hDenV1_DELIM-0x2f_Colombia_DELIM-0x2f_SAN-BROAD-0000029_DELIM-0x2f_2007 (identical to hDenV1_DELIM-0x2f_Colombia_DELIM-0x2f_SAN-UIS-00028_DELIM-0x2f_2007) is ignored but added at the end
NOTE: hDenV1_DELIM-0x2f_Colombia_DELIM-0x2f_un-BROAD-0000007_DELIM-0x2f_2005 (identical to hDenV1_DELIM-0x2f_Colombia_DELIM-0x2f_SAN-UIS-00024_DELIM-0x2f_2008) is ignored but added at the end
NOTE: hDenV1_DELIM-0x2f_Colombia_DELIM-0x2f_NSA-BROAD-0000020_DELIM-0x2f_2006 (identical to hDenV1_DELIM-0x2f_Colombia_DELIM-0x2f_SAN-BROAD-0000053_DELIM-0x2f_2007) is ignored but added at the end
NOTE: hDenV1_DELIM-0x2f_Colombia_DELIM-0x2f_SAN-UIS-00036_DELIM-0x2f_2007 (identical to hDenV1_DELIM-0x2f_Colombia_DELIM-0x2f_SAN-BROAD-0000053_DELIM-0x2f_2007) is ignored but added at the end
NOTE: hDenV1_DELIM-0x2f_Colombia_DELIM-0x2f_NSA-UIS-00038_DELIM-0x2f_2006 (identical to hDenV1_DELIM-0x2f_Colombia_DELIM-0x2f_SAN-BROAD-0000053_DELIM-0x2f_2007) is ignored but added at the end
NOTE: hDenV1_DELIM-0x2f_Colombia_DELIM-0x2f_NSA-UIS-00040_DELIM-0x2f_2006 (identical to hDenV1_DELIM-0x2f_Colombia_DELIM-0x2f_SAN-BROAD-0000053_DELIM-0x2f_2007) is ignored but added at the end
NOTE: hDenV1_DELIM-0x2f_Colombia_DELIM-0x2f_SAN-UIS-00035_DELIM-0x2f_2008 (identical to hDenV1_DELIM-0x2f_Colombia_DELIM-0x2f_SAN-BROAD-0000053_DELIM-0x2f_2007) is ignored but added at the end
NOTE: hDenV1_DELIM-0x2f_Colombia_DELIM-0x2f_NSA-UIS-00041_DELIM-0x2f_2006 (identical to hDenV1_DELIM-0x2f_Colombia_DELIM-0x2f_SAN-BROAD-0000053_DELIM-0x2f_2007) is ignored but added at the end
NOTE: hDenV1_DELIM-0x2f_Colombia_DELIM-0x2f_NSA-UIS-00042_DELIM-0x2f_2006 (identical to hDenV1_DELIM-0x2f_Colombia_DELIM-0x2f_SAN-BROAD-0000053_DELIM-0x2f_2007) is ignored but added at the end
NOTE: hDenV1_DELIM-0x2f_Colombia_DELIM-0x2f_un-OUCRU-101216_DELIM-0x2f_2013 (identical to hDenV1_DELIM-0x2f_Colombia_DELIM-0x2f_un-OUCRU-1_DELIM-0x2f_2013) is ignored but added at the end
NOTE: hDenV1_DELIM-0x2f_Colombia_DELIM-0x2f_un-OUCRU-136_DELIM-0x2f_2013 (identical to hDenV1_DELIM-0x2f_Colombia_DELIM-0x2f_un-OUCRU-1_DELIM-0x2f_2013) is ignored but added at the end
NOTE: 2010.57 (identical to 2011.321) is ignored but added at the end
NOTE: 2010.926 (identical to 2011.321) is ignored but added at the end
NOTE: 2010.86 (identical to 2011.321) is ignored but added at the end
NOTE: 2011.036 (identical to 2011.321) is ignored but added at the end
NOTE: 2010.825 (identical to 2011.321) is ignored but added at the end
NOTE: 2011.501 (identical to 2011.559) is ignored but added at the end
NOTE: 2011.912 (identical to 2011.974) is ignored but added at the end
NOTE: 2011.51 (identical to 2011.974) is ignored but added at the end
NOTE: 2007.419 (identical to 2007.622_2) is ignored but added at the end
NOTE: 2006.638_2 (identical to 2006.97_3) is ignored but added at the end
NOTE: 2006.622 (identical to 2006.97_3) is ignored but added at the end
NOTE: 2006.619 (identical to 2006.97_3) is ignored but added at the end
NOTE: 2006.638 (identical to 2006.97_3) is ignored but added at the end
NOTE: 2006.614 (identical to 2006.97_3) is ignored but added at the end
NOTE: 1995.685 (identical to 2006.97_3) is ignored but added at the end
NOTE: 2002.463_2 (identical to 2006.97_3) is ignored but added at the end
NOTE: 2006.515_2 (identical to 2006.97_3) is ignored but added at the end
NOTE: 2006.696 (identical to 2006.97_3) is ignored but added at the end
NOTE: 2006.614_2 (identical to 2006.97_3) is ignored but added at the end
NOTE: 2006.6_2 (identical to 2006.97_3) is ignored but added at the end
NOTE: 2006.433 (identical to 2006.97_3) is ignored but added at the end
NOTE: 2006.644 (identical to 2006.97_3) is ignored but added at the end
NOTE: 2006.740 (identical to 2006.97_3) is ignored but added at the end
NOTE: 2006.721_2 (identical to 2006.97_3) is ignored but added at the end
NOTE: 2006.721_3 (identical to 2006.97_3) is ignored but added at the end
NOTE: 2006.962 (identical to 2006.975) is ignored but added at the end
NOTE: 2006.468 (identical to 2006.611_2) is ignored but added at the end
NOTE: 1998.244_2 (identical to 2011.499) is ignored but added at the end
NOTE: 2002.605 (identical to 2011.499) is ignored but added at the end
NOTE: 2004.016 (identical to 2011.499) is ignored but added at the end
NOTE: 2002.953_2 (identical to 2003.145) is ignored but added at the end
NOTE: 2002.953 (identical to 2003.145) is ignored but added at the end
NOTE: 2002.918 (identical to 2003.145) is ignored but added at the end
NOTE: 2002.389 (identical to 2002.564) is ignored but added at the end
NOTE: 2000.689_2 (identical to 2001.356) is ignored but added at the end
NOTE: 2001.334 (identical to 2001.356) is ignored but added at the end
NOTE: 2003.386_2 (identical to 2010.6) is ignored but added at the end
NOTE: 2002.915 (identical to 2002.51) is ignored but added at the end
NOTE: 2001.964 (identical to 2002.51) is ignored but added at the end
NOTE: 2005.882 (identical to 2006.027) is ignored but added at the end
NOTE: 2005.863 (identical to 2006.027) is ignored but added at the end
NOTE: 2005.405 (identical to 2005.493) is ignored but added at the end
NOTE: 2005.405_2 (identical to 2005.493) is ignored but added at the end
NOTE: 2004.883 (identical to 2005.493) is ignored but added at the end
NOTE: 2004.844 (identical to 2005.493) is ignored but added at the end
NOTE: 2004.803 (identical to 2005.493) is ignored but added at the end
NOTE: 2005.307 (identical to 2005.389) is ignored but added at the end
NOTE: 2006.447 (identical to 2006.907_2) is ignored but added at the end
NOTE: 2005.967_2 (identical to 2006.907_2) is ignored but added at the end
NOTE: 2006.658_2 (identical to 2006.907_2) is ignored but added at the end
NOTE: 2006.581_2 (identical to 2006.907_2) is ignored but added at the end
NOTE: 2006.597 (identical to 2006.907) is ignored but added at the end
NOTE: 2006.581 (identical to 2006.907) is ignored but added at the end
NOTE: 2006.567 (identical to 2006.907) is ignored but added at the end
NOTE: 2005.841 (identical to 2005.921) is ignored but added at the end
NOTE: 2005.833 (identical to 2005.921) is ignored but added at the end
NOTE: 2005.458 (identical to 2005.921) is ignored but added at the end
NOTE: 1997.477 (identical to 1999.636) is ignored but added at the end
NOTE: 2006.249 (identical to 2006.279) is ignored but added at the end
NOTE: 2006.255 (identical to 2006.279) is ignored but added at the end
NOTE: 2004.716 (identical to 2004.855) is ignored but added at the end
NOTE: 2006.542 (identical to 2006.94) is ignored but added at the end
NOTE: 2002.279 (identical to 2011.468) is ignored but added at the end
NOTE: 2006.299 (identical to 2011.468) is ignored but added at the end
NOTE: 2006.403 (identical to 2011.468) is ignored but added at the end
NOTE: 2006.082 (identical to 2011.468) is ignored but added at the end
NOTE: 2006.515 (identical to 2006.827) is ignored but added at the end
NOTE: 2006.611 (identical to 2006.827) is ignored but added at the end
NOTE: 2005.959 (identical to 2006.551_2) is ignored but added at the end
NOTE: 2006.258 (identical to 2006.551_2) is ignored but added at the end
NOTE: 2003.307 (identical to 2006.871) is ignored but added at the end
NOTE: 2006.773 (identical to 2006.871) is ignored but added at the end
NOTE: 2006.625 (identical to 2011.502) is ignored but added at the end
NOTE: 2006.789_3 (identical to 2006.948) is ignored but added at the end
NOTE: 2006.236 (identical to 2006.674) is ignored but added at the end
NOTE: 2006.548 (identical to 2006.767) is ignored but added at the end
NOTE: 2006.608_2 (identical to 2006.767) is ignored but added at the end
NOTE: 1995.66 (identical to 1995.885) is ignored but added at the end
NOTE: 2000.593 (identical to 2000.743) is ignored but added at the end
NOTE: 2001.375 (identical to 2006.603) is ignored but added at the end
NOTE: 2000.609 (identical to 2000.874) is ignored but added at the end
NOTE: 2000.363 (identical to 2001.515) is ignored but added at the end
NOTE: 2001.463 (identical to 2001.54) is ignored but added at the end
NOTE: 2000.795 (identical to 2001.241) is ignored but added at the end
NOTE: 2000.557 (identical to 2000.53) is ignored but added at the end
NOTE: 2006.364 (identical to 2007.392) is ignored but added at the end
NOTE: 2005.932 (identical to 2006.915) is ignored but added at the end
NOTE: 2006.14_2 (identical to 2006.915) is ignored but added at the end
NOTE: 2006.137 (identical to 2006.915) is ignored but added at the end
NOTE: 2005.814 (identical to 2006.915) is ignored but added at the end
NOTE: 2005.811 (identical to 2006.915) is ignored but added at the end
NOTE: 2006.036 (identical to 2006.915) is ignored but added at the end
NOTE: 2006.29 (identical to 2006.915) is ignored but added at the end
NOTE: 2006.159 (identical to 2006.915) is ignored but added at the end
NOTE: 2006.616 (identical to 2006.915) is ignored but added at the end
NOTE: 2006.808 (identical to 2006.915) is ignored but added at the end
NOTE: 2006.403_2 (identical to 2006.789) is ignored but added at the end
NOTE: 2006.679 (identical to 2006.789) is ignored but added at the end
NOTE: 2006.622_2 (identical to 2006.789) is ignored but added at the end
NOTE: 2006.603_2 (identical to 2006.789) is ignored but added at the end
NOTE: 2006.658 (identical to 2006.789) is ignored but added at the end
NOTE: 2006.57_2 (identical to 2006.677) is ignored but added at the end
NOTE: 2012.858 (identical to 2013.159) is ignored but added at the end
NOTE: 2012.762 (identical to 2013.159) is ignored but added at the end
NOTE: 1994.847 (identical to 2007.419_2) is ignored but added at the end
NOTE: 1995.5 (identical to 2003.326) is ignored but added at the end
NOTE: 2001.055 (identical to 2003.315) is ignored but added at the end
NOTE: 1994.805 (identical to 1995.225) is ignored but added at the end
NOTE: 1994.5_2 (identical to 1995.225) is ignored but added at the end
NOTE: 1994.729 (identical to 1995.079) is ignored but added at the end
NOTE: 1994.5_8 (identical to 1994.5_7) is ignored but added at the end
Alignment was printed to ../resources/merged_data/cropped/align_DENV1-delim.fasta.uniqueseq.phy

For your convenience alignment with unique sequences printed to ../resources/merged_data/cropped/align_DENV1-delim.fasta.uniqueseq.phy

Create initial parsimony tree by phylogenetic likelihood library (PLL)... 0.191 seconds

NOTE: 119 MB RAM (0 GB) is required!
Measuring multi-threading efficiency up to 16 CPU cores
Increase to 10 rounds for branch lengths
17 trees examined
Threads: 1 / Time: 16.930 sec / Speedup: 1.000 / Efficiency: 100% / LogL: -162613
Threads: 2 / Time: 12.609 sec / Speedup: 1.343 / Efficiency: 67% / LogL: -162613
Threads: 3 / Time: 10.747 sec / Speedup: 1.575 / Efficiency: 53% / LogL: -162613
Threads: 4 / Time: 9.914 sec / Speedup: 1.708 / Efficiency: 43% / LogL: -162613
Determining AUTO threadcount: done in 50.2366 secs using 224.2% CPU
BEST NUMBER OF THREADS: 3

Estimate model parameters (epsilon = 0.500)
1. Initial log-likelihood: -26730.189
2. Current log-likelihood: -23883.428
3. Current log-likelihood: -23861.894
4. Current log-likelihood: -23858.870
5. Current log-likelihood: -23858.356
Optimal log-likelihood: -23858.101
Rate parameters:  A-C: 0.79852  A-G: 9.69725  A-T: 1.48127  C-G: 0.46981  C-T: 28.43239  G-T: 1.00000
Base frequencies:  A: 0.327  C: 0.202  G: 0.260  T: 0.211
Gamma shape alpha: 0.341
Parameters optimization took 5 rounds (4.151 sec)
Wrote distance file to... 
Computing ML distances based on estimated model parameters...
Calculating distance matrix: done in 0.8318 secs using 300% CPU
Computing ML distances took 0.837947 sec (of wall-clock time) 2.498196 sec (of CPU time)
Setting up auxiliary I and S matrices: done in 0.00755981 secs using 309.5% CPU
Constructing RapidNJ tree: done in 0.182812 secs using 196.4% CPU
Computing RapidNJ tree took 0.190415 sec (of wall-clock time) 0.382485 sec (of CPU time)
Log-likelihood of RapidNJ tree: -24528.243
--------------------------------------------------------------------
|             INITIALIZING CANDIDATE TREE SET                      |
--------------------------------------------------------------------

Do NNI search on 2 best initial trees
Optimizing NNI: done in 0.843835 secs using 293.7% CPU
Estimate model parameters (epsilon = 0.500)
BETTER TREE FOUND at iteration 1: -23839.400
Optimizing NNI: done in 2.48786 secs using 294.7% CPU
Estimate model parameters (epsilon = 0.500)
BETTER TREE FOUND at iteration 2: -23813.581
Finish initializing candidate tree set (4)
Current best tree score: -23813.581 / CPU time: 4.048
Number of iterations: 2
TREE SEARCH COMPLETED AFTER 2 ITERATIONS / Time: 0h:1m:0s

--------------------------------------------------------------------
|                    FINALIZING TREE SEARCH                        |
--------------------------------------------------------------------
Performs final model parameters optimization
Estimate model parameters (epsilon = 0.050)
1. Initial log-likelihood: -23813.581
Optimal log-likelihood: -23813.577
Rate parameters:  A-C: 0.78121  A-G: 9.64341  A-T: 1.49675  C-G: 0.46164  C-T: 28.47249  G-T: 1.00000
Base frequencies:  A: 0.327  C: 0.202  G: 0.260  T: 0.211
Gamma shape alpha: 0.341
Parameters optimization took 1 rounds (0.231 sec)
BEST SCORE FOUND : -23813.577
Total tree length: 2.073

Total number of iterations: 2
CPU time used for tree search: 11.948 sec (0h:0m:11s)
Wall-clock time used for tree search: 4.049 sec (0h:0m:4s)
Total CPU time used: 142.335 sec (0h:2m:22s)
Total wall-clock time used: 60.566 sec (0h:1m:0s)

Analysis results written to: 
  IQ-TREE report:                ../resources/merged_data/cropped/align_DENV1-delim.fasta.iqtree
  Maximum-likelihood tree:       ../resources/merged_data/cropped/align_DENV1-delim.fasta.treefile
  Likelihood distances:          ../resources/merged_data/cropped/align_DENV1-delim.fasta.mldist
  Screen log file:               ../resources/merged_data/cropped/align_DENV1-delim.fasta.log

Date and Time: Wed May 13 18:20:24 2026
