IQ-TREE version 3.0.1 for Linux x86 64-bit built Jul  9 2025
Developed by Bui Quang Minh, Thomas Wong, Nhan Ly-Trong, Huaiyan Ren
Contributed by Lam-Tung Nguyen, Dominik Schrempf, Chris Bielow,
Olga Chernomor, Michael Woodhams, Diep Thi Hoang, Heiko Schmidt

Host:    dirreno-B650-AORUS-ELITE-AX (AVX512, FMA3, 30 GB RAM)
Command: iqtree3 --threads-max 16 -s ../resources/merged_data/cropped/align_DENV2-delim.fasta -m GTR+G --ninit 2 -n 2 --epsilon 0.05 -T AUTO --redo
Seed:    871015 (Using SPRNG - Scalable Parallel Random Number Generator)
Time:    Tue Jul 14 20:44:21 2026
Kernel:  AVX+FMA - auto-detect threads (16 CPU cores detected)

Reading alignment file ../resources/merged_data/cropped/align_DENV2-delim.fasta ... Fasta format detected
Reading fasta file: done in 0.0104273 secs using 94.05% CPU
Alignment most likely contains DNA/RNA sequences
Constructing alignment: done in 0.00610208 secs using 1195% CPU
Alignment has 942 sequences with 1485 columns, 873 distinct patterns
556 parsimony-informative, 154 singleton sites, 774 constant sites
                                                                                            Gap/Ambiguity  Composition  p-value
Analyzing sequences: done in 0.00605326 secs using 1471% CPU
   1  hDenV2_DELIM-0x2f_Colombia_DELIM-0x2f_SAN-UIS-0000033_DELIM-0x2f_2016                         0.00%    passed     98.22%
   2  hDenV2_DELIM-0x2f_Colombia_DELIM-0x2f_un-OUCRU-20129_DELIM-0x2f_2012                          0.00%    passed     99.26%
   3  hDenV2_DELIM-0x2f_Colombia_DELIM-0x2f_un-OUCRU-261_DELIM-0x2f_2012                            0.00%    passed     99.26%
   4  hDenV2_DELIM-0x2f_Colombia_DELIM-0x2f_un-OUCRU-0000012_DELIM-0x2f_2013                        0.00%    passed     99.26%
   5  hDenV2_DELIM-0x2f_Colombia_DELIM-0x2f_un-OUCRU-0000047_DELIM-0x2f_2013                        0.00%    passed     99.79%
   6  hDenV2_DELIM-0x2f_Colombia_DELIM-0x2f_un-OUCRU-0000062_DELIM-0x2f_2013                        0.00%    passed     99.79%
   7  hDenV2_DELIM-0x2f_Colombia_DELIM-0x2f_un-OUCRU-0000064_DELIM-0x2f_2013                        0.00%    passed     99.93%
   8  hDenV2_DELIM-0x2f_Colombia_DELIM-0x2f_un-OUCRU-0000067_DELIM-0x2f_2013                        0.00%    passed     99.79%
   9  hDenV2_DELIM-0x2f_Colombia_DELIM-0x2f_un-OUCRU-0000071_DELIM-0x2f_2013                        0.00%    passed     99.79%
  10  hDenV2_DELIM-0x2f_Colombia_DELIM-0x2f_un-OUCRU-0000050_DELIM-0x2f_2013                        0.00%    passed     99.93%
  11  hDenV2_DELIM-0x2f_Colombia_DELIM-0x2f_un-OUCRU-0000078_DELIM-0x2f_2013                        0.00%    passed    100.00%
  12  hDenV2_DELIM-0x2f_Colombia_DELIM-0x2f_un-OUCRU-0000044_DELIM-0x2f_2014                        0.00%    passed     99.26%
  13  hDenV2_DELIM-0x2f_Colombia_DELIM-0x2f_un-CNIH-484978_DELIM-0x2f_2016                          0.00%    passed     99.08%
  14  hDenV2_DELIM-0x2f_Colombia_DELIM-0x2f_un-CNIH-484975_DELIM-0x2f_2016                          0.00%    passed     99.59%
  15  hDenV2_DELIM-0x2f_Colombia_DELIM-0x2f_un-CNIH-427493_DELIM-0x2f_2013                          0.00%    passed     99.60%
  16  hDenV2_DELIM-0x2f_Colombia_DELIM-0x2f_un-CNIH-425819_DELIM-0x2f_2013                          0.00%    passed     99.59%
  17  hDenV2_DELIM-0x2f_Colombia_DELIM-0x2f_un-CNIH-425817_DELIM-0x2f_2013                          0.00%    passed     99.07%
  18  hDenV2_DELIM-0x2f_Colombia_DELIM-0x2f_un-CNIH-422041_DELIM-0x2f_2013                          0.00%    passed     99.79%
  19  hDenV2_DELIM-0x2f_Colombia_DELIM-0x2f_un-UDEA-450614_DELIM-0x2f_2015                          0.07%    passed     99.99%
  20  hDenV2_DELIM-0x2f_Colombia_DELIM-0x2f_un-UDEA-456521_DELIM-0x2f_2016                          0.00%    passed    100.00%
  21  hDenV2_DELIM-0x2f_Colombia_DELIM-0x2f_un-CNIH-449418_DELIM-0x2f_2015                          0.00%    passed     98.24%
  22  hDenV2_DELIM-0x2f_Colombia_DELIM-0x2f_un-CNIH-449510_DELIM-0x2f_2015                          0.00%    passed     98.24%
  23  hDenV2_DELIM-0x2f_Colombia_DELIM-0x2f_un-CNIH-449308_DELIM-0x2f_2015                          0.00%    passed     99.98%
  24  hDenV2_DELIM-0x2f_Colombia_DELIM-0x2f_un-CNIH-452018_DELIM-0x2f_2015                          0.00%    passed     99.98%
  25  hDenV2_DELIM-0x2f_Colombia_DELIM-0x2f_un-UDEA-449277_DELIM-0x2f_2015                          0.00%    passed     99.98%
  26  hDenV2_DELIM-0x2f_Colombia_DELIM-0x2f_un-CNIH-462966_DELIM-0x2f_2016                          0.00%    passed     99.79%
  27  hDenV2_DELIM-0x2f_Colombia_DELIM-0x2f_un-UDEA-468118_DELIM-0x2f_2016                          0.00%    passed     99.79%
  28  hDenV2_DELIM-0x2f_Colombia_DELIM-0x2f_SAN-UR-P204100046_DELIM-0x2f_2015                       0.00%    passed     99.79%
  29  hDenV2_DELIM-0x2f_Colombia_DELIM-0x2f_SAN-UR-P204100021_DELIM-0x2f_2014                       0.00%    passed     99.79%
  30  hDenV2_DELIM-0x2f_Colombia_DELIM-0x2f_SAN-UR-P204100028_DELIM-0x2f_2015                       0.00%    passed     99.71%
  31  hDenV2_DELIM-0x2f_Colombia_DELIM-0x2f_un-CNIH-434321_DELIM-0x2f_2014                          0.00%    passed     99.28%
  32  hDenV2_DELIM-0x2f_Colombia_DELIM-0x2f_SAN-UR-P204100030_DELIM-0x2f_2015                       0.00%    passed     98.24%
  33  hDenV2_DELIM-0x2f_Colombia_DELIM-0x2f_CUN-UEB-028_DELIM-0x2f_2014                             0.00%    passed     98.93%
  34  hDenV2_DELIM-0x2f_Colombia_DELIM-0x2f_CUN-UEB-28_DELIM-0x2f_2014                              0.00%    passed     98.93%
  35  hDenV2_DELIM-0x2f_Colombia_DELIM-0x2f_CUN-UEB-3_DELIM-0x2f_2014                               0.00%    passed     98.93%
  36  hDenV2_DELIM-0x2f_Colombia_DELIM-0x2f_CUN-UEB-16_DELIM-0x2f_2016                              0.00%    passed     99.59%
  37  hDenV2_DELIM-0x2f_Colombia_DELIM-0x2f_HUI-UEB-26_DELIM-0x2f_2011                              0.00%    passed     99.79%
  38  hDenV2_DELIM-0x2f_Colombia_DELIM-0x2f_CUN-UEB-72_DELIM-0x2f_2014                              0.00%    passed     99.96%
  39  hDenV2_DELIM-0x2f_Colombia_DELIM-0x2f_CUN-UEB-391_DELIM-0x2f_2014                             0.00%    passed     99.79%
  40  hDenV2_DELIM-0x2f_Colombia_DELIM-0x2f_TOL-INS-427493_DELIM-0x2f_2013                          0.00%    passed     99.60%
  41  hDenV2_DELIM-0x2f_Colombia_DELIM-0x2f_TOL-INS-479622_DELIM-0x2f_2016                          0.00%    passed     98.08%
  42  hDenV2_DELIM-0x2f_Colombia_DELIM-0x2f_HUI-INS-484975_DELIM-0x2f_2016                          0.00%    passed     99.07%
  43  hDenV2_DELIM-0x2f_Colombia_DELIM-0x2f_TOL-INS-428702_DELIM-0x2f_2014                          0.00%    passed     99.79%
  44  hDenV2_DELIM-0x2f_Colombia_DELIM-0x2f_un-INS-480592_DELIM-0x2f_2016                           0.67%    passed     99.11%
  45  hDenV2_DELIM-0x2f_Colombia_DELIM-0x2f_HUI-INS-452018_DELIM-0x2f_2015                          0.00%    passed     99.98%
  46  hDenV2_DELIM-0x2f_Colombia_DELIM-0x2f_HUI-INS-449308_DELIM-0x2f_2015                          0.00%    passed     99.99%
  47  hDenV2_DELIM-0x2f_Colombia_DELIM-0x2f_RIS-INS-449277_DELIM-0x2f_2015                          1.14%    passed     99.90%
  48  hDenV2_DELIM-0x2f_Colombia_DELIM-0x2f_TOL-INS-449418_DELIM-0x2f_2015                          0.00%    passed     98.24%
  49  hDenV2_DELIM-0x2f_Colombia_DELIM-0x2f_PUT-INS-449510_DELIM-0x2f_2015                          0.00%    passed     98.24%
  50  hDenV2_DELIM-0x2f_Colombia_DELIM-0x2f_un-INS-462966_DELIM-0x2f_2016                           0.00%    passed     99.79%
  51  hDenV2_DELIM-0x2f_Colombia_DELIM-0x2f_TOL-INS-425817_DELIM-0x2f_2013                          0.00%    passed     99.07%
  52  hDenV2_DELIM-0x2f_Colombia_DELIM-0x2f_MET-INS-434321_DELIM-0x2f_2014                          0.00%    passed     99.28%
  53  hDenV2_DELIM-0x2f_Colombia_DELIM-0x2f_un-UDEA-MIT1130_DELIM-0x2f_2001                         0.07%    passed     99.71%
  54  hDenV2_DELIM-0x2f_Colombia_DELIM-0x2f_un-UDEA-16173_DELIM-0x2f_2002                           0.00%    passed     99.87%
  55  hDenV2_DELIM-0x2f_Colombia_DELIM-0x2f_SAN-UR-00325_DELIM-0x2f_2000                            0.00%    passed     99.79%
  56  hDenV2_DELIM-0x2f_Colombia_DELIM-0x2f_SAN-UR-01270_DELIM-0x2f_2001                            0.00%    passed     99.48%
  57  hDenV2_DELIM-0x2f_Colombia_DELIM-0x2f_SAN-UR-01220_DELIM-0x2f_2001                            0.00%    passed     99.56%
  58  hDenV2_DELIM-0x2f_Colombia_DELIM-0x2f_SAN-UR-04080_DELIM-0x2f_2004                            0.00%    passed     99.27%
  59  hDenV2_DELIM-0x2f_Colombia_DELIM-0x2f_un-UDEA-18975_DELIM-0x2f_2001                           0.00%    passed     99.78%
  60  hDenV2_DELIM-0x2f_Colombia_DELIM-0x2f_un-OUCRU-0000104_DELIM-0x2f_2013                        0.00%    passed     99.12%
  61  hDenV2_DELIM-0x2f_Colombia_DELIM-0x2f_un-OUCRU-0000077_DELIM-0x2f_2013                        0.00%    passed     99.12%
  62  hDenV2_DELIM-0x2f_Colombia_DELIM-0x2f_un-OUCRU-0000066_DELIM-0x2f_2013                        0.00%    passed     99.99%
  63  hDenV2_DELIM-0x2f_Colombia_DELIM-0x2f_un-CNIH-428702_DELIM-0x2f_2014                          0.00%    passed     97.19%
  64  hDenV2_DELIM-0x2f_Colombia_DELIM-0x2f_un-CNIH-422641_DELIM-0x2f_2013                          0.00%    passed     99.53%
  65  hDenV2_DELIM-0x2f_Colombia_DELIM-0x2f_un-CNIH-427516_DELIM-0x2f_2013                          0.00%    passed     99.62%
  66  hDenV2_DELIM-0x2f_Colombia_DELIM-0x2f_un-UDEA-AC79_DELIM-0x2f_2015                            0.00%    passed     99.69%
  67  hDenV2_DELIM-0x2f_Colombia_DELIM-0x2f_un-UDEA-311057_DELIM-0x2f_2010                          0.00%    passed     99.80%
  68  hDenV2_DELIM-0x2f_Colombia_DELIM-0x2f_un-UDEA-6075_DELIM-0x2f_2006                            0.00%    passed     99.81%
  69  hDenV2_DELIM-0x2f_Colombia_DELIM-0x2f_un-UDEA-8496_DELIM-0x2f_2007                            0.00%    passed     99.85%
  70  hDenV2_DELIM-0x2f_Colombia_DELIM-0x2f_un-UDEA-17942_DELIM-0x2f_2002                           0.00%    passed     99.96%
  71  hDenV2_DELIM-0x2f_Colombia_DELIM-0x2f_un-UDEA-3986_DELIM-0x2f_2007                            0.00%    passed     99.79%
  72  hDenV2_DELIM-0x2f_Colombia_DELIM-0x2f_un-CNIH-425334_DELIM-0x2f_2013                          0.00%    passed     99.19%
  73  hDenV2_DELIM-0x2f_Colombia_DELIM-0x2f_un-CNIH-423887_DELIM-0x2f_2013                          0.00%    passed     99.19%
  74  hDenV2_DELIM-0x2f_Colombia_DELIM-0x2f_SAN-UR-P200120378_DELIM-0x2f_2015                       0.00%    passed     99.93%
  75  hDenV2_DELIM-0x2f_Colombia_DELIM-0x2f_PUT-INS-423887_DELIM-0x2f_2013                          0.00%    passed     99.19%
  76  hDenV2_DELIM-0x2f_Colombia_DELIM-0x2f_PUT-INS-425334_DELIM-0x2f_2013                          0.00%    passed     99.19%
  77  hDenV2_DELIM-0x2f_Colombia_DELIM-0x2f_CAL-INS-427516_DELIM-0x2f_2013                          0.00%    passed     99.62%
  78  hDenV2_DELIM-0x2f_Colombia_DELIM-0x2f_CAU-INS-422641_DELIM-0x2f_2013                          0.00%    passed     99.53%
  79  hDenV2_DELIM-0x2f_Colombia_DELIM-0x2f_un-UDEA-14025_DELIM-0x2f_2002                           0.00%    passed     97.05%
  80  hDenV2_DELIM-0x2f_Colombia_DELIM-0x2f_un-CDC-016_DELIM-0x2f_2007                              0.00%    passed     99.89%
  81  hDenV2_DELIM-0x2f_Colombia_DELIM-0x2f_ANT-BROAD-0000008_DELIM-0x2f_2004                       0.00%    passed    100.00%
  82  hDenV2_DELIM-0x2f_Colombia_DELIM-0x2f_HUI-INS-484978_DELIM-0x2f_2016                          0.00%    passed     99.08%
  83  hDenV2_DELIM-0x2f_Colombia_DELIM-0x2f_un-UDEA-MIT1134_DELIM-0x2f_2007                         0.00%    passed     99.91%
  84  hDenV2_DELIM-0x2f_Colombia_DELIM-0x2f_un-UDEA-427305_DELIM-0x2f_2013                          0.00%    passed     99.24%
  85  hDenV2_DELIM-0x2f_Colombia_DELIM-0x2f_un-OUCRU-201214_DELIM-0x2f_2013                         0.00%    passed     97.61%
  86  hDenV2_DELIM-0x2f_Colombia_DELIM-0x2f_un-OUCRU-260_DELIM-0x2f_2013                            0.00%    passed     97.61%
  87  hDenV2_DELIM-0x2f_Colombia_DELIM-0x2f_un-UDEA-080_DELIM-0x2f_2004                             0.00%    passed     99.08%
  88  hDenV2_DELIM-0x2f_Colombia_DELIM-0x2f_SAN-UR-07282_DELIM-0x2f_2007                            0.00%    passed     98.26%
  89  hDenV2_DELIM-0x2f_Colombia_DELIM-0x2f_un-UDEA-053_DELIM-0x2f_2005                             0.27%    passed     99.29%
  90  hDenV2_DELIM-0x2f_Colombia_DELIM-0x2f_un-UDEA-095_DELIM-0x2f_2005                             0.00%    passed     98.24%
  91  hDenV2_DELIM-0x2f_Colombia_DELIM-0x2f_un-UDEA-MIT1086_DELIM-0x2f_2005                         0.00%    passed     98.26%
  92  hDenV2_DELIM-0x2f_Colombia_DELIM-0x2f_SAN-UR-OC314_DELIM-0x2f_2006                            0.00%    passed     98.26%
  93  hDenV2_DELIM-0x2f_Colombia_DELIM-0x2f_un-UDEA-109_DELIM-0x2f_2005                             0.00%    passed     99.59%
  94  hDenV2_DELIM-0x2f_Colombia_DELIM-0x2f_SAN-UIS-0000032_DELIM-0x2f_2016                         0.00%    passed     99.60%
  95  hDenV2_DELIM-0x2f_Colombia_DELIM-0x2f_un-UDEA-200_DELIM-0x2f_2005                             0.07%    passed     97.63%
  96  hDenV2_DELIM-0x2f_Colombia_DELIM-0x2f_un-UDEA-450433_DELIM-0x2f_2015                          0.00%    passed     99.30%
  97  hDenV2_DELIM-0x2f_Colombia_DELIM-0x2f_SAN-UR-F14102012_DELIM-0x2f_2014                        0.00%    passed     96.22%
  98  hDenV2_DELIM-0x2f_Colombia_DELIM-0x2f_SAN-UR-07040_DELIM-0x2f_2007                            0.00%    passed     99.80%
  99  hDenV2_DELIM-0x2f_Colombia_DELIM-0x2f_SAN-UIS-0000006_DELIM-0x2f_2016                         0.00%    passed     97.42%
 100  hDenV2_DELIM-0x2f_Colombia_DELIM-0x2f_SAN-UR-F14110114_DELIM-0x2f_2014                        0.00%    passed     98.59%
 101  hDenV2_DELIM-0x2f_Colombia_DELIM-0x2f_un-UDEA-141242_DELIM-0x2f_2010                          0.00%    passed     98.68%
 102  hDenV2_DELIM-0x2f_Colombia_DELIM-0x2f_un-UDEA-121063_DELIM-0x2f_2010                          0.00%    passed     98.26%
 103  hDenV2_DELIM-0x2f_Colombia_DELIM-0x2f_un-UDEA-122129_DELIM-0x2f_2010                          0.00%    passed     98.26%
 104  hDenV2_DELIM-0x2f_Colombia_DELIM-0x2f_SAN-UR-LV141242_DELIM-0x2f_2010                         0.00%    passed     96.23%
 105  hDenV2_DELIM-0x2f_Colombia_DELIM-0x2f_SAN-UR-P201080044_DELIM-0x2f_2014                       0.00%    passed     96.86%
 106  hDenV2_DELIM-0x2f_Colombia_DELIM-0x2f_SAN-UR-F15070429_DELIM-0x2f_2015                        0.00%    passed     96.75%
 107  hDenV2_DELIM-0x2f_Colombia_DELIM-0x2f_SAN-UR-F14102011_DELIM-0x2f_2014                        0.00%    passed     97.29%
 108  hDenV2_DELIM-0x2f_Colombia_DELIM-0x2f_un-OUCRU-0000097_DELIM-0x2f_2012                        0.00%    passed     97.62%
 109  hDenV2_DELIM-0x2f_Colombia_DELIM-0x2f_un-OUCRU-0000109_DELIM-0x2f_2013                        0.00%    passed     97.62%
 110  hDenV2_DELIM-0x2f_Colombia_DELIM-0x2f_un-CNIH-484995_DELIM-0x2f_2016                          0.00%    passed     99.52%
 111  hDenV2_DELIM-0x2f_Colombia_DELIM-0x2f_un-CNIH-484926_DELIM-0x2f_2016                          0.00%    passed     99.08%
 112  hDenV2_DELIM-0x2f_Colombia_DELIM-0x2f_SAN-UIS-0000036_DELIM-0x2f_2016                         0.00%    passed     99.60%
 113  hDenV2_DELIM-0x2f_Colombia_DELIM-0x2f_SAN-UR-F15050329_DELIM-0x2f_2015                        0.00%    passed     99.28%
 114  hDenV2_DELIM-0x2f_Colombia_DELIM-0x2f_SAN-UR-F14122077_DELIM-0x2f_2014                        0.00%    passed     99.35%
 115  hDenV2_DELIM-0x2f_Colombia_DELIM-0x2f_SAN-UR-F14080014_DELIM-0x2f_2014                        0.00%    passed     98.59%
 116  hDenV2_DELIM-0x2f_Colombia_DELIM-0x2f_un-CNIH-484928_DELIM-0x2f_2016                          0.00%    passed     98.95%
 117  hDenV2_DELIM-0x2f_Colombia_DELIM-0x2f_un-OUCRU-0000065_DELIM-0x2f_2013                        0.00%    passed     99.48%
 118  hDenV2_DELIM-0x2f_Colombia_DELIM-0x2f_un-OUCRU-0000073_DELIM-0x2f_2013                        0.00%    passed     99.48%
 119  hDenV2_DELIM-0x2f_Colombia_DELIM-0x2f_NSA-INS-484995_DELIM-0x2f_2016                          0.00%    passed     99.52%
 120  hDenV2_DELIM-0x2f_Colombia_DELIM-0x2f_SAN-BROAD-0000030_DELIM-0x2f_2004                       0.00%    passed     99.08%
 121  hDenV2_DELIM-0x2f_Colombia_DELIM-0x2f_NSA-BROAD-0000021_DELIM-0x2f_2005                       0.00%    passed     98.26%
 122  hDenV2_DELIM-0x2f_Colombia_DELIM-0x2f_GUV-BROAD-0000010_DELIM-0x2f_2005                       0.00%    passed     99.87%
 123  hDenV2_DELIM-0x2f_Colombia_DELIM-0x2f_GUV-BROAD-0000013_DELIM-0x2f_2005                       0.00%    passed     99.52%
 124  hDenV2_DELIM-0x2f_Colombia_DELIM-0x2f_GUV-BROAD-0000014_DELIM-0x2f_2005                       0.00%    passed     99.72%
 125  hDenV2_DELIM-0x2f_Colombia_DELIM-0x2f_GUV-BROAD-0000011_DELIM-0x2f_2005                       0.61%    passed     99.91%
 126  hDenV2_DELIM-0x2f_Colombia_DELIM-0x2f_GUV-BROAD-0000012_DELIM-0x2f_2005                       0.00%    passed     99.95%
 127  hDenV2_DELIM-0x2f_Colombia_DELIM-0x2f_un-Yale-DH158_DELIM-0x2f_2006                           0.00%    passed     99.60%
 128  hDenV2_DELIM-0x2f_Colombia_DELIM-0x2f_SAN-Yale-DH158-P2_DELIM-0x2f_2006                       0.00%    passed     99.60%
 129  hDenV2_DELIM-0x2f_Colombia_DELIM-0x2f_UC-MS129_657_DELIM-0x2f_2016                           20.67%    passed     95.16%
 130  hDenV2_DELIM-0x2f_Colombia_DELIM-0x2f_UC-MS32_662_DELIM-0x2f_2015                            20.67%    passed     95.42%
 131  hDenV2_DELIM-0x2f_Colombia_DELIM-0x2f_UC-MS11_663_DELIM-0x2f_2015                            20.67%    passed     95.37%
 132  hDenV2_DELIM-0x2f_Colombia_DELIM-0x2f_UC-MS106_659_DELIM-0x2f_2016                           20.67%    passed     95.28%
 133  hDenV2_DELIM-0x2f_Colombia_DELIM-0x2f_un-INS-484925_DELIM-0x2f_2016                           0.00%    passed     98.26%
 134  hDenV2_DELIM-0x2f_Colombia_DELIM-0x2f_CAS-INS-484926_DELIM-0x2f_2016                          0.00%    passed     99.08%
 135  hDenV2_DELIM-0x2f_Colombia_DELIM-0x2f_un-INS-484928_DELIM-0x2f_2016                           1.14%    passed     98.43%
 136  hDenV2_DELIM-0x2f_Colombia_DELIM-0x2f_un-INS-484927_DELIM-0x2f_2016                           0.40%    passed     98.48%
 137  hDenV2_DELIM-0x2f_Colombia_DELIM-0x2f_un-OUCRU-0000042_DELIM-0x2f_2013                        0.00%    passed     94.47%
 138  hDenV2_DELIM-0x2f_Colombia_DELIM-0x2f_un-CNIH-422091_DELIM-0x2f_2013                          0.00%    passed     95.46%
 139  hDenV2_DELIM-0x2f_Colombia_DELIM-0x2f_un-CNIH-424029_DELIM-0x2f_2013                          0.00%    passed     95.46%
 140  hDenV2_DELIM-0x2f_Colombia_DELIM-0x2f_un-CNIH-422275_DELIM-0x2f_2013                          0.00%    passed     95.48%
 141  hDenV2_DELIM-0x2f_Colombia_DELIM-0x2f_GUV-INS-476747_DELIM-0x2f_2016                          0.00%    passed     91.83%
 142  hDenV2_DELIM-0x2f_Colombia_DELIM-0x2f_CAS-INS-484771_DELIM-0x2f_2016                          0.94%    passed     95.40%
 143  hDenV2_DELIM-0x2f_Colombia_DELIM-0x2f_MET-INS-422091_DELIM-0x2f_2013                          0.00%    passed     95.46%
 144  hDenV2_DELIM-0x2f_Colombia_DELIM-0x2f_un-OUCRU-0000098_DELIM-0x2f_2013                        0.00%    passed     98.36%
 145  hDenV2_DELIM-0x2f_Colombia_DELIM-0x2f_un-UDEA-AC37_DELIM-0x2f_2015                            0.07%    passed     97.64%
 146  hDenV2_DELIM-0x2f_Colombia_DELIM-0x2f_SAN-UR-LV11113714_DELIM-0x2f_2010                       0.00%    passed     92.04%
 147  hDenV2_DELIM-0x2f_Colombia_DELIM-0x2f_un-OUCRU-201233_DELIM-0x2f_2012                        14.28%    passed     55.92%
 148  hDenV2_DELIM-0x2f_Colombia_DELIM-0x2f_un-OUCRU-259_DELIM-0x2f_2012                           14.28%    passed     55.92%
 149  hDenV2_DELIM-0x2f_Colombia_DELIM-0x2f_SAN-UIS-21_DELIM-0x2f_2005                              0.00%    passed     95.59%
 150  hDenV2_DELIM-0x2f_Colombia_DELIM-0x2f_SAN-UIS-02_DELIM-0x2f_2005                              0.00%    passed     95.59%
 151  hDenV2_DELIM-0x2f_Colombia_DELIM-0x2f_un-UDEA-MIT1116_DELIM-0x2f_2007                         0.00%    passed     95.59%
 152  hDenV2_DELIM-0x2f_Colombia_DELIM-0x2f_un-UDEA-338_DELIM-0x2f_2007                             0.00%    passed     98.91%
 153  hDenV2_DELIM-0x2f_Colombia_DELIM-0x2f_SAN-UR-08017_DELIM-0x2f_2008                            0.00%    passed     98.15%
 154  hDenV2_DELIM-0x2f_Colombia_DELIM-0x2f_un-UDEA-253_DELIM-0x2f_2007                             0.00%    passed     96.00%
 155  hDenV2_DELIM-0x2f_Colombia_DELIM-0x2f_SAN-UR-LV353_DELIM-0x2f_2004                            0.00%    passed     97.06%
 156  hDenV2_DELIM-0x2f_Colombia_DELIM-0x2f_un-UDEA-051_DELIM-0x2f_2005                             0.00%    passed     97.43%
 157  hDenV2_DELIM-0x2f_Colombia_DELIM-0x2f_un-UDEA-015_DELIM-0x2f_2005                             0.00%    passed     98.37%
 158  hDenV2_DELIM-0x2f_Colombia_DELIM-0x2f_un-UDEA-210_DELIM-0x2f_2005                             0.00%    passed     98.37%
 159  hDenV2_DELIM-0x2f_Colombia_DELIM-0x2f_SAN-UR-G025_DELIM-0x2f_2003                             0.00%    passed     98.26%
 160  hDenV2_DELIM-0x2f_Colombia_DELIM-0x2f_un-UDEA-MIT1084_DELIM-0x2f_2005                         0.00%    passed     94.17%
 161  hDenV2_DELIM-0x2f_Colombia_DELIM-0x2f_SAN-UR-01363_DELIM-0x2f_2001                            0.00%    passed     97.86%
 162  hDenV2_DELIM-0x2f_Colombia_DELIM-0x2f_SAN-BROAD-0000033_DELIM-0x2f_2007                       0.00%    passed     98.91%
 163  hDenV2_DELIM-0x2f_Colombia_DELIM-0x2f_SAN-BROAD-0000055_DELIM-0x2f_2007                       0.00%    passed     96.00%
 164  hDenV2_DELIM-0x2f_Colombia_DELIM-0x2f_NSA-BROAD-0000015_DELIM-0x2f_2005                       0.00%    passed     98.37%
 165  hDenV2_DELIM-0x2f_Colombia_DELIM-0x2f_NSA-BROAD-0000024_DELIM-0x2f_2005                       0.00%    passed     98.37%
 166  hDenV2_DELIM-0x2f_Colombia_DELIM-0x2f_un-OUCRU-0000015_DELIM-0x2f_2012                        0.00%    passed     99.63%
 167  hDenV2_DELIM-0x2f_Colombia_DELIM-0x2f_un-OUCRU-0000058_DELIM-0x2f_2012                        0.00%    passed     99.63%
 168  hDenV2_DELIM-0x2f_Colombia_DELIM-0x2f_un-OUCRU-0000051_DELIM-0x2f_2012                        0.00%    passed     99.25%
 169  hDenV2_DELIM-0x2f_Colombia_DELIM-0x2f_un-OUCRU-0000086_DELIM-0x2f_2012                        0.00%    passed     99.63%
 170  hDenV2_DELIM-0x2f_Colombia_DELIM-0x2f_un-OUCRU-0000094_DELIM-0x2f_2012                        0.00%    passed     99.70%
 171  hDenV2_DELIM-0x2f_Colombia_DELIM-0x2f_un-OUCRU-0000085_DELIM-0x2f_2012                        0.00%    passed     99.32%
 172  hDenV2_DELIM-0x2f_Colombia_DELIM-0x2f_un-OUCRU-0000107_DELIM-0x2f_2012                        0.00%    passed     99.68%
 173  hDenV2_DELIM-0x2f_Colombia_DELIM-0x2f_un-OUCRU-0000016_DELIM-0x2f_2012                        0.00%    passed     99.63%
 174  hDenV2_DELIM-0x2f_Colombia_DELIM-0x2f_un-OUCRU-0000072_DELIM-0x2f_2012                        0.00%    passed     99.85%
 175  hDenV2_DELIM-0x2f_Colombia_DELIM-0x2f_un-OUCRU-0000029_DELIM-0x2f_2012                        0.00%    passed     99.37%
 176  hDenV2_DELIM-0x2f_Colombia_DELIM-0x2f_un-OUCRU-0000113_DELIM-0x2f_2012                        0.00%    passed     99.37%
 177  hDenV2_DELIM-0x2f_Colombia_DELIM-0x2f_un-OUCRU-0000080_DELIM-0x2f_2012                        0.00%    passed     99.98%
 178  hDenV2_DELIM-0x2f_Colombia_DELIM-0x2f_un-OUCRU-0000031_DELIM-0x2f_2011                        0.00%    passed     99.89%
 179  hDenV2_DELIM-0x2f_Colombia_DELIM-0x2f_un-OUCRU-0000091_DELIM-0x2f_2012                        0.00%    passed     99.33%
 180  hDenV2_DELIM-0x2f_Colombia_DELIM-0x2f_SAN-UR-F15020239_DELIM-0x2f_2015                        0.00%    passed     98.05%
 181  hDenV2_DELIM-0x2f_Colombia_DELIM-0x2f_un-UDEA-446765_DELIM-0x2f_2015                          0.00%    passed     99.71%
 182  hDenV2_DELIM-0x2f_Colombia_DELIM-0x2f_ARA-INS-457058_DELIM-0x2f_2016                          0.00%    passed     99.58%
 183  hDenV2_DELIM-0x2f_Colombia_DELIM-0x2f_VAC-LSPVAC-06054-VI_DELIM-0x2f_2023                     0.00%    passed     99.48%
 184  hDenV2_DELIM-0x2f_Colombia_DELIM-0x2f_VAC-LSPVAC-2403818_DELIM-0x2f_2024                      0.00%    passed     99.28%
 185  hDenV2_DELIM-0x2f_Colombia_DELIM-0x2f_VAC-LSPVAC-2404593_DELIM-0x2f_2024                      0.00%    passed     99.07%
 186  hDenV2_DELIM-0x2f_Colombia_DELIM-0x2f_un-Yale-DN02702_DELIM-0x2f_2024                         0.00%    passed     99.26%
 187  hDenV2_DELIM-0x2f_Colombia_DELIM-0x2f_un-Yale-DN02356_DELIM-0x2f_2023                         0.07%    passed     99.37%
 188  hDenV2_DELIM-0x2f_Colombia_DELIM-0x2f_VAC-LSPVAC-2406796-VI_DELIM-0x2f_2024                   0.00%    passed     99.28%
 189  hDenV2_DELIM-0x2f_Colombia_DELIM-0x2f_un-FUAA-AFI009674_DELIM-0x2f_2019                       0.00%    passed     97.07%
 190  hDenV2_DELIM-0x2f_Colombia_DELIM-0x2f_UC-MS108_658_DELIM-0x2f_2016                           20.67%    passed     92.60%
 191  hDenV2_DELIM-0x2f_Colombia_DELIM-0x2f_UC-MS77_660_DELIM-0x2f_2015                            20.67%    passed     91.42%
 192  hDenV2_DELIM-0x2f_Colombia_DELIM-0x2f_UC-MS46_661_DELIM-0x2f_2015                            20.67%    passed     93.89%
 193  hDenV2_DELIM-0x2f_Colombia_DELIM-0x2f_COR-UNICORDOBA-23_DELIM-0x2f_2021                       0.00%    passed     99.68%
 194  hDenV2_DELIM-0x2f_Colombia_DELIM-0x2f_ANT-UDEA-C0A0029_DELIM-0x2f_2021                        0.00%    passed     99.62%
 195  hDenV2_DELIM-0x2f_Colombia_DELIM-0x2f_un-Yale-DN02784_DELIM-0x2f_2024                         0.00%    passed     99.41%
 196  hDenV2_DELIM-0x2f_Colombia_DELIM-0x2f_un-Yale-DN02534_DELIM-0x2f_2024                         0.00%    passed     99.68%
 197  hDenV2_DELIM-0x2f_Colombia_DELIM-0x2f_VAC-LSPVAC-2306881_DELIM-0x2f_2023                      0.00%    passed     99.98%
 198  DenV2_DELIM-0x2f_Colombia_DELIM-0x2f_VAC-LSPVAC-01759-VI_DELIM-0x2f_2024                      0.13%    passed     99.69%
 199  hDenV2_DELIM-0x2f_Colombia_DELIM-0x2f_VAC-LSPVAC-2401760_DELIM-0x2f_2024                     13.33%    passed     74.57%
 200  hDenV2_DELIM-0x2f_Colombia_DELIM-0x2f_VAC-LSPVAC-2402223_DELIM-0x2f_2024                      3.23%    passed     96.51%
 201  hDenV2_DELIM-0x2f_Colombia_DELIM-0x2f_VAC-LSPVAC-2405558_DELIM-0x2f_2024                      0.00%    passed     99.60%
 202  hDenV2_DELIM-0x2f_Colombia_DELIM-0x2f_BOL-UEB-98_DELIM-0x2f_2021                              8.15%    passed     99.76%
 203  hDenV2_DELIM-0x2f_Colombia_DELIM-0x2f_BOL-UEB-4_DELIM-0x2f_2021                              16.90%    passed     93.14%
 204  hDenV2_DELIM-0x2f_Colombia_DELIM-0x2f_BOL-UEB-264_DELIM-0x2f_2021                             0.00%    passed     98.15%
 205  hDenV2_DELIM-0x2f_Colombia_DELIM-0x2f_BOL-UEB-113_DELIM-0x2f_2021                             0.00%    passed     99.32%
 206  hDenV2_DELIM-0x2f_Colombia_DELIM-0x2f_BOL-UEB-15_DELIM-0x2f_2021                              0.00%    passed     98.47%
 207  hDenV2_DELIM-0x2f_Colombia_DELIM-0x2f_BOL-UEB-311_DELIM-0x2f_2021                             0.00%    passed     99.52%
 208  hDenV2_DELIM-0x2f_Colombia_DELIM-0x2f_BOL-UEB-327_DELIM-0x2f_2021                             4.92%    passed     97.49%
 209  hDenV2_DELIM-0x2f_Colombia_DELIM-0x2f_BOL-UEB-126_DELIM-0x2f_2021                             0.00%    passed     97.74%
 210  hDenV2_DELIM-0x2f_Colombia_DELIM-0x2f_BOL-UEB-3_DELIM-0x2f_2021                               6.33%    passed     97.70%
 211  hDenV2_DELIM-0x2f_Colombia_DELIM-0x2f_un-NAMRU-6-FCC00999_DELIM-0x2f_2021                     0.00%    passed     99.35%
 212  hDenV2_DELIM-0x2f_Colombia_DELIM-0x2f_un-NAMRU-6-FCC00973_DELIM-0x2f_2021                     0.00%    passed     99.68%
 213  hDenV2_DELIM-0x2f_Colombia_DELIM-0x2f_un-NAMRU-6-FCC00974_DELIM-0x2f_2021                     0.00%    passed     99.68%
 214  hDenV2_DELIM-0x2f_Colombia_DELIM-0x2f_BOL-UEB-130_DELIM-0x2f_2021                             5.39%    passed     95.12%
 215  hDenV2_DELIM-0x2f_Colombia_DELIM-0x2f_BOL-UEB-321_DELIM-0x2f_2021                            15.42%    passed     99.66%
 216  DenV2_DELIM-0x2f_Colombia_DELIM-0x2f_VAC-LSPVAC-02570-VI_DELIM-0x2f_2024                      0.00%    passed     99.91%
 217  hDenV2_DELIM-0x2f_Colombia_DELIM-0x2f_un-Yale-DN02326_DELIM-0x2f_2023                         0.00%    passed     98.26%
 218  hDenV2_DELIM-0x2f_Colombia_DELIM-0x2f_un-Yale-DN02516_DELIM-0x2f_2024                        12.46%    passed     93.82%
 219  hDenV2_DELIM-0x2f_Colombia_DELIM-0x2f_un-Yale-DN02338_DELIM-0x2f_2023                         0.13%    passed     98.68%
 220  hDenV2_DELIM-0x2f_Colombia_DELIM-0x2f_un-Yale-DN02466_DELIM-0x2f_2023                         0.07%    passed     99.00%
 221  hDenV2_DELIM-0x2f_Colombia_DELIM-0x2f_un-Yale-DN02710_DELIM-0x2f_2024                         0.00%    passed     99.08%
 222  hDenV2_DELIM-0x2f_Colombia_DELIM-0x2f_un-Yale-DN02524_DELIM-0x2f_2024                         0.00%    passed     98.98%
 223  hDenV2_DELIM-0x2f_Colombia_DELIM-0x2f_un-Yale-DN02799_DELIM-0x2f_2024                         0.07%    passed     97.07%
 224  hDenV2_DELIM-0x2f_Colombia_DELIM-0x2f_un-Yale-DN02519_DELIM-0x2f_2024                         0.00%    passed     99.52%
 225  hDenV2_DELIM-0x2f_Colombia_DELIM-0x2f_un-Yale-DN02568_DELIM-0x2f_2024                        11.11%    passed     93.76%
 226  hDenV2_DELIM-0x2f_Colombia_DELIM-0x2f_un-Yale-DN02731_DELIM-0x2f_2024                         0.00%    passed     99.91%
 227  hDenV2_DELIM-0x2f_Colombia_DELIM-0x2f_VAC-LSPVAC-2406410-VI_DELIM-0x2f_2024                   0.07%    passed     98.96%
 228  hDenV2_DELIM-0x2f_Colombia_DELIM-0x2f_VAC-LSPVAC-2408056-VI_DELIM-0x2f_2024                   0.07%    passed     99.95%
 229  hDenV2_DELIM-0x2f_Colombia_DELIM-0x2f_VAC-LSPVAC-2406559-VI_DELIM-0x2f_2024                  10.17%    passed     72.89%
 230  hDenV2_DELIM-0x2f_Colombia_DELIM-0x2f_VAC-LSPVAC-2407448-VI_DELIM-0x2f_2024                   0.07%    passed     98.15%
 231  hDenV2_DELIM-0x2f_Colombia_DELIM-0x2f_BOL-UEB-125_DELIM-0x2f_2019                             0.00%    passed     99.32%
 232  hDenV2_DELIM-0x2f_Colombia_DELIM-0x2f_BOL-UEB-121_DELIM-0x2f_2019                             0.00%    passed     98.49%
 233  hDenV2_DELIM-0x2f_Colombia_DELIM-0x2f_BOL-UEB-27_DELIM-0x2f_2021                              8.15%    passed     93.15%
 234  hDenV2_DELIM-0x2f_Colombia_DELIM-0x2f_BOL-UEB-70_DELIM-0x2f_2021                              8.15%    passed     99.24%
 235  hDenV2_DELIM-0x2f_Colombia_DELIM-0x2f_BOL-UEB-87_DELIM-0x2f_2021                             11.18%    passed     98.49%
 236  hDenV2_DELIM-0x2f_Colombia_DELIM-0x2f_BOL-UEB-322_DELIM-0x2f_2021                            12.32%    passed     99.54%
 237  hDenV2_DELIM-0x2f_Colombia_DELIM-0x2f_VID-UEB-2_DELIM-0x2f_2023                               0.00%    passed     99.98%
 238  hDenV2_DELIM-0x2f_Colombia_DELIM-0x2f_VID-UEB-3_DELIM-0x2f_2023                               0.00%    passed     99.98%
 239  hDenV2_DELIM-0x2f_Colombia_DELIM-0x2f_ANT-UDEA-COT0021_DELIM-0x2f_2023                        0.00%    passed     98.60%
 240  hDenV2_DELIM-0x2f_Colombia_DELIM-0x2f_VAC-LSPVAC-2401890_DELIM-0x2f_2024                      0.07%    passed     99.98%
 241  hDenV2_DELIM-0x2f_Colombia_DELIM-0x2f_SAN-UR-OC053_DELIM-0x2f_2005                            0.00%    passed     98.59%
 242  hDenV2_DELIM-0x2f_Colombia_DELIM-0x2f_VAC-LSPVAC-02903-VI_DELIM-0x2f_2023                     0.00%    passed     92.15%
 243  hDenV2_DELIM-0x2f_Colombia_DELIM-0x2f_VAC-LSPVAC-08431-2-VI_DELIM-0x2f_2023                   0.00%    passed     92.15%
 244  hDenV2_DELIM-0x2f_Colombia_DELIM-0x2f_VAC-LSPVAC-08912-2-VI_DELIM-0x2f_2023                   0.00%    passed     92.15%
 245  hDenV2_DELIM-0x2f_Colombia_DELIM-0x2f_VAC-LSPVAC-2402318_DELIM-0x2f_2024                      0.07%    passed     92.29%
 246  hDenV2_DELIM-0x2f_Colombia_DELIM-0x2f_VAC-LSPVAC-06002-VI_DELIM-0x2f_2023                     0.00%    passed     94.39%
 247  hDenV2_DELIM-0x2f_Colombia_DELIM-0x2f_VAC-LSPVAC-2404023_DELIM-0x2f_2024                      0.07%    passed     94.52%
 248  hDenV2_DELIM-0x2f_Colombia_DELIM-0x2f_VAC-LSPVAC-09410-2-VI_DELIM-0x2f_2023                   0.00%    passed     92.15%
 249  hDenV2_DELIM-0x2f_Colombia_DELIM-0x2f_un-Yale-DN02520_DELIM-0x2f_2024                         0.00%    passed     94.49%
 250  hDenV2_DELIM-0x2f_Colombia_DELIM-0x2f_un-Yale-DN02366_DELIM-0x2f_2023                         0.00%    passed     92.15%
 251  hDenV2_DELIM-0x2f_Colombia_DELIM-0x2f_un-Yale-DN02431_DELIM-0x2f_2023                         0.00%    passed     94.39%
 252  hDenV2_DELIM-0x2f_Colombia_DELIM-0x2f_un-Yale-DN02417_DELIM-0x2f_2023                         0.00%    passed     92.26%
 253  hDenV2_DELIM-0x2f_Colombia_DELIM-0x2f_un-Yale-DN02409_DELIM-0x2f_2023                         0.00%    passed     92.15%
 254  hDenV2_DELIM-0x2f_Colombia_DELIM-0x2f_un-Yale-DN02410_DELIM-0x2f_2023                         0.00%    passed     92.15%
 255  hDenV2_DELIM-0x2f_Colombia_DELIM-0x2f_un-Yale-DN02554_DELIM-0x2f_2024                         0.00%    passed     94.39%
 256  hDenV2_DELIM-0x2f_Colombia_DELIM-0x2f_un-Yale-DN02715_DELIM-0x2f_2024                         0.00%    passed     94.39%
 257  hDenV2_DELIM-0x2f_Colombia_DELIM-0x2f_un-Yale-DN02714_DELIM-0x2f_2024                         0.00%    passed     94.39%
 258  hDenV2_DELIM-0x2f_Colombia_DELIM-0x2f_un-Yale-DN02712_DELIM-0x2f_2024                         0.00%    passed     94.39%
 259  hDenV2_DELIM-0x2f_Colombia_DELIM-0x2f_un-Yale-DN02734_DELIM-0x2f_2024                         0.00%    passed     89.48%
 260  hDenV2_DELIM-0x2f_Colombia_DELIM-0x2f_un-Yale-DN02566_DELIM-0x2f_2024                         0.00%    passed     94.39%
 261  hDenV2_DELIM-0x2f_Colombia_DELIM-0x2f_un-Yale-DN02753_DELIM-0x2f_2024                         0.00%    passed     91.83%
 262  hDenV2_DELIM-0x2f_Colombia_DELIM-0x2f_un-Yale-DN02444_DELIM-0x2f_2023                         0.07%    passed     89.36%
 263  hDenV2_DELIM-0x2f_Colombia_DELIM-0x2f_un-Yale-DN02746_DELIM-0x2f_2024                         0.00%    passed     94.39%
 264  hDenV2_DELIM-0x2f_Colombia_DELIM-0x2f_un-Yale-DN02724_DELIM-0x2f_2024                         0.00%    passed     93.22%
 265  hDenV2_DELIM-0x2f_Colombia_DELIM-0x2f_un-Yale-DN02811_DELIM-0x2f_2024                         0.00%    passed     94.39%
 266  hDenV2_DELIM-0x2f_Colombia_DELIM-0x2f_VAC-LSPVAC-2402026_DELIM-0x2f_2024                      0.07%    passed     92.04%
 267  hDenV2_DELIM-0x2f_Colombia_DELIM-0x2f_ANT-UDEA-COA0105_DELIM-0x2f_2022                        0.00%    passed     94.39%
 268  hDenV2_DELIM-0x2f_Colombia_DELIM-0x2f_ANT-UDEA-COA0106_DELIM-0x2f_2022                        0.00%    passed     94.39%
 269  hDenV2_DELIM-0x2f_Colombia_DELIM-0x2f_VAC-LSPVAC-2410159-VI_DELIM-0x2f_2024                   0.00%    passed     94.39%
 270  hDenV2_DELIM-0x2f_Colombia_DELIM-0x2f_VAC-LSPVAC-20240924-1095-VIG_DELIM-0x2f_2024            0.00%    passed     94.09%
 271  hDenV2_DELIM-0x2f_Colombia_DELIM-0x2f_un-UNICORDOBA-34_DELIM-0x2f_2021                        0.27%    passed     92.25%
 272  hDenV2_DELIM-0x2f_Colombia_DELIM-0x2f_ANT-UDEA-COA0223_DELIM-0x2f_2022                        0.00%    passed     94.39%
 273  hDenV2_DELIM-0x2f_Colombia_DELIM-0x2f_VAC-LSPVAC-2410538-VI_DELIM-0x2f_2024                   0.00%    passed     87.70%
 274  hDenV2_DELIM-0x2f_Colombia_DELIM-0x2f_VAC-LSPVAC-2405259_DELIM-0x2f_2024                      0.13%    passed     77.97%
 275  DenV2_DELIM-0x2f_Colombia_DELIM-0x2f_VAC-LSPVAC-02332-VI_DELIM-0x2f_2024                      0.07%    passed     73.66%
 276  hDenV2_DELIM-0x2f_Colombia_DELIM-0x2f_VAC-LSPVAC-2405518_DELIM-0x2f_2024                     10.24%    passed     36.93%
 277  hDenV2_DELIM-0x2f_Colombia_DELIM-0x2f_un-Yale-DN02494_DELIM-0x2f_2024                         0.00%    passed     78.17%
 278  hDenV2_DELIM-0x2f_Colombia_DELIM-0x2f_un-Yale-DN02525_DELIM-0x2f_2024                         0.00%    passed     80.43%
 279  hDenV2_DELIM-0x2f_Colombia_DELIM-0x2f_ANT-UDEA-COA0028_DELIM-0x2f_2021                        0.00%    passed     97.67%
 280  DenV2_DELIM-0x2f_Colombia_DELIM-0x2f_VAC-LSPVAC-01056-VI_DELIM-0x2f_2024                      0.54%    passed     90.19%
 281  hDenV2_DELIM-0x2f_Colombia_DELIM-0x2f_VID-UEB-8_DELIM-0x2f_2023                               0.00%    passed     92.18%
 282  hDenV2_DELIM-0x2f_Colombia_DELIM-0x2f_un-UDEA-311082_DELIM-0x2f_2010                          0.00%    passed     98.68%
 283  hDenV2_DELIM-0x2f_Colombia_DELIM-0x2f_un-INS-468118_DELIM-0x2f_2016                           1.62%    passed     99.83%
 284  hDenV2_DELIM-0x2f_Colombia_DELIM-0x2f_SAN-UR-P201080038_DELIM-0x2f_2014                       0.00%    passed     88.25%
 285  hDenV2_DELIM-0x2f_Colombia_DELIM-0x2f_un-INS-450446_DELIM-0x2f_2015                           1.68%    passed     98.09%
 286  hDenV2_DELIM-0x2f_Colombia_DELIM-0x2f_VAC-LSPVAC-2401759-VI_DELIM-0x2f_2024                   0.00%    passed     99.68%
 287  hDenV2_DELIM-0x2f_Colombia_DELIM-0x2f_CUN-INS-425819_DELIM-0x2f_2013                          1.48%    passed     98.54%
 288  hDenV2_DELIM-0x2f_Colombia_DELIM-0x2f_VAC-LSPVAC-2410681-VI_DELIM-0x2f_2024                   0.00%    passed     99.32%
 289  hDenV2_DELIM-0x2f_Colombia_DELIM-0x2f_HUI-INS-449618_DELIM-0x2f_2015                          5.52%    passed     94.58%
 290  hDenV2_DELIM-0x2f_Colombia_DELIM-0x2f_VAC-LSPVAC-00716-VI_DELIM-0x2f_2023                    13.40%    passed     78.53%
 291  hDenV2_DELIM-0x2f_Colombia_DELIM-0x2f_VAC-LSPVAC-2405576_DELIM-0x2f_2024                      3.23%    passed     85.02%
 292  hDenV2_DELIM-0x2f_Colombia_DELIM-0x2f_HUI-INS-450024_DELIM-0x2f_2015                         17.91%    passed     95.00%
 293  hDenV2_DELIM-0x2f_Colombia_DELIM-0x2f_MET-UR-207_DELIM-0x2f_2023                              0.00%    passed     93.01%
 294  hDenV2_DELIM-0x2f_Colombia_DELIM-0x2f_MET-NFDCN-CIMBIUR_207_DELIM-0x2f_2023                   0.00%    passed     93.01%
 295  hDenV2_DELIM-0x2f_Colombia_DELIM-0x2f_MET-UR-237_DELIM-0x2f_2023                              0.00%    passed     88.00%
 296  hDenV2_DELIM-0x2f_Colombia_DELIM-0x2f_MET-NFDCN-CIMBIUR_237_DELIM-0x2f_2023                   0.00%    passed     88.00%
 297  hDenV2_DELIM-0x2f_Colombia_DELIM-0x2f_ANT-UDEA-COT0238_DELIM-0x2f_2023                        0.00%    passed     92.29%
 298  hDenV2_DELIM-0x2f_Colombia_DELIM-0x2f_ANT-UDEA-COT0237_DELIM-0x2f_2023                        0.00%    passed     92.29%
 299  hDenV2_DELIM-0x2f_Colombia_DELIM-0x2f_ANT-UDEA-COT0213_DELIM-0x2f_2023                        0.00%    passed     92.29%
 300  hDenV2_DELIM-0x2f_Colombia_DELIM-0x2f_ANT-UDEA-PFT1_DELIM-0x2f_2023                           0.00%    passed     92.29%
 301  DenV2_DELIM-0x2f_mosquito_DELIM-0x2f_Colombia_DELIM-0x2f_ANT-UDEA-0720_DELIM-0x2f_2024        0.00%    passed     94.61%
 302  DenV2_DELIM-0x2f_mosquito_DELIM-0x2f_Colombia_DELIM-0x2f_ANT-UDEA-0720LIME_DELIM-0x2f_2024    0.00%    passed     94.61%
 303  DenV2_DELIM-0x2f_mosquito_DELIM-0x2f_Colombia_DELIM-0x2f_ANT-UDEA-0997LIME_DELIM-0x2f_2024    0.00%    passed     94.50%
 304  hDenV2_DELIM-0x2f_Colombia_DELIM-0x2f_un-UDEA-LET1268_DELIM-0x2f_2023                         0.00%    passed     74.86%
 305  hDenV2_DELIM-0x2f_Colombia_DELIM-0x2f_un-UDEA-LET1232_DELIM-0x2f_2022                         0.00%    passed     74.86%
 306  hDenV2_DELIM-0x2f_Colombia_DELIM-0x2f_un-UDEA-LET1266_DELIM-0x2f_2023                         0.07%    passed     75.08%
 307  hDenV2_DELIM-0x2f_Colombia_DELIM-0x2f_un-UDEA-LET1235_DELIM-0x2f_2022                         0.00%    passed     74.29%
 308  hDenV2_DELIM-0x2f_Colombia_DELIM-0x2f_un-UDEA-LET1287_DELIM-0x2f_2023                         0.00%    passed     74.86%
 309  hDenV2_DELIM-0x2f_Colombia_DELIM-0x2f_un-UDEA-LET1282_DELIM-0x2f_2023                         0.00%    passed     75.21%
 310  hDenV2_DELIM-0x2f_Colombia_DELIM-0x2f_un-Yale-DN02567_DELIM-0x2f_2024                         0.00%    passed     86.25%
 311  hDenV2_DELIM-0x2f_Colombia_DELIM-0x2f_VAC-LSPVAC-2409260-VI_DELIM-0x2f_2024                   0.00%    passed     86.25%
 312  hDenV2_DELIM-0x2f_Colombia_DELIM-0x2f_VAC-LSPVAC-2410092-VI_DELIM-0x2f_2024                   0.00%    passed     86.25%
 313  hDenV2_DELIM-0x2f_Colombia_DELIM-0x2f_un-UDEA-LET1208_DELIM-0x2f_2022                         0.00%    passed     86.25%
 314  hDenV2_DELIM-0x2f_Colombia_DELIM-0x2f_un-UDEA-LET1199_DELIM-0x2f_2022                         0.00%    passed     86.25%
 315  hDenV2_DELIM-0x2f_Colombia_DELIM-0x2f_un-UDEA-LET1191_DELIM-0x2f_2022                         0.00%    passed     86.25%
 316  hDenV2_DELIM-0x2f_Colombia_DELIM-0x2f_un-UDEA-LET1184_DELIM-0x2f_2022                         0.00%    passed     86.25%
 317  hDenV2_DELIM-0x2f_Colombia_DELIM-0x2f_un-UDEA-LET1202_DELIM-0x2f_2022                         0.00%    passed     86.25%
 318  hDenV2_DELIM-0x2f_Colombia_DELIM-0x2f_un-UDEA-LET1181_DELIM-0x2f_2022                         0.00%    passed     86.25%
 319  hDenV2_DELIM-0x2f_Colombia_DELIM-0x2f_un-UDEA-LET1209_DELIM-0x2f_2022                         0.00%    passed     86.25%
 320  hDenV2_DELIM-0x2f_Colombia_DELIM-0x2f_un-UDEA-LET1225_DELIM-0x2f_2022                         0.00%    passed     82.79%
 321  hDenV2_DELIM-0x2f_Colombia_DELIM-0x2f_un-UDEA-LET1259_DELIM-0x2f_2023                         0.00%    passed     82.79%
 322  hDenV2_DELIM-0x2f_Colombia_DELIM-0x2f_un-UDEA-LET1260_DELIM-0x2f_2023                         0.07%    passed     86.46%
 323  hDenV2_DELIM-0x2f_Colombia_DELIM-0x2f_un-UDEA-LET1270_DELIM-0x2f_2023                         0.07%    passed     86.46%
 324  hDenV2_DELIM-0x2f_Colombia_DELIM-0x2f_un-UDEA-LET1286_DELIM-0x2f_2023                         0.07%    passed     86.46%
 325  hDenV2_DELIM-0x2f_Colombia_DELIM-0x2f_un-UDEA-1125_DELIM-0x2f_2022                            0.00%    passed     86.25%
 326  hDenV2_DELIM-0x2f_Colombia_DELIM-0x2f_un-UDEA-1153_DELIM-0x2f_2022                            0.00%    passed     86.25%
 327  hDenV2_DELIM-0x2f_Colombia_DELIM-0x2f_un-UDEA-1114_DELIM-0x2f_2022                            0.07%    passed     85.99%
 328  hDenV2_DELIM-0x2f_Colombia_DELIM-0x2f_un-UDEA-1145_DELIM-0x2f_2022                            0.00%    passed     88.77%
 329  hDenV2_DELIM-0x2f_Colombia_DELIM-0x2f_un-UDEA-1127_DELIM-0x2f_2022                            0.00%    passed     88.77%
 330  hDenV2_DELIM-0x2f_Colombia_DELIM-0x2f_un-UDEA-1160_DELIM-0x2f_2022                            0.00%    passed     88.77%
 331  hDenV2_DELIM-0x2f_Colombia_DELIM-0x2f_un-UDEA-1142_DELIM-0x2f_2022                            0.00%    passed     88.77%
 332  hDenV2_DELIM-0x2f_Colombia_DELIM-0x2f_un-UDEA-1147_DELIM-0x2f_2022                            0.13%    passed     88.74%
 333  hDenV2_DELIM-0x2f_Colombia_DELIM-0x2f_un-UDEA-2395_DELIM-0x2f_2022                            0.00%    passed     85.68%
 334  hDenV2_DELIM-0x2f_Colombia_DELIM-0x2f_un-UDEA-1146_DELIM-0x2f_2022                            0.00%    passed     85.68%
 335  hDenV2_DELIM-0x2f_Colombia_DELIM-0x2f_un-UDEA-LET1205_DELIM-0x2f_2022                         0.07%    passed     88.40%
 336  hDenV2_DELIM-0x2f_Colombia_DELIM-0x2f_un-UDEA-LET1206_DELIM-0x2f_2022                         0.07%    passed     87.50%
 337  hDenV2_DELIM-0x2f_Colombia_DELIM-0x2f_un-UDEA-LET1269_DELIM-0x2f_2023                         0.00%    passed     88.77%
 338  hDenV2_DELIM-0x2f_Colombia_DELIM-0x2f_un-UDEA-LET1185_DELIM-0x2f_2022                         0.07%    passed     85.30%
 339  hDenV2_DELIM-0x2f_Colombia_DELIM-0x2f_un-UDEA-LET1193_DELIM-0x2f_2022                         0.00%    passed     88.77%
 340  hDenV2_DELIM-0x2f_Colombia_DELIM-0x2f_un-UDEA-LET1198_DELIM-0x2f_2022                         0.00%    passed     88.77%
 341  hDenV2_DELIM-0x2f_Colombia_DELIM-0x2f_un-UDEA-LET1170_DELIM-0x2f_2022                         0.00%    passed     89.32%
 342  hDenV2_DELIM-0x2f_Colombia_DELIM-0x2f_un-UDEA-LET1251_DELIM-0x2f_2023                         0.00%    passed     88.77%
 343  hDenV2_DELIM-0x2f_Colombia_DELIM-0x2f_un-UDEA-LET1222_DELIM-0x2f_2022                         0.00%    passed     88.77%
 344  hDenV2_DELIM-0x2f_Colombia_DELIM-0x2f_un-UDEA-1262_DELIM-0x2f_2023                            0.00%    passed     88.77%
 345  hDenV2_DELIM-0x2f_Colombia_DELIM-0x2f_un-UDEA-LET1172_DELIM-0x2f_2022                         0.00%    passed     82.21%
 346  hDenV2_DELIM-0x2f_Colombia_DELIM-0x2f_un-UDEA-LET1275_DELIM-0x2f_2023                         0.07%    passed     90.54%
 347  hDenV2_DELIM-0x2f_Colombia_DELIM-0x2f_un-UDEA-1120_DELIM-0x2f_2022                            0.00%    passed     89.32%
 348  hDenV2_DELIM-0x2f_Colombia_DELIM-0x2f_un-Yale-DN02742_DELIM-0x2f_2024                         0.07%    passed     89.53%
 349  hDenV2_DELIM-0x2f_Colombia_DELIM-0x2f_un-UDEA-35H_DELIM-0x2f_2022                             0.07%    passed     83.81%
 350  hDenV2_DELIM-0x2f_Colombia_DELIM-0x2f_VAC-LSPVAC-2306464_DELIM-0x2f_2023                      0.00%    passed     85.68%
 351  hDenV2_DELIM-0x2f_Colombia_DELIM-0x2f_un-Yale-DN02866_DELIM-0x2f_2024                         0.00%    passed     76.58%
 352  hDenV2_DELIM-0x2f_Colombia_DELIM-0x2f_VAC-LSPVAC-2409170-VI_DELIM-0x2f_2024                   0.00%    passed     78.40%
 353  hDenV2_DELIM-0x2f_Colombia_DELIM-0x2f_VAC-LSPVAC-2409978-VI_DELIM-0x2f_2024                   0.00%    passed     82.21%
 354  hDenV2_DELIM-0x2f_Colombia_DELIM-0x2f_VAC-LSPVAC-2409230-VI_DELIM-0x2f_2024                   0.00%    passed     82.21%
 355  hDenV2_DELIM-0x2f_Colombia_DELIM-0x2f_VAC-LSPVAC-20240906-0401-VIG-VI_DELIM-0x2f_2024         0.00%    passed     85.68%
 356  hDenV2_DELIM-0x2f_Colombia_DELIM-0x2f_VAC-LSPVAC-2410077-VI_DELIM-0x2f_2024                   0.00%    passed     82.21%
 357  hDenV2_DELIM-0x2f_Colombia_DELIM-0x2f_VAC-LSPVAC-2410552-VI_DELIM-0x2f_2024                   0.00%    passed     78.40%
 358  hDenV2_DELIM-0x2f_Colombia_DELIM-0x2f_VAC-LSPVAC-20240913-0736-VIG_DELIM-0x2f_2024            0.00%    passed     82.21%
 359  hDenV2_DELIM-0x2f_Colombia_DELIM-0x2f_VAC-LSPVAC-20240920-1030-VIG_DELIM-0x2f_2024            0.00%    passed     82.21%
 360  hDenV2_DELIM-0x2f_Colombia_DELIM-0x2f_VAC-LSPVAC-20240927-1232-VIG_DELIM-0x2f_2024            0.00%    passed     82.21%
 361  hDenV2_DELIM-0x2f_Colombia_DELIM-0x2f_VAC-LSPVAC-20240912-0687-VIG_DELIM-0x2f_2024            0.00%    passed     74.29%
 362  hDenV2_DELIM-0x2f_Colombia_DELIM-0x2f_VAC-LSPVAC-20240902-0178-VIG-VI_DELIM-0x2f_2024         0.00%    passed     85.68%
 363  hDenV2_DELIM-0x2f_Colombia_DELIM-0x2f_VAC-LSPVAC-2410614-VI_DELIM-0x2f_2024                   0.00%    passed     82.21%
 364  hDenV2_DELIM-0x2f_Colombia_DELIM-0x2f_VAC-LSPVAC-2409289-VI_DELIM-0x2f_2024                   0.00%    passed     78.40%
 365  hDenV2_DELIM-0x2f_Colombia_DELIM-0x2f_VAC-LSPVAC-2409312-VI_DELIM-0x2f_2024                   0.00%    passed     78.40%
 366  hDenV2_DELIM-0x2f_Colombia_DELIM-0x2f_VAC-LSPVAC-2409646-VI_DELIM-0x2f_2024                   0.00%    passed     82.21%
 367  hDenV2_DELIM-0x2f_Colombia_DELIM-0x2f_VAC-LSPVAC-2409697-VI_DELIM-0x2f_2024                   0.00%    passed     82.21%
 368  hDenV2_DELIM-0x2f_Colombia_DELIM-0x2f_VAC-LSPVAC-2409724-VI_DELIM-0x2f_2024                   0.00%    passed     78.98%
 369  hDenV2_DELIM-0x2f_Colombia_DELIM-0x2f_VAC-LSPVAC-2410312-VI_DELIM-0x2f_2024                   0.00%    passed     86.25%
 370  hDenV2_DELIM-0x2f_Colombia_DELIM-0x2f_VAC-LSPVAC-20240902-0028-VIG-VI_DELIM-0x2f_2024         0.00%    passed     82.79%
 371  hDenV2_DELIM-0x2f_Colombia_DELIM-0x2f_VAC-LSPVAC-2409527-VI_DELIM-0x2f_2024                   0.00%    passed     82.79%
 372  hDenV2_DELIM-0x2f_Colombia_DELIM-0x2f_VAC-LSPVAC-2409553-VI_DELIM-0x2f_2024                   0.00%    passed     83.39%
 373  hDenV2_DELIM-0x2f_Colombia_DELIM-0x2f_VAC-LSPVAC-2410628-VI_DELIM-0x2f_2024                   0.00%    passed     74.29%
 374  hDenV2_DELIM-0x2f_Colombia_DELIM-0x2f_VAC-LSPVAC-2410640-VI_DELIM-0x2f_2024                   0.00%    passed     82.79%
 375  hDenV2_DELIM-0x2f_Colombia_DELIM-0x2f_VAC-LSPVAC-20240913-0785-VIG_DELIM-0x2f_2024            0.00%    passed     85.68%
 376  hDenV2_DELIM-0x2f_Colombia_DELIM-0x2f_VAC-LSPVAC-2409975-VI_DELIM-0x2f_2024                   0.00%    passed     82.79%
 377  hDenV2_DELIM-0x2f_Colombia_DELIM-0x2f_VAC-LSPVAC-2409351-VI_DELIM-0x2f_2024                   0.00%    passed     84.51%
 378  hDenV2_DELIM-0x2f_Colombia_DELIM-0x2f_VAC-LSPVAC-20240902-0055-VIG-VI_DELIM-0x2f_2024         0.00%    passed     83.14%
 379  hDenV2_DELIM-0x2f_Colombia_DELIM-0x2f_VAC-LSPVAC-20240920-1032-VIG_DELIM-0x2f_2024            0.00%    passed     88.77%
 380  hDenV2_DELIM-0x2f_Colombia_DELIM-0x2f_VAC-LSPVAC-2410404-VI_DELIM-0x2f_2024                   0.00%    passed     86.25%
 381  hDenV2_DELIM-0x2f_Colombia_DELIM-0x2f_VAC-LSPVAC-2410639-VI_DELIM-0x2f_2024                   0.00%    passed     82.21%
 382  hDenV2_DELIM-0x2f_Colombia_DELIM-0x2f_VAC-LSPVAC-20240906-0393-VIG-VI_DELIM-0x2f_2024         0.00%    passed     82.21%
 383  hDenV2_DELIM-0x2f_Colombia_DELIM-0x2f_VAC-LSPVAC-2409196-VI_DELIM-0x2f_2024                   0.00%    passed     78.98%
 384  hDenV2_DELIM-0x2f_Colombia_DELIM-0x2f_VAC-LSPVAC-2409552-VI_DELIM-0x2f_2024                   0.00%    passed     82.21%
 385  hDenV2_DELIM-0x2f_Colombia_DELIM-0x2f_VAC-LSPVAC-20240906-0384-VIG-VI_DELIM-0x2f_2024         0.00%    passed     78.98%
 386  hDenV2_DELIM-0x2f_Colombia_DELIM-0x2f_VAC-LSPVAC-2410558-VI_DELIM-0x2f_2024                   0.00%    passed     84.41%
 387  hDenV2_DELIM-0x2f_Colombia_DELIM-0x2f_VAC-LSPVAC-2410056-VI_DELIM-0x2f_2024                   0.00%    passed     73.50%
 388  hDenV2_DELIM-0x2f_Colombia_DELIM-0x2f_VAC-LSPVAC-2410276-VI_DELIM-0x2f_2024                   0.00%    passed     74.29%
 389  hDenV2_DELIM-0x2f_Colombia_DELIM-0x2f_VAC-LSPVAC-2410537-VI_DELIM-0x2f_2024                   0.00%    passed     84.89%
 390  hDenV2_DELIM-0x2f_Colombia_DELIM-0x2f_un-Yale-DN02565_DELIM-0x2f_2024                         6.40%    passed     79.32%
 391  hDenV2_DELIM-0x2f_Colombia_DELIM-0x2f_un-Yale-DN02692_DELIM-0x2f_2024                         0.07%    passed     82.53%
 392  hDenV2_DELIM-0x2f_Colombia_DELIM-0x2f_un-Yale-DN02793_DELIM-0x2f_2024                         0.00%    passed     86.69%
 393  hDenV2_DELIM-0x2f_Colombia_DELIM-0x2f_un-Yale-DN02726_DELIM-0x2f_2024                         0.00%    passed     83.87%
 394  hDenV2_DELIM-0x2f_Colombia_DELIM-0x2f_un-Yale-DN02370_DELIM-0x2f_2023                         0.13%    passed     86.24%
 395  hDenV2_DELIM-0x2f_Colombia_DELIM-0x2f_un-Yale-DN02428_DELIM-0x2f_2023                         0.00%    passed     82.21%
 396  hDenV2_DELIM-0x2f_Colombia_DELIM-0x2f_un-Yale-DN02881_DELIM-0x2f_2024                         0.00%    passed     82.79%
 397  hDenV2_DELIM-0x2f_Colombia_DELIM-0x2f_un-Yale-DN02882_DELIM-0x2f_2024                         0.07%    passed     78.71%
 398  hDenV2_DELIM-0x2f_Colombia_DELIM-0x2f_un-Yale-DN02542_DELIM-0x2f_2024                         0.00%    passed     82.21%
 399  hDenV2_DELIM-0x2f_Colombia_DELIM-0x2f_un-Yale-DN02868_DELIM-0x2f_2024                         0.07%    passed     88.40%
 400  hDenV2_DELIM-0x2f_Colombia_DELIM-0x2f_un-Yale-DN02574_DELIM-0x2f_2024                         0.00%    passed     85.68%
 401  hDenV2_DELIM-0x2f_Colombia_DELIM-0x2f_un-Yale-DN02719_DELIM-0x2f_2024                         0.07%    passed     82.53%
 402  hDenV2_DELIM-0x2f_Colombia_DELIM-0x2f_un-Yale-DN02874_DELIM-0x2f_2024                        14.88%    passed     36.31%
 403  hDenV2_DELIM-0x2f_Colombia_DELIM-0x2f_un-Yale-DN02547_DELIM-0x2f_2024                         0.07%    passed     82.53%
 404  hDenV2_DELIM-0x2f_Colombia_DELIM-0x2f_un-Yale-DN02841_DELIM-0x2f_2024                         0.07%    passed     73.90%
 405  hDenV2_DELIM-0x2f_Colombia_DELIM-0x2f_un-Yale-DN02832_DELIM-0x2f_2024                         0.07%    passed     78.71%
 406  hDenV2_DELIM-0x2f_Colombia_DELIM-0x2f_un-Yale-DN02834_DELIM-0x2f_2024                         0.00%    passed     85.68%
 407  hDenV2_DELIM-0x2f_Colombia_DELIM-0x2f_un-Yale-DN02833_DELIM-0x2f_2024                         0.07%    passed     85.99%
 408  hDenV2_DELIM-0x2f_Colombia_DELIM-0x2f_un-Yale-DN02434_DELIM-0x2f_2023                        14.01%    passed     43.53%
 409  hDenV2_DELIM-0x2f_Colombia_DELIM-0x2f_un-Yale-DN02807_DELIM-0x2f_2024                         0.00%    passed     82.21%
 410  hDenV2_DELIM-0x2f_Colombia_DELIM-0x2f_un-Yale-DN02766_DELIM-0x2f_2024                         0.07%    passed     83.01%
 411  hDenV2_DELIM-0x2f_Colombia_DELIM-0x2f_un-Yale-DN02736_DELIM-0x2f_2024                        15.76%    passed     35.94%
 412  hDenV2_DELIM-0x2f_Colombia_DELIM-0x2f_un-Yale-DN02849_DELIM-0x2f_2024                         7.61%    passed     64.67%
 413  hDenV2_DELIM-0x2f_Colombia_DELIM-0x2f_un-Yale-DN02787_DELIM-0x2f_2024                         0.07%    passed     80.73%
 414  hDenV2_DELIM-0x2f_Colombia_DELIM-0x2f_un-Yale-DN02737_DELIM-0x2f_2024                         0.00%    passed     86.25%
 415  hDenV2_DELIM-0x2f_Colombia_DELIM-0x2f_un-Yale-DN02853_DELIM-0x2f_2024                         0.07%    passed     87.66%
 416  hDenV2_DELIM-0x2f_Colombia_DELIM-0x2f_un-Yale-DN02795_DELIM-0x2f_2024                         0.61%    passed     76.48%
 417  hDenV2_DELIM-0x2f_Colombia_DELIM-0x2f_un-Yale-DN02755_DELIM-0x2f_2024                        14.01%    passed     43.17%
 418  hDenV2_DELIM-0x2f_Colombia_DELIM-0x2f_un-Yale-DN02473_DELIM-0x2f_2023                        14.01%    passed     43.17%
 419  hDenV2_DELIM-0x2f_Colombia_DELIM-0x2f_un-Yale-DN02859_DELIM-0x2f_2024                         7.07%    passed     66.54%
 420  hDenV2_DELIM-0x2f_Colombia_DELIM-0x2f_un-Yale-DN02770_DELIM-0x2f_2024                         0.07%    passed     74.60%
 421  hDenV2_DELIM-0x2f_Colombia_DELIM-0x2f_un-Yale-DN02762_DELIM-0x2f_2024                        15.82%    passed     24.19%
 422  hDenV2_DELIM-0x2f_Colombia_DELIM-0x2f_un-Yale-DN02543_DELIM-0x2f_2024                         0.00%    passed     74.29%
 423  hDenV2_DELIM-0x2f_Colombia_DELIM-0x2f_un-Yale-DN02729_DELIM-0x2f_2024                         0.07%    passed     71.94%
 424  hDenV2_DELIM-0x2f_Colombia_DELIM-0x2f_un-Yale-DN02372_DELIM-0x2f_2023                        11.52%    passed     46.91%
 425  hDenV2_DELIM-0x2f_Colombia_DELIM-0x2f_un-Yale-DN02831_DELIM-0x2f_2024                         0.07%    passed     83.01%
 426  hDenV2_DELIM-0x2f_Colombia_DELIM-0x2f_un-Yale-DN02758_DELIM-0x2f_2024                        14.01%    passed     43.53%
 427  hDenV2_DELIM-0x2f_Colombia_DELIM-0x2f_un-Yale-DN02788_DELIM-0x2f_2024                         0.07%    passed     83.81%
 428  hDenV2_DELIM-0x2f_Colombia_DELIM-0x2f_un-Yale-DN02747_DELIM-0x2f_2024                         0.00%    passed     88.00%
 429  hDenV2_DELIM-0x2f_Colombia_DELIM-0x2f_un-Yale-DN02879_DELIM-0x2f_2024                         0.00%    passed     82.50%
 430  hDenV2_DELIM-0x2f_Colombia_DELIM-0x2f_un-Yale-DN02865_DELIM-0x2f_2024                         0.00%    passed     82.21%
 431  hDenV2_DELIM-0x2f_Colombia_DELIM-0x2f_un-Yale-DN02790_DELIM-0x2f_2024                         0.07%    passed     79.55%
 432  hDenV2_DELIM-0x2f_Colombia_DELIM-0x2f_un-Yale-DN02572_DELIM-0x2f_2024                         0.00%    passed     74.29%
 433  hDenV2_DELIM-0x2f_Colombia_DELIM-0x2f_un-Yale-DN02485_DELIM-0x2f_2024                         0.00%    passed     82.21%
 434  hDenV2_DELIM-0x2f_Colombia_DELIM-0x2f_un-Yale-DN02767_DELIM-0x2f_2024                         0.00%    passed     84.89%
 435  hDenV2_DELIM-0x2f_Colombia_DELIM-0x2f_un-Yale-DN02871_DELIM-0x2f_2024                        14.01%    passed     43.70%
 436  hDenV2_DELIM-0x2f_Colombia_DELIM-0x2f_un-Yale-DN02805_DELIM-0x2f_2024                         0.07%    passed     78.71%
 437  hDenV2_DELIM-0x2f_Colombia_DELIM-0x2f_un-Yale-DN02745_DELIM-0x2f_2024                        14.01%    passed     43.17%
 438  hDenV2_DELIM-0x2f_Colombia_DELIM-0x2f_un-Yale-DN02786_DELIM-0x2f_2024                         8.42%    passed     64.81%
 439  hDenV2_DELIM-0x2f_Colombia_DELIM-0x2f_un-Yale-DN02884_DELIM-0x2f_2024                        16.23%    passed     37.15%
 440  hDenV2_DELIM-0x2f_Colombia_DELIM-0x2f_un-Yale-DN02873_DELIM-0x2f_2024                        15.82%    passed     34.75%
 441  hDenV2_DELIM-0x2f_Colombia_DELIM-0x2f_un-Yale-DN02845_DELIM-0x2f_2024                        14.01%    passed     41.92%
 442  hDenV2_DELIM-0x2f_Colombia_DELIM-0x2f_un-Yale-DN02843_DELIM-0x2f_2024                        14.01%    passed     43.53%
 443  hDenV2_DELIM-0x2f_Colombia_DELIM-0x2f_un-Yale-DN02809_DELIM-0x2f_2024                         2.83%    passed     82.81%
 444  hDenV2_DELIM-0x2f_Colombia_DELIM-0x2f_un-Yale-DN02720_DELIM-0x2f_2024                         0.13%    passed     87.44%
 445  hDenV2_DELIM-0x2f_Colombia_DELIM-0x2f_un-Yale-DN02768_DELIM-0x2f_2024                         0.07%    passed     85.30%
 446  hDenV2_DELIM-0x2f_Colombia_DELIM-0x2f_un-Yale-DN02885_DELIM-0x2f_2024                         5.39%    passed     77.85%
 447  hDenV2_DELIM-0x2f_Colombia_DELIM-0x2f_VAC-LSPVAC-2409645-VI_DELIM-0x2f_2024                   0.00%    passed     75.21%
 448  hDenV2_DELIM-0x2f_Colombia_DELIM-0x2f_VAC-LSPVAC-2409968-VI_DELIM-0x2f_2024                  15.76%    passed     32.01%
 449  hDenV2_DELIM-0x2f_Colombia_DELIM-0x2f_un-Yale-DN02693_DELIM-0x2f_2024                        14.01%    passed     38.98%
 450  hDenV2_DELIM-0x2f_Colombia_DELIM-0x2f_un-Yale-DN02538_DELIM-0x2f_2024                        14.01%    passed     42.63%
 451  hDenV2_DELIM-0x2f_Colombia_DELIM-0x2f_un-Yale-DN02732_DELIM-0x2f_2024                         0.00%    passed     94.91%
 452  hDenV2_DELIM-0x2f_Colombia_DELIM-0x2f_un-Yale-DN02875_DELIM-0x2f_2024                         0.00%    passed     94.91%
 453  hDenV2_DELIM-0x2f_Colombia_DELIM-0x2f_VAC-LSPVAC-2307182_DELIM-0x2f_2023                      0.00%    passed     78.40%
 454  hDenV2_DELIM-0x2f_Colombia_DELIM-0x2f_VAC-LSPVAC-2404315_DELIM-0x2f_2024                      0.00%    passed     82.21%
 455  hDenV2_DELIM-0x2f_Colombia_DELIM-0x2f_VAC-LSPVAC-2404285_DELIM-0x2f_2024                      0.00%    passed     84.89%
 456  hDenV2_DELIM-0x2f_Colombia_DELIM-0x2f_VAC-LSPVAC-2404473_DELIM-0x2f_2024                      0.00%    passed     78.40%
 457  hDenV2_DELIM-0x2f_Colombia_DELIM-0x2f_VAC-LSPVAC-2405372_DELIM-0x2f_2024                      0.00%    passed     82.79%
 458  DenV2_DELIM-0x2f_Colombia_DELIM-0x2f_VAC-LSPVAC-01585-VI_DELIM-0x2f_2024                      0.07%    passed     82.53%
 459  hDenV2_DELIM-0x2f_Colombia_DELIM-0x2f_VAC-LSPVAC-2405056_DELIM-0x2f_2024                      0.00%    passed     82.21%
 460  hDenV2_DELIM-0x2f_Colombia_DELIM-0x2f_VAC-LSPVAC-2404621_DELIM-0x2f_2024                      0.00%    passed     82.21%
 461  hDenV2_DELIM-0x2f_Colombia_DELIM-0x2f_VAC-LSPVAC-2404756_DELIM-0x2f_2024                      0.00%    passed     81.41%
 462  hDenV2_DELIM-0x2f_Colombia_DELIM-0x2f_VAC-LSPVAC-2405472_DELIM-0x2f_2024                      0.00%    passed     80.07%
 463  hDenV2_DELIM-0x2f_Colombia_DELIM-0x2f_VAC-LSPVAC-2404626_DELIM-0x2f_2024                      0.00%    passed     85.68%
 464  DenV2_DELIM-0x2f_Colombia_DELIM-0x2f_VAC-LSPVAC-01723-VI_DELIM-0x2f_2024                      0.07%    passed     81.82%
 465  hDenV2_DELIM-0x2f_Colombia_DELIM-0x2f_VAC-LSPVAC-2404785_DELIM-0x2f_2024                      0.00%    passed     82.21%
 466  DenV2_DELIM-0x2f_Colombia_DELIM-0x2f_VAC-LSPVAC-01460-VI_DELIM-0x2f_2024                      0.00%    passed     78.40%
 467  DenV2_DELIM-0x2f_Colombia_DELIM-0x2f_VAC-LSPVAC-02730-VI_DELIM-0x2f_2024                      0.07%    passed     81.82%
 468  DenV2_DELIM-0x2f_Colombia_DELIM-0x2f_VAC-LSPVAC-01814-VI_DELIM-0x2f_2024                      0.07%    passed     83.01%
 469  DenV2_DELIM-0x2f_Colombia_DELIM-0x2f_VAC-LSPVAC-02013-VI_DELIM-0x2f_2024                      0.07%    passed     81.82%
 470  DenV2_DELIM-0x2f_Colombia_DELIM-0x2f_VAC-LSPVAC-04996-VI_DELIM-0x2f_2024                      0.07%    passed     73.90%
 471  DenV2_DELIM-0x2f_Colombia_DELIM-0x2f_VAC-LSPVAC-01948-VI_DELIM-0x2f_2024                      0.07%    passed     79.19%
 472  hDenV2_DELIM-0x2f_Colombia_DELIM-0x2f_VAC-LSPVAC-2405501_DELIM-0x2f_2024                      0.00%    passed     78.40%
 473  hDenV2_DELIM-0x2f_Colombia_DELIM-0x2f_VAC-LSPVAC-2405317_DELIM-0x2f_2024                      0.00%    passed     81.41%
 474  hDenV2_DELIM-0x2f_Colombia_DELIM-0x2f_VAC-LSPVAC-2405522_DELIM-0x2f_2024                      0.00%    passed     75.34%
 475  hDenV2_DELIM-0x2f_Colombia_DELIM-0x2f_un-Yale-DN02518_DELIM-0x2f_2024                        16.36%    passed     53.95%
 476  DENV2_DELIM-0x2f_THAILAND_DELIM-0x2f_2004_DELIM-0x2f_00004_DELIM-0x2f_04                      0.00%    passed     98.26%
 477  DENV2_DELIM-0x2f_THAILAND_DELIM-0x2f_2012_DELIM-0x2f_00009_DELIM-0x2f_12                      0.00%    passed     98.59%
 478  DENV2_DELIM-0x2f_THAILAND_DELIM-0x2f_1999_DELIM-0x2f_00015_DELIM-0x2f_99                      0.00%    passed     96.99%
 479  DENV2_DELIM-0x2f_THAILAND_DELIM-0x2f_2006_DELIM-0x2f_00016_DELIM-0x2f_06                      0.00%    passed     98.15%
 480  DENV2_DELIM-0x2f_THAILAND_DELIM-0x2f_2014_DELIM-0x2f_00016_DELIM-0x2f_14                      0.00%    passed    100.00%
 481  DENV2_DELIM-0x2f_THAILAND_DELIM-0x2f_2001_DELIM-0x2f_00017_DELIM-0x2f_01                      0.00%    passed     99.95%
 482  DENV2_DELIM-0x2f_THAILAND_DELIM-0x2f_1996_DELIM-0x2f_00020_DELIM-0x2f_96                      0.00%    passed     98.98%
 483  DENV2_DELIM-0x2f_THAILAND_DELIM-0x2f_1996_DELIM-0x2f_00024_DELIM-0x2f_96                      0.00%    passed     98.39%
 484  DENV2_DELIM-0x2f_THAILAND_DELIM-0x2f_1995_DELIM-0x2f_00033_DELIM-0x2f_95                      0.00%    passed     99.84%
 485  DENV2_DELIM-0x2f_THAILAND_DELIM-0x2f_2002_DELIM-0x2f_00035_DELIM-0x2f_02                      0.00%    passed     97.06%
 486  DENV2_DELIM-0x2f_THAILAND_DELIM-0x2f_2003_DELIM-0x2f_00035_DELIM-0x2f_03                      0.00%    passed    100.00%
 487  DENV2_DELIM-0x2f_THAILAND_DELIM-0x2f_2006_DELIM-0x2f_00036_DELIM-0x2f_06                      0.00%    passed     99.87%
 488  DENV2_DELIM-0x2f_THAILAND_DELIM-0x2f_2004_DELIM-0x2f_00037_DELIM-0x2f_04                      0.00%    passed     99.98%
 489  DENV2_DELIM-0x2f_THAILAND_DELIM-0x2f_1996_DELIM-0x2f_00043_DELIM-0x2f_96                      0.00%    passed     99.06%
 490  DENV2_DELIM-0x2f_THAILAND_DELIM-0x2f_2007_DELIM-0x2f_00045_DELIM-0x2f_07                      0.00%    passed     96.00%
 491  DENV2_DELIM-0x2f_THAILAND_DELIM-0x2f_2011_DELIM-0x2f_00045_DELIM-0x2f_11                      0.00%    passed     99.98%
 492  DENV2_DELIM-0x2f_THAILAND_DELIM-0x2f_2003_DELIM-0x2f_00050_DELIM-0x2f_03                      0.00%    passed     99.48%
 493  DENV2_DELIM-0x2f_THAILAND_DELIM-0x2f_2006_DELIM-0x2f_00051_DELIM-0x2f_06                      0.00%    passed     99.85%
 494  DENV2_DELIM-0x2f_THAILAND_DELIM-0x2f_2013_DELIM-0x2f_00058_DELIM-0x2f_13                      0.00%    passed     99.35%
 495  DENV2_DELIM-0x2f_THAILAND_DELIM-0x2f_2002_DELIM-0x2f_00060_DELIM-0x2f_02                      0.00%    passed     99.82%
 496  DENV2_DELIM-0x2f_THAILAND_DELIM-0x2f_2003_DELIM-0x2f_00070_DELIM-0x2f_03                      0.00%    passed     99.98%
 497  DENV2_DELIM-0x2f_THAILAND_DELIM-0x2f_2002_DELIM-0x2f_00074_DELIM-0x2f_02                      0.00%    passed     99.18%
 498  DENV2_DELIM-0x2f_THAILAND_DELIM-0x2f_2000_DELIM-0x2f_00077_DELIM-0x2f_00                      0.00%    passed     99.62%
 499  DENV2_DELIM-0x2f_THAILAND_DELIM-0x2f_2013_DELIM-0x2f_00078_DELIM-0x2f_13                      0.00%    passed     92.09%
 500  DENV2_DELIM-0x2f_THAILAND_DELIM-0x2f_1997_DELIM-0x2f_00084_DELIM-0x2f_97                      0.00%    passed     98.64%
 501  DENV2_DELIM-0x2f_THAILAND_DELIM-0x2f_2004_DELIM-0x2f_00098_DELIM-0x2f_04                      0.00%    passed     99.93%
 502  DENV2_DELIM-0x2f_THAILAND_DELIM-0x2f_2006_DELIM-0x2f_00111_DELIM-0x2f_06                      0.00%    passed     97.67%
 503  DENV2_DELIM-0x2f_THAILAND_DELIM-0x2f_1997_DELIM-0x2f_00112_DELIM-0x2f_97                      0.00%    passed     98.47%
 504  DENV2_DELIM-0x2f_THAILAND_DELIM-0x2f_2002_DELIM-0x2f_00118_DELIM-0x2f_02                      0.00%    passed     99.87%
 505  DENV2_DELIM-0x2f_THAILAND_DELIM-0x2f_2012_DELIM-0x2f_00118_DELIM-0x2f_12                      0.00%    passed     99.35%
 506  DENV2_DELIM-0x2f_THAILAND_DELIM-0x2f_1994_DELIM-0x2f_00126_DELIM-0x2f_94                      0.00%    passed     99.95%
 507  DENV2_DELIM-0x2f_THAILAND_DELIM-0x2f_2006_DELIM-0x2f_00127_DELIM-0x2f_06                      0.07%    passed     99.77%
 508  DENV2_DELIM-0x2f_THAILAND_DELIM-0x2f_2001_DELIM-0x2f_00135_DELIM-0x2f_01                      0.00%    passed     99.98%
 509  DENV2_DELIM-0x2f_THAILAND_DELIM-0x2f_2003_DELIM-0x2f_00139_DELIM-0x2f_03                      0.00%    passed     99.07%
 510  DENV2_DELIM-0x2f_THAILAND_DELIM-0x2f_2012_DELIM-0x2f_00144_DELIM-0x2f_12                      0.00%    passed     95.59%
 511  DENV2_DELIM-0x2f_THAILAND_DELIM-0x2f_2004_DELIM-0x2f_00159_DELIM-0x2f_04                      0.00%    passed     99.48%
 512  DENV2_DELIM-0x2f_THAILAND_DELIM-0x2f_1999_DELIM-0x2f_00185_DELIM-0x2f_99                      0.00%    passed     99.32%
 513  DENV2_DELIM-0x2f_THAILAND_DELIM-0x2f_2000_DELIM-0x2f_00188_DELIM-0x2f_00                      0.00%    passed     97.76%
 514  DENV2_DELIM-0x2f_THAILAND_DELIM-0x2f_2001_DELIM-0x2f_00193_DELIM-0x2f_01                      0.00%    passed     99.79%
 515  DENV2_DELIM-0x2f_THAILAND_DELIM-0x2f_2004_DELIM-0x2f_00205_DELIM-0x2f_04                      0.07%    passed     99.71%
 516  DENV2_DELIM-0x2f_THAILAND_DELIM-0x2f_2011_DELIM-0x2f_00206_DELIM-0x2f_11                      0.00%    passed     99.54%
 517  DENV2_DELIM-0x2f_THAILAND_DELIM-0x2f_2003_DELIM-0x2f_00207_DELIM-0x2f_03                      0.00%    passed     99.90%
 518  DENV2_DELIM-0x2f_THAILAND_DELIM-0x2f_2004_DELIM-0x2f_00213_DELIM-0x2f_04                      0.00%    passed     99.62%
 519  DENV2_DELIM-0x2f_THAILAND_DELIM-0x2f_2011_DELIM-0x2f_00220_DELIM-0x2f_11                      0.00%    passed     94.47%
 520  DENV2_DELIM-0x2f_THAILAND_DELIM-0x2f_2013_DELIM-0x2f_00225_DELIM-0x2f_13                      0.00%    passed     96.28%
 521  DENV2_DELIM-0x2f_THAILAND_DELIM-0x2f_2003_DELIM-0x2f_00227_DELIM-0x2f_03                      0.00%    passed     99.07%
 522  DENV2_DELIM-0x2f_THAILAND_DELIM-0x2f_1995_DELIM-0x2f_00233_DELIM-0x2f_95                      0.00%    passed     99.52%
 523  DENV2_DELIM-0x2f_THAILAND_DELIM-0x2f_1995_DELIM-0x2f_00234_DELIM-0x2f_95                      0.00%    passed     99.38%
 524  DENV2_DELIM-0x2f_THAILAND_DELIM-0x2f_2004_DELIM-0x2f_00242_DELIM-0x2f_04                      0.00%    passed     99.07%
 525  DENV2_DELIM-0x2f_THAILAND_DELIM-0x2f_2004_DELIM-0x2f_00248_DELIM-0x2f_04                      0.00%    passed     99.62%
 526  DENV2_DELIM-0x2f_THAILAND_DELIM-0x2f_2012_DELIM-0x2f_00258_DELIM-0x2f_12                      0.00%    passed     99.07%
 527  DENV2_DELIM-0x2f_THAILAND_DELIM-0x2f_2013_DELIM-0x2f_00269_DELIM-0x2f_13                      0.00%    passed     98.08%
 528  DENV2_DELIM-0x2f_THAILAND_DELIM-0x2f_2003_DELIM-0x2f_00270_DELIM-0x2f_03                      0.00%    passed     99.74%
 529  DENV2_DELIM-0x2f_THAILAND_DELIM-0x2f_2012_DELIM-0x2f_00273_DELIM-0x2f_12                      0.07%    passed     99.16%
 530  DENV2_DELIM-0x2f_THAILAND_DELIM-0x2f_2013_DELIM-0x2f_00280_DELIM-0x2f_13                      0.00%    passed     96.16%
 531  DENV2_DELIM-0x2f_THAILAND_DELIM-0x2f_2001_DELIM-0x2f_00285_DELIM-0x2f_01                      0.07%    passed     99.88%
 532  DENV2_DELIM-0x2f_THAILAND_DELIM-0x2f_2006_DELIM-0x2f_00289_DELIM-0x2f_06                      0.00%    passed     98.37%
 533  DENV2_DELIM-0x2f_THAILAND_DELIM-0x2f_2004_DELIM-0x2f_00290_DELIM-0x2f_04                      0.07%    passed     98.90%
 534  DENV2_DELIM-0x2f_THAILAND_DELIM-0x2f_2006_DELIM-0x2f_00291_DELIM-0x2f_06                      0.00%    passed     97.42%
 535  DENV2_DELIM-0x2f_THAILAND_DELIM-0x2f_1998_DELIM-0x2f_00295_DELIM-0x2f_98                      0.00%    passed     99.79%
 536  DENV2_DELIM-0x2f_THAILAND_DELIM-0x2f_1995_DELIM-0x2f_00298_DELIM-0x2f_95                      0.00%    passed     99.68%
 537  DENV2_DELIM-0x2f_THAILAND_DELIM-0x2f_1995_DELIM-0x2f_00309_DELIM-0x2f_95                      0.00%    passed     99.68%
 538  DENV2_DELIM-0x2f_THAILAND_DELIM-0x2f_1998_DELIM-0x2f_00309_DELIM-0x2f_98                      0.00%    passed     99.62%
 539  DENV2_DELIM-0x2f_THAILAND_DELIM-0x2f_2011_DELIM-0x2f_00322_DELIM-0x2f_11                      0.00%    passed     99.53%
 540  DENV2_DELIM-0x2f_THAILAND_DELIM-0x2f_1994_DELIM-0x2f_00327_DELIM-0x2f_94                      0.00%    passed     99.84%
 541  DENV2_DELIM-0x2f_THAILAND_DELIM-0x2f_2011_DELIM-0x2f_00331_DELIM-0x2f_11                      0.00%    passed     99.48%
 542  DENV2_DELIM-0x2f_THAILAND_DELIM-0x2f_2000_DELIM-0x2f_00333_DELIM-0x2f_00                      0.00%    passed     99.35%
 543  DENV2_DELIM-0x2f_THAILAND_DELIM-0x2f_2012_DELIM-0x2f_00334_DELIM-0x2f_12                      0.00%    passed     99.08%
 544  DENV2_DELIM-0x2f_THAILAND_DELIM-0x2f_2007_DELIM-0x2f_00335_DELIM-0x2f_07                      0.00%    passed     98.26%
 545  DENV2_DELIM-0x2f_THAILAND_DELIM-0x2f_2000_DELIM-0x2f_00342_DELIM-0x2f_00                      0.00%    passed     99.94%
 546  DENV2_DELIM-0x2f_THAILAND_DELIM-0x2f_2012_DELIM-0x2f_00342_DELIM-0x2f_12                      0.07%    passed     99.73%
 547  DENV2_DELIM-0x2f_THAILAND_DELIM-0x2f_2001_DELIM-0x2f_00345_DELIM-0x2f_01                      0.00%    passed     99.59%
 548  DENV2_DELIM-0x2f_THAILAND_DELIM-0x2f_1999_DELIM-0x2f_00364_DELIM-0x2f_99                      0.00%    passed     99.51%
 549  DENV2_DELIM-0x2f_THAILAND_DELIM-0x2f_2012_DELIM-0x2f_00376_DELIM-0x2f_12                      0.00%    passed     93.08%
 550  DENV2_DELIM-0x2f_THAILAND_DELIM-0x2f_2000_DELIM-0x2f_00380_DELIM-0x2f_00                      0.00%    passed     98.49%
 551  DENV2_DELIM-0x2f_THAILAND_DELIM-0x2f_2011_DELIM-0x2f_00381_DELIM-0x2f_11                      0.00%    passed     99.93%
 552  DENV2_DELIM-0x2f_THAILAND_DELIM-0x2f_2006_DELIM-0x2f_00390_DELIM-0x2f_06                      0.00%    passed     97.82%
 553  DENV2_DELIM-0x2f_THAILAND_DELIM-0x2f_2007_DELIM-0x2f_00408_DELIM-0x2f_07                      0.00%    passed     78.74%
 554  DENV2_DELIM-0x2f_THAILAND_DELIM-0x2f_2005_DELIM-0x2f_00420_DELIM-0x2f_05                      0.00%    passed     99.95%
 555  DENV2_DELIM-0x2f_THAILAND_DELIM-0x2f_1998_DELIM-0x2f_00425_DELIM-0x2f_98                      0.07%    passed     99.76%
 556  DENV2_DELIM-0x2f_THAILAND_DELIM-0x2f_2000_DELIM-0x2f_00430_DELIM-0x2f_00                      0.00%    passed     96.52%
 557  DENV2_DELIM-0x2f_THAILAND_DELIM-0x2f_1995_DELIM-0x2f_00436_DELIM-0x2f_95                      0.00%    passed     99.28%
 558  DENV2_DELIM-0x2f_THAILAND_DELIM-0x2f_1998_DELIM-0x2f_00441_DELIM-0x2f_98                      0.00%    passed     99.72%
 559  DENV2_DELIM-0x2f_THAILAND_DELIM-0x2f_1998_DELIM-0x2f_00443_DELIM-0x2f_98                      0.00%    passed     99.82%
 560  DENV2_DELIM-0x2f_THAILAND_DELIM-0x2f_2002_DELIM-0x2f_00444_DELIM-0x2f_02                      0.00%    passed     99.54%
 561  DENV2_DELIM-0x2f_THAILAND_DELIM-0x2f_2006_DELIM-0x2f_00444_DELIM-0x2f_06                      0.00%    passed     97.82%
 562  DENV2_DELIM-0x2f_THAILAND_DELIM-0x2f_2003_DELIM-0x2f_00449_DELIM-0x2f_03                      0.00%    passed     99.59%
 563  DENV2_DELIM-0x2f_THAILAND_DELIM-0x2f_1998_DELIM-0x2f_00458_DELIM-0x2f_98                      0.00%    passed     98.91%
 564  DENV2_DELIM-0x2f_THAILAND_DELIM-0x2f_2012_DELIM-0x2f_00478_DELIM-0x2f_12                      0.00%    passed     99.35%
 565  DENV2_DELIM-0x2f_THAILAND_DELIM-0x2f_1994_DELIM-0x2f_00489_DELIM-0x2f_94                      0.00%    passed     97.95%
 566  DENV2_DELIM-0x2f_THAILAND_DELIM-0x2f_1997_DELIM-0x2f_00494_DELIM-0x2f_97                      0.00%    passed     99.72%
 567  DENV2_DELIM-0x2f_THAILAND_DELIM-0x2f_2006_DELIM-0x2f_00495_DELIM-0x2f_06                      0.00%    passed     97.07%
 568  DENV2_DELIM-0x2f_THAILAND_DELIM-0x2f_2007_DELIM-0x2f_00496_DELIM-0x2f_07                      0.00%    passed     98.24%
 569  DENV2_DELIM-0x2f_THAILAND_DELIM-0x2f_2003_DELIM-0x2f_00499_DELIM-0x2f_03                      0.00%    passed    100.00%
 570  DENV2_DELIM-0x2f_THAILAND_DELIM-0x2f_2007_DELIM-0x2f_00511_DELIM-0x2f_07                      0.00%    passed     98.91%
 571  DENV2_DELIM-0x2f_THAILAND_DELIM-0x2f_1994_DELIM-0x2f_00523_DELIM-0x2f_94                      0.00%    passed     99.44%
 572  DENV2_DELIM-0x2f_THAILAND_DELIM-0x2f_2006_DELIM-0x2f_00525_DELIM-0x2f_06                      0.07%    passed     98.70%
 573  DENV2_DELIM-0x2f_THAILAND_DELIM-0x2f_2007_DELIM-0x2f_00538_DELIM-0x2f_07                      0.00%    passed     98.08%
 574  DENV2_DELIM-0x2f_THAILAND_DELIM-0x2f_1998_DELIM-0x2f_00554_DELIM-0x2f_98                      0.00%    passed     99.72%
 575  DENV2_DELIM-0x2f_THAILAND_DELIM-0x2f_2011_DELIM-0x2f_00556_DELIM-0x2f_11                      0.00%    passed     96.28%
 576  DENV2_DELIM-0x2f_THAILAND_DELIM-0x2f_2004_DELIM-0x2f_00560_DELIM-0x2f_04                      0.00%    passed     97.07%
 577  DENV2_DELIM-0x2f_THAILAND_DELIM-0x2f_2002_DELIM-0x2f_00569_DELIM-0x2f_02                      0.00%    passed     98.26%
 578  DENV2_DELIM-0x2f_THAILAND_DELIM-0x2f_2007_DELIM-0x2f_00569_DELIM-0x2f_07                      0.00%    passed     98.98%
 579  DENV2_DELIM-0x2f_THAILAND_DELIM-0x2f_2007_DELIM-0x2f_00576_DELIM-0x2f_07                      0.00%    passed     98.98%
 580  DENV2_DELIM-0x2f_THAILAND_DELIM-0x2f_2006_DELIM-0x2f_00586_DELIM-0x2f_06                      0.00%    passed     99.87%
 581  DENV2_DELIM-0x2f_THAILAND_DELIM-0x2f_1995_DELIM-0x2f_00589_DELIM-0x2f_95                      0.00%    passed     99.62%
 582  DENV2_DELIM-0x2f_THAILAND_DELIM-0x2f_2002_DELIM-0x2f_00590_DELIM-0x2f_02                      0.00%    passed     99.87%
 583  DENV2_DELIM-0x2f_THAILAND_DELIM-0x2f_2003_DELIM-0x2f_00605_DELIM-0x2f_03                      0.00%    passed     99.94%
 584  DENV2_DELIM-0x2f_THAILAND_DELIM-0x2f_2011_DELIM-0x2f_00606_DELIM-0x2f_11                      0.00%    passed     99.92%
 585  DENV2_DELIM-0x2f_THAILAND_DELIM-0x2f_1994_DELIM-0x2f_00612_DELIM-0x2f_94                      0.00%    passed     99.95%
 586  DENV2_DELIM-0x2f_THAILAND_DELIM-0x2f_2001_DELIM-0x2f_00615_DELIM-0x2f_01                      0.00%    passed     98.09%
 587  DENV2_DELIM-0x2f_THAILAND_DELIM-0x2f_2004_DELIM-0x2f_00617_DELIM-0x2f_04                      0.00%    passed     98.26%
 588  DENV2_DELIM-0x2f_THAILAND_DELIM-0x2f_2004_DELIM-0x2f_00630_DELIM-0x2f_04                      0.00%    passed     99.08%
 589  DENV2_DELIM-0x2f_THAILAND_DELIM-0x2f_1994_DELIM-0x2f_00637_DELIM-0x2f_94                      0.00%    passed     99.85%
 590  DENV2_DELIM-0x2f_THAILAND_DELIM-0x2f_2006_DELIM-0x2f_00647_DELIM-0x2f_06                      0.00%    passed     88.42%
 591  DENV2_DELIM-0x2f_THAILAND_DELIM-0x2f_2011_DELIM-0x2f_00647_DELIM-0x2f_11                      0.00%    passed     99.94%
 592  DENV2_DELIM-0x2f_THAILAND_DELIM-0x2f_1995_DELIM-0x2f_00656_DELIM-0x2f_95                      0.00%    passed     98.75%
 593  DENV2_DELIM-0x2f_THAILAND_DELIM-0x2f_2013_DELIM-0x2f_00662_DELIM-0x2f_13                      0.00%    passed     95.38%
 594  DENV2_DELIM-0x2f_THAILAND_DELIM-0x2f_1994_DELIM-0x2f_00662_DELIM-0x2f_94                      0.07%    passed     99.77%
 595  DENV2_DELIM-0x2f_THAILAND_DELIM-0x2f_2004_DELIM-0x2f_00664_DELIM-0x2f_04                      0.00%    passed     99.87%
 596  DENV2_DELIM-0x2f_THAILAND_DELIM-0x2f_2012_DELIM-0x2f_00669_DELIM-0x2f_12                      0.00%    passed     94.47%
 597  DENV2_DELIM-0x2f_THAILAND_DELIM-0x2f_1995_DELIM-0x2f_00672_DELIM-0x2f_95                      0.00%    passed     99.18%
 598  DENV2_DELIM-0x2f_THAILAND_DELIM-0x2f_1998_DELIM-0x2f_00672_DELIM-0x2f_98                      0.00%    passed     97.67%
 599  DENV2_DELIM-0x2f_THAILAND_DELIM-0x2f_2004_DELIM-0x2f_00673_DELIM-0x2f_04                      0.00%    passed     99.69%
 600  DENV2_DELIM-0x2f_THAILAND_DELIM-0x2f_2002_DELIM-0x2f_00675_DELIM-0x2f_02                      0.00%    passed     99.52%
 601  DENV2_DELIM-0x2f_THAILAND_DELIM-0x2f_2006_DELIM-0x2f_00678_DELIM-0x2f_06                      0.00%    passed     95.32%
 602  DENV2_DELIM-0x2f_THAILAND_DELIM-0x2f_2006_DELIM-0x2f_00695_DELIM-0x2f_06                      0.00%    passed     99.07%
 603  DENV2_DELIM-0x2f_THAILAND_DELIM-0x2f_2013_DELIM-0x2f_00696_DELIM-0x2f_13                      0.00%    passed     99.99%
 604  DENV2_DELIM-0x2f_THAILAND_DELIM-0x2f_2006_DELIM-0x2f_00697_DELIM-0x2f_06                      0.00%    passed     99.87%
 605  DENV2_DELIM-0x2f_THAILAND_DELIM-0x2f_1994_DELIM-0x2f_00706_DELIM-0x2f_94                      0.00%    passed     99.79%
 606  DENV2_DELIM-0x2f_THAILAND_DELIM-0x2f_2004_DELIM-0x2f_00709_DELIM-0x2f_04                      0.00%    passed     99.69%
 607  DENV2_DELIM-0x2f_THAILAND_DELIM-0x2f_2006_DELIM-0x2f_00720_DELIM-0x2f_06                      0.00%    passed     99.60%
 608  DENV2_DELIM-0x2f_THAILAND_DELIM-0x2f_2001_DELIM-0x2f_00721_DELIM-0x2f_01                      0.00%    passed     99.48%
 609  DENV2_DELIM-0x2f_THAILAND_DELIM-0x2f_2004_DELIM-0x2f_00740_DELIM-0x2f_04                      0.00%    passed     99.59%
 610  DENV2_DELIM-0x2f_THAILAND_DELIM-0x2f_2014_DELIM-0x2f_00740_DELIM-0x2f_14                      0.00%    passed     99.67%
 611  DENV2_DELIM-0x2f_THAILAND_DELIM-0x2f_2012_DELIM-0x2f_00741_DELIM-0x2f_12                      0.00%    passed     93.22%
 612  DENV2_DELIM-0x2f_THAILAND_DELIM-0x2f_1996_DELIM-0x2f_00742_DELIM-0x2f_96                      0.00%    passed     99.82%
 613  DENV2_DELIM-0x2f_THAILAND_DELIM-0x2f_2002_DELIM-0x2f_00750_DELIM-0x2f_02                      0.00%    passed     99.48%
 614  DENV2_DELIM-0x2f_THAILAND_DELIM-0x2f_2011_DELIM-0x2f_00753_DELIM-0x2f_11                      0.00%    passed     98.68%
 615  DENV2_DELIM-0x2f_THAILAND_DELIM-0x2f_1995_DELIM-0x2f_00759_DELIM-0x2f_95                      0.00%    passed     99.82%
 616  DENV2_DELIM-0x2f_THAILAND_DELIM-0x2f_1995_DELIM-0x2f_00760_DELIM-0x2f_95                      0.00%    passed     99.41%
 617  DENV2_DELIM-0x2f_THAILAND_DELIM-0x2f_1997_DELIM-0x2f_00760_DELIM-0x2f_97                      0.00%    passed     99.89%
 618  DENV2_DELIM-0x2f_THAILAND_DELIM-0x2f_1995_DELIM-0x2f_00773_DELIM-0x2f_95                      0.00%    passed     99.93%
 619  DENV2_DELIM-0x2f_THAILAND_DELIM-0x2f_1997_DELIM-0x2f_00774_DELIM-0x2f_97                      0.00%    passed     97.52%
 620  DENV2_DELIM-0x2f_THAILAND_DELIM-0x2f_1995_DELIM-0x2f_00775_DELIM-0x2f_95                      0.00%    passed     98.38%
 621  DENV2_DELIM-0x2f_THAILAND_DELIM-0x2f_1995_DELIM-0x2f_00777_DELIM-0x2f_95                      0.00%    passed     99.36%
 622  DENV2_DELIM-0x2f_THAILAND_DELIM-0x2f_2002_DELIM-0x2f_00786_DELIM-0x2f_02                      0.00%    passed     99.60%
 623  DENV2_DELIM-0x2f_THAILAND_DELIM-0x2f_1996_DELIM-0x2f_00788_DELIM-0x2f_96                      0.00%    passed     99.35%
 624  DENV2_DELIM-0x2f_THAILAND_DELIM-0x2f_2010_DELIM-0x2f_00791_DELIM-0x2f_10                      0.00%    passed     98.15%
 625  DENV2_DELIM-0x2f_THAILAND_DELIM-0x2f_2012_DELIM-0x2f_00795_DELIM-0x2f_12                      0.00%    passed     98.76%
 626  DENV2_DELIM-0x2f_THAILAND_DELIM-0x2f_1998_DELIM-0x2f_00800_DELIM-0x2f_98                      0.00%    passed     99.82%
 627  DENV2_DELIM-0x2f_THAILAND_DELIM-0x2f_1997_DELIM-0x2f_00809_DELIM-0x2f_97                      0.00%    passed     99.70%
 628  DENV2_DELIM-0x2f_THAILAND_DELIM-0x2f_2011_DELIM-0x2f_00825_DELIM-0x2f_11                      0.00%    passed     97.30%
 629  DENV2_DELIM-0x2f_THAILAND_DELIM-0x2f_2012_DELIM-0x2f_00826_DELIM-0x2f_12                      0.00%    passed     96.62%
 630  DENV2_DELIM-0x2f_THAILAND_DELIM-0x2f_2011_DELIM-0x2f_00828_DELIM-0x2f_11                      0.00%    passed    100.00%
 631  DENV2_DELIM-0x2f_THAILAND_DELIM-0x2f_2013_DELIM-0x2f_00838_DELIM-0x2f_13                      0.00%    passed     95.86%
 632  DENV2_DELIM-0x2f_THAILAND_DELIM-0x2f_1994_DELIM-0x2f_00849_DELIM-0x2f_94                      0.00%    passed     99.79%
 633  DENV2_DELIM-0x2f_THAILAND_DELIM-0x2f_1995_DELIM-0x2f_00856_DELIM-0x2f_95                      0.00%    passed     99.82%
 634  DENV2_DELIM-0x2f_THAILAND_DELIM-0x2f_1995_DELIM-0x2f_00895_DELIM-0x2f_95                      0.00%    passed     99.84%
 635  DENV2_DELIM-0x2f_THAILAND_DELIM-0x2f_2005_DELIM-0x2f_00901_DELIM-0x2f_05                      0.00%    passed     99.41%
 636  DENV2_DELIM-0x2f_THAILAND_DELIM-0x2f_2005_DELIM-0x2f_00903_DELIM-0x2f_05                      0.00%    passed     99.41%
 637  DENV2_DELIM-0x2f_THAILAND_DELIM-0x2f_2012_DELIM-0x2f_00907_DELIM-0x2f_12                      0.00%    passed     99.98%
 638  DENV2_DELIM-0x2f_THAILAND_DELIM-0x2f_2010_DELIM-0x2f_00911_DELIM-0x2f_10                      0.00%    passed     94.01%
 639  DENV2_DELIM-0x2f_THAILAND_DELIM-0x2f_1994_DELIM-0x2f_00921_DELIM-0x2f_94                      0.00%    passed     99.91%
 640  DENV2_DELIM-0x2f_THAILAND_DELIM-0x2f_1995_DELIM-0x2f_00925_DELIM-0x2f_95                      0.00%    passed     99.18%
 641  DENV2_DELIM-0x2f_THAILAND_DELIM-0x2f_1994_DELIM-0x2f_00937_DELIM-0x2f_94                      0.00%    passed     99.36%
 642  DENV2_DELIM-0x2f_THAILAND_DELIM-0x2f_2007_DELIM-0x2f_00938_DELIM-0x2f_07                      0.00%    passed     99.35%
 643  DENV2_DELIM-0x2f_THAILAND_DELIM-0x2f_1996_DELIM-0x2f_00945_DELIM-0x2f_96                      0.00%    passed     98.15%
 644  DENV2_DELIM-0x2f_THAILAND_DELIM-0x2f_2005_DELIM-0x2f_00953_DELIM-0x2f_05                      0.00%    passed     98.26%
 645  DENV2_DELIM-0x2f_THAILAND_DELIM-0x2f_1996_DELIM-0x2f_00974_DELIM-0x2f_96                      0.00%    passed     98.15%
 646  DENV2_DELIM-0x2f_THAILAND_DELIM-0x2f_1995_DELIM-0x2f_00976_DELIM-0x2f_95                      0.00%    passed     99.79%
 647  DENV2_DELIM-0x2f_THAILAND_DELIM-0x2f_2003_DELIM-0x2f_00977_DELIM-0x2f_03                      0.13%    passed     99.57%
 648  DENV2_DELIM-0x2f_THAILAND_DELIM-0x2f_1995_DELIM-0x2f_00991_DELIM-0x2f_95                      0.00%    passed     99.51%
 649  DENV2_DELIM-0x2f_THAILAND_DELIM-0x2f_1996_DELIM-0x2f_00996_DELIM-0x2f_96                      0.00%    passed     97.95%
 650  DENV2_DELIM-0x2f_THAILAND_DELIM-0x2f_1994_DELIM-0x2f_00997_DELIM-0x2f_94                      0.00%    passed     99.68%
 651  DENV2_DELIM-0x2f_THAILAND_DELIM-0x2f_1995_DELIM-0x2f_01001_DELIM-0x2f_95                      0.00%    passed     99.86%
 652  DENV2_DELIM-0x2f_THAILAND_DELIM-0x2f_2002_DELIM-0x2f_01005_DELIM-0x2f_02                      0.00%    passed     99.52%
 653  DENV2_DELIM-0x2f_THAILAND_DELIM-0x2f_2004_DELIM-0x2f_01006_DELIM-0x2f_04                      0.00%    passed     99.87%
 654  DENV2_DELIM-0x2f_THAILAND_DELIM-0x2f_2004_DELIM-0x2f_01007_DELIM-0x2f_04                      0.00%    passed     99.69%
 655  DENV2_DELIM-0x2f_THAILAND_DELIM-0x2f_2002_DELIM-0x2f_01009_DELIM-0x2f_02                      0.00%    passed     99.48%
 656  DENV2_DELIM-0x2f_THAILAND_DELIM-0x2f_1995_DELIM-0x2f_01019_DELIM-0x2f_95                      0.00%    passed     99.18%
 657  DENV2_DELIM-0x2f_THAILAND_DELIM-0x2f_2002_DELIM-0x2f_01024_DELIM-0x2f_02                      0.07%    passed     99.87%
 658  DENV2_DELIM-0x2f_THAILAND_DELIM-0x2f_2001_DELIM-0x2f_01026_DELIM-0x2f_01                      0.00%    passed     99.32%
 659  DENV2_DELIM-0x2f_THAILAND_DELIM-0x2f_1994_DELIM-0x2f_01034_DELIM-0x2f_94                      0.00%    passed     99.93%
 660  DENV2_DELIM-0x2f_THAILAND_DELIM-0x2f_2002_DELIM-0x2f_01050_DELIM-0x2f_02                      0.00%    passed     99.79%
 661  DENV2_DELIM-0x2f_THAILAND_DELIM-0x2f_2010_DELIM-0x2f_01066_DELIM-0x2f_10                      0.00%    passed     99.87%
 662  DENV2_DELIM-0x2f_THAILAND_DELIM-0x2f_2003_DELIM-0x2f_01082_DELIM-0x2f_03                      0.00%    passed     99.99%
 663  DENV2_DELIM-0x2f_THAILAND_DELIM-0x2f_1995_DELIM-0x2f_01082_DELIM-0x2f_95                      0.00%    passed     99.86%
 664  DENV2_DELIM-0x2f_THAILAND_DELIM-0x2f_2004_DELIM-0x2f_01084_DELIM-0x2f_04                      0.00%    passed     99.68%
 665  DENV2_DELIM-0x2f_THAILAND_DELIM-0x2f_1995_DELIM-0x2f_01088_DELIM-0x2f_95                      0.00%    passed     99.79%
 666  DENV2_DELIM-0x2f_THAILAND_DELIM-0x2f_2012_DELIM-0x2f_01090_DELIM-0x2f_12                      0.07%    passed     98.26%
 667  DENV2_DELIM-0x2f_THAILAND_DELIM-0x2f_2012_DELIM-0x2f_01092_DELIM-0x2f_12                      0.00%    passed     99.35%
 668  DENV2_DELIM-0x2f_THAILAND_DELIM-0x2f_2004_DELIM-0x2f_01109_DELIM-0x2f_04                      0.00%    passed     98.24%
 669  DENV2_DELIM-0x2f_THAILAND_DELIM-0x2f_2010_DELIM-0x2f_01109_DELIM-0x2f_10                      0.00%    passed     96.23%
 670  DENV2_DELIM-0x2f_THAILAND_DELIM-0x2f_2012_DELIM-0x2f_01113_DELIM-0x2f_12                      0.00%    passed     97.56%
 671  DENV2_DELIM-0x2f_THAILAND_DELIM-0x2f_2004_DELIM-0x2f_01145_DELIM-0x2f_04                      0.00%    passed     99.69%
 672  DENV2_DELIM-0x2f_THAILAND_DELIM-0x2f_1996_DELIM-0x2f_01163_DELIM-0x2f_96                      0.00%    passed     99.38%
 673  DENV2_DELIM-0x2f_THAILAND_DELIM-0x2f_2005_DELIM-0x2f_01171_DELIM-0x2f_05                      0.00%    passed     97.62%
 674  DENV2_DELIM-0x2f_THAILAND_DELIM-0x2f_1996_DELIM-0x2f_01175_DELIM-0x2f_96                      0.00%    passed     97.26%
 675  DENV2_DELIM-0x2f_THAILAND_DELIM-0x2f_2004_DELIM-0x2f_01177_DELIM-0x2f_04                      0.00%    passed     99.69%
 676  DENV2_DELIM-0x2f_THAILAND_DELIM-0x2f_1996_DELIM-0x2f_01181_DELIM-0x2f_96                      0.00%    passed     99.40%
 677  DENV2_DELIM-0x2f_THAILAND_DELIM-0x2f_1996_DELIM-0x2f_01182_DELIM-0x2f_96                      0.00%    passed     97.15%
 678  DENV2_DELIM-0x2f_THAILAND_DELIM-0x2f_2004_DELIM-0x2f_01185_DELIM-0x2f_04                      0.00%    passed     99.87%
 679  DENV2_DELIM-0x2f_THAILAND_DELIM-0x2f_1998_DELIM-0x2f_01199_DELIM-0x2f_98                      0.00%    passed     99.06%
 680  DENV2_DELIM-0x2f_THAILAND_DELIM-0x2f_2010_DELIM-0x2f_01206_DELIM-0x2f_10                      0.00%    passed     99.79%
 681  DENV2_DELIM-0x2f_THAILAND_DELIM-0x2f_2002_DELIM-0x2f_01209_DELIM-0x2f_02                      0.00%    passed     99.59%
 682  DENV2_DELIM-0x2f_THAILAND_DELIM-0x2f_2006_DELIM-0x2f_01212_DELIM-0x2f_06                      0.00%    passed     99.99%
 683  DENV2_DELIM-0x2f_THAILAND_DELIM-0x2f_2004_DELIM-0x2f_01218_DELIM-0x2f_04                      0.00%    passed     99.43%
 684  DENV2_DELIM-0x2f_THAILAND_DELIM-0x2f_2011_DELIM-0x2f_01220_DELIM-0x2f_11                      0.00%    passed     91.91%
 685  DENV2_DELIM-0x2f_THAILAND_DELIM-0x2f_2004_DELIM-0x2f_01224_DELIM-0x2f_04                      0.00%    passed     99.32%
 686  DENV2_DELIM-0x2f_THAILAND_DELIM-0x2f_1995_DELIM-0x2f_01241_DELIM-0x2f_95                      0.00%    passed     99.51%
 687  DENV2_DELIM-0x2f_THAILAND_DELIM-0x2f_2000_DELIM-0x2f_01249_DELIM-0x2f_00                      0.00%    passed     96.99%
 688  DENV2_DELIM-0x2f_THAILAND_DELIM-0x2f_2004_DELIM-0x2f_01256_DELIM-0x2f_04                      0.00%    passed     99.87%
 689  DENV2_DELIM-0x2f_THAILAND_DELIM-0x2f_1995_DELIM-0x2f_01261_DELIM-0x2f_95                      0.00%    passed     99.97%
 690  DENV2_DELIM-0x2f_THAILAND_DELIM-0x2f_2003_DELIM-0x2f_01268_DELIM-0x2f_03                      0.00%    passed     98.13%
 691  DENV2_DELIM-0x2f_THAILAND_DELIM-0x2f_1995_DELIM-0x2f_01281_DELIM-0x2f_95                      0.00%    passed     98.75%
 692  DENV2_DELIM-0x2f_THAILAND_DELIM-0x2f_2005_DELIM-0x2f_01291_DELIM-0x2f_05                      0.00%    passed     99.87%
 693  DENV2_DELIM-0x2f_THAILAND_DELIM-0x2f_2011_DELIM-0x2f_01298_DELIM-0x2f_11                      0.00%    passed     99.59%
 694  DENV2_DELIM-0x2f_THAILAND_DELIM-0x2f_1996_DELIM-0x2f_01309_DELIM-0x2f_96                      0.07%    passed     96.72%
 695  DENV2_DELIM-0x2f_THAILAND_DELIM-0x2f_2002_DELIM-0x2f_01314_DELIM-0x2f_02                      0.00%    passed     98.64%
 696  DENV2_DELIM-0x2f_THAILAND_DELIM-0x2f_1996_DELIM-0x2f_01315_DELIM-0x2f_96                      0.00%    passed     99.84%
 697  DENV2_DELIM-0x2f_THAILAND_DELIM-0x2f_2004_DELIM-0x2f_01316_DELIM-0x2f_04                      0.00%    passed     99.69%
 698  DENV2_DELIM-0x2f_THAILAND_DELIM-0x2f_2002_DELIM-0x2f_01318_DELIM-0x2f_02                      0.00%    passed     99.60%
 699  DENV2_DELIM-0x2f_THAILAND_DELIM-0x2f_2000_DELIM-0x2f_01326_DELIM-0x2f_00                      0.00%    passed     99.48%
 700  DENV2_DELIM-0x2f_THAILAND_DELIM-0x2f_2005_DELIM-0x2f_01334_DELIM-0x2f_05                      0.00%    passed     99.01%
 701  DENV2_DELIM-0x2f_THAILAND_DELIM-0x2f_2010_DELIM-0x2f_01340_DELIM-0x2f_10                      0.00%    passed     97.67%
 702  DENV2_DELIM-0x2f_THAILAND_DELIM-0x2f_1998_DELIM-0x2f_01344_DELIM-0x2f_98                      0.00%    passed     99.06%
 703  DENV2_DELIM-0x2f_THAILAND_DELIM-0x2f_2010_DELIM-0x2f_01363_DELIM-0x2f_10                      0.00%    passed     99.62%
 704  DENV2_DELIM-0x2f_THAILAND_DELIM-0x2f_2000_DELIM-0x2f_01368_DELIM-0x2f_00                      0.00%    passed     93.73%
 705  DENV2_DELIM-0x2f_THAILAND_DELIM-0x2f_1998_DELIM-0x2f_01376_DELIM-0x2f_98                      0.00%    passed     99.18%
 706  DENV2_DELIM-0x2f_THAILAND_DELIM-0x2f_2005_DELIM-0x2f_01381_DELIM-0x2f_05                      0.00%    passed     99.33%
 707  DENV2_DELIM-0x2f_THAILAND_DELIM-0x2f_2010_DELIM-0x2f_01384_DELIM-0x2f_10                      0.00%    passed     99.08%
 708  DENV2_DELIM-0x2f_THAILAND_DELIM-0x2f_1994_DELIM-0x2f_01414_DELIM-0x2f_94                      0.00%    passed     99.84%
 709  DENV2_DELIM-0x2f_THAILAND_DELIM-0x2f_2011_DELIM-0x2f_01429_DELIM-0x2f_11                      0.00%    passed     99.99%
 710  DENV2_DELIM-0x2f_THAILAND_DELIM-0x2f_1994_DELIM-0x2f_01429_DELIM-0x2f_94                      0.00%    passed     99.36%
 711  DENV2_DELIM-0x2f_THAILAND_DELIM-0x2f_1994_DELIM-0x2f_01430_DELIM-0x2f_94                      0.00%    passed     99.68%
 712  DENV2_DELIM-0x2f_THAILAND_DELIM-0x2f_1996_DELIM-0x2f_01431_DELIM-0x2f_96                      0.00%    passed     99.67%
 713  DENV2_DELIM-0x2f_THAILAND_DELIM-0x2f_2005_DELIM-0x2f_01441_DELIM-0x2f_05                      0.00%    passed     99.68%
 714  DENV2_DELIM-0x2f_THAILAND_DELIM-0x2f_2010_DELIM-0x2f_01449_DELIM-0x2f_10                      0.00%    passed     94.47%
 715  DENV2_DELIM-0x2f_THAILAND_DELIM-0x2f_2011_DELIM-0x2f_01454_DELIM-0x2f_11                      0.00%    passed     99.90%
 716  DENV2_DELIM-0x2f_THAILAND_DELIM-0x2f_1994_DELIM-0x2f_01458_DELIM-0x2f_94                      0.00%    passed     99.09%
 717  DENV2_DELIM-0x2f_THAILAND_DELIM-0x2f_2004_DELIM-0x2f_01462_DELIM-0x2f_04                      0.00%    passed     99.60%
 718  DENV2_DELIM-0x2f_THAILAND_DELIM-0x2f_2005_DELIM-0x2f_01465_DELIM-0x2f_05                      0.00%    passed     98.08%
 719  DENV2_DELIM-0x2f_THAILAND_DELIM-0x2f_2002_DELIM-0x2f_01468_DELIM-0x2f_02                      0.00%    passed     99.87%
 720  DENV2_DELIM-0x2f_THAILAND_DELIM-0x2f_1994_DELIM-0x2f_01488_DELIM-0x2f_94                      0.00%    passed     98.91%
 721  DENV2_DELIM-0x2f_THAILAND_DELIM-0x2f_2005_DELIM-0x2f_01495_DELIM-0x2f_05                      0.00%    passed     99.09%
 722  DENV2_DELIM-0x2f_THAILAND_DELIM-0x2f_2007_DELIM-0x2f_01496_DELIM-0x2f_07                      0.00%    passed     99.79%
 723  DENV2_DELIM-0x2f_THAILAND_DELIM-0x2f_1994_DELIM-0x2f_01497_DELIM-0x2f_94                      0.00%    passed     99.84%
 724  DENV2_DELIM-0x2f_THAILAND_DELIM-0x2f_2005_DELIM-0x2f_01534_DELIM-0x2f_05                      0.00%    passed     99.08%
 725  DENV2_DELIM-0x2f_THAILAND_DELIM-0x2f_1994_DELIM-0x2f_01536_DELIM-0x2f_94                      0.00%    passed     99.85%
 726  DENV2_DELIM-0x2f_THAILAND_DELIM-0x2f_2003_DELIM-0x2f_01549_DELIM-0x2f_03                      0.00%    passed     98.13%
 727  DENV2_DELIM-0x2f_THAILAND_DELIM-0x2f_2010_DELIM-0x2f_01549_DELIM-0x2f_10                      0.00%    passed     96.28%
 728  DENV2_DELIM-0x2f_THAILAND_DELIM-0x2f_1998_DELIM-0x2f_01550_DELIM-0x2f_98                      0.00%    passed     99.92%
 729  DENV2_DELIM-0x2f_THAILAND_DELIM-0x2f_2000_DELIM-0x2f_01559_DELIM-0x2f_00                      0.00%    passed     99.61%
 730  DENV2_DELIM-0x2f_THAILAND_DELIM-0x2f_1998_DELIM-0x2f_01565_DELIM-0x2f_98                      0.00%    passed     98.49%
 731  DENV2_DELIM-0x2f_THAILAND_DELIM-0x2f_2005_DELIM-0x2f_01574_DELIM-0x2f_05                      0.00%    passed     99.08%
 732  DENV2_DELIM-0x2f_THAILAND_DELIM-0x2f_2005_DELIM-0x2f_01594_DELIM-0x2f_05                      0.00%    passed     98.93%
 733  DENV2_DELIM-0x2f_THAILAND_DELIM-0x2f_2006_DELIM-0x2f_01597_DELIM-0x2f_06                      0.00%    passed     97.07%
 734  DENV2_DELIM-0x2f_THAILAND_DELIM-0x2f_1995_DELIM-0x2f_01619_DELIM-0x2f_95                      0.00%    passed     99.32%
 735  DENV2_DELIM-0x2f_THAILAND_DELIM-0x2f_2010_DELIM-0x2f_01624_DELIM-0x2f_10                      0.00%    passed     99.07%
 736  DENV2_DELIM-0x2f_THAILAND_DELIM-0x2f_2006_DELIM-0x2f_01625_DELIM-0x2f_06                      0.00%    passed     99.84%
 737  DENV2_DELIM-0x2f_THAILAND_DELIM-0x2f_2000_DELIM-0x2f_01636_DELIM-0x2f_00                      0.00%    passed     99.59%
 738  DENV2_DELIM-0x2f_THAILAND_DELIM-0x2f_2002_DELIM-0x2f_01636_DELIM-0x2f_02                      0.00%    passed     99.59%
 739  DENV2_DELIM-0x2f_THAILAND_DELIM-0x2f_1995_DELIM-0x2f_01636_DELIM-0x2f_95                      0.00%    passed     99.68%
 740  DENV2_DELIM-0x2f_THAILAND_DELIM-0x2f_2006_DELIM-0x2f_01644_DELIM-0x2f_06                      0.00%    passed     97.62%
 741  DENV2_DELIM-0x2f_THAILAND_DELIM-0x2f_2004_DELIM-0x2f_01646_DELIM-0x2f_04                      0.00%    passed     97.28%
 742  DENV2_DELIM-0x2f_THAILAND_DELIM-0x2f_1995_DELIM-0x2f_01656_DELIM-0x2f_95                      0.00%    passed     97.90%
 743  DENV2_DELIM-0x2f_THAILAND_DELIM-0x2f_2004_DELIM-0x2f_01666_DELIM-0x2f_04                      0.00%    passed     98.62%
 744  DENV2_DELIM-0x2f_THAILAND_DELIM-0x2f_2000_DELIM-0x2f_01667_DELIM-0x2f_00                      0.00%    passed     99.69%
 745  DENV2_DELIM-0x2f_THAILAND_DELIM-0x2f_2003_DELIM-0x2f_01693_DELIM-0x2f_03                      0.00%    passed     96.28%
 746  DENV2_DELIM-0x2f_THAILAND_DELIM-0x2f_2000_DELIM-0x2f_01695_DELIM-0x2f_00                      0.00%    passed     96.10%
 747  DENV2_DELIM-0x2f_THAILAND_DELIM-0x2f_2003_DELIM-0x2f_01707_DELIM-0x2f_03                      0.00%    passed     99.97%
 748  DENV2_DELIM-0x2f_THAILAND_DELIM-0x2f_1998_DELIM-0x2f_01718_DELIM-0x2f_98                      0.00%    passed    100.00%
 749  DENV2_DELIM-0x2f_THAILAND_DELIM-0x2f_2007_DELIM-0x2f_01726_DELIM-0x2f_07                      0.00%    passed     98.26%
 750  DENV2_DELIM-0x2f_THAILAND_DELIM-0x2f_2013_DELIM-0x2f_01726_DELIM-0x2f_13                      0.00%    passed     98.98%
 751  DENV2_DELIM-0x2f_THAILAND_DELIM-0x2f_2000_DELIM-0x2f_01754_DELIM-0x2f_00                      0.00%    passed     99.59%
 752  DENV2_DELIM-0x2f_THAILAND_DELIM-0x2f_2002_DELIM-0x2f_01770_DELIM-0x2f_02                      0.00%    passed     99.70%
 753  DENV2_DELIM-0x2f_THAILAND_DELIM-0x2f_1998_DELIM-0x2f_01787_DELIM-0x2f_98                      0.00%    passed     99.79%
 754  DENV2_DELIM-0x2f_THAILAND_DELIM-0x2f_1995_DELIM-0x2f_01800_DELIM-0x2f_95                      0.00%    passed     99.61%
 755  DENV2_DELIM-0x2f_THAILAND_DELIM-0x2f_1996_DELIM-0x2f_01816_DELIM-0x2f_96                      0.00%    passed     99.37%
 756  DENV2_DELIM-0x2f_THAILAND_DELIM-0x2f_2007_DELIM-0x2f_01836_DELIM-0x2f_07                      0.00%    passed     96.93%
 757  DENV2_DELIM-0x2f_THAILAND_DELIM-0x2f_2006_DELIM-0x2f_01841_DELIM-0x2f_06                      0.07%    passed     99.75%
 758  DENV2_DELIM-0x2f_THAILAND_DELIM-0x2f_2007_DELIM-0x2f_01849_DELIM-0x2f_07                      0.00%    passed     99.16%
 759  DENV2_DELIM-0x2f_THAILAND_DELIM-0x2f_1996_DELIM-0x2f_01865_DELIM-0x2f_96                      0.00%    passed     99.52%
 760  DENV2_DELIM-0x2f_THAILAND_DELIM-0x2f_2003_DELIM-0x2f_01888_DELIM-0x2f_03                      0.00%    passed     99.98%
 761  DENV2_DELIM-0x2f_THAILAND_DELIM-0x2f_2000_DELIM-0x2f_01899_DELIM-0x2f_00                      0.00%    passed     99.59%
 762  DENV2_DELIM-0x2f_THAILAND_DELIM-0x2f_2002_DELIM-0x2f_01899_DELIM-0x2f_02                      0.00%    passed     99.59%
 763  DENV2_DELIM-0x2f_THAILAND_DELIM-0x2f_2006_DELIM-0x2f_01929_DELIM-0x2f_06                      0.00%    passed     93.47%
 764  DENV2_DELIM-0x2f_THAILAND_DELIM-0x2f_1996_DELIM-0x2f_01940_DELIM-0x2f_96                      0.00%    passed     99.79%
 765  DENV2_DELIM-0x2f_THAILAND_DELIM-0x2f_2003_DELIM-0x2f_01968_DELIM-0x2f_03                      0.00%    passed     99.30%
 766  DENV2_DELIM-0x2f_THAILAND_DELIM-0x2f_2000_DELIM-0x2f_02022_DELIM-0x2f_00                      0.00%    passed     99.29%
 767  DENV2_DELIM-0x2f_THAILAND_DELIM-0x2f_2007_DELIM-0x2f_02039_DELIM-0x2f_07                      0.00%    passed     98.36%
 768  DENV2_DELIM-0x2f_THAILAND_DELIM-0x2f_2007_DELIM-0x2f_02071_DELIM-0x2f_07                      0.00%    passed     99.54%
 769  DENV2_DELIM-0x2f_THAILAND_DELIM-0x2f_2002_DELIM-0x2f_02094_DELIM-0x2f_02                      0.07%    passed     96.80%
 770  DENV2_DELIM-0x2f_THAILAND_DELIM-0x2f_2007_DELIM-0x2f_02108_DELIM-0x2f_07                      0.00%    passed     99.69%
 771  DENV2_DELIM-0x2f_THAILAND_DELIM-0x2f_2000_DELIM-0x2f_02113_DELIM-0x2f_00                      0.00%    passed     99.98%
 772  DENV2_DELIM-0x2f_THAILAND_DELIM-0x2f_1996_DELIM-0x2f_02118_DELIM-0x2f_96                      0.00%    passed     97.15%
 773  DENV2_DELIM-0x2f_THAILAND_DELIM-0x2f_1996_DELIM-0x2f_02119_DELIM-0x2f_96                      0.00%    passed     99.27%
 774  DENV2_DELIM-0x2f_THAILAND_DELIM-0x2f_1996_DELIM-0x2f_02126_DELIM-0x2f_96                      0.00%    passed     99.18%
 775  DENV2_DELIM-0x2f_THAILAND_DELIM-0x2f_1996_DELIM-0x2f_02136_DELIM-0x2f_96                      0.00%    passed     96.91%
 776  DENV2_DELIM-0x2f_THAILAND_DELIM-0x2f_2003_DELIM-0x2f_02148_DELIM-0x2f_03                      0.00%    passed     99.07%
 777  DENV2_DELIM-0x2f_THAILAND_DELIM-0x2f_1997_DELIM-0x2f_02158_DELIM-0x2f_97                      0.07%    passed     99.74%
 778  DENV2_DELIM-0x2f_THAILAND_DELIM-0x2f_2000_DELIM-0x2f_02164_DELIM-0x2f_00                      0.00%    passed     99.67%
 779  DENV2_DELIM-0x2f_THAILAND_DELIM-0x2f_1997_DELIM-0x2f_02174_DELIM-0x2f_97                      0.00%    passed     99.87%
 780  DENV2_DELIM-0x2f_THAILAND_DELIM-0x2f_2000_DELIM-0x2f_02180_DELIM-0x2f_00                      0.00%    passed     99.87%
 781  DENV2_DELIM-0x2f_THAILAND_DELIM-0x2f_2006_DELIM-0x2f_02182_DELIM-0x2f_06                      0.00%    passed     93.47%
 782  DENV2_DELIM-0x2f_THAILAND_DELIM-0x2f_2007_DELIM-0x2f_02195_DELIM-0x2f_07                      0.00%    passed     96.86%
 783  DENV2_DELIM-0x2f_THAILAND_DELIM-0x2f_1996_DELIM-0x2f_02199_DELIM-0x2f_96                      0.00%    passed     98.91%
 784  DENV2_DELIM-0x2f_THAILAND_DELIM-0x2f_1997_DELIM-0x2f_02206_DELIM-0x2f_97                      0.00%    passed     99.69%
 785  DENV2_DELIM-0x2f_THAILAND_DELIM-0x2f_2000_DELIM-0x2f_02212_DELIM-0x2f_00                      0.00%    passed     98.64%
 786  DENV2_DELIM-0x2f_THAILAND_DELIM-0x2f_1996_DELIM-0x2f_02234_DELIM-0x2f_96                      0.00%    passed     99.84%
 787  DENV2_DELIM-0x2f_THAILAND_DELIM-0x2f_2000_DELIM-0x2f_02247_DELIM-0x2f_00                      0.00%    passed     99.69%
 788  DENV2_DELIM-0x2f_THAILAND_DELIM-0x2f_2002_DELIM-0x2f_02321_DELIM-0x2f_02                      0.00%    passed     99.84%
 789  DENV2_DELIM-0x2f_THAILAND_DELIM-0x2f_2003_DELIM-0x2f_02322_DELIM-0x2f_03                      0.00%    passed     98.24%
 790  DENV2_DELIM-0x2f_THAILAND_DELIM-0x2f_2006_DELIM-0x2f_02337_DELIM-0x2f_06                      0.00%    passed     98.64%
 791  DENV2_DELIM-0x2f_THAILAND_DELIM-0x2f_2003_DELIM-0x2f_02339_DELIM-0x2f_03                      0.00%    passed     99.26%
 792  DENV2_DELIM-0x2f_THAILAND_DELIM-0x2f_2003_DELIM-0x2f_02365_DELIM-0x2f_03                      0.00%    passed     99.60%
 793  DENV2_DELIM-0x2f_THAILAND_DELIM-0x2f_2006_DELIM-0x2f_02391_DELIM-0x2f_06                      0.00%    passed     99.33%
 794  DENV2_DELIM-0x2f_THAILAND_DELIM-0x2f_2006_DELIM-0x2f_02393_DELIM-0x2f_06                      0.00%    passed     99.60%
 795  DENV2_DELIM-0x2f_THAILAND_DELIM-0x2f_2006_DELIM-0x2f_02398_DELIM-0x2f_06                      0.00%    passed     98.62%
 796  DENV2_DELIM-0x2f_THAILAND_DELIM-0x2f_2003_DELIM-0x2f_02455_DELIM-0x2f_03                      0.00%    passed     99.90%
 797  DENV2_DELIM-0x2f_THAILAND_DELIM-0x2f_1998_DELIM-0x2f_02459_DELIM-0x2f_98                      0.00%    passed     99.84%
 798  DENV2_DELIM-0x2f_THAILAND_DELIM-0x2f_2002_DELIM-0x2f_02461_DELIM-0x2f_02                      0.00%    passed     99.79%
 799  DENV2_DELIM-0x2f_THAILAND_DELIM-0x2f_2002_DELIM-0x2f_02484_DELIM-0x2f_02                      0.00%    passed     99.48%
 800  DENV2_DELIM-0x2f_THAILAND_DELIM-0x2f_2006_DELIM-0x2f_02518_DELIM-0x2f_06                      0.00%    passed     98.47%
 801  DENV2_DELIM-0x2f_THAILAND_DELIM-0x2f_1996_DELIM-0x2f_02561_DELIM-0x2f_96                      0.00%    passed     98.24%
 802  DENV2_DELIM-0x2f_THAILAND_DELIM-0x2f_2006_DELIM-0x2f_02617_DELIM-0x2f_06                      0.00%    passed     99.07%
 803  DENV2_DELIM-0x2f_THAILAND_DELIM-0x2f_2006_DELIM-0x2f_02660_DELIM-0x2f_06                      0.00%    passed     93.30%
 804  DENV2_DELIM-0x2f_THAILAND_DELIM-0x2f_2002_DELIM-0x2f_02667_DELIM-0x2f_02                      0.00%    passed     98.13%
 805  DENV2_DELIM-0x2f_THAILAND_DELIM-0x2f_2002_DELIM-0x2f_02678_DELIM-0x2f_02                      0.00%    passed     98.68%
 806  DENV2_DELIM-0x2f_THAILAND_DELIM-0x2f_1999_DELIM-0x2f_02816_DELIM-0x2f_99                      0.00%    passed     98.24%
 807  DENV2_DELIM-0x2f_THAILAND_DELIM-0x2f_2001_DELIM-0x2f_02860_DELIM-0x2f_01                      0.07%    passed     97.92%
 808  DENV2_DELIM-0x2f_THAILAND_DELIM-0x2f_1999_DELIM-0x2f_02866_DELIM-0x2f_99                      0.00%    passed     97.67%
 809  DENV2_DELIM-0x2f_THAILAND_DELIM-0x2f_2001_DELIM-0x2f_02900_DELIM-0x2f_01                      0.00%    passed     96.75%
 810  DENV2_DELIM-0x2f_THAILAND_DELIM-0x2f_2001_DELIM-0x2f_02913_DELIM-0x2f_01                      0.00%    passed     96.87%
 811  DENV2_DELIM-0x2f_THAILAND_DELIM-0x2f_1998_DELIM-0x2f_02918_DELIM-0x2f_98                      0.00%    passed     99.87%
 812  DENV2_DELIM-0x2f_THAILAND_DELIM-0x2f_2002_DELIM-0x2f_02933_DELIM-0x2f_02                      0.00%    passed     99.59%
 813  DENV2_DELIM-0x2f_THAILAND_DELIM-0x2f_2002_DELIM-0x2f_02934_DELIM-0x2f_02                      0.07%    passed     98.70%
 814  DENV2_DELIM-0x2f_THAILAND_DELIM-0x2f_2002_DELIM-0x2f_02935_DELIM-0x2f_02                      0.00%    passed     99.07%
 815  DENV2_DELIM-0x2f_THAILAND_DELIM-0x2f_1999_DELIM-0x2f_02947_DELIM-0x2f_99                      0.00%    passed     99.52%
 816  DENV2_DELIM-0x2f_THAILAND_DELIM-0x2f_2002_DELIM-0x2f_02971_DELIM-0x2f_02                      0.00%    passed    100.00%
 817  DENV2_DELIM-0x2f_THAILAND_DELIM-0x2f_1998_DELIM-0x2f_03042_DELIM-0x2f_98                      0.00%    passed     99.69%
 818  DENV2_DELIM-0x2f_THAILAND_DELIM-0x2f_1997_DELIM-0x2f_03060_DELIM-0x2f_97                      0.00%    passed     99.01%
 819  DENV2_DELIM-0x2f_THAILAND_DELIM-0x2f_1997_DELIM-0x2f_03064_DELIM-0x2f_97                      0.00%    passed     99.95%
 820  DENV2_DELIM-0x2f_THAILAND_DELIM-0x2f_1997_DELIM-0x2f_03066_DELIM-0x2f_97                      0.00%    passed     99.36%
 821  DENV2_DELIM-0x2f_THAILAND_DELIM-0x2f_2002_DELIM-0x2f_03090_DELIM-0x2f_02                      0.00%    passed     97.06%
 822  DENV2_DELIM-0x2f_THAILAND_DELIM-0x2f_1999_DELIM-0x2f_03093_DELIM-0x2f_99                      0.00%    passed     96.86%
 823  DENV2_DELIM-0x2f_THAILAND_DELIM-0x2f_2002_DELIM-0x2f_03130_DELIM-0x2f_02                      0.00%    passed    100.00%
 824  DENV2_DELIM-0x2f_THAILAND_DELIM-0x2f_2002_DELIM-0x2f_03165_DELIM-0x2f_02                      0.00%    passed     99.84%
 825  DENV2_DELIM-0x2f_THAILAND_DELIM-0x2f_2001_DELIM-0x2f_03244_DELIM-0x2f_01                      0.00%    passed     99.67%
 826  DENV2_DELIM-0x2f_THAILAND_DELIM-0x2f_1999_DELIM-0x2f_03333_DELIM-0x2f_99                      0.00%    passed     98.49%
 827  DENV2_DELIM-0x2f_THAILAND_DELIM-0x2f_1997_DELIM-0x2f_03412_DELIM-0x2f_97                      0.00%    passed     99.87%
 828  DENV2_DELIM-0x2f_THAILAND_DELIM-0x2f_1999_DELIM-0x2f_03510_DELIM-0x2f_99                      0.00%    passed     97.67%
 829  DENV2_DELIM-0x2f_THAILAND_DELIM-0x2f_2001_DELIM-0x2f_03564_DELIM-0x2f_01                      0.00%    passed     99.72%
 830  DENV2_DELIM-0x2f_THAILAND_DELIM-0x2f_1999_DELIM-0x2f_03579_DELIM-0x2f_99                      0.00%    passed     98.75%
 831  DENV2_DELIM-0x2f_THAILAND_DELIM-0x2f_2001_DELIM-0x2f_03600_DELIM-0x2f_01                      0.00%    passed     98.86%
 832  DENV2_DELIM-0x2f_THAILAND_DELIM-0x2f_1999_DELIM-0x2f_03657_DELIM-0x2f_99                      0.00%    passed     99.93%
 833  DENV2_DELIM-0x2f_THAILAND_DELIM-0x2f_1999_DELIM-0x2f_03658_DELIM-0x2f_99                      0.00%    passed     96.86%
 834  DENV2_DELIM-0x2f_THAILAND_DELIM-0x2f_1999_DELIM-0x2f_03680_DELIM-0x2f_99                      0.00%    passed     99.67%
 835  DENV2_DELIM-0x2f_THAILAND_DELIM-0x2f_1999_DELIM-0x2f_03684_DELIM-0x2f_99                      0.00%    passed     99.69%
 836  DENV2_DELIM-0x2f_THAILAND_DELIM-0x2f_2001_DELIM-0x2f_03693_DELIM-0x2f_01                      0.00%    passed     99.08%
 837  DENV2_DELIM-0x2f_THAILAND_DELIM-0x2f_1999_DELIM-0x2f_03844_DELIM-0x2f_99                      0.00%    passed     99.95%
 838  DENV2_DELIM-0x2f_THAILAND_DELIM-0x2f_2001_DELIM-0x2f_03876_DELIM-0x2f_01                      0.00%    passed     99.93%
 839  DENV2_DELIM-0x2f_THAILAND_DELIM-0x2f_2001_DELIM-0x2f_03921_DELIM-0x2f_01                      0.00%    passed     99.72%
 840  DENV2_DELIM-0x2f_THAILAND_DELIM-0x2f_2001_DELIM-0x2f_03993_DELIM-0x2f_01                      0.00%    passed     98.24%
 841  DENV2_DELIM-0x2f_THAILAND_DELIM-0x2f_1999_DELIM-0x2f_04031_DELIM-0x2f_99                      0.00%    passed     99.94%
 842  DENV2_DELIM-0x2f_THAILAND_DELIM-0x2f_1999_DELIM-0x2f_04056_DELIM-0x2f_99                      0.00%    passed     99.84%
 843  DENV2_DELIM-0x2f_THAILAND_DELIM-0x2f_2001_DELIM-0x2f_04089_DELIM-0x2f_01                      0.00%    passed     99.36%
 844  DENV2_DELIM-0x2f_THAILAND_DELIM-0x2f_1999_DELIM-0x2f_04156_DELIM-0x2f_99                      0.00%    passed     99.32%
 845  DENV2_DELIM-0x2f_THAILAND_DELIM-0x2f_1999_DELIM-0x2f_04177_DELIM-0x2f_99                      0.00%    passed     99.28%
 846  DENV2_DELIM-0x2f_THAILAND_DELIM-0x2f_2001_DELIM-0x2f_04221_DELIM-0x2f_01                      0.07%    passed     96.80%
 847  DENV2_DELIM-0x2f_THAILAND_DELIM-0x2f_2001_DELIM-0x2f_04225_DELIM-0x2f_01                      0.00%    passed     99.08%
 848  DENV2_DELIM-0x2f_THAILAND_DELIM-0x2f_1998_DELIM-0x2f_04334_DELIM-0x2f_98                      0.00%    passed     99.84%
 849  DENV2_DELIM-0x2f_THAILAND_DELIM-0x2f_1999_DELIM-0x2f_04373_DELIM-0x2f_99                      0.00%    passed     99.93%
 850  DENV2_DELIM-0x2f_THAILAND_DELIM-0x2f_2001_DELIM-0x2f_04451_DELIM-0x2f_01                      0.00%    passed     98.92%
 851  DENV2_DELIM-0x2f_THAILAND_DELIM-0x2f_2001_DELIM-0x2f_04493_DELIM-0x2f_01                      0.00%    passed     97.06%
 852  DENV2_DELIM-0x2f_THAILAND_DELIM-0x2f_1999_DELIM-0x2f_04539_DELIM-0x2f_99                      0.00%    passed     99.87%
 853  DENV2_DELIM-0x2f_THAILAND_DELIM-0x2f_1998_DELIM-0x2f_04648_DELIM-0x2f_98                      0.00%    passed     99.72%
 854  DENV2_DELIM-0x2f_THAILAND_DELIM-0x2f_1998_DELIM-0x2f_04726_DELIM-0x2f_98                      0.00%    passed     99.91%
 855  DENV2_DELIM-0x2f_THAILAND_DELIM-0x2f_1997_DELIM-0x2f_04732_DELIM-0x2f_97                      0.00%    passed     96.81%
 856  DENV2_DELIM-0x2f_THAILAND_DELIM-0x2f_2001_DELIM-0x2f_04759_DELIM-0x2f_01                      0.00%    passed     99.43%
 857  DENV2_DELIM-0x2f_THAILAND_DELIM-0x2f_1999_DELIM-0x2f_04790_DELIM-0x2f_99                      0.00%    passed     99.86%
 858  DENV2_DELIM-0x2f_THAILAND_DELIM-0x2f_2001_DELIM-0x2f_04834_DELIM-0x2f_01                      0.00%    passed     99.86%
 859  DENV2_DELIM-0x2f_THAILAND_DELIM-0x2f_2001_DELIM-0x2f_04839_DELIM-0x2f_01                      0.00%    passed     99.72%
 860  DENV2_DELIM-0x2f_THAILAND_DELIM-0x2f_2000_DELIM-0x2f_04842_DELIM-0x2f_00                      0.00%    passed     99.87%
 861  DENV2_DELIM-0x2f_THAILAND_DELIM-0x2f_2001_DELIM-0x2f_04897_DELIM-0x2f_01                      0.00%    passed     98.98%
 862  DENV2_DELIM-0x2f_THAILAND_DELIM-0x2f_1997_DELIM-0x2f_04952_DELIM-0x2f_97                      0.00%    passed     99.72%
 863  DENV2_DELIM-0x2f_THAILAND_DELIM-0x2f_2001_DELIM-0x2f_04957_DELIM-0x2f_01                      0.00%    passed     95.59%
 864  DENV2_DELIM-0x2f_THAILAND_DELIM-0x2f_2001_DELIM-0x2f_05012_DELIM-0x2f_01                      0.00%    passed     99.98%
 865  DENV2_DELIM-0x2f_THAILAND_DELIM-0x2f_2001_DELIM-0x2f_05015_DELIM-0x2f_01                      0.00%    passed     99.98%
 866  DENV2_DELIM-0x2f_THAILAND_DELIM-0x2f_2001_DELIM-0x2f_05042_DELIM-0x2f_01                      0.00%    passed     99.98%
 867  DENV2_DELIM-0x2f_THAILAND_DELIM-0x2f_1997_DELIM-0x2f_05107_DELIM-0x2f_97                      0.00%    passed     99.07%
 868  DENV2_DELIM-0x2f_THAILAND_DELIM-0x2f_1997_DELIM-0x2f_05157_DELIM-0x2f_97                      0.00%    passed     99.84%
 869  DENV2_DELIM-0x2f_THAILAND_DELIM-0x2f_1999_DELIM-0x2f_05342_DELIM-0x2f_99                      0.00%    passed     99.79%
 870  DENV2_DELIM-0x2f_THAILAND_DELIM-0x2f_2001_DELIM-0x2f_05353_DELIM-0x2f_01                      0.00%    passed     99.87%
 871  DENV2_DELIM-0x2f_THAILAND_DELIM-0x2f_1988_DELIM-0x2f_05470_DELIM-0x2f_88                      0.00%    passed     95.88%
 872  DENV2_DELIM-0x2f_THAILAND_DELIM-0x2f_2000_DELIM-0x2f_05492_DELIM-0x2f_00                      0.00%    passed     99.48%
 873  DENV2_DELIM-0x2f_THAILAND_DELIM-0x2f_2000_DELIM-0x2f_05493_DELIM-0x2f_00                      0.07%    passed     99.83%
 874  DENV2_DELIM-0x2f_THAILAND_DELIM-0x2f_1997_DELIM-0x2f_05493_DELIM-0x2f_97                      0.00%    passed     99.44%
 875  DENV2_DELIM-0x2f_THAILAND_DELIM-0x2f_2000_DELIM-0x2f_05511_DELIM-0x2f_00                      0.00%    passed     99.48%
 876  DENV2_DELIM-0x2f_THAILAND_DELIM-0x2f_2000_DELIM-0x2f_05512_DELIM-0x2f_00                      0.00%    passed     98.93%
 877  DENV2_DELIM-0x2f_THAILAND_DELIM-0x2f_1999_DELIM-0x2f_05512_DELIM-0x2f_99                      0.00%    passed     99.92%
 878  DENV2_DELIM-0x2f_THAILAND_DELIM-0x2f_2000_DELIM-0x2f_05529_DELIM-0x2f_00                      0.00%    passed     99.32%
 879  DENV2_DELIM-0x2f_THAILAND_DELIM-0x2f_1999_DELIM-0x2f_05539_DELIM-0x2f_99                      0.00%    passed     99.72%
 880  DENV2_DELIM-0x2f_THAILAND_DELIM-0x2f_2000_DELIM-0x2f_05692_DELIM-0x2f_00                      0.00%    passed     99.60%
 881  DENV2_DELIM-0x2f_THAILAND_DELIM-0x2f_2001_DELIM-0x2f_05695_DELIM-0x2f_01                      0.00%    passed     99.75%
 882  DENV2_DELIM-0x2f_THAILAND_DELIM-0x2f_2001_DELIM-0x2f_05819_DELIM-0x2f_01                      0.00%    passed     97.06%
 883  DENV2_DELIM-0x2f_THAILAND_DELIM-0x2f_2000_DELIM-0x2f_05855_DELIM-0x2f_00                      0.00%    passed     99.99%
 884  DENV2_DELIM-0x2f_THAILAND_DELIM-0x2f_2000_DELIM-0x2f_05882_DELIM-0x2f_00                      0.00%    passed     97.99%
 885  DENV2_DELIM-0x2f_THAILAND_DELIM-0x2f_2001_DELIM-0x2f_05885_DELIM-0x2f_01                      0.00%    passed    100.00%
 886  DENV2_DELIM-0x2f_THAILAND_DELIM-0x2f_2000_DELIM-0x2f_05888_DELIM-0x2f_00                      0.00%    passed     95.59%
 887  DENV2_DELIM-0x2f_THAILAND_DELIM-0x2f_2000_DELIM-0x2f_05894_DELIM-0x2f_00                      0.00%    passed     99.59%
 888  DENV2_DELIM-0x2f_THAILAND_DELIM-0x2f_1997_DELIM-0x2f_05925_DELIM-0x2f_97                      0.00%    passed     98.87%
 889  DENV2_DELIM-0x2f_THAILAND_DELIM-0x2f_2000_DELIM-0x2f_06009_DELIM-0x2f_00                      0.00%    passed     99.59%
 890  DENV2_DELIM-0x2f_THAILAND_DELIM-0x2f_2000_DELIM-0x2f_06013_DELIM-0x2f_00                      0.07%    passed     99.35%
 891  DENV2_DELIM-0x2f_THAILAND_DELIM-0x2f_1997_DELIM-0x2f_06036_DELIM-0x2f_97                      0.00%    passed     98.64%
 892  DENV2_DELIM-0x2f_THAILAND_DELIM-0x2f_2000_DELIM-0x2f_06060_DELIM-0x2f_00                      0.00%    passed    100.00%
 893  DENV2_DELIM-0x2f_THAILAND_DELIM-0x2f_2001_DELIM-0x2f_06096_DELIM-0x2f_01                      0.00%    passed     99.95%
 894  DENV2_DELIM-0x2f_THAILAND_DELIM-0x2f_2000_DELIM-0x2f_06109_DELIM-0x2f_00                      0.00%    passed     99.79%
 895  DENV2_DELIM-0x2f_THAILAND_DELIM-0x2f_1998_DELIM-0x2f_06160_DELIM-0x2f_98                      0.00%    passed     99.90%
 896  DENV2_DELIM-0x2f_THAILAND_DELIM-0x2f_2001_DELIM-0x2f_06281_DELIM-0x2f_01                      0.00%    passed     98.26%
 897  DENV2_DELIM-0x2f_THAILAND_DELIM-0x2f_1998_DELIM-0x2f_06328_DELIM-0x2f_98                      0.00%    passed     99.36%
 898  DENV2_DELIM-0x2f_THAILAND_DELIM-0x2f_1998_DELIM-0x2f_06341_DELIM-0x2f_98                      0.00%    passed     99.32%
 899  DENV2_DELIM-0x2f_THAILAND_DELIM-0x2f_2001_DELIM-0x2f_06383_DELIM-0x2f_01                      0.00%    passed     99.60%
 900  DENV2_DELIM-0x2f_THAILAND_DELIM-0x2f_2001_DELIM-0x2f_06627_DELIM-0x2f_01                      0.00%    passed     99.08%
 901  DENV2_DELIM-0x2f_THAILAND_DELIM-0x2f_1998_DELIM-0x2f_06650_DELIM-0x2f_98                      0.00%    passed     99.92%
 902  DENV2_DELIM-0x2f_THAILAND_DELIM-0x2f_1998_DELIM-0x2f_06668_DELIM-0x2f_98                      0.00%    passed     99.60%
 903  DENV2_DELIM-0x2f_THAILAND_DELIM-0x2f_1998_DELIM-0x2f_06771_DELIM-0x2f_98                      0.00%    passed     98.64%
 904  DENV2_DELIM-0x2f_THAILAND_DELIM-0x2f_2001_DELIM-0x2f_06793_DELIM-0x2f_01                      0.00%    passed     99.59%
 905  DENV2_DELIM-0x2f_THAILAND_DELIM-0x2f_1998_DELIM-0x2f_06814_DELIM-0x2f_98                      0.07%    passed     98.15%
 906  DENV2_DELIM-0x2f_THAILAND_DELIM-0x2f_2001_DELIM-0x2f_06834_DELIM-0x2f_01                      0.00%    passed     99.79%
 907  DENV2_DELIM-0x2f_THAILAND_DELIM-0x2f_1998_DELIM-0x2f_06895_DELIM-0x2f_98                      0.00%    passed     96.99%
 908  DENV2_DELIM-0x2f_THAILAND_DELIM-0x2f_1998_DELIM-0x2f_06902_DELIM-0x2f_98                      0.00%    passed     99.84%
 909  DENV2_DELIM-0x2f_THAILAND_DELIM-0x2f_1998_DELIM-0x2f_06903_DELIM-0x2f_98                      0.00%    passed     99.95%
 910  DENV2_DELIM-0x2f_THAILAND_DELIM-0x2f_1998_DELIM-0x2f_07035_DELIM-0x2f_98                      0.00%    passed     96.62%
 911  DENV2_DELIM-0x2f_THAILAND_DELIM-0x2f_1997_DELIM-0x2f_07130_DELIM-0x2f_97                      0.00%    passed     99.25%
 912  DENV2_DELIM-0x2f_THAILAND_DELIM-0x2f_1997_DELIM-0x2f_07161_DELIM-0x2f_97                      0.00%    passed     99.94%
 913  DENV2_DELIM-0x2f_THAILAND_DELIM-0x2f_1997_DELIM-0x2f_07537_DELIM-0x2f_97                      0.00%    passed     98.47%
 914  DENV2_DELIM-0x2f_THAILAND_DELIM-0x2f_1997_DELIM-0x2f_07718_DELIM-0x2f_97                      0.00%    passed     99.52%
 915  DENV2_DELIM-0x2f_THAILAND_DELIM-0x2f_1997_DELIM-0x2f_07854_DELIM-0x2f_97                      0.00%    passed     99.40%
 916  DENV2_DELIM-0x2f_BRAZIL_DELIM-0x2f_2004_DELIM-0x2f_BR-161                                     0.00%    passed     99.85%
 917  DENV2_DELIM-0x2f_GUYANA_DELIM-0x2f_2000_DELIM-0x2f_CAREC-00-08221                             0.00%    passed     98.09%
 918  DENV2_DELIM-0x2f_INDIA_DELIM-0x2f_1974_DELIM-0x2f_POONA-742295                                0.00%    passed     96.74%
 919  DENV2_DELIM-0x2f_MALAYSIA_DELIM-0x2f_2008_DELIM-0x2f_DKD-811                                  0.00%    passed     70.99%
 920  DENV2_DELIM-0x2f_NEWGUINEA_DELIM-0x2f_1944_DELIM-0x2f_NEWGUINEAC                              0.00%    passed     98.67%
 921  DENV2_DELIM-0x2f_NICARAGUA_DELIM-0x2f_2005_DELIM-0x2f_BID-V533                                0.00%    passed     99.79%
 922  DENV2_DELIM-0x2f_NICARAGUA_DELIM-0x2f_2006_DELIM-0x2f_BID-V571                                0.00%    passed     99.97%
 923  DENV2_DELIM-0x2f_PERU_DELIM-0x2f_1996_DELIM-0x2f_IQT2913                                      0.00%    passed     94.63%
 924  DENV2_DELIM-0x2f_SENEGAL_DELIM-0x2f_1970_DELIM-0x2f_SENDAK-HD-10674                           0.00%    passed     62.68%
 925  DENV2_DELIM-0x2f_TONGA_DELIM-0x2f_1974_DELIM-0x2f_TONGA-74                                    0.00%    passed     91.05%
 926  DENV2_DELIM-0x2f_VIETNAM_DELIM-0x2f_2006_DELIM-0x2f_32-135                                    0.00%    passed     99.52%
 927  DENV2_DELIM-0x2f_VIETNAM_DELIM-0x2f_2003_DELIM-0x2f_AC21                                      0.07%    passed     76.38%
 928  DENV2_DELIM-0x2f_VIETNAM_DELIM-0x2f_2003_DELIM-0x2f_DF670-AC20                                0.00%    passed     75.39%
 929  DENV2_DELIM-0x2f_CAMBODIA_DELIM-0x2f_2003_DELIM-0x2f_FJ639703                                 0.00%    passed     95.07%
 930  DENV2_DELIM-0x2f_CAMBODIA_DELIM-0x2f_2007_DELIM-0x2f_FJ639717                                 0.00%    passed     99.91%
 931  DENV2_DELIM-0x2f_CAMBODIA_DELIM-0x2f_2008_DELIM-0x2f_GQ868638                                 0.00%    passed     99.82%
 932  DENV2_DELIM-0x2f_CAMBODIA_DELIM-0x2f_2007_DELIM-0x2f_GU131927                                 0.00%    passed     99.98%
 933  DENV2_DELIM-0x2f_CAMBODIA_DELIM-0x2f_2011_DELIM-0x2f_V0524304                                 0.00%    passed     92.73%
 934  DENV2_DELIM-0x2f_CAMBODIA_DELIM-0x2f_2011_DELIM-0x2f_V0122301                                 0.00%    passed     90.69%
 935  DENV2_DELIM-0x2f_CAMBODIA_DELIM-0x2f_2010_DELIM-0x2f_U0616264                                 0.00%    passed     96.28%
 936  DENV2_DELIM-0x2f_CAMBODIA_DELIM-0x2f_2010_DELIM-0x2f_U0612072                                 0.00%    passed     92.23%
 937  DENV2_DELIM-0x2f_CAMBODIA_DELIM-0x2f_2003_DELIM-0x2f_D2N0619192_KH03_KAN                      0.00%    passed     98.06%
 938  DENV2_DELIM-0x2f_CAMBODIA_DELIM-0x2f_2006_DELIM-0x2f_D2Q0612150_KH06_PHP                      0.00%    passed     99.98%
 939  DENV2_DELIM-0x2f_CAMBODIA_DELIM-0x2f_2005_DELIM-0x2f_D2P0823261_KH05_PHP                      0.00%    passed     98.13%
 940  DENV2_DELIM-0x2f_CAMBODIA_DELIM-0x2f_2004_DELIM-0x2f_D2O0816219_KH04_PHP                      0.00%    passed     99.60%
 941  DENV2_DELIM-0x2f_CAMBODIA_DELIM-0x2f_2009_DELIM-0x2f_D2T0610203_KH09_PHP                      0.00%    passed     99.35%
 942  DENV2_DELIM-0x2f_CAMBODIA_DELIM-0x2f_2009_DELIM-0x2f_D2T0601085-KH09-KSP                      0.00%    passed     98.64%
****  TOTAL                                                                                         0.73%  0 sequences failed composition chi2 test (p-value<5%; df=3)
NOTE: hDenV2_DELIM-0x2f_Colombia_DELIM-0x2f_un-OUCRU-261_DELIM-0x2f_2012 is identical to hDenV2_DELIM-0x2f_Colombia_DELIM-0x2f_un-OUCRU-20129_DELIM-0x2f_2012 but kept for subsequent analysis
NOTE: hDenV2_DELIM-0x2f_Colombia_DELIM-0x2f_un-OUCRU-0000067_DELIM-0x2f_2013 is identical to hDenV2_DELIM-0x2f_Colombia_DELIM-0x2f_un-OUCRU-0000062_DELIM-0x2f_2013 but kept for subsequent analysis
NOTE: hDenV2_DELIM-0x2f_Colombia_DELIM-0x2f_HUI-INS-484978_DELIM-0x2f_2016 is identical to hDenV2_DELIM-0x2f_Colombia_DELIM-0x2f_un-CNIH-484978_DELIM-0x2f_2016 but kept for subsequent analysis
NOTE: hDenV2_DELIM-0x2f_Colombia_DELIM-0x2f_TOL-INS-427493_DELIM-0x2f_2013 is identical to hDenV2_DELIM-0x2f_Colombia_DELIM-0x2f_un-CNIH-427493_DELIM-0x2f_2013 but kept for subsequent analysis
NOTE: hDenV2_DELIM-0x2f_Colombia_DELIM-0x2f_TOL-INS-425817_DELIM-0x2f_2013 is identical to hDenV2_DELIM-0x2f_Colombia_DELIM-0x2f_un-CNIH-425817_DELIM-0x2f_2013 but kept for subsequent analysis
NOTE: hDenV2_DELIM-0x2f_Colombia_DELIM-0x2f_un-CNIH-449510_DELIM-0x2f_2015 is identical to hDenV2_DELIM-0x2f_Colombia_DELIM-0x2f_un-CNIH-449418_DELIM-0x2f_2015 but kept for subsequent analysis
NOTE: hDenV2_DELIM-0x2f_Colombia_DELIM-0x2f_un-CNIH-452018_DELIM-0x2f_2015 is identical to hDenV2_DELIM-0x2f_Colombia_DELIM-0x2f_un-CNIH-449308_DELIM-0x2f_2015 but kept for subsequent analysis
NOTE: hDenV2_DELIM-0x2f_Colombia_DELIM-0x2f_un-UDEA-468118_DELIM-0x2f_2016 is identical to hDenV2_DELIM-0x2f_Colombia_DELIM-0x2f_un-CNIH-462966_DELIM-0x2f_2016 but kept for subsequent analysis
NOTE: hDenV2_DELIM-0x2f_Colombia_DELIM-0x2f_MET-INS-434321_DELIM-0x2f_2014 is identical to hDenV2_DELIM-0x2f_Colombia_DELIM-0x2f_un-CNIH-434321_DELIM-0x2f_2014 but kept for subsequent analysis
NOTE: hDenV2_DELIM-0x2f_Colombia_DELIM-0x2f_CUN-UEB-28_DELIM-0x2f_2014 is identical to hDenV2_DELIM-0x2f_Colombia_DELIM-0x2f_CUN-UEB-028_DELIM-0x2f_2014 but kept for subsequent analysis
NOTE: hDenV2_DELIM-0x2f_Colombia_DELIM-0x2f_un-OUCRU-0000077_DELIM-0x2f_2013 is identical to hDenV2_DELIM-0x2f_Colombia_DELIM-0x2f_un-OUCRU-0000104_DELIM-0x2f_2013 but kept for subsequent analysis
NOTE: hDenV2_DELIM-0x2f_Colombia_DELIM-0x2f_CAU-INS-422641_DELIM-0x2f_2013 is identical to hDenV2_DELIM-0x2f_Colombia_DELIM-0x2f_un-CNIH-422641_DELIM-0x2f_2013 but kept for subsequent analysis
NOTE: hDenV2_DELIM-0x2f_Colombia_DELIM-0x2f_CAL-INS-427516_DELIM-0x2f_2013 is identical to hDenV2_DELIM-0x2f_Colombia_DELIM-0x2f_un-CNIH-427516_DELIM-0x2f_2013 but kept for subsequent analysis
NOTE: hDenV2_DELIM-0x2f_Colombia_DELIM-0x2f_un-CNIH-423887_DELIM-0x2f_2013 is identical to hDenV2_DELIM-0x2f_Colombia_DELIM-0x2f_un-CNIH-425334_DELIM-0x2f_2013 but kept for subsequent analysis
NOTE: hDenV2_DELIM-0x2f_Colombia_DELIM-0x2f_un-OUCRU-260_DELIM-0x2f_2013 is identical to hDenV2_DELIM-0x2f_Colombia_DELIM-0x2f_un-OUCRU-201214_DELIM-0x2f_2013 but kept for subsequent analysis
NOTE: hDenV2_DELIM-0x2f_Colombia_DELIM-0x2f_SAN-BROAD-0000030_DELIM-0x2f_2004 is identical to hDenV2_DELIM-0x2f_Colombia_DELIM-0x2f_un-UDEA-080_DELIM-0x2f_2004 but kept for subsequent analysis
NOTE: hDenV2_DELIM-0x2f_Colombia_DELIM-0x2f_SAN-UR-OC314_DELIM-0x2f_2006 is identical to hDenV2_DELIM-0x2f_Colombia_DELIM-0x2f_un-UDEA-MIT1086_DELIM-0x2f_2005 but kept for subsequent analysis
NOTE: hDenV2_DELIM-0x2f_Colombia_DELIM-0x2f_un-Yale-DH158_DELIM-0x2f_2006 is identical to hDenV2_DELIM-0x2f_Colombia_DELIM-0x2f_SAN-UIS-0000032_DELIM-0x2f_2016 but kept for subsequent analysis
NOTE: hDenV2_DELIM-0x2f_Colombia_DELIM-0x2f_un-UDEA-122129_DELIM-0x2f_2010 is identical to hDenV2_DELIM-0x2f_Colombia_DELIM-0x2f_un-UDEA-121063_DELIM-0x2f_2010 but kept for subsequent analysis
NOTE: hDenV2_DELIM-0x2f_Colombia_DELIM-0x2f_un-OUCRU-0000109_DELIM-0x2f_2013 is identical to hDenV2_DELIM-0x2f_Colombia_DELIM-0x2f_un-OUCRU-0000097_DELIM-0x2f_2012 but kept for subsequent analysis
NOTE: hDenV2_DELIM-0x2f_Colombia_DELIM-0x2f_NSA-INS-484995_DELIM-0x2f_2016 is identical to hDenV2_DELIM-0x2f_Colombia_DELIM-0x2f_un-CNIH-484995_DELIM-0x2f_2016 but kept for subsequent analysis
NOTE: hDenV2_DELIM-0x2f_Colombia_DELIM-0x2f_CAS-INS-484926_DELIM-0x2f_2016 is identical to hDenV2_DELIM-0x2f_Colombia_DELIM-0x2f_un-CNIH-484926_DELIM-0x2f_2016 but kept for subsequent analysis
NOTE: hDenV2_DELIM-0x2f_Colombia_DELIM-0x2f_un-CNIH-424029_DELIM-0x2f_2013 is identical to hDenV2_DELIM-0x2f_Colombia_DELIM-0x2f_un-CNIH-422091_DELIM-0x2f_2013 but kept for subsequent analysis
NOTE: hDenV2_DELIM-0x2f_Colombia_DELIM-0x2f_un-OUCRU-259_DELIM-0x2f_2012 is identical to hDenV2_DELIM-0x2f_Colombia_DELIM-0x2f_un-OUCRU-201233_DELIM-0x2f_2012 but kept for subsequent analysis
NOTE: hDenV2_DELIM-0x2f_Colombia_DELIM-0x2f_SAN-UIS-02_DELIM-0x2f_2005 is identical to hDenV2_DELIM-0x2f_Colombia_DELIM-0x2f_SAN-UIS-21_DELIM-0x2f_2005 but kept for subsequent analysis
NOTE: hDenV2_DELIM-0x2f_Colombia_DELIM-0x2f_SAN-BROAD-0000033_DELIM-0x2f_2007 is identical to hDenV2_DELIM-0x2f_Colombia_DELIM-0x2f_un-UDEA-338_DELIM-0x2f_2007 but kept for subsequent analysis
NOTE: hDenV2_DELIM-0x2f_Colombia_DELIM-0x2f_SAN-BROAD-0000055_DELIM-0x2f_2007 is identical to hDenV2_DELIM-0x2f_Colombia_DELIM-0x2f_un-UDEA-253_DELIM-0x2f_2007 but kept for subsequent analysis
NOTE: hDenV2_DELIM-0x2f_Colombia_DELIM-0x2f_un-UDEA-210_DELIM-0x2f_2005 is identical to hDenV2_DELIM-0x2f_Colombia_DELIM-0x2f_un-UDEA-015_DELIM-0x2f_2005 but kept for subsequent analysis
NOTE: hDenV2_DELIM-0x2f_Colombia_DELIM-0x2f_un-OUCRU-0000086_DELIM-0x2f_2012 is identical to hDenV2_DELIM-0x2f_Colombia_DELIM-0x2f_un-OUCRU-0000015_DELIM-0x2f_2012 but kept for subsequent analysis
NOTE: hDenV2_DELIM-0x2f_Colombia_DELIM-0x2f_un-OUCRU-0000113_DELIM-0x2f_2012 is identical to hDenV2_DELIM-0x2f_Colombia_DELIM-0x2f_un-OUCRU-0000029_DELIM-0x2f_2012 but kept for subsequent analysis
NOTE: hDenV2_DELIM-0x2f_Colombia_DELIM-0x2f_VAC-LSPVAC-2406796-VI_DELIM-0x2f_2024 is identical to hDenV2_DELIM-0x2f_Colombia_DELIM-0x2f_VAC-LSPVAC-2403818_DELIM-0x2f_2024 but kept for subsequent analysis
NOTE: hDenV2_DELIM-0x2f_Colombia_DELIM-0x2f_un-NAMRU-6-FCC00974_DELIM-0x2f_2021 is identical to hDenV2_DELIM-0x2f_Colombia_DELIM-0x2f_un-NAMRU-6-FCC00973_DELIM-0x2f_2021 but kept for subsequent analysis
NOTE: hDenV2_DELIM-0x2f_Colombia_DELIM-0x2f_VID-UEB-3_DELIM-0x2f_2023 is identical to hDenV2_DELIM-0x2f_Colombia_DELIM-0x2f_VID-UEB-2_DELIM-0x2f_2023 but kept for subsequent analysis
NOTE: hDenV2_DELIM-0x2f_Colombia_DELIM-0x2f_VAC-LSPVAC-08431-2-VI_DELIM-0x2f_2023 is identical to hDenV2_DELIM-0x2f_Colombia_DELIM-0x2f_VAC-LSPVAC-02903-VI_DELIM-0x2f_2023 but kept for subsequent analysis
NOTE: hDenV2_DELIM-0x2f_Colombia_DELIM-0x2f_un-Yale-DN02554_DELIM-0x2f_2024 is identical to hDenV2_DELIM-0x2f_Colombia_DELIM-0x2f_un-Yale-DN02431_DELIM-0x2f_2023 but kept for subsequent analysis
NOTE: hDenV2_DELIM-0x2f_Colombia_DELIM-0x2f_un-Yale-DN02714_DELIM-0x2f_2024 is identical to hDenV2_DELIM-0x2f_Colombia_DELIM-0x2f_un-Yale-DN02715_DELIM-0x2f_2024 but kept for subsequent analysis
NOTE: hDenV2_DELIM-0x2f_Colombia_DELIM-0x2f_ANT-UDEA-COA0106_DELIM-0x2f_2022 is identical to hDenV2_DELIM-0x2f_Colombia_DELIM-0x2f_ANT-UDEA-COA0105_DELIM-0x2f_2022 but kept for subsequent analysis
NOTE: hDenV2_DELIM-0x2f_Colombia_DELIM-0x2f_MET-NFDCN-CIMBIUR_207_DELIM-0x2f_2023 is identical to hDenV2_DELIM-0x2f_Colombia_DELIM-0x2f_MET-UR-207_DELIM-0x2f_2023 but kept for subsequent analysis
NOTE: hDenV2_DELIM-0x2f_Colombia_DELIM-0x2f_MET-NFDCN-CIMBIUR_237_DELIM-0x2f_2023 is identical to hDenV2_DELIM-0x2f_Colombia_DELIM-0x2f_MET-UR-237_DELIM-0x2f_2023 but kept for subsequent analysis
NOTE: hDenV2_DELIM-0x2f_Colombia_DELIM-0x2f_ANT-UDEA-COT0237_DELIM-0x2f_2023 is identical to hDenV2_DELIM-0x2f_Colombia_DELIM-0x2f_ANT-UDEA-COT0238_DELIM-0x2f_2023 but kept for subsequent analysis
NOTE: DenV2_DELIM-0x2f_mosquito_DELIM-0x2f_Colombia_DELIM-0x2f_ANT-UDEA-0720LIME_DELIM-0x2f_2024 is identical to DenV2_DELIM-0x2f_mosquito_DELIM-0x2f_Colombia_DELIM-0x2f_ANT-UDEA-0720_DELIM-0x2f_2024 but kept for subsequent analysis
NOTE: hDenV2_DELIM-0x2f_Colombia_DELIM-0x2f_un-UDEA-LET1232_DELIM-0x2f_2022 is identical to hDenV2_DELIM-0x2f_Colombia_DELIM-0x2f_un-UDEA-LET1268_DELIM-0x2f_2023 but kept for subsequent analysis
NOTE: hDenV2_DELIM-0x2f_Colombia_DELIM-0x2f_VAC-LSPVAC-2410092-VI_DELIM-0x2f_2024 is identical to hDenV2_DELIM-0x2f_Colombia_DELIM-0x2f_VAC-LSPVAC-2409260-VI_DELIM-0x2f_2024 but kept for subsequent analysis
NOTE: hDenV2_DELIM-0x2f_Colombia_DELIM-0x2f_un-UDEA-LET1199_DELIM-0x2f_2022 is identical to hDenV2_DELIM-0x2f_Colombia_DELIM-0x2f_un-UDEA-LET1208_DELIM-0x2f_2022 but kept for subsequent analysis
NOTE: hDenV2_DELIM-0x2f_Colombia_DELIM-0x2f_un-UDEA-1127_DELIM-0x2f_2022 is identical to hDenV2_DELIM-0x2f_Colombia_DELIM-0x2f_un-UDEA-1145_DELIM-0x2f_2022 but kept for subsequent analysis
NOTE: hDenV2_DELIM-0x2f_Colombia_DELIM-0x2f_un-UDEA-1146_DELIM-0x2f_2022 is identical to hDenV2_DELIM-0x2f_Colombia_DELIM-0x2f_un-UDEA-2395_DELIM-0x2f_2022 but kept for subsequent analysis
NOTE: hDenV2_DELIM-0x2f_Colombia_DELIM-0x2f_VAC-LSPVAC-2409230-VI_DELIM-0x2f_2024 is identical to hDenV2_DELIM-0x2f_Colombia_DELIM-0x2f_un-UDEA-LET1172_DELIM-0x2f_2022 but kept for subsequent analysis
NOTE: hDenV2_DELIM-0x2f_Colombia_DELIM-0x2f_VAC-LSPVAC-2307182_DELIM-0x2f_2023 is identical to hDenV2_DELIM-0x2f_Colombia_DELIM-0x2f_VAC-LSPVAC-2410552-VI_DELIM-0x2f_2024 but kept for subsequent analysis
NOTE: hDenV2_DELIM-0x2f_Colombia_DELIM-0x2f_VAC-LSPVAC-2404473_DELIM-0x2f_2024 is identical to hDenV2_DELIM-0x2f_Colombia_DELIM-0x2f_VAC-LSPVAC-2409312-VI_DELIM-0x2f_2024 but kept for subsequent analysis
NOTE: hDenV2_DELIM-0x2f_Colombia_DELIM-0x2f_VAC-LSPVAC-2409527-VI_DELIM-0x2f_2024 is identical to hDenV2_DELIM-0x2f_Colombia_DELIM-0x2f_VAC-LSPVAC-20240902-0028-VIG-VI_DELIM-0x2f_2024 but kept for subsequent analysis
NOTE: hDenV2_DELIM-0x2f_Colombia_DELIM-0x2f_un-Yale-DN02543_DELIM-0x2f_2024 is identical to hDenV2_DELIM-0x2f_Colombia_DELIM-0x2f_VAC-LSPVAC-2410276-VI_DELIM-0x2f_2024 but kept for subsequent analysis
NOTE: hDenV2_DELIM-0x2f_Colombia_DELIM-0x2f_un-Yale-DN02719_DELIM-0x2f_2024 is identical to hDenV2_DELIM-0x2f_Colombia_DELIM-0x2f_un-Yale-DN02692_DELIM-0x2f_2024 but kept for subsequent analysis
NOTE: hDenV2_DELIM-0x2f_Colombia_DELIM-0x2f_un-Yale-DN02758_DELIM-0x2f_2024 is identical to hDenV2_DELIM-0x2f_Colombia_DELIM-0x2f_un-Yale-DN02434_DELIM-0x2f_2023 but kept for subsequent analysis
NOTE: hDenV2_DELIM-0x2f_Colombia_DELIM-0x2f_un-Yale-DN02875_DELIM-0x2f_2024 is identical to hDenV2_DELIM-0x2f_Colombia_DELIM-0x2f_un-Yale-DN02732_DELIM-0x2f_2024 but kept for subsequent analysis
NOTE: DenV2_DELIM-0x2f_Colombia_DELIM-0x2f_VAC-LSPVAC-02730-VI_DELIM-0x2f_2024 is identical to DenV2_DELIM-0x2f_Colombia_DELIM-0x2f_VAC-LSPVAC-01723-VI_DELIM-0x2f_2024 but kept for subsequent analysis
NOTE: DENV2_DELIM-0x2f_THAILAND_DELIM-0x2f_1998_DELIM-0x2f_06903_DELIM-0x2f_98 is identical to DENV2_DELIM-0x2f_THAILAND_DELIM-0x2f_2001_DELIM-0x2f_00017_DELIM-0x2f_01 but kept for subsequent analysis
NOTE: DENV2_DELIM-0x2f_THAILAND_DELIM-0x2f_1994_DELIM-0x2f_00327_DELIM-0x2f_94 is identical to DENV2_DELIM-0x2f_THAILAND_DELIM-0x2f_1995_DELIM-0x2f_00033_DELIM-0x2f_95 but kept for subsequent analysis
NOTE: DENV2_DELIM-0x2f_THAILAND_DELIM-0x2f_2002_DELIM-0x2f_03130_DELIM-0x2f_02 is identical to DENV2_DELIM-0x2f_THAILAND_DELIM-0x2f_2003_DELIM-0x2f_00035_DELIM-0x2f_03 but kept for subsequent analysis
NOTE: DENV2_DELIM-0x2f_THAILAND_DELIM-0x2f_2005_DELIM-0x2f_01291_DELIM-0x2f_05 is identical to DENV2_DELIM-0x2f_THAILAND_DELIM-0x2f_2006_DELIM-0x2f_00036_DELIM-0x2f_06 but kept for subsequent analysis
NOTE: DENV2_DELIM-0x2f_THAILAND_DELIM-0x2f_2000_DELIM-0x2f_02113_DELIM-0x2f_00 is identical to DENV2_DELIM-0x2f_THAILAND_DELIM-0x2f_2001_DELIM-0x2f_00135_DELIM-0x2f_01 but kept for subsequent analysis
NOTE: DENV2_DELIM-0x2f_THAILAND_DELIM-0x2f_2004_DELIM-0x2f_00248_DELIM-0x2f_04 is identical to DENV2_DELIM-0x2f_THAILAND_DELIM-0x2f_2004_DELIM-0x2f_00213_DELIM-0x2f_04 but kept for subsequent analysis
NOTE: DENV2_DELIM-0x2f_THAILAND_DELIM-0x2f_2000_DELIM-0x2f_01636_DELIM-0x2f_00 is identical to DENV2_DELIM-0x2f_THAILAND_DELIM-0x2f_2001_DELIM-0x2f_00345_DELIM-0x2f_01 but kept for subsequent analysis
NOTE: DENV2_DELIM-0x2f_THAILAND_DELIM-0x2f_2006_DELIM-0x2f_00444_DELIM-0x2f_06 is identical to DENV2_DELIM-0x2f_THAILAND_DELIM-0x2f_2006_DELIM-0x2f_00390_DELIM-0x2f_06 but kept for subsequent analysis
NOTE: DENV2_DELIM-0x2f_THAILAND_DELIM-0x2f_1997_DELIM-0x2f_00494_DELIM-0x2f_97 is identical to DENV2_DELIM-0x2f_THAILAND_DELIM-0x2f_1998_DELIM-0x2f_00441_DELIM-0x2f_98 but kept for subsequent analysis
NOTE: DENV2_DELIM-0x2f_THAILAND_DELIM-0x2f_2012_DELIM-0x2f_01092_DELIM-0x2f_12 is identical to DENV2_DELIM-0x2f_THAILAND_DELIM-0x2f_2012_DELIM-0x2f_00478_DELIM-0x2f_12 but kept for subsequent analysis
NOTE: DENV2_DELIM-0x2f_THAILAND_DELIM-0x2f_2007_DELIM-0x2f_00576_DELIM-0x2f_07 is identical to DENV2_DELIM-0x2f_THAILAND_DELIM-0x2f_2007_DELIM-0x2f_00569_DELIM-0x2f_07 but kept for subsequent analysis
NOTE: DENV2_DELIM-0x2f_THAILAND_DELIM-0x2f_2006_DELIM-0x2f_00697_DELIM-0x2f_06 is identical to DENV2_DELIM-0x2f_THAILAND_DELIM-0x2f_2006_DELIM-0x2f_00586_DELIM-0x2f_06 but kept for subsequent analysis
NOTE: DENV2_DELIM-0x2f_THAILAND_DELIM-0x2f_1995_DELIM-0x2f_01281_DELIM-0x2f_95 is identical to DENV2_DELIM-0x2f_THAILAND_DELIM-0x2f_1995_DELIM-0x2f_00656_DELIM-0x2f_95 but kept for subsequent analysis
NOTE: DENV2_DELIM-0x2f_THAILAND_DELIM-0x2f_2004_DELIM-0x2f_01006_DELIM-0x2f_04 is identical to DENV2_DELIM-0x2f_THAILAND_DELIM-0x2f_2004_DELIM-0x2f_00664_DELIM-0x2f_04 but kept for subsequent analysis
NOTE: DENV2_DELIM-0x2f_THAILAND_DELIM-0x2f_2004_DELIM-0x2f_00709_DELIM-0x2f_04 is identical to DENV2_DELIM-0x2f_THAILAND_DELIM-0x2f_2004_DELIM-0x2f_00673_DELIM-0x2f_04 but kept for subsequent analysis
NOTE: DENV2_DELIM-0x2f_THAILAND_DELIM-0x2f_1994_DELIM-0x2f_00849_DELIM-0x2f_94 is identical to DENV2_DELIM-0x2f_THAILAND_DELIM-0x2f_1994_DELIM-0x2f_00706_DELIM-0x2f_94 but kept for subsequent analysis
NOTE: DENV2_DELIM-0x2f_THAILAND_DELIM-0x2f_2000_DELIM-0x2f_01326_DELIM-0x2f_00 is identical to DENV2_DELIM-0x2f_THAILAND_DELIM-0x2f_2001_DELIM-0x2f_00721_DELIM-0x2f_01 but kept for subsequent analysis
NOTE: DENV2_DELIM-0x2f_THAILAND_DELIM-0x2f_1995_DELIM-0x2f_00759_DELIM-0x2f_95 is identical to DENV2_DELIM-0x2f_THAILAND_DELIM-0x2f_1996_DELIM-0x2f_00742_DELIM-0x2f_96 but kept for subsequent analysis
NOTE: DENV2_DELIM-0x2f_THAILAND_DELIM-0x2f_2002_DELIM-0x2f_01318_DELIM-0x2f_02 is identical to DENV2_DELIM-0x2f_THAILAND_DELIM-0x2f_2002_DELIM-0x2f_00786_DELIM-0x2f_02 but kept for subsequent analysis
NOTE: DENV2_DELIM-0x2f_THAILAND_DELIM-0x2f_2005_DELIM-0x2f_00903_DELIM-0x2f_05 is identical to DENV2_DELIM-0x2f_THAILAND_DELIM-0x2f_2005_DELIM-0x2f_00901_DELIM-0x2f_05 but kept for subsequent analysis
NOTE: DENV2_DELIM-0x2f_THAILAND_DELIM-0x2f_1995_DELIM-0x2f_01019_DELIM-0x2f_95 is identical to DENV2_DELIM-0x2f_THAILAND_DELIM-0x2f_1995_DELIM-0x2f_00925_DELIM-0x2f_95 but kept for subsequent analysis
NOTE: DENV2_DELIM-0x2f_THAILAND_DELIM-0x2f_1995_DELIM-0x2f_01241_DELIM-0x2f_95 is identical to DENV2_DELIM-0x2f_THAILAND_DELIM-0x2f_1995_DELIM-0x2f_00991_DELIM-0x2f_95 but kept for subsequent analysis
NOTE: DENV2_DELIM-0x2f_THAILAND_DELIM-0x2f_1996_DELIM-0x2f_02118_DELIM-0x2f_96 is identical to DENV2_DELIM-0x2f_THAILAND_DELIM-0x2f_1996_DELIM-0x2f_01182_DELIM-0x2f_96 but kept for subsequent analysis
NOTE: DENV2_DELIM-0x2f_THAILAND_DELIM-0x2f_2003_DELIM-0x2f_01549_DELIM-0x2f_03 is identical to DENV2_DELIM-0x2f_THAILAND_DELIM-0x2f_2003_DELIM-0x2f_01268_DELIM-0x2f_03 but kept for subsequent analysis
NOTE: DENV2_DELIM-0x2f_THAILAND_DELIM-0x2f_2006_DELIM-0x2f_02391_DELIM-0x2f_06 is identical to DENV2_DELIM-0x2f_THAILAND_DELIM-0x2f_2005_DELIM-0x2f_01381_DELIM-0x2f_05 but kept for subsequent analysis
NOTE: DENV2_DELIM-0x2f_THAILAND_DELIM-0x2f_2000_DELIM-0x2f_02247_DELIM-0x2f_00 is identical to DENV2_DELIM-0x2f_THAILAND_DELIM-0x2f_2000_DELIM-0x2f_01667_DELIM-0x2f_00 but kept for subsequent analysis
NOTE: DENV2_DELIM-0x2f_THAILAND_DELIM-0x2f_2006_DELIM-0x2f_02182_DELIM-0x2f_06 is identical to DENV2_DELIM-0x2f_THAILAND_DELIM-0x2f_2006_DELIM-0x2f_01929_DELIM-0x2f_06 but kept for subsequent analysis
NOTE: DENV2_DELIM-0x2f_THAILAND_DELIM-0x2f_1999_DELIM-0x2f_02816_DELIM-0x2f_99 is identical to DENV2_DELIM-0x2f_THAILAND_DELIM-0x2f_1996_DELIM-0x2f_02561_DELIM-0x2f_96 but kept for subsequent analysis
NOTE: DENV2_DELIM-0x2f_THAILAND_DELIM-0x2f_1999_DELIM-0x2f_03510_DELIM-0x2f_99 is identical to DENV2_DELIM-0x2f_THAILAND_DELIM-0x2f_1999_DELIM-0x2f_02866_DELIM-0x2f_99 but kept for subsequent analysis
NOTE: DENV2_DELIM-0x2f_THAILAND_DELIM-0x2f_1999_DELIM-0x2f_03658_DELIM-0x2f_99 is identical to DENV2_DELIM-0x2f_THAILAND_DELIM-0x2f_1999_DELIM-0x2f_03093_DELIM-0x2f_99 but kept for subsequent analysis
NOTE: DENV2_DELIM-0x2f_THAILAND_DELIM-0x2f_1999_DELIM-0x2f_04373_DELIM-0x2f_99 is identical to DENV2_DELIM-0x2f_THAILAND_DELIM-0x2f_1999_DELIM-0x2f_03657_DELIM-0x2f_99 but kept for subsequent analysis
NOTE: DENV2_DELIM-0x2f_THAILAND_DELIM-0x2f_2001_DELIM-0x2f_04225_DELIM-0x2f_01 is identical to DENV2_DELIM-0x2f_THAILAND_DELIM-0x2f_2001_DELIM-0x2f_03693_DELIM-0x2f_01 but kept for subsequent analysis
Checking for duplicate sequences: done in 0.00543432 secs using 1485% CPU
Identifying sites to remove: done in 0.00506078 secs using 815% CPU
NOTE: 73 identical sequences (see below) will be ignored for subsequent analysis
NOTE: hDenV2_DELIM-0x2f_Colombia_DELIM-0x2f_un-OUCRU-0000071_DELIM-0x2f_2013 (identical to hDenV2_DELIM-0x2f_Colombia_DELIM-0x2f_un-OUCRU-0000062_DELIM-0x2f_2013) is ignored but added at the end
NOTE: hDenV2_DELIM-0x2f_Colombia_DELIM-0x2f_TOL-INS-449418_DELIM-0x2f_2015 (identical to hDenV2_DELIM-0x2f_Colombia_DELIM-0x2f_un-CNIH-449418_DELIM-0x2f_2015) is ignored but added at the end
NOTE: hDenV2_DELIM-0x2f_Colombia_DELIM-0x2f_PUT-INS-449510_DELIM-0x2f_2015 (identical to hDenV2_DELIM-0x2f_Colombia_DELIM-0x2f_un-CNIH-449418_DELIM-0x2f_2015) is ignored but added at the end
NOTE: hDenV2_DELIM-0x2f_Colombia_DELIM-0x2f_un-UDEA-449277_DELIM-0x2f_2015 (identical to hDenV2_DELIM-0x2f_Colombia_DELIM-0x2f_un-CNIH-449308_DELIM-0x2f_2015) is ignored but added at the end
NOTE: hDenV2_DELIM-0x2f_Colombia_DELIM-0x2f_HUI-INS-452018_DELIM-0x2f_2015 (identical to hDenV2_DELIM-0x2f_Colombia_DELIM-0x2f_un-CNIH-449308_DELIM-0x2f_2015) is ignored but added at the end
NOTE: hDenV2_DELIM-0x2f_Colombia_DELIM-0x2f_un-INS-462966_DELIM-0x2f_2016 (identical to hDenV2_DELIM-0x2f_Colombia_DELIM-0x2f_un-CNIH-462966_DELIM-0x2f_2016) is ignored but added at the end
NOTE: hDenV2_DELIM-0x2f_Colombia_DELIM-0x2f_CUN-UEB-3_DELIM-0x2f_2014 (identical to hDenV2_DELIM-0x2f_Colombia_DELIM-0x2f_CUN-UEB-028_DELIM-0x2f_2014) is ignored but added at the end
NOTE: hDenV2_DELIM-0x2f_Colombia_DELIM-0x2f_PUT-INS-423887_DELIM-0x2f_2013 (identical to hDenV2_DELIM-0x2f_Colombia_DELIM-0x2f_un-CNIH-425334_DELIM-0x2f_2013) is ignored but added at the end
NOTE: hDenV2_DELIM-0x2f_Colombia_DELIM-0x2f_PUT-INS-425334_DELIM-0x2f_2013 (identical to hDenV2_DELIM-0x2f_Colombia_DELIM-0x2f_un-CNIH-425334_DELIM-0x2f_2013) is ignored but added at the end
NOTE: hDenV2_DELIM-0x2f_Colombia_DELIM-0x2f_NSA-BROAD-0000021_DELIM-0x2f_2005 (identical to hDenV2_DELIM-0x2f_Colombia_DELIM-0x2f_un-UDEA-MIT1086_DELIM-0x2f_2005) is ignored but added at the end
NOTE: hDenV2_DELIM-0x2f_Colombia_DELIM-0x2f_SAN-Yale-DH158-P2_DELIM-0x2f_2006 (identical to hDenV2_DELIM-0x2f_Colombia_DELIM-0x2f_SAN-UIS-0000032_DELIM-0x2f_2016) is ignored but added at the end
NOTE: hDenV2_DELIM-0x2f_Colombia_DELIM-0x2f_MET-INS-422091_DELIM-0x2f_2013 (identical to hDenV2_DELIM-0x2f_Colombia_DELIM-0x2f_un-CNIH-422091_DELIM-0x2f_2013) is ignored but added at the end
NOTE: hDenV2_DELIM-0x2f_Colombia_DELIM-0x2f_NSA-BROAD-0000015_DELIM-0x2f_2005 (identical to hDenV2_DELIM-0x2f_Colombia_DELIM-0x2f_un-UDEA-015_DELIM-0x2f_2005) is ignored but added at the end
NOTE: hDenV2_DELIM-0x2f_Colombia_DELIM-0x2f_NSA-BROAD-0000024_DELIM-0x2f_2005 (identical to hDenV2_DELIM-0x2f_Colombia_DELIM-0x2f_un-UDEA-015_DELIM-0x2f_2005) is ignored but added at the end
NOTE: hDenV2_DELIM-0x2f_Colombia_DELIM-0x2f_VAC-LSPVAC-08912-2-VI_DELIM-0x2f_2023 (identical to hDenV2_DELIM-0x2f_Colombia_DELIM-0x2f_VAC-LSPVAC-02903-VI_DELIM-0x2f_2023) is ignored but added at the end
NOTE: hDenV2_DELIM-0x2f_Colombia_DELIM-0x2f_VAC-LSPVAC-09410-2-VI_DELIM-0x2f_2023 (identical to hDenV2_DELIM-0x2f_Colombia_DELIM-0x2f_VAC-LSPVAC-02903-VI_DELIM-0x2f_2023) is ignored but added at the end
NOTE: hDenV2_DELIM-0x2f_Colombia_DELIM-0x2f_un-Yale-DN02366_DELIM-0x2f_2023 (identical to hDenV2_DELIM-0x2f_Colombia_DELIM-0x2f_VAC-LSPVAC-02903-VI_DELIM-0x2f_2023) is ignored but added at the end
NOTE: hDenV2_DELIM-0x2f_Colombia_DELIM-0x2f_un-Yale-DN02409_DELIM-0x2f_2023 (identical to hDenV2_DELIM-0x2f_Colombia_DELIM-0x2f_VAC-LSPVAC-02903-VI_DELIM-0x2f_2023) is ignored but added at the end
NOTE: hDenV2_DELIM-0x2f_Colombia_DELIM-0x2f_un-Yale-DN02410_DELIM-0x2f_2023 (identical to hDenV2_DELIM-0x2f_Colombia_DELIM-0x2f_VAC-LSPVAC-02903-VI_DELIM-0x2f_2023) is ignored but added at the end
NOTE: hDenV2_DELIM-0x2f_Colombia_DELIM-0x2f_VAC-LSPVAC-2410159-VI_DELIM-0x2f_2024 (identical to hDenV2_DELIM-0x2f_Colombia_DELIM-0x2f_un-Yale-DN02431_DELIM-0x2f_2023) is ignored but added at the end
NOTE: hDenV2_DELIM-0x2f_Colombia_DELIM-0x2f_un-Yale-DN02712_DELIM-0x2f_2024 (identical to hDenV2_DELIM-0x2f_Colombia_DELIM-0x2f_un-Yale-DN02715_DELIM-0x2f_2024) is ignored but added at the end
NOTE: hDenV2_DELIM-0x2f_Colombia_DELIM-0x2f_ANT-UDEA-COA0223_DELIM-0x2f_2022 (identical to hDenV2_DELIM-0x2f_Colombia_DELIM-0x2f_ANT-UDEA-COA0105_DELIM-0x2f_2022) is ignored but added at the end
NOTE: hDenV2_DELIM-0x2f_Colombia_DELIM-0x2f_ANT-UDEA-COT0213_DELIM-0x2f_2023 (identical to hDenV2_DELIM-0x2f_Colombia_DELIM-0x2f_ANT-UDEA-COT0238_DELIM-0x2f_2023) is ignored but added at the end
NOTE: hDenV2_DELIM-0x2f_Colombia_DELIM-0x2f_ANT-UDEA-PFT1_DELIM-0x2f_2023 (identical to hDenV2_DELIM-0x2f_Colombia_DELIM-0x2f_ANT-UDEA-COT0238_DELIM-0x2f_2023) is ignored but added at the end
NOTE: hDenV2_DELIM-0x2f_Colombia_DELIM-0x2f_un-UDEA-LET1287_DELIM-0x2f_2023 (identical to hDenV2_DELIM-0x2f_Colombia_DELIM-0x2f_un-UDEA-LET1268_DELIM-0x2f_2023) is ignored but added at the end
NOTE: hDenV2_DELIM-0x2f_Colombia_DELIM-0x2f_un-UDEA-LET1191_DELIM-0x2f_2022 (identical to hDenV2_DELIM-0x2f_Colombia_DELIM-0x2f_un-UDEA-LET1208_DELIM-0x2f_2022) is ignored but added at the end
NOTE: hDenV2_DELIM-0x2f_Colombia_DELIM-0x2f_un-UDEA-LET1184_DELIM-0x2f_2022 (identical to hDenV2_DELIM-0x2f_Colombia_DELIM-0x2f_un-UDEA-LET1208_DELIM-0x2f_2022) is ignored but added at the end
NOTE: hDenV2_DELIM-0x2f_Colombia_DELIM-0x2f_un-UDEA-LET1202_DELIM-0x2f_2022 (identical to hDenV2_DELIM-0x2f_Colombia_DELIM-0x2f_un-UDEA-LET1208_DELIM-0x2f_2022) is ignored but added at the end
NOTE: hDenV2_DELIM-0x2f_Colombia_DELIM-0x2f_un-UDEA-LET1181_DELIM-0x2f_2022 (identical to hDenV2_DELIM-0x2f_Colombia_DELIM-0x2f_un-UDEA-LET1208_DELIM-0x2f_2022) is ignored but added at the end
NOTE: hDenV2_DELIM-0x2f_Colombia_DELIM-0x2f_un-UDEA-LET1209_DELIM-0x2f_2022 (identical to hDenV2_DELIM-0x2f_Colombia_DELIM-0x2f_un-UDEA-LET1208_DELIM-0x2f_2022) is ignored but added at the end
NOTE: hDenV2_DELIM-0x2f_Colombia_DELIM-0x2f_un-UDEA-1125_DELIM-0x2f_2022 (identical to hDenV2_DELIM-0x2f_Colombia_DELIM-0x2f_un-UDEA-LET1208_DELIM-0x2f_2022) is ignored but added at the end
NOTE: hDenV2_DELIM-0x2f_Colombia_DELIM-0x2f_un-UDEA-1153_DELIM-0x2f_2022 (identical to hDenV2_DELIM-0x2f_Colombia_DELIM-0x2f_un-UDEA-LET1208_DELIM-0x2f_2022) is ignored but added at the end
NOTE: hDenV2_DELIM-0x2f_Colombia_DELIM-0x2f_un-UDEA-1160_DELIM-0x2f_2022 (identical to hDenV2_DELIM-0x2f_Colombia_DELIM-0x2f_un-UDEA-1145_DELIM-0x2f_2022) is ignored but added at the end
NOTE: hDenV2_DELIM-0x2f_Colombia_DELIM-0x2f_un-UDEA-1142_DELIM-0x2f_2022 (identical to hDenV2_DELIM-0x2f_Colombia_DELIM-0x2f_un-UDEA-1145_DELIM-0x2f_2022) is ignored but added at the end
NOTE: hDenV2_DELIM-0x2f_Colombia_DELIM-0x2f_un-UDEA-LET1269_DELIM-0x2f_2023 (identical to hDenV2_DELIM-0x2f_Colombia_DELIM-0x2f_un-UDEA-1145_DELIM-0x2f_2022) is ignored but added at the end
NOTE: hDenV2_DELIM-0x2f_Colombia_DELIM-0x2f_un-UDEA-LET1193_DELIM-0x2f_2022 (identical to hDenV2_DELIM-0x2f_Colombia_DELIM-0x2f_un-UDEA-1145_DELIM-0x2f_2022) is ignored but added at the end
NOTE: hDenV2_DELIM-0x2f_Colombia_DELIM-0x2f_un-UDEA-LET1198_DELIM-0x2f_2022 (identical to hDenV2_DELIM-0x2f_Colombia_DELIM-0x2f_un-UDEA-1145_DELIM-0x2f_2022) is ignored but added at the end
NOTE: hDenV2_DELIM-0x2f_Colombia_DELIM-0x2f_un-UDEA-LET1251_DELIM-0x2f_2023 (identical to hDenV2_DELIM-0x2f_Colombia_DELIM-0x2f_un-UDEA-1145_DELIM-0x2f_2022) is ignored but added at the end
NOTE: hDenV2_DELIM-0x2f_Colombia_DELIM-0x2f_un-UDEA-1262_DELIM-0x2f_2023 (identical to hDenV2_DELIM-0x2f_Colombia_DELIM-0x2f_un-UDEA-1145_DELIM-0x2f_2022) is ignored but added at the end
NOTE: hDenV2_DELIM-0x2f_Colombia_DELIM-0x2f_VAC-LSPVAC-2410077-VI_DELIM-0x2f_2024 (identical to hDenV2_DELIM-0x2f_Colombia_DELIM-0x2f_un-UDEA-LET1172_DELIM-0x2f_2022) is ignored but added at the end
NOTE: hDenV2_DELIM-0x2f_Colombia_DELIM-0x2f_VAC-LSPVAC-20240913-0736-VIG_DELIM-0x2f_2024 (identical to hDenV2_DELIM-0x2f_Colombia_DELIM-0x2f_un-UDEA-LET1172_DELIM-0x2f_2022) is ignored but added at the end
NOTE: hDenV2_DELIM-0x2f_Colombia_DELIM-0x2f_VAC-LSPVAC-20240920-1030-VIG_DELIM-0x2f_2024 (identical to hDenV2_DELIM-0x2f_Colombia_DELIM-0x2f_un-UDEA-LET1172_DELIM-0x2f_2022) is ignored but added at the end
NOTE: hDenV2_DELIM-0x2f_Colombia_DELIM-0x2f_VAC-LSPVAC-2410614-VI_DELIM-0x2f_2024 (identical to hDenV2_DELIM-0x2f_Colombia_DELIM-0x2f_un-UDEA-LET1172_DELIM-0x2f_2022) is ignored but added at the end
NOTE: hDenV2_DELIM-0x2f_Colombia_DELIM-0x2f_VAC-LSPVAC-2409646-VI_DELIM-0x2f_2024 (identical to hDenV2_DELIM-0x2f_Colombia_DELIM-0x2f_un-UDEA-LET1172_DELIM-0x2f_2022) is ignored but added at the end
NOTE: hDenV2_DELIM-0x2f_Colombia_DELIM-0x2f_VAC-LSPVAC-2409697-VI_DELIM-0x2f_2024 (identical to hDenV2_DELIM-0x2f_Colombia_DELIM-0x2f_un-UDEA-LET1172_DELIM-0x2f_2022) is ignored but added at the end
NOTE: hDenV2_DELIM-0x2f_Colombia_DELIM-0x2f_VAC-LSPVAC-2410639-VI_DELIM-0x2f_2024 (identical to hDenV2_DELIM-0x2f_Colombia_DELIM-0x2f_un-UDEA-LET1172_DELIM-0x2f_2022) is ignored but added at the end
NOTE: hDenV2_DELIM-0x2f_Colombia_DELIM-0x2f_VAC-LSPVAC-20240906-0393-VIG-VI_DELIM-0x2f_2024 (identical to hDenV2_DELIM-0x2f_Colombia_DELIM-0x2f_un-UDEA-LET1172_DELIM-0x2f_2022) is ignored but added at the end
NOTE: hDenV2_DELIM-0x2f_Colombia_DELIM-0x2f_VAC-LSPVAC-2409552-VI_DELIM-0x2f_2024 (identical to hDenV2_DELIM-0x2f_Colombia_DELIM-0x2f_un-UDEA-LET1172_DELIM-0x2f_2022) is ignored but added at the end
NOTE: hDenV2_DELIM-0x2f_Colombia_DELIM-0x2f_un-Yale-DN02428_DELIM-0x2f_2023 (identical to hDenV2_DELIM-0x2f_Colombia_DELIM-0x2f_un-UDEA-LET1172_DELIM-0x2f_2022) is ignored but added at the end
NOTE: hDenV2_DELIM-0x2f_Colombia_DELIM-0x2f_un-Yale-DN02542_DELIM-0x2f_2024 (identical to hDenV2_DELIM-0x2f_Colombia_DELIM-0x2f_un-UDEA-LET1172_DELIM-0x2f_2022) is ignored but added at the end
NOTE: hDenV2_DELIM-0x2f_Colombia_DELIM-0x2f_un-Yale-DN02807_DELIM-0x2f_2024 (identical to hDenV2_DELIM-0x2f_Colombia_DELIM-0x2f_un-UDEA-LET1172_DELIM-0x2f_2022) is ignored but added at the end
NOTE: hDenV2_DELIM-0x2f_Colombia_DELIM-0x2f_un-Yale-DN02485_DELIM-0x2f_2024 (identical to hDenV2_DELIM-0x2f_Colombia_DELIM-0x2f_un-UDEA-LET1172_DELIM-0x2f_2022) is ignored but added at the end
NOTE: hDenV2_DELIM-0x2f_Colombia_DELIM-0x2f_VAC-LSPVAC-2404315_DELIM-0x2f_2024 (identical to hDenV2_DELIM-0x2f_Colombia_DELIM-0x2f_un-UDEA-LET1172_DELIM-0x2f_2022) is ignored but added at the end
NOTE: hDenV2_DELIM-0x2f_Colombia_DELIM-0x2f_VAC-LSPVAC-2405056_DELIM-0x2f_2024 (identical to hDenV2_DELIM-0x2f_Colombia_DELIM-0x2f_un-UDEA-LET1172_DELIM-0x2f_2022) is ignored but added at the end
NOTE: hDenV2_DELIM-0x2f_Colombia_DELIM-0x2f_VAC-LSPVAC-2404785_DELIM-0x2f_2024 (identical to hDenV2_DELIM-0x2f_Colombia_DELIM-0x2f_un-UDEA-LET1172_DELIM-0x2f_2022) is ignored but added at the end
NOTE: DenV2_DELIM-0x2f_Colombia_DELIM-0x2f_VAC-LSPVAC-01460-VI_DELIM-0x2f_2024 (identical to hDenV2_DELIM-0x2f_Colombia_DELIM-0x2f_VAC-LSPVAC-2409312-VI_DELIM-0x2f_2024) is ignored but added at the end
NOTE: hDenV2_DELIM-0x2f_Colombia_DELIM-0x2f_VAC-LSPVAC-2405372_DELIM-0x2f_2024 (identical to hDenV2_DELIM-0x2f_Colombia_DELIM-0x2f_VAC-LSPVAC-20240902-0028-VIG-VI_DELIM-0x2f_2024) is ignored but added at the end
NOTE: hDenV2_DELIM-0x2f_Colombia_DELIM-0x2f_un-Yale-DN02843_DELIM-0x2f_2024 (identical to hDenV2_DELIM-0x2f_Colombia_DELIM-0x2f_un-Yale-DN02434_DELIM-0x2f_2023) is ignored but added at the end
NOTE: DenV2_DELIM-0x2f_Colombia_DELIM-0x2f_VAC-LSPVAC-02013-VI_DELIM-0x2f_2024 (identical to DenV2_DELIM-0x2f_Colombia_DELIM-0x2f_VAC-LSPVAC-01723-VI_DELIM-0x2f_2024) is ignored but added at the end
NOTE: DENV2_DELIM-0x2f_THAILAND_DELIM-0x2f_1994_DELIM-0x2f_01414_DELIM-0x2f_94 (identical to DENV2_DELIM-0x2f_THAILAND_DELIM-0x2f_1995_DELIM-0x2f_00033_DELIM-0x2f_95) is ignored but added at the end
NOTE: DENV2_DELIM-0x2f_THAILAND_DELIM-0x2f_2002_DELIM-0x2f_01636_DELIM-0x2f_02 (identical to DENV2_DELIM-0x2f_THAILAND_DELIM-0x2f_2001_DELIM-0x2f_00345_DELIM-0x2f_01) is ignored but added at the end
NOTE: DENV2_DELIM-0x2f_THAILAND_DELIM-0x2f_2000_DELIM-0x2f_01899_DELIM-0x2f_00 (identical to DENV2_DELIM-0x2f_THAILAND_DELIM-0x2f_2001_DELIM-0x2f_00345_DELIM-0x2f_01) is ignored but added at the end
NOTE: DENV2_DELIM-0x2f_THAILAND_DELIM-0x2f_2000_DELIM-0x2f_05894_DELIM-0x2f_00 (identical to DENV2_DELIM-0x2f_THAILAND_DELIM-0x2f_2001_DELIM-0x2f_00345_DELIM-0x2f_01) is ignored but added at the end
NOTE: DENV2_DELIM-0x2f_THAILAND_DELIM-0x2f_2000_DELIM-0x2f_06009_DELIM-0x2f_00 (identical to DENV2_DELIM-0x2f_THAILAND_DELIM-0x2f_2001_DELIM-0x2f_00345_DELIM-0x2f_01) is ignored but added at the end
NOTE: DENV2_DELIM-0x2f_THAILAND_DELIM-0x2f_1998_DELIM-0x2f_00554_DELIM-0x2f_98 (identical to DENV2_DELIM-0x2f_THAILAND_DELIM-0x2f_1998_DELIM-0x2f_00441_DELIM-0x2f_98) is ignored but added at the end
NOTE: DENV2_DELIM-0x2f_THAILAND_DELIM-0x2f_2004_DELIM-0x2f_01185_DELIM-0x2f_04 (identical to DENV2_DELIM-0x2f_THAILAND_DELIM-0x2f_2004_DELIM-0x2f_00664_DELIM-0x2f_04) is ignored but added at the end
NOTE: DENV2_DELIM-0x2f_THAILAND_DELIM-0x2f_2004_DELIM-0x2f_01007_DELIM-0x2f_04 (identical to DENV2_DELIM-0x2f_THAILAND_DELIM-0x2f_2004_DELIM-0x2f_00673_DELIM-0x2f_04) is ignored but added at the end
NOTE: DENV2_DELIM-0x2f_THAILAND_DELIM-0x2f_2004_DELIM-0x2f_01145_DELIM-0x2f_04 (identical to DENV2_DELIM-0x2f_THAILAND_DELIM-0x2f_2004_DELIM-0x2f_00673_DELIM-0x2f_04) is ignored but added at the end
NOTE: DENV2_DELIM-0x2f_THAILAND_DELIM-0x2f_2004_DELIM-0x2f_01177_DELIM-0x2f_04 (identical to DENV2_DELIM-0x2f_THAILAND_DELIM-0x2f_2004_DELIM-0x2f_00673_DELIM-0x2f_04) is ignored but added at the end
NOTE: DENV2_DELIM-0x2f_THAILAND_DELIM-0x2f_2004_DELIM-0x2f_01316_DELIM-0x2f_04 (identical to DENV2_DELIM-0x2f_THAILAND_DELIM-0x2f_2004_DELIM-0x2f_00673_DELIM-0x2f_04) is ignored but added at the end
NOTE: DENV2_DELIM-0x2f_THAILAND_DELIM-0x2f_2000_DELIM-0x2f_05492_DELIM-0x2f_00 (identical to DENV2_DELIM-0x2f_THAILAND_DELIM-0x2f_2001_DELIM-0x2f_00721_DELIM-0x2f_01) is ignored but added at the end
NOTE: DENV2_DELIM-0x2f_THAILAND_DELIM-0x2f_1998_DELIM-0x2f_00800_DELIM-0x2f_98 (identical to DENV2_DELIM-0x2f_THAILAND_DELIM-0x2f_1996_DELIM-0x2f_00742_DELIM-0x2f_96) is ignored but added at the end
NOTE: DENV2_DELIM-0x2f_THAILAND_DELIM-0x2f_1995_DELIM-0x2f_00856_DELIM-0x2f_95 (identical to DENV2_DELIM-0x2f_THAILAND_DELIM-0x2f_1996_DELIM-0x2f_00742_DELIM-0x2f_96) is ignored but added at the end
Alignment was printed to ../resources/merged_data/cropped/align_DENV2-delim.fasta.uniqueseq.phy

For your convenience alignment with unique sequences printed to ../resources/merged_data/cropped/align_DENV2-delim.fasta.uniqueseq.phy

Create initial parsimony tree by phylogenetic likelihood library (PLL)... 0.110 seconds

NOTE: 99 MB RAM (0 GB) is required!
Measuring multi-threading efficiency up to 16 CPU cores
Increase to 10 rounds for branch lengths
20 trees examined
Threads: 1 / Time: 16.313 sec / Speedup: 1.000 / Efficiency: 100% / LogL: -174288
Threads: 2 / Time: 11.074 sec / Speedup: 1.473 / Efficiency: 74% / LogL: -174288
Threads: 3 / Time: 9.264 sec / Speedup: 1.761 / Efficiency: 59% / LogL: -174288
Threads: 4 / Time: 8.384 sec / Speedup: 1.946 / Efficiency: 49% / LogL: -174288
Determining AUTO threadcount: done in 45.0551 secs using 218.7% CPU
BEST NUMBER OF THREADS: 3

Estimate model parameters (epsilon = 0.500)
1. Initial log-likelihood: -25112.867
2. Current log-likelihood: -22152.658
3. Current log-likelihood: -22108.859
4. Current log-likelihood: -22107.148
Optimal log-likelihood: -22106.896
Rate parameters:  A-C: 0.90982  A-G: 13.40665  A-T: 1.82811  C-G: 0.60936  C-T: 39.32732  G-T: 1.00000
Base frequencies:  A: 0.334  C: 0.199  G: 0.256  T: 0.211
Gamma shape alpha: 0.309
Parameters optimization took 4 rounds (2.780 sec)
Wrote distance file to... 
Computing ML distances based on estimated model parameters...
Calculating distance matrix: done in 0.506015 secs using 299.8% CPU
Computing ML distances took 0.507450 sec (of wall-clock time) 1.517084 sec (of CPU time)
Setting up auxiliary I and S matrices: done in 0.0041438 secs using 320.5% CPU
Constructing RapidNJ tree: done in 0.119297 secs using 188.8% CPU
Computing RapidNJ tree took 0.123517 sec (of wall-clock time) 0.238762 sec (of CPU time)
Log-likelihood of RapidNJ tree: -22502.865
--------------------------------------------------------------------
|             INITIALIZING CANDIDATE TREE SET                      |
--------------------------------------------------------------------

Do NNI search on 2 best initial trees
Optimizing NNI: done in 0.782772 secs using 294.8% CPU
Estimate model parameters (epsilon = 0.500)
BETTER TREE FOUND at iteration 1: -22074.935
Optimizing NNI: done in 1.19848 secs using 295.6% CPU
Finish initializing candidate tree set (4)
Current best tree score: -22074.935 / CPU time: 2.203
Number of iterations: 2
TREE SEARCH COMPLETED AFTER 2 ITERATIONS / Time: 0h:0m:51s

--------------------------------------------------------------------
|                    FINALIZING TREE SEARCH                        |
--------------------------------------------------------------------
Performs final model parameters optimization
Estimate model parameters (epsilon = 0.050)
1. Initial log-likelihood: -22074.935
Optimal log-likelihood: -22074.932
Rate parameters:  A-C: 0.91305  A-G: 13.40471  A-T: 1.81972  C-G: 0.61201  C-T: 39.32672  G-T: 1.00000
Base frequencies:  A: 0.334  C: 0.199  G: 0.256  T: 0.211
Gamma shape alpha: 0.306
Parameters optimization took 1 rounds (0.180 sec)
BEST SCORE FOUND : -22074.932
Total tree length: 2.480

Total number of iterations: 2
CPU time used for tree search: 6.518 sec (0h:0m:6s)
Wall-clock time used for tree search: 2.204 sec (0h:0m:2s)
Total CPU time used: 116.832 sec (0h:1m:56s)
Total wall-clock time used: 51.372 sec (0h:0m:51s)

Analysis results written to: 
  IQ-TREE report:                ../resources/merged_data/cropped/align_DENV2-delim.fasta.iqtree
  Maximum-likelihood tree:       ../resources/merged_data/cropped/align_DENV2-delim.fasta.treefile
  Likelihood distances:          ../resources/merged_data/cropped/align_DENV2-delim.fasta.mldist
  Screen log file:               ../resources/merged_data/cropped/align_DENV2-delim.fasta.log

Date and Time: Tue Jul 14 20:45:13 2026
