Virus name	Serotype	Genotype	Lineage	Accession ID	Collection date	Location	Host	Additional location information	Sampling strategy	Gender	Patient age	Patient status	Vaccination history	Last vaccination date	Passage	Specimen	Additional host information	AA Substitutions	Sequence Length
hDenV2/Colombia/un-NAMRU-6-FCC00999/2021	DENV2	III	2III_D.2	EPI_ISL_12665303	2021-05-10	South America / Colombia	Human			unknown	unknown	unknown			Original	Serum		(NS5_I637A,NS5_Y247H,NS3_R549K,NS5_I135T,prM_M135I,NS3_R561K,NS5_R749K,NS5_E558K,E_N203D,C_K17R,NS3_I140V,NS3_K142R,NS1_T265A,NS4B_D156E,NS3_V567I,NS4A_D23N,NS5_G559R,NS4B_E24D,C_K9R,NS1_D281E,NS1_I212M,NS5_T811A,NS5_A196T,NS1_N222S,NS3_K28R,E_R120T,NS4B_V175I,prM_T162A,NS5_L670I,E_M6I,NS1_I264T,NS1_K172R,NS4B_F112L,NS2A_L153T,prM_M39I,NS5_K375R,NS5_S225T,NS2A_V109T,NS5_V156I,NS4A_R76K,E_V491A,NS1_V177A,C_N10S,NS2A_V174A,E_I484V,NS3_L115I,NS5_I836V,NS2B_L109V,NS4B_T20A,NS3_M13V,NS3_I333M,NS5_V628I,NS4B_A137T,NS1_L247F,NS2A_T104A,NS3_R248K,NS4A_I93V,NS5_R246K,NS5_S763T,NS2A_V5I,NS3_R187K,prM_M83T,NS5_K514R,NS3_A120T,E_K361R,E_T478S,NS5_S429G,E_I170T,NS4B_Q22E,NS5_A865T,NS5_E501G,C_M104V,NS2A_H2L,E_M340T,NS2A_M136I,NS2A_T189A,NS3_R186K,E_V324I,NS4B_A19T,E_I462V,NS5_I717V,prM_S15G,E_V308I,E_V91I,NS3_K61R,C_V112A,NS5_S523G,NS3_T399A,C_S101T)	10672
hDenV2/Colombia/un-NAMRU-6-FCC00973/2021	DENV2	III	2III_D.2	EPI_ISL_12665304	2021-04-09	South America / Colombia	Human			unknown	unknown	unknown			Original	Serum		(NS5_I637A,NS5_Y247H,NS3_R549K,NS5_I135T,prM_M135I,NS3_R561K,NS5_R749K,NS5_E558K,E_N203D,C_K17R,NS3_K142R,NS3_I140V,NS1_T265A,NS4B_D156E,NS3_V567I,NS4A_D23N,NS4B_E24D,C_K9R,NS1_D281E,NS1_I212M,NS5_A196T,NS5_T811A,NS1_N222S,NS3_K28R,E_R120T,NS4B_V175I,prM_T162A,NS5_L670I,E_M6I,NS1_I264T,NS1_K172R,NS4B_F112L,NS2A_L153T,prM_M39I,NS5_K375R,NS5_S225T,NS2A_V109T,NS5_V156I,NS4A_R76K,E_V491A,NS1_V177A,C_N10S,NS2A_V174A,E_I484V,NS3_L115I,NS5_I836V,NS2B_L109V,NS4B_T20A,NS3_M13V,NS3_I333M,NS5_V628I,NS4B_A137T,NS1_L247F,NS2A_T104A,NS3_R248K,NS4A_I93V,NS5_R246K,NS5_S763T,NS2A_V5I,prM_M83T,NS5_K514R,NS3_A120T,E_K361R,E_T478S,NS5_S429G,E_I170T,NS4B_Q22E,NS5_A865T,NS5_E501G,C_M104V,NS2A_H2L,E_M340T,NS2A_M136I,NS2A_T189A,NS3_R186K,E_V324I,NS4B_A19T,E_I462V,NS5_I717V,E_V308I,E_V91I,prM_S15G,NS5_M615I,NS3_K61R,C_V112A,NS5_S523G,NS3_T399A,C_S101T)	10672
hDenV2/Colombia/un-NAMRU-6-FCC00974/2021	DENV2	III	2III_D.2	EPI_ISL_12665305	2021-04-09	South America / Colombia	Human			unknown	unknown	unknown			Original	Serum		(NS5_I637A,NS5_Y247H,NS3_R549K,NS5_I135T,prM_M135I,NS3_R561K,NS5_R749K,NS5_E558K,E_N203D,C_K17R,NS3_K142R,NS3_I140V,NS1_T265A,NS4B_D156E,NS3_V567I,NS4A_D23N,NS4B_E24D,C_K9R,NS1_D281E,NS1_I212M,NS5_A196T,NS5_T811A,NS1_N222S,NS3_K28R,E_R120T,NS4B_V175I,prM_T162A,NS5_L670I,E_M6I,NS1_I264T,NS1_K172R,NS4B_F112L,NS2A_L153T,prM_M39I,NS5_K375R,NS5_S225T,NS2A_V109T,NS5_V156I,NS4A_R76K,E_V491A,NS1_V177A,C_N10S,NS2A_V174A,E_I484V,NS3_L115I,NS5_I836V,NS2B_L109V,NS4B_T20A,NS3_M13V,NS3_I333M,NS5_V628I,NS4B_A137T,NS1_L247F,NS2A_T104A,NS3_R248K,NS4A_I93V,NS5_R246K,NS5_S763T,NS2A_V5I,prM_M83T,NS5_K514R,NS3_A120T,E_K361R,E_T478S,NS5_S429G,E_I170T,NS4B_Q22E,NS5_A865T,NS5_E501G,C_M104V,NS2A_H2L,E_M340T,NS2A_M136I,NS2A_T189A,NS3_R186K,E_V324I,NS4B_A19T,E_I462V,NS5_I717V,E_V308I,E_V91I,prM_S15G,NS5_M615I,NS3_K61R,C_V112A,NS5_S523G,NS3_T399A,C_S101T)	10672
hDenV2/Colombia/un-OUCRU-20129/2012	DENV2	III	2III_D.3	EPI_ISL_17410872	2012	South America / Colombia	Human			unknown	unknown	unknown			Original			(E_M340T,prM_M135I,E_V491A,E_N203D,E_I484V,E_V308I,E_V91I,E_R120T,E_T478S,prM_T162A,E_M6I)	1656
hDenV2/Colombia/un-OUCRU-201214/2013	DENV2	III	2III_D.2	EPI_ISL_17410877	2013	South America / Colombia	Human			unknown	unknown	unknown			Original			(prM_M39I,E_M340T,prM_M135I,prM_M83T,E_T359I,E_V491A,E_N203D,E_I462V,E_I484V,prM_T125N,prM_S15G,E_V91I,E_V308I,E_D329E,E_R120T,E_T478S,prM_T162A,E_M6I)	1962
hDenV2/Colombia/un-OUCRU-201233/2012	DENV2	III	2III_D.2	EPI_ISL_17410896	2012	South America / Colombia	Human			unknown	unknown	unknown			Original			(prM_M39I,E_M340T,prM_M135I,E_T404I,prM_M83T,E_N203D,E_L218F,prM_S15G,E_V91I,E_V308I,E_R120T,prM_T162A,E_M6I)	1750
hDenV2/Colombia/SAN-UIS-21/2005	DENV2	III	2III_D.2	EPI_ISL_17410902	2005	South America / Colombia / Santander	Human			unknown	unknown	unknown			Original			(E_M340T,E_N203D,E_V491A,E_I484V,E_I462V,E_V91I,E_V308I,E_R120T,E_T478S,E_M6I)	1485
DenV2/mosquito/Colombia/un-UWI-299688/1993	DENV2	III	2III	EPI_ISL_17434561	1993	South America / Colombia	Wolbachia mosquitos: unknown			unknown	unknown	unknown			Original			(E_Q131L,E_T359A,E_N203D,E_V491A,E_I484V,E_V308I,E_R120T,E_T478S)	1404
hDenV2/Colombia/SAN-UIS-0000036/2016	DENV2	III	2III_D.2	EPI_ISL_17434690	2016	South America / Colombia / Santander	Human			unknown	unknown	unknown			Original			(E_M340T,E_T359I,E_V491A,E_N203D,E_I462V,E_I484V,E_T404N,E_V91I,E_V308I,E_R120T,E_T478S,E_M6I)	1485
hDenV2/Colombia/SAN-UIS-0000033/2016	DENV2	IV	2IV	EPI_ISL_17434693	2016	South America / Colombia / Santander	Human			unknown	unknown	unknown			Original			(E_E126K,E_I484V,E_R120T,E_T478S,E_M6I)	1485
hDenV2/Colombia/SAN-UIS-0000032/2016	DENV2	III	2III_D.2	EPI_ISL_17434698	2016	South America / Colombia / Santander	Human			unknown	unknown	unknown			Original			(E_M340T,E_T359I,E_N203D,E_V491A,E_I484V,E_I462V,E_V308I,E_V91I,E_R120T,E_T478S,E_M6I)	1485
hDenV2/Colombia/SAN-UIS-0000006/2016	DENV2	III	2III_D.2	EPI_ISL_17434717	2016	South America / Colombia / Santander	Human			unknown	unknown	unknown			Original			(E_M340T,E_T359I,E_N203D,E_V491A,E_I484V,E_I462V,E_V91I,E_V308I,E_V358A,E_R120T,E_T478S,E_M6I)	1485
hDenV2/Colombia/un-BROAD-0000005/1986	DENV2	I	2I	EPI_ISL_17436832	1986	South America / Colombia	Human			unknown	unknown	unknown			Original	Other: Cell supernatant		(NS2B_E62D,NS5_Y247H,prM_V31T,NS5_V553I,NS5_V335I,E_V129I,NS3_I140V,NS1_N347S,C_K9R,E_R120T,NS1_K112R,E_S81T,E_M6I,NS4B_F112L,NS5_R401K,NS5_K800S,NS1_V177A,NS1_D290E,NS3_K466R,NS1_S181P,NS5_L544I,NS3_M13V,NS4B_I201V,E_N390D,NS5_V628I,prM_R57K,NS1_L247F,NS1_Y256N,NS5_N645D,prM_M83T,NS5_K193R,NS1_I21V,E_T478S,NS5_S429N,prM_E28K,NS5_A865T,NS5_A648V,NS1_S128L,E_I139V,NS2B_T77I,NS2A_T189A,2K_V11I,NS3_A367T,NS5_V723T,NS5_S676K,NS3_K117R,NS4B_V48I,C_S101T,NS5_I135V,NS5_I637A,NS3_R549K,NS4B_N245S,prM_M135I,E_N203D,NS1_T265A,NS1_D281E,NS5_A196T,NS1_N222S,NS5_I271T,prM_T162A,NS2A_V12I,NS1_I264T,NS1_A99V,NS1_K172R,NS5_D521E,NS5_T638S,prM_A152V,NS3_K15R,NS3_I333M,prM_L55F,NS1_P73S,NS3_V273I,NS4B_T246A,NS4A_R39K,NS2A_V5I,NS5_I5M,NS3_K381R,NS2A_T115S,NS3_A120T,NS4B_L13F,NS1_I242V,prM_V161I,NS3_K568R,NS5_I180V,NS5_I687V,E_I162V,NS1_K170R,NS5_R596K,NS5_M70L,E_E71D,NS3_V567T,NS3_S158G,NS2B_A57T,prM_V120A,E_V308I,NS5_E558A,NS4B_S17H,NS5_Q819L)	10667
hDenV2/Colombia/un-BROAD-0000006/2000	DENV2	III	2III_D.3	EPI_ISL_17436833	2000	South America / Colombia	Human			unknown	unknown	unknown			Original	Serum		(NS5_I637A,NS5_Y247H,NS3_R549K,NS5_I135T,prM_M135I,NS3_R561K,NS5_R749K,NS5_E558K,E_N203D,NS3_I140V,NS5_A19T,NS1_T265A,NS4B_D156E,NS4B_P23S,NS3_V567I,NS4A_D23N,C_K9R,NS1_D281E,NS1_I212M,NS5_T811A,NS5_A196T,NS1_N222S,NS3_K28R,E_R120T,NS4B_V175I,prM_T162A,NS5_L670I,E_M6I,NS1_I264T,NS4B_F112L,prM_M39I,NS2A_L153S,NS5_S225T,NS5_V156I,NS4A_R76K,E_V491A,C_N10S,NS2A_V174A,E_I484V,NS3_L115I,NS5_I836V,NS2B_L109V,NS3_M13V,NS3_I333M,NS5_V628I,NS1_L247F,NS2A_T104A,NS3_R248K,NS5_R246K,NS5_S763T,NS1_V251A,NS2A_V5I,prM_M83T,NS5_K437R,NS5_K514R,NS3_A120T,E_T478S,NS5_I687V,NS5_S429G,NS2A_V109A,NS4B_Q22E,NS5_A865T,NS5_E501G,C_M104V,NS2A_M136I,E_M340T,NS2A_T189A,NS3_R186K,NS4B_A19T,NS5_I717V,E_V91I,E_V308I,prM_S15G,C_I106V,NS1_H261Y,NS3_K61R,C_V112A,NS5_S523G,NS3_T399A,C_S101T)	10478
hDenV2/Colombia/ANT-BROAD-0000008/2004	DENV2	III	2III_D.3	EPI_ISL_17436835	2004	South America / Colombia / Antioquia	Human			unknown	unknown	unknown			Original	Other: Cell supernatant		(NS5_I637A,NS5_Y247H,NS3_R549K,NS5_I135T,prM_M135I,NS3_R561K,NS5_R749K,NS5_E558K,E_N203D,NS3_I140V,NS3_K142R,NS1_T265A,NS4B_P23S,NS4B_D156E,NS3_V567I,NS4A_D23N,NS2A_V36A,C_K9R,NS1_D281E,NS1_I212M,NS5_A196T,NS5_T811A,NS1_N222S,NS3_K28R,E_R120T,NS4B_V175I,prM_T162A,NS5_L670I,E_M6I,NS1_I264T,NS1_K172R,NS4B_F112L,prM_M39I,NS2A_L153S,NS5_S225T,NS5_V156I,NS4A_R76K,E_V491A,C_N10S,E_I484V,NS3_L115I,NS5_I836V,NS2B_L109V,NS3_M13V,NS3_I333M,NS5_V628I,NS1_V60A,NS1_L247F,NS2A_T104A,NS3_R248K,NS4A_I93V,NS5_R246K,NS5_S763T,NS2A_V5I,prM_M83T,NS5_K437R,NS5_K514R,NS3_A120T,E_T478S,NS5_I687V,NS5_S429G,NS2A_V109A,NS4B_Q22E,NS5_A865T,NS5_E501G,C_M104V,NS2A_M136I,E_M340T,NS2A_T189A,NS3_R186K,NS4B_A19T,NS5_I717V,E_V308I,E_V91I,prM_S15G,C_I106V,NS3_K61R,C_V112A,NS3_T399A,C_S101T)	10647
hDenV2/Colombia/ANT-BROAD-0000009/1944	DENV2	IV	2IV	EPI_ISL_17436836	1944	South America / Colombia / Antioquia	Human			unknown	unknown	unknown			Original	Other: Cell supernatant		(NS3_I333M,E_P53S,NS5_Y247H,NS3_N345S,NS1_L247F,NS2B_I114M,NS5_I135T,prM_M135I,NS2A_N139K,E_E126K,NS1_G235E,NS2A_V5I,NS3_R187K,prM_M83T,NS1_T265A,NS3_V567I,C_K9R,NS1_D281E,NS5_I637V,NS1_N222S,E_R120T,prM_E28G,E_T478S,NS5_I687V,prM_T162A,E_M6I,NS1_I264T,NS1_K172R,NS2A_L181F,NS5_A865T,NS2A_S215N,NS2A_T189A,NS4B_A19T,NS2B_T94I,prM_V120A,E_I484V,NS3_M13V,C_S101T)	10633
hDenV2/Colombia/GUV-BROAD-0000010/2005	DENV2	III	2III_D.2	EPI_ISL_17436837	2005	South America / Colombia / Guaviare	Human			unknown	unknown	unknown			Original	Other: Cell supernatant		(NS5_I637A,NS5_Y247H,NS3_R549K,NS5_I135T,prM_M135I,NS3_R561K,NS5_R749K,E_T359I,NS5_E558K,E_N203D,NS3_I140V,NS3_K142R,NS1_T265A,NS4B_P23S,NS4B_D156E,NS3_V567I,NS4A_D23N,C_K9R,NS1_D281E,NS1_I212M,NS5_A196T,NS5_T811A,NS1_N222S,NS3_K28R,E_R120T,NS4B_V175I,prM_T162A,NS5_L670I,E_M6I,NS1_I264T,NS1_K172R,NS4B_F112L,prM_M39I,NS2A_L153S,NS5_K375R,NS5_S225T,NS2A_V109T,NS5_V156I,NS4A_R76K,E_V491A,C_N10S,NS2A_V174A,E_I484V,NS3_L115I,NS5_I836V,NS2B_L109V,NS3_M13V,NS3_I333M,NS2A_Q162R,NS3_I519V,NS5_V628I,NS1_L247F,NS2A_T104A,NS3_R248K,NS4A_I93V,NS5_R246K,NS5_S763T,NS2A_V5I,prM_M83T,NS5_K514R,NS5_K437R,NS3_A120T,E_T478S,NS5_I687V,NS5_S429G,NS1_I93T,NS4B_Q22E,NS5_A865T,NS5_E501G,C_M104V,NS5_V643A,NS2A_M136I,E_M340T,NS2A_T189A,NS3_R186K,NS4B_A19T,E_I462V,NS5_I717V,prM_S15G,E_V308I,E_V91I,NS1_S103Y,C_I106V,NS3_K61R,C_V112A,NS5_S523G,NS3_T399A,C_S101T)	10636
hDenV2/Colombia/GUV-BROAD-0000011/2005	DENV2	III	2III_D.2	EPI_ISL_17436838	2005	South America / Colombia / Guaviare	Human			unknown	unknown	unknown			Original	Other: Cell supernatant		(NS5_I637A,NS5_Y247H,NS3_R549K,NS5_I135T,prM_M135I,NS3_R561K,NS5_R749K,E_T359I,NS5_E558K,E_N203D,NS3_I140V,NS3_K142R,NS1_T265A,NS4B_D156E,NS4B_P23S,NS3_V567I,NS4A_D23N,C_K9R,NS1_D281E,NS1_I212M,NS5_T811A,NS5_A196T,NS1_N222S,NS3_K28R,E_R120T,E_T155del,NS4B_V175I,prM_T162A,NS5_L670I,E_M6I,NS1_K172R,NS1_I264T,NS4B_F112L,prM_M39I,NS2A_L153S,NS5_K375R,NS5_S225T,NS2A_V109T,NS5_V156I,NS4A_R76K,E_V491A,NS2B_T94I,E_H158N,C_N10S,NS2A_V174A,E_I484V,NS3_L115I,NS5_I836V,NS2B_L109V,E_G156del,NS3_M13V,E_K157del,NS3_I333M,NS2A_Q162R,NS3_I519V,NS5_V628I,NS1_L247F,NS2A_T104A,NS3_R248K,NS4A_I93V,NS5_R246K,NS3_D436H,NS5_S763T,NS4B_L113S,NS2A_V5I,prM_M83T,NS5_K437R,NS5_K514R,NS3_A120T,E_T478S,NS5_I687V,NS5_S429G,NS1_I93T,NS4B_Q22E,NS5_A865T,NS5_E501G,C_M104V,NS5_V643A,NS2A_M136I,E_M340T,NS2A_T189A,NS3_R186K,NS4B_A19T,E_I462V,NS5_I717V,prM_S15G,E_V308I,E_V91I,NS1_S103Y,C_I106V,NS3_K61R,C_V112A,NS5_S523G,NS3_T399A,C_S101T)	10637
hDenV2/Colombia/GUV-BROAD-0000012/2005	DENV2	III	2III_D.2	EPI_ISL_17436839	2005	South America / Colombia / Guaviare	Human			unknown	unknown	unknown			Original	Other: Cell supernatant		(NS5_I637A,NS5_Y247H,NS3_R549K,NS5_I135T,prM_M135I,NS3_R561K,NS5_R749K,E_T359I,NS5_E558K,E_N203D,NS3_K142R,NS3_I140V,NS1_T265A,NS4B_D156E,NS4B_P23S,NS2A_V175A,NS3_V567I,NS4A_D23N,C_K9R,NS1_D281E,NS1_I212M,NS5_T811A,NS5_A196T,NS1_N222S,NS3_K28R,E_R120T,NS4B_V175I,prM_T162A,NS5_L670I,E_M6I,NS1_I264T,NS1_K172R,NS4B_F112L,NS2A_L153S,prM_M39I,NS5_K375R,NS5_S225T,NS2A_V109T,NS5_V156I,NS4A_R76K,E_V491A,NS2B_T94I,C_N10S,NS2A_V174A,E_I484V,NS3_L115I,NS5_I836V,NS2B_L109V,NS3_M13V,NS3_I333M,NS2A_Q162R,NS3_I519V,NS5_V628I,prM_R57K,NS1_L247F,NS2A_T104A,NS3_R248K,NS4A_I93V,NS5_R246K,NS3_D436H,NS5_S763T,NS2A_V5I,prM_M83T,NS5_K437R,NS5_K514R,E_T155I,NS3_A120T,E_T478S,NS5_I687V,NS5_S429G,NS1_I93T,NS4B_Q22E,NS5_A865T,NS5_E501G,C_M104V,NS5_V643A,E_M340T,NS2A_M136I,NS2A_T189A,NS3_R186K,NS4B_A19T,E_I462V,NS5_I717V,E_V308I,E_V91I,prM_S15G,NS1_S103Y,C_I106V,NS3_K61R,C_V112A,NS5_S523G,NS3_T399A,C_S101T)	10640
hDenV2/Colombia/GUV-BROAD-0000013/2005	DENV2	III	2III_D.2	EPI_ISL_17436840	2005	South America / Colombia / Guaviare	Human			unknown	unknown	unknown			Original	Other: Cell supernatant		(NS5_I637A,NS5_Y247H,NS3_R549K,NS5_I135T,prM_M135I,E_M6T,NS3_R561K,NS5_R749K,E_T359I,NS5_E558K,E_N203D,NS3_K142R,NS3_I140V,NS1_T265A,NS4B_D156E,NS4B_P23S,NS3_V567I,NS4A_D23N,C_K9R,NS1_D281E,NS1_I212M,NS5_A196T,NS5_T811A,NS1_N222S,NS3_K28R,E_R120T,NS4B_V175I,prM_T162A,NS5_L670I,NS1_K172R,NS1_I264T,NS4B_F112L,NS2A_L153S,prM_M39I,NS5_K375R,NS5_S225T,NS2A_V109T,NS5_V156I,NS3_P12L,NS4A_R76K,E_V491A,C_N10S,NS2A_V174A,E_I484V,NS3_L115I,NS5_I836V,NS2B_L109V,NS3_M13V,NS3_I333M,NS2A_Q162R,NS3_I519V,NS5_V628I,NS1_L247F,NS2A_T104A,NS3_R248K,NS4A_I93V,NS5_R246K,NS5_S763T,NS2A_V5I,prM_M83T,NS5_K514R,NS5_K437R,NS5_P254A,NS3_A120T,E_T478S,NS5_I687V,NS5_S429G,NS1_I93T,NS4B_Q22E,NS5_A865T,NS5_E501G,NS2B_Q93T,C_M104V,NS5_V643A,E_N153D,E_M340T,NS2A_M136I,NS2A_T189A,NS3_R186K,NS4B_A19T,E_I462V,NS5_I717V,prM_S15G,E_V308I,E_V91I,NS1_S103Y,C_I106V,NS3_K61R,C_V112A,NS5_S523G,NS3_T399A,C_S101T)	10647
hDenV2/Colombia/GUV-BROAD-0000014/2005	DENV2	III	2III_D.2	EPI_ISL_17436841	2005	South America / Colombia / Guaviare	Human			unknown	unknown	unknown			Original	Other: Cell supernatant		(NS5_I637A,NS5_Y247H,NS3_R549K,NS5_I135T,prM_M135I,NS3_R561K,NS5_R749K,E_T359I,NS5_E558K,E_N203D,NS3_K142R,NS3_I140V,NS1_T265A,NS4B_D156E,NS4B_P23S,NS3_V567I,NS4A_D23N,C_K9R,NS1_D281E,NS1_I212M,NS5_A196T,NS5_T811A,NS1_N222S,NS3_K28R,E_R120T,NS4B_V175I,prM_T162A,NS5_L670I,E_M6I,NS1_I264T,NS1_K172R,NS4B_F112L,prM_M39I,NS2A_L153S,NS5_K375R,NS5_S225T,NS2A_V109T,NS5_V156I,NS4A_R76K,E_V491A,C_N10S,NS2A_V174A,E_I484V,NS3_L115I,NS5_I836V,NS2B_L109V,NS3_M13V,NS3_I333M,NS2A_Q162R,NS3_I519V,NS5_V628I,NS1_L247F,NS2A_T104A,NS3_R248K,NS4A_I93V,NS5_R246K,NS5_S763T,NS2A_V5I,prM_M83T,NS5_K437R,NS5_K514R,NS4B_I105M,NS3_A120T,E_T478S,NS5_I687V,NS5_S429G,NS1_I93T,NS4B_Q22E,NS5_A865T,NS5_E501G,NS2B_Q93T,C_M104V,NS5_V643A,E_N153D,NS2A_M136I,E_M340T,NS2A_T189A,NS3_R186K,NS4B_A19T,E_I462V,NS5_I717V,prM_S15G,E_V91I,E_V308I,NS1_S103Y,C_I106V,NS3_K61R,C_V112A,NS5_S523G,NS3_T399A,C_S101T)	10640
hDenV2/Colombia/NSA-BROAD-0000015/2005	DENV2	III	2III_D.2	EPI_ISL_17436842	2005	South America / Colombia / Norte de Santander	Human			unknown	unknown	unknown			Original	Other: Cell supernatant		(NS5_I637A,NS5_Y247H,NS3_R549K,NS5_I135T,prM_M135I,NS3_R561K,NS5_R749K,NS5_E558K,E_N203D,NS3_K142R,NS3_I140V,NS1_T265A,NS4B_P23S,NS4B_D156E,NS3_V567I,NS4A_D23N,C_K9R,NS1_D281E,NS1_I212M,NS5_I641N,NS5_T811A,NS5_A196T,NS1_N222S,NS3_K28R,E_R120T,NS4B_V175I,prM_T162A,NS5_L670I,E_M6I,NS1_I264T,NS1_K172R,NS4B_F112L,NS2B_D58E,prM_M39I,NS2A_L153S,NS5_S225T,NS5_V156I,NS4A_R76K,E_V491A,C_N10S,NS2A_V174A,E_I484V,NS3_L115I,NS5_I836V,NS2B_L109V,NS3_M13V,NS3_I333M,NS2A_Q162R,NS5_V628I,NS1_L247F,NS2A_T104A,NS3_R248K,NS4A_I93V,NS5_R246K,NS5_S763T,NS2A_V5I,prM_M83T,NS5_K514R,NS5_K437R,NS3_A120T,C_M113I,E_T478S,NS5_I687V,NS5_S429G,NS2A_V109A,NS1_I93T,NS4B_Q22E,NS5_A865T,NS5_E501G,C_M104V,NS2A_M136I,E_M340T,NS2A_T189A,NS3_R186K,NS4B_A19T,NS1_F279L,E_I462V,NS5_I717V,E_V91I,E_V308I,prM_S15G,C_I106V,NS3_K61R,C_V112A,NS3_T399A,C_S101T)	10668
hDenV2/Colombia/NSA-BROAD-0000021/2005	DENV2	III	2III_D.2	EPI_ISL_17436860	2005	South America / Colombia / Norte de Santander	Human			unknown	unknown	unknown			Original	Other: Cell supernatant		(NS5_I637A,NS5_Y247H,NS3_R549K,NS5_I135T,prM_M135I,NS3_R561K,NS5_R749K,E_T359I,NS5_E558K,E_N203D,NS3_K142R,NS3_I140V,NS1_T265A,NS4B_D156E,NS4B_P23S,NS3_V567I,NS4A_D23N,C_K9R,NS1_I212M,NS1_D281E,NS5_T811A,NS5_A196T,NS1_N222S,NS3_K28R,E_R120T,NS4B_V175I,prM_T162A,NS5_L670I,E_M6I,NS1_K172R,NS1_I264T,NS4B_F112L,NS2A_L153S,prM_M39I,NS5_K375R,NS5_S225T,NS2A_V109T,NS5_V156I,NS4A_R76K,E_V491A,C_N10S,NS2A_V174A,E_I484V,NS3_L115I,NS5_I836V,NS2B_L109V,NS3_M13V,NS3_I333M,NS2A_Q162R,NS5_V628I,NS1_L247F,NS2A_T104A,NS3_R248K,NS4A_I93V,NS5_R246K,NS5_S763T,NS2A_V5I,prM_M83T,NS5_K514R,NS5_K437R,NS3_A120T,E_T478S,NS5_I687V,NS5_S429G,NS1_I93T,NS4B_Q22E,NS5_A865T,NS5_E501G,C_M104V,E_M340T,NS2A_M136I,NS2A_T189A,NS3_R186K,NS4B_A19T,E_I462V,NS5_I717V,prM_S15G,E_V308I,E_V91I,C_I106V,NS3_K61R,C_V112A,NS5_S523G,NS3_T399A,C_S101T)	10679
hDenV2/Colombia/NSA-BROAD-0000024/2005	DENV2	III	2III_D.2	EPI_ISL_17436873	2005	South America / Colombia / Norte de Santander	Human			unknown	unknown	unknown			Original	Other: Cell supernatant		(NS5_I637A,NS5_Y247H,NS3_R549K,NS5_I135T,prM_M135I,NS3_R561K,NS5_R749K,NS5_E558K,E_N203D,NS3_I140V,NS3_K142R,NS1_T265A,NS4B_D156E,NS4B_P23S,NS3_V567I,NS4A_D23N,C_K9R,NS1_I212M,NS1_D281E,NS5_T811A,NS5_A196T,NS1_N222S,NS3_K28R,E_R120T,NS4B_V175I,prM_T162A,NS5_L670I,E_M6I,NS1_K172R,NS1_I264T,NS4B_F112L,NS2B_D58E,prM_M39I,NS2A_L153S,NS5_S225T,NS5_V156I,NS4A_R76K,E_V491A,C_N10S,NS2A_V174A,E_I484V,NS3_L115I,NS5_I836V,NS2B_L109V,NS3_D20E,NS3_M13V,NS3_I333M,NS2A_Q162R,NS5_V628I,NS1_L247F,NS2A_T104A,NS3_R248K,NS4A_I93V,NS5_R246K,NS5_S763T,NS2A_V5I,prM_M83T,NS5_K437R,NS5_K514R,NS3_A120T,C_M113I,E_T478S,NS5_I687V,NS5_S429G,NS2A_V109A,NS1_I93T,NS4B_Q22E,NS5_A865T,NS5_E501G,C_M104V,NS2A_M136I,E_M340T,NS2A_T189A,NS3_R186K,NS4B_A19T,NS1_F279L,E_I462V,NS5_I717V,E_V308I,E_V91I,prM_S15G,C_I106V,NS5_M615I,NS3_K61R,C_V112A,NS3_T399A,C_S101T)	10668
hDenV2/Colombia/SAN-BROAD-0000050/1998	DENV2	III	2III_B	EPI_ISL_17436877	1998	South America / Colombia / Santander	Human			unknown	unknown	unknown			Original	Other: Cell supernatant		(E_Q131L,NS5_Y247H,prM_T134A,NS5_I135T,E_N203E,prM_M135I,NS2A_K95R,NS5_R749K,NS5_E558K,NS3_I140V,NS3_K142R,NS1_T265A,NS4B_D156E,NS3_V567I,C_K9R,NS1_I212M,NS1_D281E,NS5_A196T,NS5_T811A,NS5_I637V,NS1_N222S,NS3_K28R,E_R120T,NS4B_V175I,prM_T162A,E_M6I,NS1_I264T,NS1_K172R,NS4B_F112L,NS2A_L153S,prM_M39I,NS5_S225T,NS5_V156I,NS4A_R76K,E_V491A,C_N10S,NS2A_V174A,E_I484V,NS5_I836V,NS2B_L109V,NS3_D174N,NS3_M13V,NS3_K418R,NS3_I333M,NS5_V628I,NS1_L247F,NS2A_T104A,NS5_R246K,NS5_S763T,NS2A_V5I,NS2A_Q162L,prM_M83T,NS5_K514R,NS5_K437R,NS3_G14E,NS2B_Q64H,NS3_A120T,C_V26M,NS2A_V38I,E_T478S,NS5_I687V,NS2B_I8V,NS2A_V109A,NS2A_M15I,NS4B_Q22E,NS5_A865T,NS5_E501G,C_M104V,NS2A_M136I,NS2A_T189A,NS3_R186K,NS4B_A19T,NS5_I717V,prM_S15G,E_V308I,E_V91I,NS3_K61R,C_V112A,NS4A_A29S,NS3_T399A,C_S101T)	10663
hDenV2/Colombia/SAN-BROAD-0000055/2007	DENV2	III	2III_D.2	EPI_ISL_17436882	2007	South America / Colombia / Santander	Human			unknown	unknown	unknown			Original	Other: Cell supernatant		(NS5_I637A,NS5_Y247H,NS3_R549K,NS5_I135T,prM_M135I,NS3_R561K,NS5_R749K,NS5_E558K,E_N203D,NS3_I140V,NS3_K142R,NS1_T265A,NS4B_P23S,NS4B_D156E,NS3_V567I,NS4A_D23N,C_K9R,NS1_D281E,NS1_I212M,NS5_A196T,NS5_T811A,NS1_N222S,NS3_K28R,E_R120T,NS4B_V175I,prM_T162A,NS5_L670I,E_M6I,NS1_K172R,NS1_I264T,NS4B_F112L,NS2B_D58E,NS2A_L153S,prM_M39I,NS5_T638I,NS5_S225T,NS5_V156I,NS4A_R76K,E_V491A,C_N10S,NS2A_V174A,NS3_K15R,E_I484V,NS3_L115I,NS5_I836V,NS2B_L109V,NS3_M13V,NS3_I333M,NS2A_Q162R,NS5_V628I,NS1_L247F,NS2A_T104A,NS3_R248K,NS4A_I93V,NS5_R246K,NS5_S763T,NS2A_V5I,prM_M83T,NS5_K514R,NS5_K437R,NS3_A120T,C_M113I,E_T478S,NS5_I687V,NS5_S429G,NS2A_V109A,NS1_I93T,NS4B_Q22E,NS5_A865T,NS5_E501G,C_M104V,E_M340T,NS2A_M136I,NS2A_T189A,NS2A_V159M,NS3_R186K,NS4B_A19T,NS1_F279L,E_I462V,NS5_I717V,prM_S15G,E_V91I,E_V308I,C_I106V,NS3_K61R,C_V112A,NS3_T399A,C_S101T)	10623
hDenV2/Colombia/SAN-BROAD-0000030/2004	DENV2	III	2III_D.2	EPI_ISL_17436900	2004	South America / Colombia / Santander	Human			unknown	unknown	unknown			Original	Other: Cell supernatant		(NS5_I637A,NS5_Y247H,NS3_R549K,NS5_I135T,prM_M135I,NS3_R561K,NS5_R749K,E_T359I,NS5_E558K,E_N203D,NS3_K142R,NS3_I140V,NS1_T265A,NS4B_P23S,NS4B_D156E,NS3_V567I,NS4A_D23N,C_K9R,NS1_I212M,NS1_D281E,NS5_A196T,NS5_T811A,NS1_N222S,NS3_K28R,E_R120T,NS4B_V175I,prM_T162A,NS5_L670I,E_M6I,NS1_I264T,NS1_K172R,NS4B_F112L,prM_M39I,NS2A_L153S,NS5_K375R,NS5_S225T,NS2A_V109T,NS5_V156I,NS4A_R76K,E_V491A,C_N10S,NS2A_V174A,E_I484V,NS3_L115I,NS5_I836V,NS2B_L109V,NS3_M13V,NS3_I333M,NS1_A141V,NS2A_Q162R,NS5_V628I,NS1_L247F,NS2A_T104A,NS3_R248K,NS4A_I93V,NS5_R246K,NS5_S763T,NS2A_V5I,prM_M83T,NS5_K437R,NS5_K514R,NS3_A120T,E_T478S,NS5_I687V,NS5_S429G,NS1_I93T,NS4B_Q22E,NS5_A865T,NS5_E501G,C_M104V,NS2A_M136I,E_M340T,NS2A_T189A,NS3_R186K,NS4B_A19T,E_I462V,NS5_I717V,E_V91I,E_V308I,prM_S15G,C_I106V,NS3_K61R,C_V112A,NS5_S523G,NS3_T399A,C_S101T)	10628
hDenV2/Colombia/SAN-BROAD-0000033/2007	DENV2	III	2III_D.2	EPI_ISL_17436904	2007	South America / Colombia / Santander	Human			unknown	unknown	unknown			Original	Other: Cell supernatant		(NS5_I637A,NS1_L124H,NS5_Y247H,NS3_R549K,NS5_I135T,prM_M135I,NS3_R561K,NS5_R749K,NS5_E558K,E_N203D,NS3_K142R,NS3_I140V,NS1_T265A,NS4B_P23S,NS4B_D156E,NS3_V567I,NS4A_D23N,C_K9R,NS1_D281E,NS1_I212M,NS5_T811A,NS5_A196T,NS1_N222S,NS3_K28R,E_R120T,NS4B_V175I,prM_T162A,NS5_L670I,E_M6I,NS1_I264T,NS1_K172R,NS4B_F112L,NS2B_D58E,NS2A_L153S,prM_M39I,NS5_T638I,NS5_S225T,NS5_V156I,NS4A_R76K,E_V491A,C_N10S,NS2A_V174A,E_I484V,NS3_L115I,NS5_I836V,NS2B_L109V,NS2A_A195V,NS3_M13V,NS3_I333M,NS2A_Q162R,NS5_V628I,prM_R57K,NS1_L247F,NS2A_T104A,NS3_R248K,NS4A_I93V,NS5_R246K,NS5_S763T,NS2A_V5I,prM_M83T,NS5_K437R,NS5_K514R,C_M113I,E_T478S,NS5_I687V,NS5_S429G,NS2A_V109A,NS1_I93T,NS4B_Q22E,NS5_A865T,NS5_E501G,C_M104V,E_M340T,NS2A_M136I,NS2A_T189A,NS3_R186K,NS5_R649K,NS4B_A19T,NS1_F279L,E_I462V,NS5_I717V,prM_S15G,E_V308I,E_V91I,C_I106V,NS3_K61R,C_V112A,NS3_T399A,C_S101T)	10679
hDenV2/Colombia/SAN-BROAD-0000041/1999	DENV2	III	2III_D	EPI_ISL_17436911	1999	South America / Colombia / Santander	Human			unknown	unknown	unknown			Original	Other: Cell supernatant		(NS5_I637A,NS5_Y247H,NS3_R549K,NS5_I135T,prM_M135I,NS3_R561K,NS5_R749K,NS5_E558K,E_N203D,NS3_K142R,NS3_I140V,NS4B_P23S,NS4B_D156E,NS3_V567I,NS4A_D23N,C_K9R,NS1_D281E,NS1_I212M,NS5_A196T,NS5_T811A,NS1_N222S,NS3_K28R,E_R120T,NS4B_V175I,NS1_I71V,prM_T162A,NS5_L670I,E_M6I,NS1_K172R,NS1_I264T,NS4B_F112L,NS1_T265V,prM_M39I,NS2A_L153S,NS5_S225T,NS5_V156I,NS4A_R76K,E_V491A,NS2B_T94I,C_N10S,NS2A_V174A,E_I484V,NS3_L115I,NS5_I836V,NS2B_L109V,NS3_M13V,NS3_I333M,NS5_V628I,NS1_L247F,NS2A_T104A,NS3_R248K,NS5_R246K,NS5_S763T,NS2A_V5I,prM_M83T,NS5_K437R,NS5_K514R,NS3_G14E,NS2A_L121F,NS3_A120T,E_T478S,NS5_I687V,NS5_S429G,NS2A_V109A,NS4B_Q22E,NS5_A865T,NS5_E501G,C_M104V,NS5_V643A,NS2A_M136I,E_M340T,NS2A_T189A,NS3_R186K,NS4B_A19T,NS5_I717V,E_V308I,E_V91I,prM_S15G,C_I106V,NS3_K117R,NS3_K61R,C_V112A,NS5_S523G,NS3_T399A,C_S101T)	10625
hDenV2/Colombia/un-OUCRU-0000012/2013	DENV2	III	2III_D.3	EPI_ISL_17439259	2013	South America / Colombia	Human			unknown	unknown	unknown			Original	Serum		(prM_M39I,E_M340T,prM_M135I,prM_M83T,E_V491A,E_N203D,E_I484V,prM_S15G,E_V91I,E_V308I,E_R120T,E_T478S,prM_T162A,E_M6I)	1983
hDenV2/Colombia/un-OUCRU-0000015/2012	DENV2	III	2III_D.2	EPI_ISL_17439290	2012	South America / Colombia	Human			unknown	unknown	unknown			Original	Serum		(prM_M39L,E_M340T,prM_M135I,E_T404I,prM_M83T,E_V491A,E_N203D,E_I462V,E_I484V,E_V91I,E_V308I,E_R120T,E_T478S,prM_T162A,E_M6I)	1983
hDenV2/Colombia/un-OUCRU-0000016/2012	DENV2	III	2III_D.2	EPI_ISL_17439291	2012	South America / Colombia	Human			unknown	unknown	unknown			Original	Serum		(prM_M39I,E_M340T,prM_M135I,E_T404I,prM_M83T,E_N203D,E_V491A,E_I484V,E_I462V,prM_S15G,E_V308I,E_V91I,E_R120T,E_T478S,prM_T162A,E_M6I)	1983
hDenV2/Colombia/un-OUCRU-0000044/2014	DENV2	III	2III_D.3	EPI_ISL_17439302	2014	South America / Colombia	Human			unknown	unknown	unknown			Original	Serum		(prM_M39I,E_M340T,prM_M135I,E_T404I,prM_M83T,E_N203D,E_V491A,prM_V120A,E_I484V,prM_S15G,E_V308I,E_V91I,E_R120T,E_T478S,prM_T162A,E_M6I)	1983
hDenV2/Colombia/un-OUCRU-0000047/2013	DENV2	III	2III_D.3	EPI_ISL_17439305	2013	South America / Colombia	Human			unknown	unknown	unknown			Original	Serum		(prM_M39I,E_M340T,prM_M135I,prM_M83T,E_N203D,E_V491A,E_I484V,prM_S15G,E_V308I,E_V91I,E_R120T,E_T478S,prM_T162A,E_M6I)	1983
hDenV2/Colombia/un-OUCRU-0000042/2013	DENV2	III	2III_D.2	EPI_ISL_17439307	2013	South America / Colombia	Human			unknown	unknown	unknown			Original	Serum		(prM_M39I,E_M340T,prM_M135I,prM_M83T,E_T359I,E_V324I,E_V491A,E_N203D,E_M6L,E_K310R,E_I484V,E_I462V,prM_S15G,E_V308I,E_V91I,E_R120T,E_T478S,prM_T162A)	1983
hDenV2/Colombia/un-OUCRU-0000029/2012	DENV2	III	2III_D.2	EPI_ISL_17439322	2012	South America / Colombia	Human			unknown	unknown	unknown			Original	Serum		(prM_M39I,E_M340T,prM_M135I,E_T404I,prM_M83T,E_N203D,E_V491A,E_I484V,E_I462V,prM_S15G,E_V91I,E_V308I,E_R120T,E_T478S,prM_T162A,E_M6I)	1983
hDenV2/Colombia/un-OUCRU-0000031/2011	DENV2	III	2III_D.2	EPI_ISL_17439324	2011	South America / Colombia	Human			unknown	unknown	unknown			Original	Serum		(prM_M39I,E_M340T,prM_M135I,E_T404I,prM_M83T,E_N203D,E_V491A,E_I484V,E_I462V,prM_S15G,E_V91I,E_V308I,E_R120T,E_T478S,prM_T162A,E_M6I)	1983
hDenV2/Colombia/un-OUCRU-0000085/2012	DENV2	III	2III_D.2	EPI_ISL_17439401	2012	South America / Colombia	Human			unknown	unknown	unknown			Original	Serum		(E_N37S,prM_M39I,E_M340T,prM_M135I,E_T404I,prM_M83T,E_N203D,E_V491A,E_I484V,E_I462V,prM_S15G,E_V308I,E_V91I,E_R120T,E_T478S,prM_T162A,E_M6I)	1983
hDenV2/Colombia/un-OUCRU-0000086/2012	DENV2	III	2III_D.2	EPI_ISL_17439402	2012	South America / Colombia	Human			unknown	unknown	unknown			Original	Serum		(prM_M39L,E_M340T,prM_M135I,E_T404I,prM_M83T,E_V491A,E_N203D,E_I484V,E_I462V,prM_S15G,E_V91I,E_V308I,E_R120T,E_T478S,prM_T162A,E_M6I)	1983
hDenV2/Colombia/un-OUCRU-0000091/2012	DENV2	III	2III_D.2	EPI_ISL_17439407	2012	South America / Colombia	Human			unknown	unknown	unknown			Original	Serum		(prM_M39I,E_M340T,prM_M135I,E_T404I,prM_M83T,E_V491A,E_N203D,E_I462V,E_I484V,prM_S15G,E_V308I,E_V91I,E_R120T,E_T478S,prM_T162A,E_M6I)	1983
hDenV2/Colombia/un-OUCRU-0000094/2012	DENV2	III	2III_D.2	EPI_ISL_17439410	2012	South America / Colombia	Human			unknown	unknown	unknown			Original	Serum		(prM_M39I,E_M340T,prM_M135I,E_T404I,prM_M83T,E_N203D,E_V491A,E_I484V,E_I462V,prM_S15G,E_V91I,E_V308I,E_R120T,E_T478S,E_T180I,prM_T162A,E_M6I)	1983
hDenV2/Colombia/un-OUCRU-0000097/2012	DENV2	III	2III_D.2	EPI_ISL_17439413	2012	South America / Colombia	Human			unknown	unknown	unknown			Original	Serum		(prM_M39I,E_M340T,prM_M135I,prM_M83T,E_T359I,E_V491A,E_N203D,E_I484V,E_I462V,prM_S15G,E_V308I,E_V91I,E_R120T,E_T478S,prM_I139T,prM_T162A,E_M6I)	1983
hDenV2/Colombia/un-OUCRU-0000098/2013	DENV2	III	2III_D.2	EPI_ISL_17439414	2013	South America / Colombia	Human			unknown	unknown	unknown			Original	Serum		(prM_M39I,E_M340T,prM_M135I,prM_M83T,E_T359I,E_V324I,E_N203D,E_V491A,E_I462V,E_I484V,prM_S15G,E_V308I,E_V91I,E_R120T,E_T478S,prM_T162A,E_M6I)	1983
hDenV2/Colombia/un-OUCRU-0000104/2013	DENV2	III	2III_D.3	EPI_ISL_17439420	2013	South America / Colombia	Human			unknown	unknown	unknown			Original	Serum		(prM_M39I,E_M340T,prM_M135I,prM_M83T,E_N203D,E_V491A,E_I484V,prM_S15G,E_V308I,E_V91I,E_R120T,E_T478S,prM_T162A,E_M6I,E_I170T)	1983
hDenV2/Colombia/un-OUCRU-0000107/2012	DENV2	III	2III_D.2	EPI_ISL_17439423	2012	South America / Colombia	Human			unknown	unknown	unknown			Original	Serum		(prM_M39L,E_M340T,prM_M135I,E_T404I,prM_M83T,E_V491A,E_N203D,E_I462V,E_I484V,prM_S15G,E_V308I,E_V91I,E_R120T,E_T478S,prM_T162A,E_M6I)	1983
hDenV2/Colombia/un-OUCRU-0000109/2013	DENV2	III	2III_D.2	EPI_ISL_17439425	2013	South America / Colombia	Human			unknown	unknown	unknown			Original	Serum		(prM_M39I,E_M340T,prM_M135I,prM_M83T,E_T359I,E_V491A,E_N203D,E_I462V,E_I484V,prM_S15G,E_V308I,E_V91I,E_R120T,E_T478S,prM_I139T,prM_T162A,E_M6I)	1983
hDenV2/Colombia/un-OUCRU-0000113/2012	DENV2	III	2III_D.2	EPI_ISL_17439429	2012	South America / Colombia	Human			unknown	unknown	unknown			Original	Serum		(prM_M39I,E_M340T,prM_M135I,E_T404I,prM_M83T,E_N203D,E_V491A,E_I484V,E_I462V,prM_S15G,E_V91I,E_V308I,E_R120T,E_T478S,prM_T162A,E_M6I)	1983
hDenV2/Colombia/un-OUCRU-0000058/2012	DENV2	III	2III_D.2	EPI_ISL_17439440	2012	South America / Colombia	Human			unknown	unknown	unknown			Original	Serum		(prM_M39L,E_M340T,prM_M135I,E_T404I,prM_M83T,E_N203D,E_V491A,E_I462V,E_I484V,prM_S15G,E_V91I,E_V308I,E_R120T,E_T478S,prM_T162A,E_M6I)	1983
hDenV2/Colombia/un-OUCRU-0000062/2013	DENV2	III	2III_D.3	EPI_ISL_17439444	2013	South America / Colombia	Human			unknown	unknown	unknown			Original	Serum		(prM_M39I,E_M340T,prM_M135I,prM_M83T,E_V491A,E_N203D,E_I484V,prM_S15G,E_V91I,E_V308I,E_R120T,E_T478S,prM_T162A,E_M6I)	1983
hDenV2/Colombia/un-OUCRU-0000064/2013	DENV2	III	2III_D.3	EPI_ISL_17439446	2013	South America / Colombia	Human			unknown	unknown	unknown			Original	Serum		(prM_M39I,E_M340T,prM_M135I,prM_M83T,E_V491A,E_N203D,E_I484V,prM_S15G,E_V91I,E_V308I,E_R120T,E_T478S,prM_T162A,E_M6I)	1983
hDenV2/Colombia/un-OUCRU-0000065/2013	DENV2	III	2III_D.2	EPI_ISL_17439447	2013	South America / Colombia	Human			unknown	unknown	unknown			Original	Serum		(prM_M39I,E_M340T,prM_M135I,prM_M83T,E_T359I,E_N203D,E_V491A,E_I484V,E_T404N,E_I462V,prM_S15G,E_V91I,E_V308I,E_R120T,E_T478S,prM_T162A,E_M6I)	1983
hDenV2/Colombia/un-OUCRU-0000066/2013	DENV2	III	2III_D.3	EPI_ISL_17439448	2013	South America / Colombia	Human			unknown	unknown	unknown			Original	Serum		(prM_M39I,E_M340T,prM_M135I,prM_M83T,E_V491A,E_N203D,E_I484V,prM_S15G,E_V308I,E_V91I,E_R120T,E_T478S,prM_T162A,E_M6I,E_I170T)	1983
hDenV2/Colombia/un-OUCRU-0000067/2013	DENV2	III	2III_D.3	EPI_ISL_17439449	2013	South America / Colombia	Human			unknown	unknown	unknown			Original	Serum		(prM_M39I,E_M340T,prM_M135I,prM_M83T,E_N203D,E_V491A,E_I484V,prM_S15G,E_V308I,E_V91I,E_R120T,E_T478S,prM_T162A,E_M6I)	1983
hDenV2/Colombia/un-OUCRU-0000071/2013	DENV2	III	2III_D.3	EPI_ISL_17439453	2013	South America / Colombia	Human			unknown	unknown	unknown			Original	Serum		(prM_M39I,E_M340T,prM_M135I,prM_M83T,E_V491A,E_N203D,E_I484V,prM_S15G,E_V308I,E_V91I,E_R120T,E_T478S,prM_T162A,E_M6I)	1983
hDenV2/Colombia/un-OUCRU-0000072/2012	DENV2	III	2III_D.2	EPI_ISL_17439454	2012	South America / Colombia	Human			unknown	unknown	unknown			Original	Serum		(prM_M39I,E_M340T,prM_M135I,E_T404I,prM_M83T,E_N203D,E_V491A,E_I484V,E_I462V,prM_S15G,E_V91I,E_V308I,E_R120T,E_T478S,prM_T162A,E_M6I)	1983
hDenV2/Colombia/un-OUCRU-0000073/2013	DENV2	III	2III_D.2	EPI_ISL_17439455	2013	South America / Colombia	Human			unknown	unknown	unknown			Original	Serum		(prM_M39I,E_M340T,prM_M135I,prM_M83T,E_T359I,E_N203D,E_V491A,E_T404N,E_I484V,E_I462V,prM_S15G,E_V91I,E_V308I,E_R120T,E_T478S,prM_T162A,E_M6I)	1983
hDenV2/Colombia/un-OUCRU-0000077/2013	DENV2	III	2III_D.3	EPI_ISL_17439459	2013	South America / Colombia	Human			unknown	unknown	unknown			Original	Serum		(prM_M39I,E_M340T,prM_M135I,prM_M83T,E_V491A,E_N203D,E_I484V,prM_S15G,E_V91I,E_V308I,E_R120T,E_T478S,prM_T162A,E_M6I,E_I170T)	1983
hDenV2/Colombia/un-OUCRU-0000078/2013	DENV2	III	2III_D.3	EPI_ISL_17439460	2013	South America / Colombia	Human			unknown	unknown	unknown			Original	Serum		(prM_M39I,E_M340T,prM_M135I,prM_M83T,E_V491A,E_N203D,E_I484V,prM_S15G,E_V308I,E_V91I,E_R120T,E_T478S,prM_T162A,E_M6I)	1983
hDenV2/Colombia/un-OUCRU-0000080/2012	DENV2	III	2III_D.2	EPI_ISL_17439462	2012	South America / Colombia	Human			unknown	unknown	unknown			Original	Serum		(prM_M39I,E_M340T,prM_M135I,E_V15I,prM_M83T,E_V491A,E_N203D,E_I462V,E_I484V,prM_S15G,E_V91I,E_V308I,E_R120T,E_T478S,prM_T162A,E_M6I)	1983
hDenV2/Colombia/un-OUCRU-0000051/2012	DENV2	III	2III_D.2	EPI_ISL_17439514	2012	South America / Colombia	Human			unknown	unknown	unknown			Original	Serum		(prM_M39L,E_M340T,prM_M135I,E_T404I,prM_M83T,E_V491A,E_N203D,E_I484V,E_I462V,prM_S15G,E_V308I,E_V91I,E_R120T,E_T478S,prM_T162A,E_M6I)	1983
hDenV2/Colombia/un-OUCRU-0000050/2013	DENV2	III	2III_D.3	EPI_ISL_17439532	2013	South America / Colombia	Human			unknown	unknown	unknown			Original	Serum		(prM_M39I,E_M340T,prM_M135I,prM_M83T,E_N203D,E_V491A,E_I484V,prM_S15G,E_V308I,E_V91I,E_R120T,E_T478S,prM_T162A,E_M6I)	1983
hDenV2/Colombia/un-CDC-016/2007	DENV2	III	2III_D.1	EPI_ISL_17567606	2007	South America / Colombia	Human			unknown	unknown	unknown			Original	Serum		(E_M340T,E_V491A,E_N203D,E_I484V,E_V308I,E_V91I,E_R120T,E_T478S,E_M6I)	1485
hDenV2/Colombia/un-CNIH-422275/2013	DENV2	III	2III_D.2	EPI_ISL_17567859	2013	South America / Colombia	Human			unknown	unknown	unknown			Original			(E_M340T,E_V324I,E_T359I,E_N203D,E_V491A,E_I462V,E_K310R,E_I484V,E_V308I,E_V91I,E_R120T,E_T478S,E_M6I)	1485
hDenV2/Colombia/un-CNIH-484978/2016	DENV2	III	2III_D.3	EPI_ISL_17567860	2016	South America / Colombia	Human			unknown	unknown	unknown			Original			(E_M340T,E_M6V,E_V491A,E_N203D,E_I484V,E_V308I,E_V91I,E_R120T,E_T478S)	1485
hDenV2/Colombia/un-CNIH-427493/2013	DENV2	III	2III_D.3	EPI_ISL_17567861	2013	South America / Colombia	Human			unknown	unknown	unknown			Original			(E_M340T,E_N203D,E_V491A,E_I484V,E_K310R,E_V308I,E_V91I,E_I322V,E_R120T,E_T478S,E_M6I)	1485
hDenV2/Colombia/un-CNIH-422641/2013	DENV2	III	2III_D.3	EPI_ISL_17567862	2013	South America / Colombia	Human			unknown	unknown	unknown			Original			(E_M340T,E_N203D,E_V491A,E_I484V,E_V91I,E_V308I,E_R120T,E_T478S,E_M6I,E_I170T)	1485
hDenV2/Colombia/un-CNIH-422091/2013	DENV2	III	2III_D.2	EPI_ISL_17567863	2013	South America / Colombia	Human			unknown	unknown	unknown			Original			(E_M340T,E_T359I,E_V324I,E_N203D,E_V491A,E_I462V,E_I484V,E_K310R,E_V91I,E_V308I,E_R120T,E_T478S,E_M6I)	1485
hDenV2/Colombia/un-CNIH-425334/2013	DENV2	III	2III_D.3	EPI_ISL_17567864	2013	South America / Colombia	Human			unknown	unknown	unknown			Original			(E_M340T,E_V491A,E_N203D,E_L348F,E_I484V,E_V308I,E_V91I,E_R120T,E_T478S,E_M6I,E_I170T)	1485
hDenV2/Colombia/un-CNIH-422041/2013	DENV2	III	2III_D.3	EPI_ISL_17567865	2013	South America / Colombia	Human			unknown	unknown	unknown			Original			(E_M340T,E_N203D,E_V491A,E_I484V,E_V91I,E_V308I,E_R120T,E_T478S,E_M6I)	1485
hDenV2/Colombia/un-CNIH-449418/2015	DENV2	III	2III_D.3	EPI_ISL_17567866	2015	South America / Colombia	Human			unknown	unknown	unknown			Original			(E_M340T,E_N203D,E_V491A,E_I484V,E_V91I,E_V308I,E_R120T,E_T478S,E_M6I)	1485
hDenV2/Colombia/un-CNIH-449308/2015	DENV2	III	2III_D.3	EPI_ISL_17567867	2015	South America / Colombia	Human			unknown	unknown	unknown			Original			(E_M340T,E_E360G,E_V491A,E_N203D,E_I484V,E_V308I,E_V91I,E_R120T,E_T478S,E_S331F,E_M6I)	1485
hDenV2/Colombia/un-CNIH-428702/2014	DENV2	III	2III_D.3	EPI_ISL_17567868	2014	South America / Colombia	Human			unknown	unknown	unknown			Original			(E_M340T,E_I414V,E_N203D,E_V491A,E_I484V,E_V308I,E_V91I,E_R120T,E_T478S,E_M6I,E_I170T)	1485
hDenV2/Colombia/un-CNIH-423887/2013	DENV2	III	2III_D.3	EPI_ISL_17567869	2013	South America / Colombia	Human			unknown	unknown	unknown			Original			(E_M340T,E_N203D,E_V491A,E_L348F,E_I484V,E_V308I,E_V91I,E_R120T,E_T478S,E_M6I,E_I170T)	1485
hDenV2/Colombia/un-CNIH-425819/2013	DENV2	III	2III_D.3	EPI_ISL_17567870	2013	South America / Colombia	Human			unknown	unknown	unknown			Original			(E_M340T,E_N203D,E_V491A,E_I484V,E_V91I,E_V308I,E_I322V,E_R120T,E_T478S,E_M6I)	1485
hDenV2/Colombia/un-CNIH-425817/2013	DENV2	III	2III_D.3	EPI_ISL_17567871	2013	South America / Colombia	Human			unknown	unknown	unknown			Original			(E_M340T,E_N203D,E_V491A,E_I484V,E_V308I,E_V91I,E_I322V,E_R120T,E_T478S,E_M6I)	1485
hDenV2/Colombia/un-CNIH-434321/2014	DENV2	III	2III_D.3	EPI_ISL_17567872	2014	South America / Colombia	Human			unknown	unknown	unknown			Original			(E_M340T,E_V491A,E_N203D,E_I484V,E_V308I,E_V91I,E_I312V,E_R120T,E_T478S,E_M6I)	1485
hDenV2/Colombia/un-CNIH-427516/2013	DENV2	III	2III_D.3	EPI_ISL_17567873	2013	South America / Colombia	Human			unknown	unknown	unknown			Original			(E_M340T,E_N203D,E_V491A,E_I484V,E_V91I,E_V308I,E_R120T,E_T478S,E_M6I,E_I170T)	1485
hDenV2/Colombia/un-CNIH-424029/2013	DENV2	III	2III_D.2	EPI_ISL_17567874	2013	South America / Colombia	Human			unknown	unknown	unknown			Original			(E_M340T,E_T359I,E_V324I,E_N203D,E_V491A,E_I462V,E_I484V,E_K310R,E_V91I,E_V308I,E_R120T,E_T478S,E_M6I)	1485
hDenV2/Colombia/un-CNIH-484926/2016	DENV2	III	2III_D.2	EPI_ISL_17567875	2016	South America / Colombia	Human			unknown	unknown	unknown			Original			(E_M340T,E_T359I,E_V491A,E_N203D,E_V129I,E_T404N,E_I462V,E_I484V,E_V308I,E_V91I,E_R120T,E_T478S,E_M6I)	1485
hDenV2/Colombia/un-CNIH-449510/2015	DENV2	III	2III_D.3	EPI_ISL_17567876	2015	South America / Colombia	Human			unknown	unknown	unknown			Original			(E_M340T,E_N203D,E_V491A,E_I484V,E_V91I,E_V308I,E_R120T,E_T478S,E_M6I)	1485
hDenV2/Colombia/un-CNIH-484975/2016	DENV2	III	2III_D.3	EPI_ISL_17567877	2016	South America / Colombia	Human			unknown	unknown	unknown			Original			(E_M340T,E_V491A,E_N203D,E_I484V,E_V91I,E_V308I,E_R120T,E_T478S,E_M6I)	1485
hDenV2/Colombia/un-CNIH-484995/2016	DENV2	III	2III_D.2	EPI_ISL_17567878	2016	South America / Colombia	Human			unknown	unknown	unknown			Original			(E_M340T,E_T359I,E_V491A,E_N203D,E_I484V,E_I462V,E_V308I,E_R120T,E_T478S,E_M6I)	1485
hDenV2/Colombia/un-CNIH-462966/2016	DENV2	III	2III_D.3	EPI_ISL_17567879	2016	South America / Colombia	Human			unknown	unknown	unknown			Original			(E_M340T,E_N203D,E_V491A,E_I484V,E_V308I,E_V91I,E_R120T,E_T478S,E_S331F,E_M6I)	1485
hDenV2/Colombia/un-CNIH-484928/2016	DENV2	III	2III_D.2	EPI_ISL_17567880	2016	South America / Colombia	Human			unknown	unknown	unknown			Original			(E_M340T,E_M34I,E_T359I,E_V491A,E_N203D,E_V129I,E_I462V,E_T404N,E_I484V,E_V91I,E_V308I,E_T32P,E_L253F,E_R120T,E_T33S,E_T478S,E_M6I,E_A35R)	1485
hDenV2/Colombia/un-CNIH-452018/2015	DENV2	III	2III_D.3	EPI_ISL_17567881	2015	South America / Colombia	Human			unknown	unknown	unknown			Original			(E_M340T,E_E360G,E_V491A,E_N203D,E_I484V,E_V308I,E_V91I,E_R120T,E_T478S,E_S331F,E_M6I)	1485
DenV2/un/Colombia/un-PKTMI-00011/1986	DENV2	I	2I	EPI_ISL_17570860	1986	South America / Colombia	unknown			unknown	unknown	unknown			Original	Other: Serum		(NS2B_E62D,NS5_Y247H,prM_V31T,NS5_V553I,NS5_V335I,E_V129I,NS3_I140V,NS1_N347S,C_K9R,E_R120T,NS1_K112R,E_S81T,E_M6I,NS4B_F112L,NS5_R401K,NS5_K800S,NS1_V177A,NS1_D290E,NS3_K466R,NS1_S181P,NS5_L544I,NS3_M13V,NS4B_I201V,E_N390D,NS5_V628I,prM_R57K,NS1_L247F,NS1_Y256N,NS5_N645D,prM_M83T,NS5_K193R,NS1_I21V,E_T478S,NS5_S429N,prM_E28K,NS5_A865T,NS5_A648V,NS1_S128L,E_I139V,NS2B_T77I,NS2A_T189A,2K_V11I,NS3_A367T,NS5_V723T,NS5_S676K,NS3_K117R,NS4B_V48I,C_S101T,NS5_I135V,NS5_I637A,NS3_R549K,NS4B_N245S,prM_M135I,E_N203D,NS1_T265A,NS1_D281E,NS5_A196T,NS1_N222S,NS5_I271T,prM_T162A,NS2A_V12I,NS1_I264T,NS1_A99V,NS1_K172R,NS5_D521E,NS5_T638S,prM_A152V,NS3_K15R,NS3_I333M,prM_L55F,NS1_P73S,NS3_V273I,NS4B_T246A,NS4A_R39K,NS2A_V5I,NS5_I5M,NS3_K381R,NS2A_T115S,NS3_A120T,NS4B_L13F,NS1_I242V,prM_V161I,NS3_K568R,NS5_I180V,NS5_I687V,E_I162V,NS1_K170R,NS5_R596K,NS5_M70L,E_E71D,NS3_V567T,NS3_S158G,NS2B_A57T,prM_V120A,E_V308I,NS5_E558A,NS4B_S17H,NS5_Q819L)	10675
hDenV2/Colombia/un-PU-2378816/1998	DENV2	III	2III_B	EPI_ISL_17570879	1998	South America / Colombia	Human			unknown	unknown	unknown			Original	Serum		(E_Q131L,NS5_Y247H,prM_T134A,NS5_I135T,E_N203E,prM_M135I,NS2A_K95R,NS5_R749K,NS5_E558K,NS3_I140V,NS3_K142R,NS1_T265A,NS4B_D156E,NS3_V567I,C_K9R,NS1_I212M,NS1_D281E,NS5_A196T,NS5_T811A,NS5_I637V,NS1_N222S,NS3_K28R,E_R120T,NS4B_V175I,prM_T162A,E_M6I,NS1_K172R,NS1_I264T,NS4B_F112L,prM_M39I,NS2A_L153S,NS5_S225T,NS5_V156I,NS4A_R76K,E_V491A,C_N10S,NS2A_V174A,E_I484V,NS5_I836V,NS2B_L109V,NS4A_L70I,NS3_M13V,NS3_K418R,NS3_I333M,NS5_V628I,NS1_L247F,NS2A_T104A,NS5_R246K,NS5_S763T,NS2A_V5I,NS2A_Q162L,prM_M83T,NS5_K437R,NS5_K514R,NS3_G14E,NS2B_Q64H,NS3_A120T,NS2A_V38I,E_T478S,NS5_I687V,NS2B_I8V,NS2A_V109A,NS4B_Q22E,NS5_A865T,NS5_E501G,C_M104V,NS2A_M136I,NS2A_T189A,NS3_R186K,NS4B_A19T,NS5_I717V,prM_S15G,E_V91I,E_V308I,NS3_K61R,C_V112A,NS4A_A29S,NS3_T399A,C_S101T)	10723
hDenV2/Colombia/un-UDEA-218/1998	DENV2	III	2III_B	EPI_ISL_17572909	1998	South America / Colombia	Human			unknown	unknown	unknown			Original			(E_Q131L,E_N203E,E_V491A,E_I484V,E_V308I,E_V91I,E_R120T,E_T478S,E_M6I)	1485
hDenV2/Colombia/un-UDEA-253/2007	DENV2	III	2III_D.2	EPI_ISL_17572910	2007	South America / Colombia	Human			unknown	unknown	unknown			Original			(E_M340T,E_N203D,E_V491A,E_I484V,E_I462V,E_V308I,E_V91I,E_R120T,E_T478S,E_M6I)	1485
hDenV2/Colombia/un-UDEA-13564/2000	DENV2	III	2III_D.3	EPI_ISL_17572912	2000	South America / Colombia	Human			unknown	unknown	unknown			Original			(E_M340T,E_V491A,E_N203D,E_I484V,E_V91I,E_V308I,E_R120T,E_T478S,E_M6I)	1485
hDenV2/Colombia/un-UDEA-302/1997	DENV2	III	2III	EPI_ISL_17572913	1997	South America / Colombia	Human			unknown	unknown	unknown			Original			(E_M340T,E_E360G,E_S474P,E_N203D,E_V491A,E_I484V,E_V308I,E_V91I,E_R120T,E_T478S,E_M6I)	1485
hDenV2/Colombia/un-UDEA-141242/2010	DENV2	III	2III_D.2	EPI_ISL_17572915	2010	South America / Colombia	Human			unknown	unknown	unknown			Original			(E_M340T,E_T359I,E_V491A,E_N203D,E_I484V,E_I462V,E_V91I,E_V308I,E_R120T,E_T478S,E_M6I)	1485
hDenV2/Colombia/un-UDEA-MIT1116/2007	DENV2	III	2III_D.2	EPI_ISL_17572916	2007	South America / Colombia	Human			unknown	unknown	unknown			Original			(E_M340T,E_N203D,E_I484V,E_I462V,E_V91I,E_V308I,E_R120T,E_T478S,E_M6I)	1485
hDenV2/Colombia/un-UDEA-311057/2010	DENV2	III	2III_D.3	EPI_ISL_17572917	2010	South America / Colombia	Human			unknown	unknown	unknown			Original			(E_M340T,E_V491A,E_N203D,E_I484V,E_V91I,E_V308I,E_R120T,E_T478S,E_M6I,E_I170T)	1485
hDenV2/Colombia/un-UDEA-450614/2015	DENV2	III	2III_D.3	EPI_ISL_17572918	2015	South America / Colombia	Human			unknown	unknown	unknown			Original			(E_M340T,E_E360G,E_V491A,E_N203D,E_I484V,E_V91I,E_V308I,E_R120T,E_T478S,E_M6I)	1485
hDenV2/Colombia/un-UDEA-338/2007	DENV2	III	2III_D.2	EPI_ISL_17572919	2007	South America / Colombia	Human			unknown	unknown	unknown			Original			(E_M340T,E_V491A,E_N203D,E_I462V,E_I484V,E_V91I,E_V308I,E_R120T,E_T478S,E_M6I)	1485
hDenV2/Colombia/un-UDEA-HEL/2000	DENV2	III	2III_D.3	EPI_ISL_17572920	2000	South America / Colombia	Human			unknown	unknown	unknown			Original			(E_M340T,E_N203D,E_V491A,E_I484V,E_V91I,E_V308I,E_R120T,E_T478S,E_M6I)	1485
hDenV2/Colombia/un-UDEA-477/1997	DENV2	III	2III_D.3	EPI_ISL_17572921	1997	South America / Colombia	Human			unknown	unknown	unknown			Original			(E_T404A,E_M340T,E_N203D,E_V491A,E_I484V,E_V308I,E_V91I,E_R120T,E_T478S,E_M6I)	1485
hDenV2/Colombia/un-UDEA-768/1996	DENV2	III	2III	EPI_ISL_17572922	1996	South America / Colombia	Human			unknown	unknown	unknown			Original			(E_M340T,E_N203D,E_V491A,E_I484V,E_V91I,E_V308I,E_R120T,E_T478S,E_M6I)	1485
hDenV2/Colombia/un-UDEA-3986/2007	DENV2	III	2III_D.3	EPI_ISL_17572923	2007	South America / Colombia	Human			unknown	unknown	unknown			Original			(E_M340T,E_N203D,E_V491A,E_M406V,E_I484V,E_V308I,E_V91I,E_R120T,E_T478S,E_M6I,E_I170T)	1485
hDenV2/Colombia/un-UDEA-6075/2006	DENV2	III	2III_D.3	EPI_ISL_17572924	2006	South America / Colombia	Human			unknown	unknown	unknown			Original			(E_M340T,E_V491A,E_N203D,E_I484V,E_V308I,E_V91I,E_R120T,E_T478S,E_M6I,E_I170T)	1485
hDenV2/Colombia/un-UDEA-14025/2002	DENV2	III	2III	EPI_ISL_17572925	2002	South America / Colombia	Human			unknown	unknown	unknown			Original			(E_M340T,E_E360G,E_V491A,E_N203D,E_I484V,E_V308I,E_V91I,E_R120T,E_T478S,E_M6I)	1485
hDenV2/Colombia/un-UDEA-781/1994	DENV2	III	2III_B	EPI_ISL_17572926	1994	South America / Colombia	Human			unknown	unknown	unknown			Original			(E_Q131L,E_N203E,E_V491A,E_I484V,E_V308I,E_V91I,E_R120T,E_T478S,E_M6I)	1485
hDenV2/Colombia/un-UDEA-311082/2010	DENV2	III	2III_D.2	EPI_ISL_17572928	2010	South America / Colombia	Human			unknown	unknown	unknown			Original			(E_D87G,E_A63T,E_G177D,E_Y59N,E_T359I,E_N203D,E_T66S,E_R120T,E_T478S,E_S16A,E_D10N,E_N8I,E_M6I,E_T171P,E_E79G,E_M340T,E_V324I,E_V491A,E_I484V,E_I462V,E_T69P,E_V308I,E_V91I,E_A50D,E_L45V)	1485
hDenV2/Colombia/un-UDEA-456521/2016	DENV2	III	2III_D.3	EPI_ISL_17572929	2016	South America / Colombia	Human			unknown	unknown	unknown			Original			(E_M340T,E_E360G,E_V491A,E_N203D,E_I484V,E_V308I,E_V91I,E_R120T,E_T478S,E_M6I)	1485
hDenV2/Colombia/un-UDEA-18975/2001	DENV2	III	2III_D.3	EPI_ISL_17572932	2001	South America / Colombia	Human			unknown	unknown	unknown			Original			(E_A173V,E_M340T,E_N203D,E_V491A,E_I484V,E_V91I,E_V308I,E_R120T,E_T478S,E_M6I)	1485
hDenV2/Colombia/un-UDEA-14/2000	DENV2	III	2III	EPI_ISL_17572933	2000	South America / Colombia	Human			unknown	unknown	unknown			Original			(E_K388E,E_M340T,E_N203D,E_V491A,E_I484V,E_V308I,E_V91I,E_R120T,E_T478S,E_M6I,E_I170T)	1485
hDenV2/Colombia/un-UDEA-080/2004	DENV2	III	2III_D.2	EPI_ISL_17572934	2004	South America / Colombia	Human			unknown	unknown	unknown			Original			(E_M340T,E_T359I,E_N203D,E_V491A,E_I462V,E_I484V,E_V308I,E_V91I,E_R120T,E_T478S,E_M6I)	1485
hDenV2/Colombia/un-UDEA-051/2005	DENV2	III	2III_D.2	EPI_ISL_17572935	2005	South America / Colombia	Human			unknown	unknown	unknown			Original			(E_M340T,E_V491A,E_N203D,E_I462V,E_I484V,E_V91I,E_V308I,E_R120T,E_T478S,E_M6I)	1485
hDenV2/Colombia/un-UDEA-053/2005	DENV2	III	2III_D.2	EPI_ISL_17572936	2005	South America / Colombia	Human			unknown	unknown	unknown			Original			(E_M340T,E_T359I,E_V491A,E_N203D,E_I484V,E_I462V,E_V308I,E_V91I,E_R120T,E_T478S,E_M6I)	1485
hDenV2/Colombia/un-UDEA-095/2005	DENV2	III	2III_D.2	EPI_ISL_17572937	2005	South America / Colombia	Human			unknown	unknown	unknown			Original			(E_M340T,E_T359I,E_N203D,E_V491A,E_I462V,E_I484V,E_V91I,E_V308I,E_R120T,E_T478S,E_M6I)	1485
hDenV2/Colombia/un-UDEA-109/2005	DENV2	III	2III_D.2	EPI_ISL_17572938	2005	South America / Colombia	Human			unknown	unknown	unknown			Original			(E_M340T,E_T359I,E_N203D,E_V491A,E_I462V,E_I484V,E_A224T,E_V91I,E_V308I,E_R120T,E_T478S,E_M6I)	1485
hDenV2/Colombia/un-UDEA-200/2005	DENV2	III	2III_D.2	EPI_ISL_17572939	2005	South America / Colombia	Human			unknown	unknown	unknown			Original			(E_M340T,E_T359I,E_N203D,E_V491A,E_V480A,E_G223A,E_I462V,E_I484V,E_V91I,E_V308I,E_R120T,E_T478S,E_M6I)	1485
hDenV2/Colombia/un-UDEA-427305/2013	DENV2	III	2III_D.1.2	EPI_ISL_17572940	2013	South America / Colombia	Human			unknown	unknown	unknown			Original			(E_M340T,E_N203D,E_V491A,E_T66I,E_I484V,E_V91I,E_V308I,E_R120I,E_M118K,E_T478S,E_M6I)	1485
hDenV2/Colombia/un-UDEA-367566/1995	DENV2	III	2III_B	EPI_ISL_17572941	1995	South America / Colombia	Human			unknown	unknown	unknown			Original			(E_Q131L,E_N203E,E_V491A,E_I141V,E_I484V,E_V91I,E_V308I,E_R120T,E_T478S,E_M6I)	1485
hDenV2/Colombia/un-UDEA-360236/1992	DENV2	III	2III_B	EPI_ISL_17572942	1992	South America / Colombia	Human			unknown	unknown	unknown			Original			(E_Q131L,E_N203E,E_V491A,E_I484V,E_V308I,E_V91I,E_R120T,E_T478S,E_M6I)	1485
hDenV2/Colombia/un-UDEA-121063/2010	DENV2	III	2III_D.2	EPI_ISL_17572943	2010	South America / Colombia	Human			unknown	unknown	unknown			Original			(E_M340T,E_T359I,E_N203D,E_V491A,E_I484V,E_I462V,E_V308I,E_V91I,E_R120T,E_T478S,E_M6I)	1485
hDenV2/Colombia/un-UDEA-122129/2010	DENV2	III	2III_D.2	EPI_ISL_17572944	2010	South America / Colombia	Human			unknown	unknown	unknown			Original			(E_M340T,E_T359I,E_N203D,E_V491A,E_I462V,E_I484V,E_V308I,E_V91I,E_R120T,E_T478S,E_M6I)	1485
hDenV2/Colombia/un-UDEA-AC37/2015	DENV2	III	2III_D.2	EPI_ISL_17572946	2015	South America / Colombia	Human			unknown	unknown	unknown			Original			(E_M340T,E_V324I,E_T359I,E_V491A,E_N203D,E_I462V,E_I484V,E_V91I,E_V308I,E_R120T,E_T478S,E_M6I)	1485
hDenV2/Colombia/un-UDEA-MIT1134/2007	DENV2	III/III	2III/2III_D	EPI_ISL_17572947	2007	South America / Colombia	Human			unknown	unknown	unknown			Original			(E_M340T,E_V491A,E_N203D,E_I484V,E_V308I,E_V91I,E_K163R,E_R120T,E_T478S,E_M6I)	1485
hDenV2/Colombia/un-UDEA-MIT1130/2001	DENV2	III	2III_D.3	EPI_ISL_17572948	2001	South America / Colombia	Human			unknown	unknown	unknown			Original			(E_M340T,E_V491A,E_N203D,E_I484V,E_V308I,E_V91I,E_R120T,E_T478S,E_M6I)	1485
hDenV2/Colombia/un-UDEA-MIT1121/1998	DENV2	III	2III_D.2	EPI_ISL_17572949	1998	South America / Colombia	Human			unknown	unknown	unknown			Original			(E_M340T,E_T359I,E_V491A,E_N203D,E_I462V,E_I484V,E_V91I,E_V308I,E_R120T,E_T478S,E_M6I)	1485
hDenV2/Colombia/un-UDEA-13517/2000	DENV2	III	2III_D.3	EPI_ISL_17572950	2000	South America / Colombia	Human			unknown	unknown	unknown			Original			(E_M340T,E_N203D,E_V491A,E_I484V,E_V91I,E_V308I,E_R120T,E_T478S,E_M6I)	1485
hDenV2/Colombia/un-UDEA-13072/2000	DENV2	III	2III_D.3	EPI_ISL_17572951	2000	South America / Colombia	Human			unknown	unknown	unknown			Original			(E_I23M,E_M340T,E_V491A,E_N203D,E_I484V,E_V308I,E_V91I,E_R120T,E_T478S,E_M6I)	1485
hDenV2/Colombia/un-UDEA-8496/2007	DENV2	III	2III_D.3	EPI_ISL_17572952	2007	South America / Colombia	Human			unknown	unknown	unknown			Original			(E_M340T,E_V491A,E_N203D,E_I484V,E_V91I,E_V308I,E_R120T,E_T478S,E_M6I,E_I170T)	1485
hDenV2/Colombia/un-UDEA-469/1995	DENV2	III	2III_B	EPI_ISL_17572953	1995	South America / Colombia	Human			unknown	unknown	unknown			Original			(E_Q131L,E_N203E,E_V491A,E_I484V,E_V91I,E_V308I,E_R120T,E_T478S,E_M6I)	1485
hDenV2/Colombia/un-UDEA-634/1995	DENV2	III	2III	EPI_ISL_17572954	1995	South America / Colombia	Human			unknown	unknown	unknown			Original			(E_M340T,E_V491A,E_N203D,E_I484V,E_V91I,E_V308I,E_R120T,E_T478S,E_M6I)	1485
hDenV2/Colombia/un-UDEA-468118/2016	DENV2	III	2III_D.3	EPI_ISL_17572955	2016	South America / Colombia	Human			unknown	unknown	unknown			Original			(E_M340T,E_N203D,E_V491A,E_I484V,E_V308I,E_V91I,E_R120T,E_T478S,E_S331F,E_M6I)	1485
hDenV2/Colombia/un-UDEA-3273/1998	DENV2	III	2III_D.3	EPI_ISL_17572956	1998	South America / Colombia	Human			unknown	unknown	unknown			Original			(E_V151I,E_M340T,E_N203D,E_V491A,E_I484V,E_V308I,E_V91I,E_R120T,E_T478S,E_M6I)	1485
hDenV2/Colombia/un-UDEA-449277/2015	DENV2	III	2III_D.3	EPI_ISL_17572958	2015	South America / Colombia	Human			unknown	unknown	unknown			Original			(E_M340T,E_E360G,E_V491A,E_N203D,E_I484V,E_V308I,E_V91I,E_R120T,E_T478S,E_S331F,E_M6I)	1485
hDenV2/Colombia/un-UDEA-446765/2015	DENV2	III	2III_D.2	EPI_ISL_17572959	2015	South America / Colombia	Human			unknown	unknown	unknown			Original			(E_M340T,E_T359I,E_V324I,E_V491A,E_N203D,E_I484V,E_I462V,E_T486I,E_V308I,E_V91I,E_R120T,E_T478S,E_F337L,E_M6I,E_I170T)	1485
hDenV2/Colombia/un-UDEA-AC79/2015	DENV2	III	2III_D.3	EPI_ISL_17572960	2015	South America / Colombia	Human			unknown	unknown	unknown			Original			(E_M340T,E_V491A,E_N203D,E_I484V,E_V91I,E_V308I,E_R120T,E_T478S,E_M6I,E_I170T)	1485
hDenV2/Colombia/un-UDEA-MIT1084/2005	DENV2	III	2III_D.2	EPI_ISL_17572964	2005	South America / Colombia	Human			unknown	unknown	unknown			Original			(E_M340T,E_V491A,E_N203D,E_I484V,E_I462V,E_V91I,E_V308I,E_R120T,E_T478S,E_M6I)	1485
hDenV2/Colombia/un-UDEA-MIT1086/2005	DENV2	III	2III_D.2	EPI_ISL_17572965	2005	South America / Colombia	Human			unknown	unknown	unknown			Original			(E_M340T,E_T359I,E_N203D,E_V491A,E_I484V,E_I462V,E_V91I,E_V308I,E_R120T,E_T478S,E_M6I)	1485
hDenV2/Colombia/un-UDEA-015/2005	DENV2	III	2III_D.2	EPI_ISL_17572966	2005	South America / Colombia	Human			unknown	unknown	unknown			Original			(E_M340T,E_V491A,E_N203D,E_I462V,E_I484V,E_V91I,E_V308I,E_R120T,E_T478S,E_M6I)	1485
hDenV2/Colombia/un-UDEA-450433/2015	DENV2	III	2III_D.2	EPI_ISL_17572976	2015	South America / Colombia	Human			unknown	unknown	unknown			Original			(E_M340T,E_T404I,E_T359I,E_V491A,E_N203D,E_I484V,E_V91I,E_V308I,E_D329E,E_R120T,E_T478S,E_M6I)	1485
hDenV2/Colombia/un-UDEA-210/2005	DENV2	III	2III_D.2	EPI_ISL_17572980	2005	South America / Colombia	Human			unknown	unknown	unknown			Original			(E_M340T,E_V491A,E_N203D,E_I462V,E_I484V,E_V91I,E_V308I,E_R120T,E_T478S,E_M6I)	1485
hDenV2/Colombia/un-UDEA-583/1997	DENV2	III	2III	EPI_ISL_17572987	1997	South America / Colombia	Human			unknown	unknown	unknown			Original			(E_D329V,E_M340T,E_V491A,E_N203D,E_I484V,E_V91I,E_V308I,E_R120T,E_T478S,E_M6I)	1485
hDenV2/Colombia/un-UDEA-005/1999	DENV2	III	2III_D	EPI_ISL_17572990	1999	South America / Colombia	Human			unknown	unknown	unknown			Original			(E_M340T,E_N203D,E_V491A,E_I484V,E_V308I,E_V91I,E_R120T,E_T478S,E_M6I)	1485
hDenV2/Colombia/un-UDEA-17942/2002	DENV2	III	2III_D.3	EPI_ISL_17572991	2002	South America / Colombia	Human			unknown	unknown	unknown			Original			(E_S169P,E_M340T,E_N203D,E_V491A,E_I484V,E_V91I,E_V308I,E_R120T,E_T478S,E_M6I,E_I170T)	1485
hDenV2/Colombia/un-UDEA-16173/2002	DENV2	III	2III_D.3	EPI_ISL_17572992	2002	South America / Colombia	Human			unknown	unknown	unknown			Original			(E_M340T,E_N203D,E_V491A,E_I484V,E_V91I,E_V308I,E_R120T,E_T478S,E_K93R,E_M6I)	1485
hDenV2/Colombia/un-UDEA-369561/1995	DENV2	III	2III_D	EPI_ISL_17572994	1995	South America / Colombia	Human			unknown	unknown	unknown			Original			(E_M340T,E_N203D,E_V491A,E_I484V,E_V308I,E_V91I,E_R120T,E_T478S,E_M6I)	1485
hDenV2/Colombia/un-UNICORDOBA-34/2021	DENV2	III	2III_D.2	EPI_ISL_17600403	2021-11-20	South America / Colombia	Human			unknown	unknown	unknown			Original	Serum		(NS5_I637A,NS5_Y247H,NS3_R549K,NS5_I135T,prM_M135I,NS3_R561K,NS5_R749K,E_T359I,NS5_E558K,E_N203D,NS3_I140V,NS3_K142R,NS1_T265A,NS4B_D156E,NS4B_P23S,NS3_V567I,NS4A_D23N,C_K9R,NS1_D281E,NS1_I212M,NS5_T811A,NS5_A196T,NS1_N222S,NS3_K28R,E_R120T,NS4B_V175I,NS5_I271T,prM_T162A,NS5_L670I,E_M6I,NS1_K172R,NS1_I264T,prM_M39I,NS2A_L153S,NS5_K375R,NS5_S225T,NS2A_V109T,NS5_V156I,NS4A_R76K,NS1_E83D,E_V491A,C_N10S,E_I484V,NS3_L115I,NS5_I836V,NS2B_L109V,NS3_M13V,NS3_I333M,NS2A_Q162R,NS5_V628I,NS1_L247F,NS3_R248K,NS4A_I93V,NS5_R246K,NS5_S763T,NS2A_V5I,prM_M83T,NS5_K514R,NS5_K388E,NS3_A120T,E_T478S,NS5_T72I,NS5_I687V,E_I61J,NS5_S429G,NS1_I93T,NS4B_Q22E,NS5_A865T,NS5_E501G,NS1_K170R,NS2B_K87R,C_M104V,NS5_A648T,NS2A_M136I,E_M340T,NS2A_T189A,NS3_R186K,E_V324I,NS4B_A19T,NS2B_A57T,NS5_I717V,E_V308I,prM_S15G,NS3_K61R,C_V112A,NS2A_V41A,NS5_S523G,E_Q86Z,NS3_T399A,C_S101T)	10605
hDenV2/Colombia/SAN-UIS-02/2005	DENV2	III	2III_D.2	EPI_ISL_17609054	2005	South America / Colombia / Santander	Human			unknown	unknown	unknown			Cell culture	Other: Cell supernatant		(E_M340T,E_N203D,E_V491A,E_I484V,E_I462V,E_V91I,E_V308I,E_R120T,E_T478S,E_M6I)	1485
hDenV2/Colombia/un-OUCRU-260/2013	DENV2	III	2III_D.2	EPI_ISL_17610636	2013	South America / Colombia	Human			unknown	unknown	unknown			Original	Serum		(prM_M39I,E_M340T,prM_M135I,prM_M83T,E_T359I,E_V491A,E_N203D,E_I462V,E_I484V,prM_T125N,prM_S15G,E_V91I,E_V308I,E_D329E,E_R120T,E_T478S,prM_T162A,E_M6I)	1962
hDenV2/Colombia/un-OUCRU-259/2012	DENV2	III	2III_D.2	EPI_ISL_17610697	2012	South America / Colombia	Human			unknown	unknown	unknown			Original	Serum		(prM_M39I,E_M340T,prM_M135I,E_T404I,prM_M83T,E_N203D,E_L218F,prM_S15G,E_V91I,E_V308I,E_R120T,prM_T162A,E_M6I)	1750
hDenV2/Colombia/un-OUCRU-261/2012	DENV2	III	2III_D.3	EPI_ISL_17610700	2012	South America / Colombia	Human			unknown	unknown	unknown			Original	Serum		(E_M340T,prM_M135I,E_V491A,E_N203D,E_I484V,E_V308I,E_V91I,E_R120T,E_T478S,prM_T162A,E_M6I)	1656
hDenV2/Colombia/DC-SFBR-00024/1992	DENV2	III	2III_B	EPI_ISL_17673866	1992	South America / Colombia / Bucaramanga	Human			unknown	unknown	unknown			C6/36 P2			(E_Q131L,E_N203E,E_V491A,E_I484V,E_V308I,E_V91I,E_R120T,E_T478S,E_M6I)	1485
hDenV2/Colombia/TOL-SFBR-00036/1992	DENV2	III	2III_B	EPI_ISL_17673868	1992	South America / Colombia / Tolima	Human			unknown	unknown	unknown			C6/36 p2			(E_Q131L,E_N203E,E_V491A,E_I484V,E_V308I,E_V91I,E_R120T,E_T478S,E_M6I)	1485
hDenV2/Colombia/GUV-INS-476747/2016	DENV2	III	2III_D.2	EPI_ISL_17783303	2016	South America / Colombia / Guaviare	Human			unknown	unknown	unknown			C6-36	Serum		(NS5_Y247H,NS2B_K60R,NS3_R561K,NS5_R749K,E_T359I,NS5_E558K,NS3_I140V,NS3_K142R,NS4B_P23S,C_K9R,NS5_T811A,E_R120T,NS4B_V175I,NS5_L670I,E_M6I,NS4B_F112L,NS5_K375R,NS2A_V109T,NS5_V156I,NS4A_R76K,NS5_A642D,C_N10S,E_I484V,E_K310R,NS5_I836V,NS3_M13V,NS5_S872A,NS2A_Q162R,NS5_V628I,NS3_R107K,NS1_L247F,NS4A_I93V,prM_M83T,NS5_V130I,E_T478S,NS5_S429G,NS1_K174R,NS4B_Q22E,NS5_A865T,NS5_E501G,C_M104V,NS2A_M136I,NS2A_R138K,NS2A_T189A,NS3_R186K,NS5_V667I,NS4B_A19T,prM_S15G,NS3_T399A,C_S101T,NS5_I637A,NS3_R549K,NS5_I135T,prM_M135I,E_N203D,NS4B_D156E,NS1_T265A,NS3_V567I,NS4A_D23N,NS1_I212M,NS1_D281E,NS5_A196T,NS1_N222S,NS3_K28R,prM_T162A,NS2A_V174T,NS1_K172R,NS1_I264T,prM_M39I,NS2A_L153S,NS5_S225T,E_V491A,C_I65M,NS3_L115I,NS2B_L109V,NS3_I333M,NS2A_T104A,NS3_R248K,NS5_R246K,E_N124D,NS5_S763T,NS2A_V5I,NS5_K514R,NS3_A120T,NS5_I687V,NS1_I93T,E_M340T,E_V324I,E_I462V,NS5_I717V,E_V91I,E_V308I,NS3_K61R,C_V112A,NS5_S523G)	10696
hDenV2/Colombia/TOL-INS-479622/2016	DENV2	III	2III_D.3	EPI_ISL_17783304	2016-05-15	South America / Colombia / Tolima	Human			unknown	unknown	unknown			C6-36	Serum		(NS2A_N139S,NS5_I637A,NS5_Y247H,NS3_R549K,NS5_I135T,prM_M135I,NS5_E566K,NS3_R561K,NS5_R749K,E_N203D,NS3_K142R,NS3_I140V,NS5_A19T,NS1_T265A,NS4B_D156E,NS4B_P23S,NS3_V567I,NS4A_D23N,C_K9R,NS1_I212M,NS1_D281E,NS5_T811A,NS5_A196T,NS1_N222S,NS3_K28R,E_R120T,NS4B_V175I,prM_T162A,NS5_L670I,E_M6I,NS1_K172R,NS1_I264T,NS3_L115T,NS4B_F112L,NS2A_T115A,NS2A_L153S,prM_M39I,NS5_S225T,NS5_V156I,NS2A_V133I,NS4A_R76K,NS4A_R12K,E_V491A,C_N10S,NS2A_V174A,E_I484V,NS5_I836V,NS2B_L109V,NS4A_T59A,NS3_M13V,NS4B_R211K,NS3_I333M,NS5_V628I,NS1_L247F,NS2A_T104A,NS3_R248K,NS5_I5T,NS5_R246K,NS5_S763T,NS2A_V5I,prM_M83T,NS5_K437R,NS5_K514R,NS3_A120T,C_V26M,E_T478S,NS5_I687V,NS5_S429G,NS1_K174R,NS2A_V109A,NS4B_Q22E,NS5_A865T,NS5_E501G,C_M104V,E_M340T,NS2A_M136I,NS1_F178V,NS3_R186K,NS5_R649K,NS4B_A19T,NS5_I717V,prM_S15G,E_V308I,E_V91I,C_I106V,NS3_K61R,C_V112A,NS5_S523G,NS3_T399A,C_S101T)	10699
hDenV2/Colombia/un-INS-480592/2016	DENV2	III	2III_D.3	EPI_ISL_17783305	2016-05-29	South America / Colombia	Human			unknown	unknown	unknown			C6-36	Serum		(NS2A_N139S,NS5_I637A,NS5_Y247H,NS3_R549K,NS5_I135T,prM_M135I,E_E360G,NS5_E566K,NS3_R561K,NS5_R749K,E_N203D,NS3_I140V,NS3_K142R,NS5_A19T,NS1_T265A,NS4B_P23S,NS4B_D156E,NS3_V567I,NS4A_D23N,C_K9R,NS1_I212M,NS1_D281E,NS5_T811A,NS5_A196T,NS1_N222S,NS3_K28R,E_R120T,NS2A_T189S,NS4B_V175I,prM_T162A,NS5_L670I,E_M6I,NS1_I264T,NS1_K172R,NS3_L115T,NS4B_F112L,NS2A_T115A,prM_M39I,NS2A_L153S,NS5_S225T,NS5_V156I,NS4A_R76K,NS4A_R12K,E_V491A,C_N10S,NS2A_V174A,E_I484V,NS5_I836V,NS2B_L109V,NS4A_T59A,E_S331F,NS3_M13V,NS3_I333M,NS5_V628I,NS1_L247F,NS2A_T104A,NS3_R248K,NS5_I5T,NS5_R246K,NS5_S763T,NS2A_V5I,prM_M83T,NS5_K514R,NS5_K437R,NS5_R888G,NS3_A120T,C_V26M,E_T478S,NS5_I687V,NS5_S429G,NS1_K174R,NS2A_V109A,NS4B_Q22E,NS5_A865T,NS5_E501G,NS3_S158N,C_M104V,NS2A_M136I,E_M340T,NS1_F178V,NS3_R186K,NS5_R649K,E_V31G,NS4B_A19T,NS5_I717V,prM_S15G,E_V308I,E_V91I,C_I106V,NS3_K61R,C_V112A,NS5_S523G,NS4B_V48I,NS3_T399A,C_S101T)	10485
hDenV2/Colombia/un-INS-484925/2016	DENV2	III	2III_D.2	EPI_ISL_17783307	2016-07-14	South America / Colombia	Human			unknown	unknown	unknown			C6-36	Serum		(NS5_I637A,NS5_Y247H,NS3_R549K,NS5_I135T,prM_M135I,NS2A_A89T,NS3_R561K,NS5_R749K,E_T359I,NS5_E558K,E_N203D,E_V129I,NS3_K142R,NS3_I140V,NS1_T265A,NS4B_D156E,NS4B_P23S,E_T404N,NS3_V567I,NS4A_D23N,C_K9R,NS1_I212M,NS1_D281E,NS5_A196T,NS5_T811A,NS1_N222S,NS3_K28R,E_R120T,NS5_S225A,NS4B_V175I,NS5_I271T,prM_T162A,NS5_S269G,NS5_L670I,E_M6I,NS2A_T197S,NS1_I264T,NS1_K172R,NS5_P822S,NS2A_L153S,prM_M39I,NS5_K375R,NS2A_V109T,NS5_V156I,NS4A_R76K,E_V491A,NS1_V177A,C_N10S,E_I484V,NS3_L115I,NS5_I836V,NS2B_L109V,NS3_M13V,NS3_I333M,NS2A_Q162R,NS5_V628I,NS1_L247F,NS2A_T104A,NS3_R248K,NS4A_I93V,NS5_R246K,NS5_S763T,NS2A_V5I,prM_M83T,NS5_K514R,NS5_T805A,NS3_A120T,NS3_V351I,E_T478S,NS5_I687V,NS5_S429G,NS1_I93T,NS4B_Q22E,NS5_A865T,NS5_E501G,C_M104V,E_M340T,NS2A_M136I,NS3_P446T,NS2A_T189A,NS3_R186K,NS4B_A19T,E_I462V,NS5_I717V,prM_S15G,E_V308I,E_V91I,C_I106V,NS3_K61R,C_V112A,NS5_S523G,NS3_E439G,NS3_T399A,C_S101T)	10612
hDenV2/Colombia/CAS-INS-484926/2016	DENV2	III	2III_D.2	EPI_ISL_17783308	2016-07-22	South America / Colombia / Casanare	Human			unknown	unknown	unknown			C6-36	Serum		(NS5_I637A,NS5_Y247H,NS3_R549K,NS5_I135T,prM_M135I,NS2A_A89T,NS3_R561K,NS5_R749K,E_T359I,NS5_E558K,E_N203D,E_V129I,NS3_I140V,NS3_K142R,NS1_T265A,NS4B_P23S,NS4B_D156E,E_T404N,NS3_V567I,NS4A_D23N,C_K9R,NS1_D281E,NS1_I212M,NS5_T811A,NS5_A196T,NS1_N222S,NS3_K28R,E_R120T,NS5_S225A,NS4B_V175I,NS5_I271T,prM_T162A,NS5_L670I,NS5_S269G,E_M6I,NS2A_T197S,NS1_I264T,NS1_K172R,NS5_P822S,NS4B_F112L,prM_M39I,NS2A_L153S,NS5_K375R,NS2A_V109T,NS5_V156I,NS4A_R76K,E_V491A,NS1_V177A,C_N10S,E_I484V,NS3_L115I,NS5_I836V,NS2B_L109V,NS3_M13V,NS3_I333M,NS2A_Q162R,NS5_V628I,NS1_L247F,NS2A_T104A,NS3_R248K,NS4A_I93V,NS5_R246K,NS5_S763T,NS2A_V5I,prM_M83T,NS5_K514R,NS3_A120T,NS3_V351I,E_T478S,NS5_I687V,NS5_S429G,NS1_I93T,NS4B_Q22E,NS5_A865T,NS5_E501G,C_M104V,NS2A_M136I,E_M340T,NS2A_T189A,NS3_R186K,NS4B_A19T,E_I462V,NS5_I717V,prM_S15G,E_V91I,E_V308I,C_I106V,NS3_K61R,C_V112A,NS5_S523G,NS3_E439G,NS3_T399A,C_S101T)	10622
hDenV2/Colombia/un-INS-484927/2016	DENV2	III	2III_D.2	EPI_ISL_17783309	2016-07-22	South America / Colombia	Human			unknown	unknown	unknown			C6-36	Serum		(NS5_I637A,NS5_Y247H,NS3_R549K,NS5_I135T,NS5_N227D,prM_M135I,NS2A_A89T,NS3_R561K,NS5_R749K,E_T359I,NS5_E558K,E_N203D,E_V129I,NS3_I140V,NS3_K142R,NS1_T265A,NS4B_D156E,NS4B_P23S,E_T404N,NS3_V567I,NS4A_D23N,C_K9R,NS1_D281E,NS1_I212M,NS5_A196T,NS5_T811A,NS1_N222S,NS3_K28R,E_R120T,NS4B_V175I,NS5_I271T,prM_T162A,NS5_S269G,NS5_L670I,NS5_S225G,E_M6I,NS1_K172R,NS1_I264T,NS5_P822S,NS4B_F112L,prM_M39I,NS5_K375R,NS2A_V109T,NS5_V156I,NS4A_R76K,E_V491A,NS1_V177A,C_N10S,E_I484V,NS3_L115I,NS5_I836V,NS3_M13V,NS3_I333M,NS5_V628I,NS1_L247F,NS2A_T104A,NS3_R248K,NS4A_I93V,NS5_R246K,NS5_S763T,NS2A_V5I,prM_M83T,NS5_K514R,NS3_A120T,NS3_V351I,E_T478S,NS5_G226V,NS5_I687V,NS5_S429G,NS1_I93T,NS4B_Q22E,NS5_A865T,NS5_E501G,C_M104V,E_M340T,NS2A_M136I,NS3_R186K,NS4B_A19T,E_I462V,NS5_I717V,prM_S15G,E_V91I,E_V308I,C_I106V,NS2A_M131T,NS3_K61R,C_V112A,NS5_S523G,NS3_T399A,C_S101T,E_L348S)	10423
hDenV2/Colombia/un-INS-484928/2016	DENV2	III	2III_D.2	EPI_ISL_17783310	2016-07-22	South America / Colombia	Human			unknown	unknown	unknown			C6-36	Serum		(NS5_I637A,NS5_Y247H,NS5_I135T,C_K73E,prM_M135I,NS2A_A89T,NS5_R749K,E_T359I,NS5_E558K,E_N203D,E_V129I,NS3_I140V,NS3_K142R,NS1_T265A,NS4B_D156E,NS4B_P23S,E_T404N,NS3_V567I,NS4A_D23N,NS1_D281E,NS1_I212M,NS5_T811A,NS5_A196T,NS1_N222S,NS3_K28R,E_R120T,NS5_S225A,NS4B_V175I,NS5_I271T,prM_T162A,NS5_S269G,NS5_L670I,E_M6I,NS2A_T197S,NS1_K172R,NS1_I264T,NS5_P822S,NS4B_F112L,prM_M39I,NS2A_L153S,NS5_K375R,NS2A_V109T,NS5_V156I,NS4A_R76K,E_V491A,NS1_V177A,E_I484V,NS3_L115I,NS5_I836V,NS2B_L109V,NS3_M13V,NS3_I333M,NS2A_Q162R,NS5_V628I,NS1_L247F,NS2A_T104A,NS3_R248K,NS4A_I93V,NS5_R246K,NS5_S763T,NS2A_V5I,prM_M83T,NS5_K514R,NS3_A120T,NS3_V351I,E_T478S,NS5_I687V,NS5_S429G,NS1_I93T,NS4B_Q22E,NS5_A865T,NS5_E501G,C_M104V,NS2A_M136I,E_M340T,NS2A_T189A,NS3_R186K,NS4B_A19T,E_I462V,NS5_I717V,C_M91I,prM_S15G,E_V91I,E_V308I,C_I106V,NS3_K61R,C_V112A,NS5_S523G,NS3_T399A,C_S101T)	10096
hDenV2/Colombia/HUI-INS-484978/2016	DENV2	III	2III_D.3	EPI_ISL_17783312	2016-08-23	South America / Colombia / Huila	Human			unknown	unknown	unknown			C6-36	Serum		(NS5_Y247H,C_T62R,E_M6V,NS3_R561K,NS5_R749K,NS5_D771P,NS3_I140V,NS3_K142R,NS5_A19T,NS4B_P23S,C_K9R,NS5_T811A,E_R120T,NS2A_T189S,NS4B_V175I,NS5_L670I,NS5_H768R,NS4B_F112L,NS2A_T115A,NS5_V156I,NS5_A775G,NS4A_R76K,NS4A_R12K,C_N10S,NS5_I779P,E_I484V,NS5_I836V,NS5_A488V,NS3_M13V,C_V26T,NS5_V628I,NS1_L247F,NS5_N777Y,prM_M83T,NS5_K437R,E_T478S,NS5_S429G,NS2A_V109A,NS1_K174R,NS2B_Q64R,NS4B_Q22E,NS5_A865T,NS5_E501G,C_M104V,NS5_R770H,NS2A_M136I,NS3_R186K,NS4B_A19T,prM_S15G,C_I106V,NS5_L772F,NS3_T399A,C_S101T,NS2A_N139S,NS5_I637A,NS5_R773M,NS3_R549K,NS5_I135T,prM_M135I,NS5_E566K,NS5_A778G,E_N203D,NS4B_D156E,NS1_T265A,NS3_V567I,NS4A_D23N,NS5_A196T,NS1_D281E,NS1_I212M,NS1_N222S,NS3_K28R,prM_T162A,NS1_I264T,NS1_K172R,NS3_L115T,prM_M39I,NS2A_L153S,NS5_S225T,NS2A_V133I,E_V491A,NS2A_V174A,NS2B_L109V,NS4A_T59A,NS3_I333M,NS2B_E52A,NS2A_T104A,NS3_R248K,NS5_I5T,NS5_R246K,NS3_I442T,NS5_S763T,NS2A_V5I,NS5_K514R,NS3_A120T,NS5_I687V,NS5_A776V,NS5_C780G,E_M340T,NS1_F178V,NS5_R649K,NS5_I717V,E_V91I,E_V308I,NS3_K61R,C_V112A,NS5_S523G)	10513
hDenV2/Colombia/un-INS-462966/2016	DENV2	III	2III_D.3	EPI_ISL_17783314	2016-01-28	South America / Colombia	Human			unknown	unknown	unknown			C6-36	Serum		(NS5_Y247H,NS3_R561K,NS5_R749K,NS3_K142R,NS3_I140V,NS5_A19T,NS4B_P23S,C_K9R,NS5_T811A,NS2B_R47P,NS2B_V43M,E_R120T,NS2A_T189S,NS4B_V175I,NS5_L670I,E_M6I,NS4B_F112L,NS2A_T115A,NS5_V156I,NS4A_R76K,NS4A_R12K,C_N10S,E_I484V,NS5_I836V,E_S331F,NS3_M13V,NS5_V628I,NS2B_G46L,NS1_L247F,NS5_K437R,prM_M83T,C_V26M,E_T478S,NS5_S429G,NS1_K174R,NS2A_V109A,NS4B_Q22E,NS5_A865T,NS5_E501G,C_M104V,NS2A_M136I,NS3_R186K,NS4B_A19T,prM_S15G,C_I106V,NS3_T399A,NS2B_A49Q,C_S101T,NS2A_N139S,NS5_I637A,NS3_R549K,NS5_I135T,prM_M135I,NS5_V723M,NS5_E566K,E_N203D,NS1_T265A,NS4B_D156E,NS3_V567I,NS4A_D23N,NS5_A196T,NS1_I212M,NS1_D281E,NS1_N222S,NS3_K28R,NS2B_T45S,prM_T162A,NS1_I264T,NS1_K172R,NS3_L115T,NS2A_L153S,prM_M39I,NS5_S225T,E_V491A,NS2A_V174A,NS2B_D50S,NS2B_L109V,NS4A_T59A,NS3_I333M,NS5_T554I,NS2A_T104A,NS3_R248K,NS5_I5T,NS5_R246K,NS5_S763T,NS2A_V5I,NS5_K514R,NS3_A120T,NS5_I687V,E_M340T,NS1_F178V,NS5_R649K,NS5_I717V,E_V308I,E_V91I,NS3_K61R,C_V112A,NS5_S523G,NS2B_L44P)	10725
hDenV2/Colombia/ARA-INS-457058/2016	DENV2	III	2III_D.2	EPI_ISL_17783315	2016-01-04	South America / Colombia / Arauca	Human			unknown	unknown	unknown			C6-36	Serum		(NS5_Y247H,NS5_K524R,NS3_R561K,NS5_R749K,E_T359I,NS5_E558K,NS3_I140V,NS3_K142R,C_K9R,NS5_T811A,E_R120T,NS4B_V175I,NS5_L670I,E_M6I,NS4B_F112L,NS5_K375R,NS2A_V109T,NS5_V156I,NS4A_R76K,NS1_V177A,C_N10S,E_I484V,NS5_I836V,NS3_M13V,NS2A_Q186R,NS2A_Q162R,NS5_V628I,NS1_L247F,NS4A_I93V,prM_M83T,prM_I139V,E_T478S,NS5_T290I,NS5_S429G,E_I170T,NS4B_Q22E,NS5_A865T,NS5_E501G,C_M104V,NS2A_M136I,NS2A_T189A,NS2A_I68V,NS3_R186K,NS4B_A19T,prM_S15G,NS5_T414A,NS3_T399A,C_S101T,NS5_I637A,NS3_R549K,NS5_I135T,prM_M135I,C_K17R,E_N203D,NS1_T265A,NS4B_D156E,NS3_V567I,NS4A_D23N,NS1_D281E,NS1_I212M,NS5_A196T,NS1_N222S,NS3_K28R,prM_T162A,NS1_K172R,NS1_I264T,NS2A_L153S,prM_M39I,NS5_S225T,prM_N7D,E_V491A,NS2A_M150I,NS2A_V174A,NS3_L115I,NS2B_L109V,NS3_I333M,NS5_H634Q,NS2A_T104A,NS3_R248K,NS5_R246K,NS5_S763T,NS2A_V5I,NS5_K514R,E_T486I,NS3_A120T,NS1_I93T,NS2A_H2L,E_M340T,E_V324I,E_I462V,NS5_I717V,E_V308I,E_V91I,NS5_N440D,NS3_K61R,C_V112A,NS5_S523G)	10699
hDenV2/Colombia/un-INS-468118/2016	DENV2	III	2III_D.3	EPI_ISL_17783316	2016-01-16	South America / Colombia	Human			unknown	unknown	unknown			C6-36	Serum		(NS2A_N139S,NS5_N173S,NS5_I637A,NS5_Y247H,NS3_R549K,NS5_I135T,prM_M135I,E_E360G,NS3_R561K,NS5_E558K,E_N203D,NS3_I140V,NS3_K142R,NS5_A19T,NS1_T265A,NS4B_P23S,NS4B_D156E,NS3_V567I,NS4A_D23N,NS1_I212M,NS1_D281E,NS5_A196T,NS5_T811A,NS1_N222S,NS3_K28R,E_R120T,NS4B_V175I,prM_T162A,NS5_L670I,E_M6I,NS1_I264T,NS1_K172R,NS3_L115T,NS4B_F112L,prM_M39I,NS2A_L153S,NS5_S225T,NS5_V156I,NS4A_R76K,NS5_Q760K,NS4A_R12K,E_V491A,NS2A_V174A,E_I484V,NS5_I836V,NS2B_L109V,NS4A_T59A,NS3_M13V,NS3_I333M,NS5_V628I,NS1_L247F,NS3_R248K,NS5_I5T,NS5_R246K,NS5_S763T,NS2A_V5I,prM_M83T,NS5_K437R,NS5_K514R,NS3_A120T,C_V26M,E_T478S,NS5_I687V,NS5_S429G,NS1_K174R,NS4B_Q22E,NS5_A865T,NS5_E501G,C_M104V,NS2A_M136I,E_M340T,NS1_F178V,NS3_R186K,NS5_R649K,NS4B_A19T,NS5_I717V,prM_S15G,E_V91I,E_V308I,C_I106V,NS3_K61R,C_V112A,NS5_S523G,NS3_K355N,NS3_T399A,C_S101T)	10568
hDenV2/Colombia/TOL-INS-425817/2013	DENV2	III	2III_D.3	EPI_ISL_17783317	2013-08-06	South America / Colombia / Tolima	Human			unknown	unknown	unknown			C6-36	Serum		(NS2A_N139S,NS5_I637A,NS5_Y247H,NS3_R549K,NS5_I135T,prM_M135I,NS3_R561K,NS5_R749K,NS5_E558K,E_N203D,NS3_I140V,NS3_K142R,NS5_A19T,NS1_T265A,NS4B_D156E,NS4B_P23S,NS3_V567I,NS4A_D23N,C_K9R,NS1_I212M,NS1_D281E,E_I322V,NS5_A196T,NS5_T811A,NS1_N222S,NS3_K28R,E_R120T,NS2A_T189S,NS4B_V175I,NS3_R513C,prM_T162A,NS5_L670I,E_M6I,NS1_I264T,NS1_K172R,NS3_L115T,NS4B_F112L,NS2A_T115A,NS2A_L153S,prM_M39I,NS5_S225T,NS5_V156I,NS4A_R76K,NS4A_R12K,E_V491A,NS3_A454T,C_N10S,NS2A_V174A,E_I484V,NS5_I836V,NS2B_L109V,NS4A_T59A,NS3_M13V,NS3_I333M,NS5_V628I,NS1_L247F,NS2A_T104A,NS3_R248K,NS5_I5T,NS5_R246K,NS5_S763T,NS4A_R39K,NS2A_V5I,prM_M83T,NS5_K437R,NS5_K514R,NS3_A120T,C_V26M,E_T478S,NS5_I687V,NS5_S429G,NS1_K174R,NS2A_V109A,NS4B_Q22E,NS5_A865T,NS5_E501G,C_M104V,E_M340T,NS2A_M136I,NS1_F178V,NS3_R186K,NS5_R649K,NS4B_A19T,NS5_I717V,prM_S15G,E_V308I,E_V91I,C_I106V,NS3_K61R,C_V112A,NS5_S523G,NS3_T399A,NS5_L853P,C_S101T)	10725
hDenV2/Colombia/MET-INS-422091/2013	DENV2	III	2III_D.2	EPI_ISL_17783318	2013-02-23	South America / Colombia / Meta	Human			unknown	unknown	unknown			C6-36	Serum		(NS5_I637A,NS5_Y247H,NS3_R549K,NS5_I135T,NS2B_K60R,prM_M135I,NS3_R561K,NS5_R749K,E_T359I,NS5_E558K,E_N203D,NS3_I140V,NS3_K142R,NS1_T265A,NS4B_D156E,NS4B_P23S,NS3_V567I,NS4A_D23N,C_K9R,NS1_I212M,NS1_D281E,NS5_A196T,NS5_T811A,NS1_N222S,NS3_K28R,E_R120T,NS4B_V175I,prM_T162A,NS5_L670I,E_M6I,NS2A_V174T,NS1_K172R,NS1_I264T,NS4B_F112L,prM_M39I,NS2A_L153S,NS5_K375R,NS5_S225T,NS2A_V109T,NS5_V156I,NS4A_R76K,NS5_A642D,E_V491A,C_I65M,C_N10S,E_K310R,E_I484V,NS3_L115I,NS5_I836V,NS2B_L109V,NS3_M13V,NS5_S872A,NS3_I333M,NS2A_Q162R,NS5_V628I,NS3_R107K,NS1_L247F,NS2A_T104A,NS3_R248K,NS4A_I93V,NS5_R246K,NS5_S763T,NS2A_V5I,prM_M83T,NS5_K514R,NS3_A120T,NS5_V130I,E_T478S,NS1_T164S,NS5_I687V,NS5_S429G,NS1_I93T,NS4B_Q22E,NS5_A865T,NS5_E501G,C_M104V,NS2A_M136I,E_M340T,NS2A_R138K,NS2A_T189A,NS3_R186K,E_V324I,NS4B_A19T,E_I462V,NS5_I717V,prM_S15G,E_V91I,E_V308I,NS3_K61R,C_V112A,NS5_S523G,NS3_T399A,C_S101T)	10723
hDenV2/Colombia/PUT-INS-423887/2013	DENV2	III	2III_D.3	EPI_ISL_17783320	2013-04-20	South America / Colombia / Putumayo	Human			unknown	unknown	unknown			C6-36	Serum		(NS5_I637A,NS5_Y247H,NS3_R549K,NS5_I135T,prM_M135I,NS1_V346I,NS2A_A37T,NS3_R561K,NS5_R749K,NS5_E558K,E_N203D,NS3_K142R,NS3_I140V,NS1_T265A,NS4B_P23S,NS4B_D156E,NS3_V567I,NS4A_D23N,C_K9R,NS1_D281E,NS1_I212M,NS5_A196T,NS5_T811A,NS1_N222S,NS3_K28R,E_R120T,NS4B_V175I,prM_T162A,NS5_L670I,E_M6I,NS1_K172R,NS1_I264T,NS4B_F112L,NS5_A529V,prM_M39I,NS2A_L153S,NS5_S225T,NS5_V156I,NS4A_R76K,E_V491A,C_N10S,NS2A_V174A,E_I484V,NS5_E807D,NS3_L115I,NS5_I836V,NS2B_L109V,NS3_M13V,NS3_I333M,NS5_V628I,NS1_L247F,NS2A_T104A,NS3_R248K,NS4A_I93V,NS5_R246K,NS3_P106S,NS5_S763T,NS2A_V5I,prM_M83T,NS5_K437R,NS5_K514R,NS3_G14E,NS3_A120T,NS2B_I76V,NS3_D141N,E_T478S,NS5_I687V,NS2B_I8V,NS5_S429G,NS2A_V109A,E_I170T,NS4B_Q22E,NS5_A865T,C_M104V,NS2A_M136I,E_M340T,NS2A_T189A,NS3_R186K,NS5_V667I,NS4B_A19T,E_L348F,NS5_I717V,E_V91I,E_V308I,prM_S15G,C_I106V,NS3_K61R,C_V112A,NS5_S523G,NS5_N876T,NS3_T399A,C_S101T)	10723
hDenV2/Colombia/HUI-INS-452018/2015	DENV2	III	2III_D.3	EPI_ISL_17783322	2015-11-01	South America / Colombia / Huila	Human			unknown	unknown	unknown			C6-36	Serum		(NS2A_N139S,NS5_I637A,NS5_Y247H,NS3_R549K,NS5_I135T,prM_M135I,E_E360G,NS5_E566K,NS3_R561K,NS5_R749K,E_N203D,NS3_K142R,NS3_I140V,NS5_A19T,NS1_T265A,NS4B_P23S,NS4B_D156E,NS3_V567I,NS4A_D23N,C_K9R,NS1_D281E,NS1_I212M,NS5_A196T,NS5_T811A,NS1_N222S,NS3_K28R,E_R120T,NS2A_T189S,NS4B_V175I,prM_T162A,NS5_L670I,E_M6I,NS1_I264T,NS1_K172R,NS3_L115T,NS4B_F112L,NS2A_T115A,NS2A_L153S,prM_M39I,NS5_S225T,NS5_V156I,NS4A_R76K,NS4A_R12K,E_V491A,C_N10S,NS2A_V174A,E_I484V,NS5_I836V,NS2B_L109V,NS4A_T59A,E_S331F,NS3_M13V,NS3_I333M,NS5_V628I,NS1_L247F,NS2A_T104A,NS3_R248K,NS5_I5T,NS5_R246K,NS5_S763T,NS2A_V5I,prM_M83T,NS5_K437R,NS5_K514R,NS3_A120T,C_V26M,E_T478S,NS5_I687V,NS1_K174R,NS2A_V109A,NS4B_Q22E,NS5_A865T,NS5_E501G,C_M104V,E_M340T,NS2A_M136I,NS1_F178V,NS3_R186K,NS5_R649K,NS4B_A19T,NS5_I717V,prM_S15G,E_V308I,E_V91I,C_I106V,NS3_K61R,C_V112A,NS5_S523G,NS4B_V48I,NS3_T399A,C_S101T)	10725
hDenV2/Colombia/CAL-INS-427516/2013	DENV2	III	2III_D.3	EPI_ISL_17783325	2013	South America / Colombia / Caldas	Human			unknown	unknown	unknown			C6-36	Serum		(NS5_I276V,NS5_I637A,NS5_Y247H,NS3_R549K,NS5_I135T,prM_M135I,NS2A_A37T,NS3_R561K,NS5_R749K,NS3_A558T,NS5_E558K,E_N203D,NS3_K142R,NS3_I140V,NS1_T265A,NS4B_P23S,NS4B_D156E,NS3_V567I,NS4A_D23N,C_K9R,NS1_I212M,NS1_D281E,NS5_A196T,NS5_T811A,NS1_N222S,NS3_K28R,E_R120T,NS4B_V175I,prM_T162A,NS5_L670I,E_M6I,NS1_I264T,NS1_K172R,NS4B_F112L,NS5_A529V,NS2A_L153S,prM_M39I,NS5_S225T,NS5_V156I,NS4A_R76K,E_V491A,C_N10S,NS2A_V174A,E_I484V,NS5_E807D,NS3_L115I,NS5_I836V,NS2B_L109V,NS3_M13V,NS3_I333M,NS5_V628I,NS1_L247F,NS2A_T104A,NS3_R248K,NS4A_I93V,NS5_R246K,NS3_V273I,NS5_S763T,NS2A_V5I,prM_M83T,NS5_K437R,NS5_K514R,NS3_A120T,NS2B_I76V,NS3_D141N,E_T478S,NS5_I687V,NS5_S429G,NS2A_V109A,E_I170T,NS4B_Q22E,NS5_A865T,NS5_E501G,NS5_R596K,C_M104V,E_M340T,NS2A_M136I,NS2A_T189A,NS3_R186K,NS4B_A19T,NS5_I717V,E_V91I,E_V308I,prM_S15G,C_I106V,NS3_K61R,C_V112A,NS5_S523G,NS5_N876T,NS3_T399A,NS3_H348Y,C_S101T)	10724
hDenV2/Colombia/TOL-INS-428702/2014	DENV2	III	2III_D.3	EPI_ISL_17783326	2014-01-14	South America / Colombia / Tolima	Human			unknown	unknown	unknown			C6-36	Serum		(NS2A_N139S,NS5_I637A,NS5_Y247H,NS3_R549K,NS5_I135T,prM_M135I,NS3_R561K,NS5_R749K,NS5_E558K,E_N203D,NS3_I140V,NS3_K142R,NS5_A19T,NS1_T265A,NS4B_P23S,NS4B_D156E,NS3_V567I,NS4A_D23N,C_K9R,NS1_D281E,NS1_I212M,NS5_T811A,NS5_A196T,NS1_N222S,NS3_K28R,E_R120T,NS4B_V175I,prM_T162A,NS5_L670I,E_M6I,NS1_I264T,NS1_K172R,NS3_L115T,NS4B_F112L,NS2A_T115A,NS2A_L153S,prM_M39I,NS5_S225T,NS5_V156I,NS4A_R76K,NS4A_R12K,C_N10S,NS2A_V174A,E_I484V,NS5_I836V,NS2B_L109V,NS4A_T59A,NS3_M13V,NS3_I333M,NS5_V628I,NS1_L247F,NS2A_T104A,NS3_R248K,NS5_I5T,NS5_R246K,NS5_S763T,NS2A_V5I,prM_M83T,NS5_K514R,NS5_K437R,NS3_A120T,C_V26M,E_T478S,NS5_I687V,NS5_S429G,NS1_K174R,NS2A_V109A,NS4B_Q22E,NS5_A865T,NS5_E501G,NS5_I691T,C_M104V,E_M340T,NS2A_M136I,NS1_F178V,NS3_R186K,NS5_R649K,NS4B_A19T,NS5_I717V,prM_S15G,E_V308I,E_V91I,C_I106V,NS3_K61R,C_V112A,NS5_S523G,NS3_T399A,C_S101T)	10698
hDenV2/Colombia/MET-INS-434321/2014	DENV2	III	2III_D.3	EPI_ISL_17783327	2014-09-18	South America / Colombia / Meta	Human			unknown	unknown	unknown			C6-36	Serum		(NS5_Y247H,NS3_R561K,NS5_R749K,NS5_E558K,NS5_A19T,NS3_K142R,NS3_I140V,NS4B_P23S,C_K9R,NS5_T811A,E_R120T,NS2A_T189S,NS4B_V175I,NS5_L670I,E_M6I,NS4B_F112L,NS2A_T115A,NS5_K800Q,NS5_V156I,NS4A_R76K,NS4A_R12K,C_N10S,E_I484V,NS5_I836V,NS3_M13V,NS5_V628I,NS1_L247F,prM_M83T,NS5_K437R,NS2A_L121F,C_V26M,E_T478S,NS5_S429G,NS1_K174R,NS2A_T42I,NS2A_V109A,NS4B_Q22E,NS5_A865T,NS5_E501G,C_M104V,NS2A_M136I,NS3_R186K,NS3_I473T,NS4B_A19T,prM_S15G,C_I106V,NS3_T399A,C_S101T,NS2A_N139S,NS5_I637A,NS3_R549K,NS5_I135T,prM_M135I,E_N203D,NS5_C145W,NS4B_D156E,NS1_T265A,NS3_V567I,NS4A_D23N,NS1_I212M,NS1_D281E,NS5_A196T,NS1_N222S,NS2A_R94K,NS3_K28R,prM_T162A,NS1_I264T,NS1_K172R,NS3_L115T,prM_M39I,NS2A_L153S,NS5_S225T,E_V491A,NS2A_V174A,NS2B_L109V,NS4A_T59A,NS3_I333M,NS2A_T104A,NS3_R248K,NS5_I5T,NS5_R246K,NS5_S763T,NS2A_V5I,NS5_K514R,NS1_H261R,NS3_A120T,E_I312V,NS5_I687V,E_M340T,NS1_F178V,NS5_R649K,NS5_I717V,E_V308I,E_V91I,NS3_K61R,C_V112A)	10725
hDenV2/Colombia/RIS-INS-449277/2015	DENV2	III	2III_D.3	EPI_ISL_17783328	2015-08-20	South America / Colombia / Risaralda	Human			unknown	unknown	unknown			C6-36	Serum		(NS2A_N139S,NS5_I637A,NS5_Y247H,NS3_R549K,NS5_I135T,prM_M135I,NS5_K887R,E_E360G,NS5_E566K,NS3_R561K,NS5_R749K,E_N203D,NS3_K142R,NS3_I140V,NS5_A19T,NS1_T265A,NS4B_D156E,NS4B_P23S,NS3_V567I,NS4A_D23N,C_K9R,NS1_D281E,NS1_I212M,NS5_T811A,NS5_A196T,NS1_N222S,NS3_K28R,E_R120T,NS4B_V175I,prM_T162A,NS5_L670I,E_M6I,NS3_Q456R,NS1_K172R,NS1_I264T,NS3_L115T,NS4B_F112L,NS2A_T115A,prM_M39I,NS2A_L153S,NS5_S225T,NS5_V156I,NS4A_R76K,NS4A_R12K,E_V491A,NS3_A454T,C_N10S,NS2A_V174A,E_I484V,NS5_I836V,NS2B_L109V,NS4A_T59A,E_S331F,NS3_M13V,NS5_V628I,NS2A_T104A,NS3_R248K,NS5_I5T,NS5_R246K,NS5_S763T,NS2A_V5I,prM_M83T,NS5_K514R,NS5_K437R,NS3_A455T,NS3_A120T,C_V26M,E_T478S,NS5_I687V,NS5_S429G,NS1_K174R,NS2A_V109A,NS3_S453R,NS4B_Q22E,NS5_A865T,NS5_E501G,C_M104V,NS2A_M136I,E_M340T,NS1_F178V,NS3_R186K,NS5_R649K,NS4B_A19T,NS5_I717V,prM_S15G,E_V91I,E_V308I,C_I106V,NS3_K61R,C_V112A,NS5_S523G,NS4B_V48I,NS3_T399A,C_S101T)	10274
hDenV2/Colombia/HUI-INS-449308/2015	DENV2	III	2III_D.3	EPI_ISL_17783329	2015	South America / Colombia / Huila	Human			unknown	unknown	unknown			C6-36	Serum		(NS5_Y247H,E_E360G,NS3_R561K,NS5_R749K,NS3_K142R,NS3_I140V,NS5_A19T,NS4B_P23S,NS1_S114T,C_K9R,NS5_T811A,E_R120T,NS2A_T189S,NS4B_V175I,NS5_L670I,E_M6I,NS4B_F112L,NS2A_T115A,NS5_V156I,NS4A_R76K,NS4A_R12K,C_N10S,E_I484V,NS5_I836V,E_S331F,NS3_M13V,NS1_P108C,NS5_V628I,NS4B_M142K,prM_M83T,NS5_K437R,C_V26M,E_T478S,NS5_S429G,NS1_K174R,NS2A_V109A,NS4B_Q22E,NS5_A865T,NS5_E501G,C_M104V,NS2A_M136I,NS3_R186K,NS4B_A19T,NS4B_Y99D,C_I106V,NS4B_V48I,NS3_T399A,NS1_Y113E,C_S101T,NS2A_N139S,NS5_I637A,NS3_R549K,NS5_I135T,E_H209L,prM_M135I,NS5_E566K,E_N203D,NS4B_D156E,NS1_T265A,NS3_V567I,NS4A_D23N,NS1_D281E,NS1_I212M,NS5_A196T,NS1_N222S,NS3_K28R,prM_T162A,NS1_K172R,NS1_I264T,NS3_L115T,NS1_Q107P,prM_M39I,NS2A_L153S,NS5_S225T,E_V491A,NS2A_V174A,NS2B_L109V,NS4A_T59A,NS2A_T104A,NS3_R248K,NS5_I5T,NS5_R246K,NS5_S763T,NS2A_V5I,NS5_K514R,NS3_A120T,NS5_I687V,NS4B_G140R,E_M340T,NS1_F178V,NS5_R649K,NS5_I717V,E_V308I,E_V91I,NS3_K61R,C_V112A,NS5_S523G,NS1_L111M)	10725
hDenV2/Colombia/TOL-INS-449418/2015	DENV2	III	2III_D.3	EPI_ISL_17783330	2015-08-25	South America / Colombia / Tolima	Human			unknown	unknown	unknown			C6-36	Serum		(NS5_Y247H,NS3_R561K,NS5_R749K,NS5_S260M,NS3_I140V,NS3_K142R,NS5_A19T,NS4B_P23S,NS2B_R47L,NS5_T811A,E_R120T,NS2A_T189S,NS5_R263S,NS4B_V175I,NS5_L670I,E_M6I,NS5_M552K,NS4B_F112L,NS2A_T115A,NS5_V156I,NS4A_R76K,NS4A_R12K,E_I484V,NS5_I836V,NS3_M13V,NS5_V628I,NS1_L247F,NS5_N264Y,prM_M83T,NS5_K437R,NS5_T262S,C_V26M,E_T478S,NS5_S429G,NS1_K174R,NS2A_V109A,NS4B_Q22E,NS5_A865T,NS5_E501G,C_M104V,NS2A_M136I,NS3_R186K,NS4B_A19T,prM_S15G,C_I106V,NS2B_A49L,NS3_T399A,C_S101T,NS2A_N139S,NS5_I637A,NS3_R549K,NS5_I135T,prM_M135I,NS5_E566K,E_N203D,NS4B_D156E,NS1_T265A,NS4A_D23N,NS3_V567I,NS1_I212M,NS1_D281E,NS5_A196T,NS1_N222S,NS3_K28R,NS2B_S48P,prM_T162A,NS1_I264T,NS1_K172R,NS3_L115T,NS2A_L153S,prM_M39I,NS5_S225T,E_V491A,NS2A_V174A,NS2B_L109V,NS4A_T59A,NS2B_D50L,NS3_I333M,NS2A_T104A,NS3_R248K,NS5_I5T,NS5_R246K,NS5_S763T,NS2A_V5I,NS5_K514R,NS3_A120T,NS5_I687V,E_M340T,NS1_F178V,NS5_R649K,NS5_I717V,E_V308I,E_V91I,NS3_K61R,C_V112A,NS5_S523G)	10699
hDenV2/Colombia/PUT-INS-449510/2015	DENV2	III	2III_D.3	EPI_ISL_17783331	2015-09-05	South America / Colombia / Putumayo	Human			unknown	unknown	unknown			C6-36	Serum		(NS2A_N139S,NS5_I637A,NS5_Y247H,NS3_R549K,NS5_I135T,prM_M135I,NS5_E566K,NS3_R561K,NS5_R749K,E_N203D,NS3_K142R,NS3_I140V,NS5_A19T,NS1_T265A,NS4B_P23S,NS4B_D156E,NS3_V567I,NS4A_D23N,C_K9R,NS1_I212M,NS1_D281E,NS5_A196T,NS5_T811A,NS1_N222S,NS3_K28R,E_R120T,NS2A_T189S,NS4B_V175I,prM_T162A,NS5_L670I,E_M6I,NS1_I264T,NS1_K172R,NS5_M552K,NS3_L115T,NS4B_F112L,NS2A_T115A,NS2A_L153S,prM_M39I,NS5_S225T,NS5_V156I,NS4A_R76K,NS4A_R12K,E_V491A,C_N10S,NS2A_V174A,E_I484V,NS5_I836V,NS2B_L109V,NS4A_T59A,NS3_M13V,NS3_I333M,NS5_V628I,NS1_L247F,NS2A_T104A,NS3_R248K,NS5_I5T,NS5_R246K,NS5_S763T,NS2A_V5I,prM_M83T,NS5_K437R,NS5_K514R,NS3_A120T,C_V26M,E_T478S,NS5_I687V,NS5_S429G,NS1_K174R,NS2A_V109A,NS4B_Q22E,NS5_A865T,NS5_E501G,C_M104V,E_M340T,NS2A_M136I,NS1_F178V,NS3_R186K,NS5_R649K,NS4B_A19T,NS5_I717V,prM_S15G,E_V308I,E_V91I,C_I106V,NS3_K61R,C_V112A,NS5_S523G,NS3_T399A,C_S101T)	10724
hDenV2/Colombia/un-INS-450446/2015	DENV2	III	2III_D.2	EPI_ISL_17783334	2015	South America / Colombia	Human			unknown	unknown	unknown			C6-36	Serum		(NS5_Y247H,E_T404I,NS3_R561K,NS5_R749K,E_T359I,NS2A_M57V,NS5_E558K,NS3_K142R,NS3_I140V,NS4B_P23S,NS4A_G38S,C_K9R,NS5_T811A,NS5_K467G,E_R120T,NS4B_V175I,NS5_L670I,E_M6I,NS2A_A146V,NS4A_L31S,NS4B_F112L,NS5_K375R,NS2A_V109T,NS5_V156I,NS4A_G37F,C_N10S,NS4A_E35Q,NS5_I836V,NS3_M13V,NS5_V628I,NS4A_I93V,NS5_K437R,prM_M83T,NS2A_V58A,E_T478S,NS5_S429G,NS2A_M59G,NS4A_M10V,NS4B_Q22E,NS5_E501G,C_M104V,NS2A_M136I,NS2A_T189A,NS4A_V30F,NS3_R186K,NS4B_A19T,prM_T125N,prM_S15G,NS4A_H32L,C_I106V,NS4B_V48I,NS3_T399A,NS4A_I89V,C_S101T,NS5_I637A,NS3_R549K,NS5_I135T,prM_M135I,E_N203D,NS1_T265A,NS4B_D156E,NS3_V567I,NS4A_D23N,NS5_A196T,E_D329E,NS1_D281E,NS1_I212M,NS1_N222S,NS3_K28R,NS4A_A36R,prM_T162A,NS1_K172R,NS1_I264T,NS4A_A40L,NS2A_L153S,prM_M39I,NS5_S225T,E_V491A,NS2A_V174A,NS3_L115I,NS2B_L109V,NS3_I333M,NS2A_T104A,NS3_R248K,NS5_R246K,NS4B_T246A,NS5_S763T,NS4A_R39L,NS2A_V5I,NS4A_T33G,NS5_K514R,NS3_A120T,NS4A_A34P,NS5_S23N,NS5_I687V,NS1_I93T,E_M340T,NS4A_A29L,NS5_I717V,E_V308I,E_V91I,NS3_K61R,C_V112A,NS5_S523G)	10698
hDenV2/Colombia/COR-UNICORDOBA-23/2021	DENV2	III	2III_D.2	EPI_ISL_17977444	2021-11-11	South America / Colombia / Cordoba / Cerete	Human		Human surveillance	Female	17	Released			Original	Serum		(NS5_I637A,NS5_Y247H,2K_Q3E,NS3_R549K,NS5_I135T,prM_M135I,NS3_R561K,NS5_R749K,NS5_E558K,C_K17R,E_N203D,NS3_K142R,NS3_I140V,NS1_T265A,NS4B_D156E,NS3_V567I,NS4A_D23N,NS4B_E24D,C_K9R,NS2A_I206F,NS1_D281E,NS1_I212M,NS3_R184Q,NS5_T811A,NS1_N222S,NS3_K28R,E_R120T,NS2A_L208Q,NS4B_V175I,prM_T162A,NS5_L670I,E_M6I,NS1_I264T,NS1_K172R,NS3_I339N,NS4B_F112L,NS2A_L153T,prM_M39I,NS5_K375R,NS5_S225T,NS5_T638I,NS2A_V109T,NS5_V156I,NS4A_R76K,NS3_R342L,E_V491A,NS1_V177A,C_N10S,NS2A_V174A,E_I484V,NS3_L115I,NS5_I836V,NS2B_L109V,NS4B_T20A,NS4B_Y41H,NS3_M13V,NS5_V628I,NS3_R337K,NS4B_A137T,NS1_L247F,NS2A_T104A,NS3_R248K,NS4A_I93V,NS5_R246K,NS5_S763T,NS2A_V5I,NS3_R187K,prM_M83T,NS5_K514R,NS3_A120T,E_K361R,E_T478S,NS1_T164S,NS5_S429G,E_I170T,NS5_A865T,NS5_E501G,C_M104V,NS2A_H2L,E_M340T,NS2A_M136I,NS3_S343del,NS2A_T189A,NS3_R186K,E_V324I,NS4B_A19T,E_I462V,NS5_I717V,E_V308I,prM_S15G,NS3_K61R,C_V112A,NS5_S523G,NS3_T399A,C_S101T)	10498
hDenV2/Colombia/un-Yale-DH158/2006	DENV2	III	2III_D.2	EPI_ISL_18081096	2006-01-01	South America / Colombia	Human			unknown	unknown	unknown			Cell culture			(NS5_I637A,NS5_Y247H,NS3_R549K,NS3_H451Y,NS5_I135T,prM_M135I,NS3_R561K,NS5_R749K,E_T359I,NS5_E558K,E_N203D,NS3_K142R,NS3_I140V,NS1_T265A,NS4B_D156E,NS4B_P23S,NS3_V567I,NS4A_D23N,C_K9R,NS1_D281E,NS1_I212M,NS5_T811A,NS5_A196T,NS1_N222S,NS3_K28R,E_R120T,NS4B_V175I,prM_T162A,NS5_L670I,E_M6I,NS1_K172R,NS1_I264T,NS4B_F112L,prM_M39I,NS2A_L153S,NS5_K375R,NS5_S225T,NS2A_V109T,NS5_V156I,NS4A_R76K,E_V491A,C_N10S,NS2A_V174A,E_I484V,NS3_L115I,NS5_I836V,NS2B_L109V,NS3_M13V,NS5_K30I,NS3_I333M,NS2A_Q162R,NS5_V628I,NS1_L247F,NS2A_T104A,NS3_R248K,NS4A_I93V,NS5_R246K,NS5_S763T,NS2A_V5I,NS3_R187K,prM_M83T,NS5_K514R,NS5_K437R,NS3_A120T,E_T478S,NS5_I687V,NS5_S429G,NS1_I93T,NS4B_Q22E,NS5_A865T,NS5_E501G,C_M104V,NS4B_V63I,NS2A_M136I,E_M340T,NS2A_T189A,NS3_R186K,NS4B_A19T,E_I462V,NS5_I717V,prM_S15G,E_V308I,E_V91I,C_I106V,NS3_K61R,C_V112A,NS5_S523G,NS3_T399A,C_S101T)	10512
hDenV2/Colombia/un-Yale-DH059/1993	DENV2	III	2III_B	EPI_ISL_18081166	1993-01-01	South America / Colombia	Human			unknown	unknown	unknown			Cell culture			(E_Q131L,NS5_Y247H,prM_T134A,NS5_I135T,E_N203E,prM_M135I,NS5_R749K,NS3_I140V,NS3_K142R,NS1_T265A,NS4B_D156E,NS4B_P23S,NS3_V567I,C_K9R,NS1_I212M,NS1_D281E,NS5_T811A,NS5_A196T,NS5_I637V,NS1_N222S,NS2A_A88V,NS3_K28R,NS5_E558R,E_R120T,NS4B_V175I,prM_T162A,E_M6I,NS1_K172R,NS1_I264T,NS4B_F112L,NS2A_L153S,prM_M39I,NS5_K375R,NS1_L206F,NS5_S225T,NS5_V156I,NS4A_R76K,E_V491A,C_N10S,E_I484V,NS5_I836V,NS2B_L109V,NS3_M13V,NS3_K418R,NS3_I333M,NS5_V628I,NS1_L247F,NS5_R246K,NS5_R698K,NS5_S763T,NS2A_Q162L,NS2A_V5I,NS4B_A197V,prM_M83T,NS5_K437R,NS5_K514R,NS3_K381R,NS3_G14E,NS3_A120T,E_T478S,NS1_T164S,NS5_I687V,NS2B_I8V,NS2A_V109A,NS4B_Q22E,NS5_A865T,NS5_E501G,C_M104V,NS2A_M136I,NS2A_T189A,NS3_R186K,NS4B_A19T,NS5_I717V,prM_S15G,E_V91I,E_V308I,NS3_K61R,C_V112A,NS3_T399A,C_S101T)	10512
hDenV2/Colombia/MET-UR-207/2023	DENV2	II	2II_F.1.1.2	EPI_ISL_18363167	2023-05-01	South America / Colombia / Meta	Human			unknown	unknown	unknown			Original	Serum		(NS5_I637A,NS5_R430G,NS5_I135T,NS5_T176I,NS2B_K60R,NS5_Q644K,prM_M135I,E_Q52H,NS4B_T244A,NS5_V335I,E_N203D,E_V129I,NS3_I140V,NS1_T265A,NS4A_D23N,C_K9R,NS5_V164I,NS1_I212M,NS1_D281E,NS2B_L21F,prM_K52N,NS1_N222S,E_R120T,NS5_I271V,prM_T162A,prM_D29N,E_M6I,NS1_I264T,NS1_Q131H,NS4B_F112L,NS5_K800T,prM_A152V,NS4A_R76K,NS3_K15R,E_I484V,prM_T82A,prM_H148Y,NS3_M13V,NS3_I333M,NS1_L247I,NS1_S80T,NS2B_D63E,NS5_I5T,NS3_V273I,NS2A_V5I,NS2A_I171A,prM_M83T,NS1_T117A,NS5_S15N,NS3_A120T,NS3_V395I,NS3_A160T,NS4B_L13F,E_T478S,prM_I127V,NS5_R98K,NS1_K174R,E_H149N,NS5_A865T,NS1_S128L,E_E71A,NS5_M70L,NS4B_V115I,C_L108M,NS2A_M136I,NS2B_V59I,NS3_I461V,E_V324I,NS1_F178S,NS4B_A19T,NS5_S676N,NS5_G605V,prM_V120A,E_I462V,C_M104I,NS4B_V48I,NS5_K570R,NS1_K272R,NS4A_I89V,C_S101T)	10177
hDenV2/Colombia/MET-UR-237/2023	DENV2	II	2II_F.1.1.2	EPI_ISL_18363168	2023-05-03	South America / Colombia / Meta	Human			unknown	unknown	unknown			Original	Serum		(NS5_I637A,NS5_R430G,NS5_T176I,NS5_I135T,NS2B_K60R,NS5_Q644K,prM_M135I,E_Q52H,NS4B_T244A,NS5_V335I,E_N203D,E_V129I,NS3_I140V,NS1_T265A,NS4A_D23N,C_K9R,NS5_V164I,NS2B_L21F,NS1_D281E,NS1_I212M,prM_K52N,NS1_N222S,E_R120T,NS5_I271V,prM_T162A,prM_D29N,E_M6I,NS1_I264T,NS1_Q131H,NS4B_F112L,NS5_K800T,prM_A152V,NS4A_R76K,NS3_K15R,E_I484V,prM_T82A,prM_H148Y,NS3_M13V,NS3_I333M,NS1_L247I,NS1_S80T,NS2B_D63E,NS5_I5T,NS3_V273I,NS2A_V5I,NS2A_I171A,prM_M83T,E_N390S,NS1_T117A,NS5_S15N,NS3_A120T,NS3_V395I,NS3_A160T,NS4B_L13F,E_T478S,prM_I127V,NS5_R98K,E_H149N,NS5_A865T,NS1_S128L,E_E71A,NS5_M70L,NS4B_V115I,C_L108M,NS2A_M136I,NS2B_V59I,NS3_I461V,NS3_R186K,E_V324I,NS1_F178S,NS4B_A19T,NS5_G605V,NS5_S676N,prM_V120A,E_I462V,C_M104I,NS4B_V48I,NS5_K570R,NS1_K272R,NS4A_I89V,C_S101T)	10177
hDenV2/Colombia/un-UDEA-LET1268/2023	DENV2	II	2II_F.1.1.2	EPI_ISL_18474688	2023-02-07	South America / Colombia	Human			unknown	unknown	unknown			Original	Serum		(NS5_I637A,NS5_R430G,NS5_T176I,NS5_I135T,NS2B_K60R,NS5_R749Q,NS5_Q644K,prM_M135I,E_Q52H,NS4B_T244A,NS2A_I33T,E_T226I,NS5_V335I,E_V129I,NS3_I140V,NS1_T265A,NS3_V567I,NS4A_D23N,C_K9R,NS1_D281E,NS2B_L21F,prM_K52N,NS1_N222S,E_R120T,NS5_I271V,prM_T162A,E_M6I,prM_D29N,NS1_I264T,NS1_Q131H,NS4B_F112L,NS5_K800T,NS2A_V177L,NS4A_R76K,NS1_V177A,NS3_K15R,E_I484V,prM_A152I,prM_T82A,prM_H148Y,NS3_M13V,NS3_I333M,NS1_L247I,NS1_S80T,NS2B_D63E,NS3_R248K,NS5_I5T,NS3_V273I,NS2A_V5I,NS2A_I171A,prM_M83T,E_N390S,C_V26A,NS1_T117A,NS5_S15N,NS3_A120T,NS3_V395I,NS3_A160T,NS4B_L13F,E_T478S,prM_I127V,NS5_I687V,NS5_R98K,NS1_K174R,E_H149N,NS5_A865T,NS1_S128L,E_E71A,NS5_M70L,NS4B_V115I,C_L108M,NS2A_M136I,NS2B_V59I,NS3_I461V,NS3_R186K,NS1_F178S,NS4B_A19T,NS5_S676N,NS5_G605V,prM_V120A,E_I462V,C_M104I,NS4B_V48I,NS5_K570R,NS1_K272R,NS4A_I89V,C_S101T)	10181
hDenV2/Colombia/un-UDEA-LET1208/2022	DENV2	II	2II_F.1.1.2	EPI_ISL_18474689	2022-11-30	South America / Colombia	Human			unknown	unknown	unknown			Original	Serum		(NS5_I637A,NS5_R430G,NS5_I135T,NS5_T176I,NS2B_K60R,NS5_Q644K,prM_M135I,E_Q52H,NS4B_T244A,NS5_V335I,E_V129I,NS3_I140V,NS1_T265A,NS4A_D23N,C_K9R,NS1_D281E,NS2B_L21F,prM_K52N,NS1_N222S,E_R120T,NS5_I271V,prM_T162A,prM_D29N,E_M6I,NS1_I264T,NS4B_V175L,NS1_Q131H,NS1_Q175H,NS4B_F112L,NS5_K800T,NS4A_R76K,NS3_K15R,E_I484V,prM_A152I,prM_T82A,prM_H148Y,NS3_M13V,NS3_I333M,NS1_L247I,NS1_S80T,NS2B_D63E,NS5_I5T,NS3_V273I,NS5_E831A,NS2A_V5I,NS2A_I171A,prM_M83T,E_N390S,NS1_T117A,NS5_S15N,NS3_A120T,NS3_V395I,NS3_A160T,NS4B_L13F,E_T478S,prM_I127V,NS5_I687V,NS5_R98K,NS5_T290I,NS1_K174R,NS2A_V109A,E_H149N,NS5_A865T,NS1_S128L,E_E71A,NS5_M70L,NS4B_V115I,C_L108M,NS2A_M136I,NS2B_V59I,NS3_R186K,NS3_I461V,NS1_F178S,NS4B_A19T,NS5_S676N,NS5_G605V,prM_V120A,E_I462V,C_M104I,NS4B_V48I,NS5_K570R,NS4A_I89V,C_S101T)	10181
hDenV2/Colombia/un-UDEA-1145/2022	DENV2	II	2II_F.1.1.2	EPI_ISL_18474690	2022-10-28	South America / Colombia	Human			unknown	unknown	unknown			Cell culture			(NS5_I637A,NS5_R430G,NS5_I135T,NS5_T176I,NS2B_K60R,NS5_Q644K,prM_M135I,E_Q52H,NS4B_T244A,NS5_V335I,E_V129I,NS3_I140V,NS1_T265A,NS4A_D23N,C_K9R,NS5_V164I,NS1_D281E,NS2B_L21F,prM_K52N,NS1_N222S,E_R120T,NS5_I271V,prM_T162A,prM_D29N,E_M6I,NS1_I264T,NS1_Q131H,NS1_Q175H,NS4B_F112L,NS5_K800T,NS4A_R76K,NS3_K15R,E_I484V,prM_A152I,prM_T82A,prM_H148Y,NS3_M13V,NS3_I333M,NS1_L247I,NS1_S80T,NS2B_D63E,NS5_I5T,NS3_V273I,NS2A_V5I,NS2A_I171A,prM_M83T,E_N390S,NS1_T117A,NS5_S15N,NS3_A120T,NS3_V395I,NS3_A160T,NS4B_L13F,E_T478S,NS5_K383R,prM_I127V,NS5_R98K,NS5_I687V,NS5_T290I,NS1_K174R,E_H149N,NS5_A865T,NS1_S128L,E_E71A,NS5_M70L,NS4B_V115I,C_L108M,NS2A_M136I,NS2B_V59I,NS3_R186K,NS3_I461V,NS1_F178S,NS4B_A19T,NS5_G605V,NS5_S676N,prM_V120A,E_I462V,C_M104I,NS4B_V48I,NS5_K570R,NS1_K272R,NS4A_I89V,C_S101T)	10698
hDenV2/Colombia/un-UDEA-LET1260/2023	DENV2	II	2II_F.1.1.2	EPI_ISL_18474691	2023-02-01	South America / Colombia	Human			unknown	unknown	unknown			Original	Serum		(NS5_I637A,NS5_R430G,NS5_T176I,NS5_I135T,NS2B_K60R,NS5_Q644K,prM_M135I,E_Q52H,NS4B_T244A,NS5_V335I,E_V129I,NS3_I140V,NS1_T265A,NS4A_D23N,C_K9R,NS2B_L21F,NS1_D281E,prM_K52N,NS1_N222S,E_R120T,NS5_I271V,prM_T162A,E_M6I,prM_D29N,NS1_I264T,NS1_Q175H,NS1_Q131H,NS4B_F112L,NS5_K800T,NS4A_R76K,NS3_K15R,E_I484V,prM_A152I,prM_T82A,prM_H148Y,NS3_M13V,NS3_I333M,NS1_L247I,NS1_S80T,NS2B_D63E,NS5_I5T,NS3_V273I,NS5_E831A,NS2A_I171A,NS2A_V5I,prM_M83T,E_N390S,NS1_T117A,NS5_S15N,NS3_A120T,NS3_V395I,NS3_A160T,NS4B_L13F,E_T478S,prM_I127V,NS5_I687V,NS5_R98K,NS5_T290I,NS1_K174R,NS2A_V109A,E_H149N,NS5_A865T,NS1_S128L,E_E71A,NS5_M70L,NS4B_V115I,C_L108M,NS2A_M136I,NS2B_V59I,NS3_R186K,NS3_I461V,NS1_F178S,NS4B_A19T,NS5_G605V,NS5_S676N,prM_V120A,E_I462V,C_M104I,NS4B_V48I,NS5_K570R,NS1_K272R,NS4A_I89V,C_S101T)	10181
hDenV2/Colombia/un-UDEA-1262/2023	DENV2	II	2II_F.1.1.2	EPI_ISL_18474692	2023-02-02	South America / Colombia	Human			unknown	unknown	unknown			Cell culture			(NS5_I637A,NS5_R430G,NS5_I135T,NS5_T176I,NS2B_K60R,NS5_Q644K,prM_M135I,E_Q52H,NS4B_T244A,NS5_V335I,E_V129I,NS3_I140V,NS1_T265A,NS4A_D23N,C_K9R,NS5_V164I,NS2B_L21F,NS1_D281E,prM_K52N,NS1_N222S,E_R120T,NS5_I271V,prM_T162A,E_M6I,prM_D29N,NS1_I264T,NS1_Q175H,NS1_Q131H,NS4B_F112L,NS5_K800T,NS4A_R76K,NS3_K15R,E_I484V,prM_A152I,prM_T82A,NS2A_K142R,prM_H148Y,NS3_M13V,NS3_I333M,NS1_L247I,NS1_S80T,NS2B_D63E,NS5_I5T,NS3_V273I,NS2A_I171A,NS2A_V5I,prM_M83T,E_N390S,NS1_T117A,NS5_S15N,NS3_A120T,NS3_V395I,NS3_A160T,NS4B_L13F,E_T478S,NS5_K383R,prM_I127V,NS5_I687V,NS5_R98K,NS5_T290I,NS1_K174R,E_H149N,NS5_A865T,NS1_S128L,E_E71A,NS5_M70L,NS4B_V115I,C_L108M,NS2A_M136I,NS2B_V59I,NS3_R186K,NS3_I461V,NS1_F178S,NS4B_A19T,NS5_G605V,NS5_S676N,prM_V120A,E_I462V,C_M104I,NS4B_V48I,NS5_K570R,NS1_K272R,NS4A_I89V,C_S101T)	10572
hDenV2/Colombia/un-UDEA-1125/2022	DENV2	II	2II_F.1.1.2	EPI_ISL_18474693	2022-10-15	South America / Colombia	Human			unknown	unknown	unknown			Cell culture			(NS5_I637A,NS5_R430G,NS5_I135T,NS5_T176I,NS2B_K60R,NS5_Q644K,prM_M135I,E_Q52H,NS4B_T244A,NS5_V335I,E_V129I,NS3_I140V,NS1_T265A,NS4A_D23N,C_K9R,NS2B_L21F,NS1_D281E,prM_K52N,NS1_N222S,E_R120T,NS5_I271V,prM_T162A,prM_D29N,E_M6I,NS1_I264T,NS1_Q175H,NS1_Q131H,NS4B_F112L,NS5_K800T,NS4A_R76K,NS3_K15R,E_I484V,prM_A152I,prM_T82A,prM_H148Y,NS3_M13V,NS3_I333M,NS1_L247I,NS1_S80T,NS2B_D63E,NS5_I5T,NS3_V273I,NS5_E831A,NS2A_V5I,NS2A_I171A,prM_M83T,E_N390S,NS1_T117A,NS5_S15N,NS3_A120T,NS3_V395I,NS3_A160T,NS4B_L13F,E_T478S,prM_I127V,NS5_R98K,NS5_I687V,NS5_T290I,NS1_K174R,NS2A_V109A,E_H149N,NS5_A865T,NS1_S128L,E_E71A,NS5_M70L,NS4B_V115I,C_L108M,NS2A_M136I,NS2B_V59I,NS3_R186K,NS3_I461V,NS1_F178S,NS4B_A19T,NS5_S676N,NS5_G605V,prM_V120A,E_I462V,C_M104I,NS4B_V48I,NS5_K570R,NS1_K272R,NS4A_I89V,C_S101T)	10658
hDenV2/Colombia/un-UDEA-1127/2022	DENV2	II	2II_F.1.1.2	EPI_ISL_18474694	2022-10-19	South America / Colombia	Human			unknown	unknown	unknown			Cell culture			(NS5_I637A,NS5_R430G,NS5_I135T,NS5_T176I,NS2B_K60R,NS5_Q644K,prM_M135I,E_Q52H,NS4B_T244A,NS5_V335I,E_V129I,NS3_I140V,NS1_T265A,NS4A_D23N,C_K9R,NS5_V164I,NS1_D281E,NS2B_L21F,prM_K52N,NS1_N222S,E_R120T,NS5_I271V,prM_T162A,prM_D29N,E_M6I,NS1_I264T,NS1_Q131H,NS1_Q175H,NS4B_F112L,NS5_K800T,NS4A_R76K,NS3_K15R,E_I484V,prM_A152I,prM_T82A,prM_H148Y,NS3_M13V,NS3_I333M,NS1_L247I,NS1_S80T,NS2B_D63E,NS5_I5T,NS3_V273I,NS2A_V5I,NS2A_I171A,prM_M83T,E_N390S,NS1_T117A,NS5_S15N,NS3_A120T,NS3_V395I,NS3_A160T,NS4B_L13F,E_T478S,NS5_K383R,prM_I127V,NS5_I687V,NS5_R98K,NS5_T290I,NS1_K174R,E_H149N,NS5_A865T,NS1_S128L,E_E71A,NS5_M70L,NS4B_V115I,C_L108M,NS2A_M136I,NS2B_V59I,NS3_I461V,NS3_R186K,NS1_F178S,NS4B_A19T,NS5_G605V,NS5_S676N,prM_V120A,E_I462V,C_M104I,NS4B_V48I,NS5_K570R,NS1_K272R,NS4A_I89V,C_S101T)	10723
hDenV2/Colombia/un-UDEA-LET1205/2022	DENV2	II	2II_F.1.1.2	EPI_ISL_18474695	2022-11-30	South America / Colombia	Human			unknown	unknown	unknown			Original	Serum		(NS5_I637A,NS5_R430G,NS5_T176I,NS5_I135T,NS2B_K60R,NS5_Q644K,prM_M135I,E_Q52H,NS4B_T244A,NS5_V335I,E_V129I,NS3_I140V,NS1_T265A,NS4A_D23N,C_K9R,NS5_V164I,NS1_D281E,NS2B_L21F,prM_K52N,NS1_N222S,E_R120T,NS5_I271V,prM_T162A,prM_D29N,E_M6I,NS1_I264T,NS1_Q131H,NS1_Q175H,NS4B_F112L,NS5_K800T,NS4A_R76K,NS3_K15R,E_I484V,prM_A152I,prM_T82A,prM_H148Y,NS3_M13V,NS3_I333M,NS1_L247I,NS1_S80T,NS2B_D63E,NS5_I5T,NS3_V273I,NS2A_I171A,NS2A_V5I,prM_M83T,E_N390S,NS1_T117A,NS5_S15N,NS3_A120T,NS3_V395I,NS3_A160T,NS4B_L13F,E_T478S,NS5_K383R,prM_I127V,NS5_I687V,NS5_R98K,NS5_T290I,NS1_K174R,E_H149N,NS5_A865T,NS1_S128L,E_E71A,NS5_M70L,NS4B_V115I,C_L108M,NS2A_M136I,NS2B_V59I,NS3_I461V,NS3_R186K,NS1_F178S,NS4B_A19T,NS5_G605V,NS5_S676N,prM_V120A,E_I462V,C_M104I,NS4B_V48I,NS5_K570R,NS1_K272R,NS4A_I89V,C_S101T)	10181
hDenV2/Colombia/un-UDEA-LET1232/2022	DENV2	II	2II_F.1.1.2	EPI_ISL_18474696	2022-12-15	South America / Colombia	Human			unknown	unknown	unknown			Original	Serum		(NS5_I637A,NS5_R430G,NS5_T176I,NS5_I135T,NS2B_K60R,NS5_R749Q,NS5_Q644K,prM_M135I,E_Q52H,NS4B_T244A,NS2A_I33T,E_T226I,NS5_V335I,E_V129I,NS3_I140V,NS1_T265A,NS3_V567I,NS4A_D23N,C_K9R,NS1_D281E,NS2B_L21F,prM_K52N,NS1_N222S,E_R120T,NS5_I271V,prM_T162A,E_M6I,prM_D29N,NS1_I264T,NS1_Q131H,NS4B_F112L,NS5_K800T,NS2A_V177L,NS4A_R76K,NS1_V177A,NS3_K15R,E_I484V,prM_A152I,prM_T82A,prM_H148Y,NS3_M13V,NS3_I333M,NS1_L247I,NS1_S80T,NS2B_D63E,NS3_R248K,NS5_I5T,NS3_V273I,NS2A_V5I,NS2A_I171A,prM_M83T,E_N390S,NS1_T117A,NS5_S15N,NS3_A120T,NS3_V395I,NS3_A160T,NS4B_L13F,E_T478S,prM_I127V,NS5_R98K,NS5_I687V,NS1_K174R,E_H149N,NS5_A865T,NS1_S128L,E_E71A,NS5_M70L,NS4B_V115I,C_L108M,NS2A_M136I,NS2B_V59I,NS3_R186K,NS3_I461V,NS1_F178S,NS4B_A19T,NS5_S676N,NS5_G605V,prM_V120A,E_I462V,C_M104I,NS4B_V48I,NS5_K570R,NS1_K272R,NS4A_I89V,C_S101T)	10181
hDenV2/Colombia/un-UDEA-LET1199/2022	DENV2	II	2II_F.1.1.2	EPI_ISL_18474697	2022-11-25	South America / Colombia	Human			unknown	unknown	unknown			Original	Serum		(NS5_I637A,NS5_R430G,NS5_T176I,NS5_I135T,NS2B_K60R,NS5_Q644K,prM_M135I,E_Q52H,NS4B_T244A,NS5_V335I,E_V129I,NS3_I140V,NS1_T265A,NS4A_D23N,C_K9R,NS1_D281E,NS2B_L21F,prM_K52N,NS1_N222S,E_R120T,NS5_I271V,prM_T162A,E_M6I,prM_D29N,NS1_I264T,NS1_Q131H,NS1_Q175H,NS4B_F112L,NS5_K800T,NS4A_R76K,NS3_K15R,E_I484V,prM_A152I,prM_T82A,prM_H148Y,NS3_M13V,NS3_I333M,NS1_L247I,NS1_S80T,NS2B_D63E,NS5_I5T,NS3_V273I,NS5_E831A,NS2A_I171A,NS2A_V5I,prM_M83T,E_N390S,NS1_T117A,NS5_S15N,NS3_A120T,NS3_V395I,NS3_A160T,NS4B_L13F,E_T478S,prM_I127V,NS5_I687V,NS5_R98K,NS5_T290I,NS1_K174R,NS2A_V109A,E_H149N,NS5_A865T,NS1_S128L,E_E71A,NS5_M70L,NS4B_V115I,C_L108M,NS2A_M136I,NS2B_V59I,NS3_I461V,NS3_R186K,NS1_F178S,NS4B_A19T,NS5_S676N,NS5_G605V,prM_V120A,E_I462V,C_M104I,NS4B_V48I,NS5_K570R,NS1_K272R,NS4A_I89V,C_S101T)	10181
hDenV2/Colombia/un-UDEA-LET1259/2023	DENV2	II	2II_F.1.1.2	EPI_ISL_18474698	2023-02-01	South America / Colombia	Human			unknown	unknown	unknown			Original	Serum		(NS5_I637A,NS5_R430G,NS5_I135T,NS5_T176I,NS2B_K60R,NS5_Q644K,prM_M135I,E_Q52H,NS4B_T244A,NS5_V335I,E_V129I,NS3_I140V,NS1_T265A,NS4A_D23N,C_K9R,NS2B_L21F,NS1_D281E,prM_K52N,NS1_N222S,E_R120T,NS5_I271V,prM_T162A,prM_D29N,E_M6I,NS1_I264T,NS1_Q131H,NS1_Q175H,NS4B_F112L,NS5_K800T,NS4A_R76K,NS3_K15R,E_I484V,prM_A152I,prM_T82A,prM_H148Y,NS3_M13V,NS3_I333M,NS1_L247I,NS1_S80T,NS2B_D63E,NS5_I5T,NS3_V273I,NS5_E831A,NS2A_V5I,NS2A_I171A,prM_M83T,E_N390S,NS1_T117A,NS5_S15N,NS3_A120T,NS3_V395I,NS3_A160T,NS4B_L13F,E_T478S,prM_I127V,NS5_I687V,NS5_R98K,NS5_T290I,NS1_K174R,NS2A_V109A,E_H149N,NS5_A865T,NS1_S128L,E_E71A,NS5_M70L,NS4B_V115I,C_L108M,NS2A_M136I,NS2B_V59I,NS3_R186K,NS3_I461V,NS1_F178S,NS4B_A19T,NS5_G605V,NS5_S676N,prM_V120A,E_I462V,C_M104I,NS4B_V48I,NS5_K570R,NS1_K272R,NS4A_I89V,C_S101T)	10181
hDenV2/Colombia/un-UDEA-LET1287/2023	DENV2	II	2II_F.1.1.2	EPI_ISL_18474699	2023-02-10	South America / Colombia	Human			unknown	unknown	unknown			Original	Serum		(NS5_I637A,NS5_R430G,NS5_T176I,NS5_I135T,NS2B_K60R,NS5_R749Q,NS5_Q644K,prM_M135I,E_Q52H,NS4B_T244A,NS2A_I33T,E_T226I,NS5_V335I,E_V129I,NS3_I140V,NS1_T265A,NS3_V567I,NS4A_D23N,C_K9R,NS1_D281E,NS2B_L21F,prM_K52N,NS1_N222S,E_R120T,NS5_I271V,prM_T162A,E_M6I,prM_D29N,NS1_I264T,NS1_Q131H,NS4B_F112L,NS5_K800T,NS2A_V177L,NS4A_R76K,NS1_V177A,NS3_K15R,E_I484V,prM_A152I,prM_T82A,prM_H148Y,NS3_M13V,NS3_I333M,NS1_L247I,NS1_S80T,NS2B_D63E,NS3_R248K,NS5_I5T,NS3_V273I,NS2A_V5I,NS2A_I171A,prM_M83T,E_N390S,NS1_T117A,NS5_S15N,NS3_A120T,NS3_V395I,NS3_A160T,NS4B_L13F,E_T478S,prM_I127V,NS5_R98K,NS5_I687V,NS1_K174R,E_H149N,NS5_A865T,NS1_S128L,E_E71A,NS5_M70L,NS4B_V115I,C_L108M,NS2A_M136I,NS2B_V59I,NS3_I461V,NS3_R186K,NS1_F178S,NS4B_A19T,NS5_G605V,NS5_S676N,prM_V120A,E_I462V,C_M104I,NS4B_V48I,NS5_K570R,NS1_K272R,NS4A_I89V,C_S101T)	10181
hDenV2/Colombia/un-UDEA-LET1270/2023	DENV2	II	2II_F.1.1.2	EPI_ISL_18474700	2023-02-08	South America / Colombia	Human			unknown	unknown	unknown			Original	Serum		(NS5_I637A,NS5_R430G,NS5_T176I,NS5_I135T,NS2B_K60R,NS5_Q644K,prM_M135I,E_Q52H,NS4B_T244A,NS5_V335I,E_V129I,NS3_I140V,NS1_T265A,NS4A_D23N,C_K9R,NS1_D281E,NS2B_L21F,prM_K52N,NS1_N222S,E_R120T,NS5_I271V,prM_T162A,prM_D29N,E_M6I,NS1_I264T,NS1_Q175H,NS1_Q131H,NS4B_F112L,NS5_K800T,NS4A_R76K,NS3_K15R,E_I484V,prM_A152I,prM_T82A,prM_H148Y,NS3_M13V,NS3_I333M,NS1_L247I,NS1_S80T,NS2B_D63E,NS5_I5T,NS3_V273I,NS5_E831A,NS2A_V5I,NS2A_I171A,prM_M83T,E_N390S,NS1_T117A,NS5_S15N,NS3_A120T,NS3_V395I,NS3_A160T,NS4B_L13F,E_T478S,prM_I127V,NS5_R98K,NS5_I687V,NS5_T290I,NS1_K174R,NS2A_V109A,E_H149N,NS5_A865T,NS1_S128L,E_E71A,NS5_M70L,NS4B_V115I,C_L108M,NS2A_M136I,NS2B_V59I,NS3_R186K,NS3_I461V,NS1_F178S,NS4B_A19T,NS5_S676N,NS5_G605V,prM_V120A,E_I462V,C_M104I,NS4B_V48I,NS5_K570R,NS1_K272R,NS4A_I89V,C_S101T)	10181
hDenV2/Colombia/un-UDEA-LET1209/2022	DENV2	II	2II_F.1.1.2	EPI_ISL_18474701	2022-11-30	South America / Colombia	Human			unknown	unknown	unknown			Original	Serum		(NS5_I637A,NS5_R430G,NS5_T176I,NS5_I135T,NS2B_K60R,NS5_Q644K,prM_M135I,E_Q52H,NS4B_T244A,NS5_V335I,E_V129I,NS3_I140V,NS1_T265A,NS4A_D23N,C_K9R,NS2B_L21F,NS1_D281E,prM_K52N,NS1_N222S,E_R120T,NS5_I271V,prM_T162A,prM_D29N,E_M6I,NS1_I264T,NS1_Q175H,NS1_Q131H,NS4B_F112L,NS5_K800T,NS4A_R76K,NS3_K15R,E_I484V,prM_A152I,prM_T82A,prM_H148Y,NS3_M13V,NS3_I333M,NS1_L247I,NS1_S80T,NS2B_D63E,NS5_I5T,NS3_V273I,NS5_E831A,NS2A_I171A,NS2A_V5I,prM_M83T,NS3_I442V,E_N390S,NS1_T117A,NS5_S15N,NS3_A120T,NS3_V395I,NS3_A160T,NS4B_L13F,E_T478S,prM_I127V,NS5_I687V,NS5_R98K,NS5_T290I,NS1_K174R,NS2A_V109A,E_H149N,NS5_A865T,NS1_S128L,E_E71A,NS5_M70L,NS4B_V115I,C_L108M,NS2A_M136I,NS2B_V59I,NS3_I461V,NS3_R186K,NS1_F178S,NS4B_A19T,NS5_G605V,NS5_S676N,prM_V120A,E_I462V,C_M104I,NS4B_V48I,NS5_K570R,NS1_K272R,NS4A_I89V,C_S101T)	10181
hDenV2/Colombia/un-UDEA-1160/2022	DENV2	II	2II_F.1.1.2	EPI_ISL_18474702	2022-11-04	South America / Colombia	Human			unknown	unknown	unknown			Cell culture			(NS5_I637A,NS5_R430G,NS5_I135T,NS5_T176I,NS2B_K60R,NS5_Q644K,prM_M135I,E_Q52H,NS4B_T244A,NS5_V335I,E_V129I,NS3_I140V,NS1_T265A,NS4A_D23N,C_K9R,NS5_V164I,NS1_D281E,NS2B_L21F,prM_K52N,NS1_N222S,E_R120T,NS5_I271V,prM_T162A,prM_D29N,E_M6I,NS1_I264T,NS1_Q175H,NS1_Q131H,NS4B_F112L,NS5_K800T,NS4A_R76K,NS3_K15R,E_I484V,prM_A152I,prM_T82A,prM_H148Y,NS3_M13V,NS3_I333M,NS1_L247I,NS1_S80T,NS2B_D63E,NS5_I5T,NS3_V273I,NS2A_V5I,NS2A_I171A,prM_M83T,E_N390S,NS1_T117A,NS5_S15N,NS3_A120T,NS3_V395I,NS3_A160T,NS4B_L13F,E_T478S,NS5_K383R,prM_I127V,NS5_I687V,NS5_R98K,NS5_T290I,NS1_K174R,E_H149N,NS5_A865T,NS1_S128L,E_E71A,NS5_M70L,NS4B_V115I,C_L108M,NS2A_M136I,NS2B_V59I,NS3_R186K,NS3_I461V,NS1_F178S,NS4B_A19T,NS5_S676N,NS5_G605V,prM_V120A,E_I462V,C_M104I,NS4B_V48I,NS5_K570R,NS1_K272R,NS4A_I89V,C_S101T)	10723
hDenV2/Colombia/un-UDEA-LET1269/2023	DENV2	II	2II_F.1.1.2	EPI_ISL_18474703	2023-02-08	South America / Colombia	Human			unknown	unknown	unknown			Original	Serum		(NS5_I637A,NS5_R430G,NS5_I135T,NS5_T176I,NS2B_K60R,NS5_Q644K,prM_M135I,E_Q52H,NS4B_T244A,NS5_V335I,E_V129I,NS3_I140V,NS1_T265A,NS4A_D23N,NS5_K548E,C_K9R,NS5_V164I,NS1_D281E,NS2B_L21F,prM_K52N,NS1_N222S,E_R120T,NS5_I271V,prM_T162A,E_M6I,prM_D29N,NS1_I264T,NS1_Q175H,NS1_Q131H,NS4B_F112L,NS5_K800T,NS4A_R76K,NS3_K15R,E_I484V,prM_A152I,prM_T82A,prM_H148Y,NS3_M13V,NS3_I333M,NS1_L247I,NS1_S80T,NS2B_D63E,NS5_I5T,NS3_V273I,NS2A_I171A,NS2A_V5I,prM_M83T,E_N390S,NS1_T117A,NS5_S15N,NS3_A120T,NS3_V395I,NS3_A160T,NS4B_L13F,E_T478S,NS5_K383R,prM_I127V,NS5_I687V,NS5_R98K,NS5_T290I,NS1_K174R,E_H149N,NS5_A865T,NS1_S128L,E_E71A,NS5_M70L,NS4B_V115I,C_L108M,NS2A_M136I,NS2B_V59I,NS3_I461V,NS3_R186K,NS1_F178S,NS4B_A19T,NS5_G605V,NS5_S676N,prM_V120A,E_I462V,C_M104I,NS4B_V48I,NS5_K570R,NS1_K272R,NS4A_I89V,C_S101T,NS1_A205T)	10181
hDenV2/Colombia/un-UDEA-LET1206/2022	DENV2	II	2II_F.1.1.2	EPI_ISL_18474704	2022-11-30	South America / Colombia	Human			unknown	unknown	unknown			Original	Serum		(NS5_I637A,NS5_R430G,NS5_I135T,NS5_T176I,NS2B_K60R,NS5_Q644K,prM_M135I,E_Q52H,NS4B_T244A,NS5_V335I,E_V129I,NS3_I140V,NS1_T265A,NS4A_D23N,C_K9R,NS5_V164I,NS2B_L21F,NS1_D281E,prM_K52N,NS1_N222S,E_R120T,NS5_I271V,prM_T162A,prM_D29N,E_M6I,NS1_I264T,NS1_Q131H,NS1_Q175H,NS4B_F112L,NS5_K800T,NS4A_R76K,NS3_K15R,E_I484V,prM_A152I,prM_T82A,prM_H148Y,NS3_M13V,NS3_I333M,NS1_L247I,NS1_S80T,NS2B_D63E,NS5_I5T,NS3_V273I,NS2A_I171A,NS2A_V5I,prM_M83T,E_N390S,NS1_T117A,NS5_S15N,NS3_A120T,NS3_V395I,NS3_A160T,NS4B_L13F,E_T478S,NS5_K383R,prM_I127V,NS5_I687V,NS5_R98K,NS5_T290I,NS1_K174R,E_H149N,NS5_A865T,NS1_S128L,E_E71A,NS5_M70L,NS4B_V115I,C_L108M,NS2A_M136I,NS2B_V59I,NS3_R186K,NS3_I461V,NS1_F178S,NS4B_A19T,NS5_G605V,NS5_S676N,prM_V120A,E_I462V,C_M104I,NS4B_V48I,NS5_K570R,NS1_K272R,NS4A_I89V,C_S101T)	10181
hDenV2/Colombia/un-UDEA-LET1202/2022	DENV2	II	2II_F.1.1.2	EPI_ISL_18474705	2022-11-26	South America / Colombia	Human			unknown	unknown	unknown			Original	Serum		(NS5_I637A,NS5_R430G,NS5_I135T,NS5_T176I,NS2B_K60R,NS5_Q644K,prM_M135I,E_Q52H,NS4B_T244A,NS5_V335I,E_V129I,NS3_I140V,NS1_T265A,NS4A_D23N,C_K9R,NS2B_L21F,NS1_D281E,prM_K52N,NS1_N222S,E_R120T,NS5_I271V,prM_T162A,prM_D29N,E_M6I,NS1_I264T,NS1_Q131H,NS1_Q175H,NS4B_F112L,NS5_K800T,NS4A_R76K,NS3_K15R,E_I484V,prM_A152I,prM_T82A,prM_H148Y,NS3_M13V,NS3_I333M,NS1_L247I,NS1_S80T,NS2B_D63E,NS5_I5T,NS3_V273I,NS5_E831A,NS2A_V5I,NS2A_I171A,prM_M83T,E_N390S,NS1_T117A,NS5_S15N,NS3_A120T,NS3_V395I,NS3_A160T,NS4B_L13F,E_T478S,prM_I127V,NS5_I687V,NS5_R98K,NS5_T290I,NS1_K174R,NS2A_V109A,E_H149N,NS5_A865T,NS1_S128L,E_E71A,NS5_M70L,NS4B_V115I,C_L108M,NS2A_M136I,NS2B_V59I,NS3_R186K,NS3_I461V,NS1_F178S,NS4B_A19T,NS5_G605V,NS5_S676N,prM_V120A,E_I462V,C_M104I,NS4B_V48I,NS5_K570R,NS1_K272R,NS4A_I89V,C_S101T)	10181
hDenV2/Colombia/un-UDEA-LET1172/2022	DENV2	II	2II_F.1.1.2	EPI_ISL_18474706	2022-11-10	South America / Colombia	Human			unknown	unknown	unknown			Original	Serum		(NS5_I637A,NS5_R430G,NS5_T176I,NS5_I135T,NS2B_K60R,NS5_Q644K,prM_M135I,E_Q52H,NS4B_T244A,NS5_V335I,E_V129I,NS3_I140V,NS1_T265A,NS4A_D23N,C_K9R,NS1_D281E,NS2B_L21F,prM_K52N,NS1_N222S,E_R120T,NS5_I271V,prM_T162A,prM_D29N,E_M6I,NS1_I264T,NS1_Q175H,NS1_Q131H,NS4B_F112L,NS5_K800T,NS4A_R76K,NS3_K15R,E_I484V,prM_A152I,prM_T82A,prM_H148Y,NS3_M13V,NS3_I333M,NS1_L247I,NS1_S80T,NS2B_D63E,NS5_I5T,NS3_V273I,NS2A_V5I,NS2A_I171A,prM_M83T,E_N390S,NS1_T117A,NS5_S15N,NS3_A120T,NS3_V395I,NS3_A160T,NS4B_L13F,E_T478S,prM_I127V,NS5_R98K,NS5_I687V,NS5_T290I,NS1_K174R,NS2A_V109A,E_H149N,NS5_A865T,NS1_S128L,E_E71A,NS5_M70L,NS4B_V115I,C_L108M,NS2A_M136I,NS2B_V59I,NS3_R186K,NS3_I461V,NS1_F178S,NS4B_A19T,NS5_S676N,NS5_G605V,prM_V120A,E_I462V,C_M104I,NS4B_V48I,NS5_K570R,NS1_K272R,NS4A_I89V,C_S101T)	10181
hDenV2/Colombia/un-UDEA-LET1225/2022	DENV2	II	2II_F.1.1.2	EPI_ISL_18474707	2022-12-13	South America / Colombia	Human			unknown	unknown	unknown			Original	Serum		(NS5_I637A,NS5_R430G,NS5_T176I,NS5_I135T,NS2B_K60R,NS5_Q644K,prM_M135I,E_Q52H,NS4B_T244A,NS5_V335I,E_V129I,NS3_I140V,NS1_T265A,NS4A_D23N,C_K9R,NS2B_L21F,NS1_D281E,prM_K52N,NS1_N222S,E_R120T,NS5_I271V,prM_T162A,prM_D29N,E_M6I,NS1_I264T,NS1_Q175H,NS1_Q131H,NS4B_F112L,NS5_K800T,NS4A_R76K,NS3_K15R,E_I484V,prM_A152I,prM_T82A,prM_H148Y,NS3_M13V,NS3_I333M,NS1_L247I,NS1_S80T,NS2B_D63E,NS5_I5T,NS3_V273I,NS5_E831A,NS2A_V5I,NS2A_I171A,prM_M83T,E_N390S,NS1_T117A,NS5_S15N,NS3_A120T,NS3_V395I,NS3_A160T,NS4B_L13F,E_T478S,prM_I127V,NS5_R98K,NS5_I687V,NS5_T290I,NS1_K174R,NS2A_V109A,E_H149N,NS5_A865T,NS1_S128L,E_E71A,NS5_M70L,NS4B_V115I,C_L108M,NS2A_M136I,NS2B_V59I,NS3_R186K,NS3_I461V,NS1_F178S,NS4B_A19T,NS5_S676N,NS5_G605V,prM_V120A,E_I462V,C_M104I,NS4B_V48I,NS5_K570R,NS1_K272R,NS4A_I89V,C_S101T)	10181
hDenV2/Colombia/un-UDEA-LET1282/2023	DENV2	II	2II_F.1.1.2	EPI_ISL_18474708	2023-02-09	South America / Colombia	Human			unknown	unknown	unknown			Original	Serum		(NS5_I637A,NS5_R430G,NS5_I135T,NS5_T176I,NS2B_K60R,NS5_R749Q,NS5_Q644K,prM_M135I,E_Q52H,NS4B_T244A,NS2A_I33T,E_T226I,NS5_V335I,E_V129I,NS3_I140V,NS1_T265A,NS3_V567I,NS4A_D23N,C_K9R,NS1_D281E,NS2B_L21F,prM_K52N,NS1_N222S,E_R120T,NS5_I271V,prM_T162A,E_M6I,prM_D29N,NS1_I264T,NS1_Q131H,NS4B_F112L,NS5_K800T,NS2A_V177L,NS4A_R76K,NS1_V177A,NS3_K15R,E_I484V,prM_A152I,prM_T82A,prM_H148Y,NS3_M13V,NS3_I333M,NS1_L247I,NS1_S80T,NS2B_D63E,NS3_R248K,NS5_I5T,NS3_V273I,NS2A_V5I,NS2A_I171A,prM_M83T,E_N390S,NS1_T117A,NS5_S15N,NS3_A120T,NS3_V395I,NS3_A160T,NS4B_L13F,E_T478S,prM_I127V,NS5_I687V,NS5_R98K,NS1_K174R,E_H149N,NS5_A865T,NS1_S128L,E_E71A,NS5_M70L,NS4B_V115I,C_L108M,NS2A_M136I,NS2B_V59I,NS3_I461V,NS3_R186K,NS1_F178S,NS4B_A19T,NS5_G605V,NS5_S676N,prM_V120A,E_I462V,C_M104I,NS4B_V48I,NS5_K570R,NS1_K272R,NS4A_I89V,C_S101T)	10181
hDenV2/Colombia/un-UDEA-35H/2022	DENV2	II	2II_F.1.1.2	EPI_ISL_18474709	2022-05-18	South America / Colombia	Human			unknown	unknown	unknown			Cell culture			(NS5_I637A,NS5_R430G,NS5_T176I,NS5_I135T,NS2B_K60R,NS5_Q644K,prM_M135I,E_Q52H,NS4B_T244A,NS5_V335I,E_V129I,NS3_I140V,NS1_T265A,NS4A_D23N,C_K9R,NS1_D281E,NS2B_L21F,prM_K52N,NS1_N222S,E_R120T,NS5_I271V,prM_T162A,prM_D29N,E_M6I,NS1_I264T,NS1_Q131H,NS1_Q175H,NS4B_F112L,NS2A_I108V,NS5_K800T,NS4A_R76K,NS3_K15R,E_I484V,prM_A152I,prM_T82A,prM_H148Y,NS3_M13V,NS3_I333M,NS1_L247I,NS1_S80T,NS2B_D63E,NS5_I5T,NS3_V273I,NS2A_V5I,NS2A_I171A,prM_M83T,E_N390S,NS1_T117A,NS5_S15N,NS3_A120T,NS3_V395I,NS3_A160T,NS4B_L13F,E_T478S,prM_I127V,NS5_R98K,NS5_I687V,NS1_K174R,NS2A_V109A,E_H149N,NS5_A865T,NS2B_V43A,NS1_S128L,E_E71A,NS5_M70L,NS4B_V115I,C_L108M,NS2A_M136I,NS2B_V59I,NS3_I461V,NS3_R186K,NS1_F178S,NS4B_A19T,NS5_S676N,NS5_G605V,prM_V120A,E_I462V,C_M104I,C_G103S,NS4B_V48I,NS5_K570R,NS1_K272R,NS4A_I89V,C_S101T)	10672
hDenV2/Colombia/un-UDEA-LET1266/2023	DENV2	II	2II_F.1.1.2	EPI_ISL_18474710	2023-02-03	South America / Colombia	Human			unknown	unknown	unknown			Original	Serum		(NS5_I637A,NS5_R430G,NS5_I135T,NS5_T176I,NS2B_K60R,NS5_Q644K,NS5_R749Q,prM_M135I,E_Q52H,NS4B_T244A,NS2A_I33T,E_T226I,NS5_V335I,E_V129I,NS3_I140V,NS1_T265A,NS3_V567I,NS4A_D23N,C_K9R,NS1_D281E,NS2B_L21F,prM_K52N,NS1_N222S,E_R120T,NS5_I271V,prM_T162A,prM_D29N,E_M6I,NS1_I264T,NS1_Q131H,NS4B_F112L,NS5_K800T,NS2A_V177L,NS4A_R76K,NS1_V177A,NS3_K15R,E_I484V,prM_A152I,prM_T82A,prM_H148Y,NS3_M13V,NS3_I333M,NS1_L247I,NS1_S80T,NS2B_D63E,NS3_R248K,NS5_I5T,NS3_V273I,NS2A_V5I,NS2A_I171A,prM_M83T,E_N390S,NS1_T117A,NS5_S15N,NS3_A120T,NS3_V395I,NS3_A160T,NS4B_L13F,E_T478S,prM_I127V,NS5_I687V,NS5_R98K,NS1_K174R,E_H149N,NS5_A865T,NS1_S128L,E_E71A,NS5_M70L,NS4B_V115I,C_L108M,NS2A_M136I,NS2B_V59I,NS3_R186K,NS3_I461V,NS1_F178S,NS4B_A19T,NS5_G605V,NS5_S676N,prM_V120A,E_I462V,C_M104I,NS4B_V48I,NS5_K570R,NS1_K272R,NS4A_I89V,C_S101T)	10181
hDenV2/Colombia/un-UDEA-1153/2022	DENV2	II	2II_F.1.1.2	EPI_ISL_18474711	2022-11-04	South America / Colombia	Human			unknown	unknown	unknown			Cell culture			(NS5_I637A,NS5_R430G,NS5_T176I,NS5_I135T,NS2B_K60R,NS5_Q644K,prM_M135I,E_Q52H,NS4B_T244A,NS5_V335I,E_V129I,NS3_I140V,NS1_T265A,NS4A_D23N,C_K9R,NS1_D281E,NS2B_L21F,prM_K52N,NS1_N222S,E_R120T,NS5_I271V,prM_T162A,E_M6I,prM_D29N,NS1_I264T,NS1_Q175H,NS1_Q131H,NS4B_F112L,NS5_K800T,NS4A_R76K,NS3_K15R,E_I484V,prM_A152I,prM_T82A,prM_H148Y,NS3_M13V,NS3_I333M,NS1_L247I,NS1_S80T,NS2B_D63E,NS5_I5T,NS3_V273I,NS5_E831A,NS2A_I171A,NS2A_V5I,prM_M83T,E_N390S,NS1_T117A,NS5_S15N,NS3_A120T,NS3_V395I,NS3_A160T,NS4B_L13F,E_T478S,prM_I127V,NS5_R98K,NS5_I687V,NS5_T290I,NS1_K174R,NS2A_V109A,E_H149N,NS5_A865T,NS1_S128L,E_E71A,NS5_M70L,NS4B_V115I,C_L108M,NS2A_M136I,NS2B_V59I,NS3_I461V,NS3_R186K,NS1_F178S,NS4B_A19T,NS5_S676N,NS5_G605V,prM_V120A,E_I462V,C_M104I,NS4B_V48I,NS5_K570R,NS1_K272R,NS4A_I89V,C_S101T)	10647
hDenV2/Colombia/un-UDEA-1142/2022	DENV2	II	2II_F.1.1.2	EPI_ISL_18474712	2022-10-27	South America / Colombia	Human			unknown	unknown	unknown			Cell culture			(NS5_I637A,NS5_R430G,NS5_T176I,NS5_I135T,NS2B_K60R,NS5_Q644K,prM_M135I,E_Q52H,NS4B_T244A,NS5_V335I,E_V129I,NS3_I140V,NS1_T265A,NS4A_D23N,C_K9R,NS5_V164I,NS1_D281E,NS2B_L21F,prM_K52N,NS1_N222S,E_R120T,NS5_I271V,prM_T162A,E_M6I,prM_D29N,NS1_I264T,NS1_Q131H,NS1_Q175H,NS4B_F112L,NS5_K800T,NS4A_R76K,NS3_K15R,E_I484V,prM_A152I,prM_T82A,prM_H148Y,NS3_M13V,NS3_I333M,NS1_L247I,NS1_S80T,NS2B_D63E,NS5_I5T,NS3_V273I,NS2A_V5I,NS2A_I171A,prM_M83T,E_N390S,NS1_T117A,NS5_S15N,NS3_A120T,NS3_V395I,NS3_A160T,NS4B_L13F,E_T478S,NS5_K383R,prM_I127V,NS5_R98K,NS5_I687V,NS5_T290I,NS1_K174R,E_H149N,NS5_A865T,NS1_S128L,E_E71A,NS5_M70L,NS4B_V115I,C_L108M,NS2A_M136I,NS2B_V59I,NS3_R186K,NS3_I461V,NS1_F178S,NS4B_A19T,NS5_S676N,NS5_G605V,prM_V120A,E_I462V,C_M104I,NS4B_V48I,NS5_K570R,NS1_K272R,NS4A_I89V,C_S101T)	10723
hDenV2/Colombia/un-UDEA-1120/2022	DENV2	II	2II_F.1.1.2	EPI_ISL_18474713	2022-10-13	South America / Colombia	Human			unknown	unknown	unknown			Cell culture			(NS5_I637A,NS5_R430G,NS5_T176I,NS5_I135T,NS2B_K60R,NS5_Q644K,prM_M135I,E_Q52H,NS4B_T244A,NS5_V335I,E_V129I,NS3_I140V,NS1_T265A,NS4A_D23N,C_K9R,NS1_D281E,NS2B_L21F,prM_K52N,NS1_N222S,E_R120T,NS5_I271V,prM_T162A,E_M6I,prM_D29N,NS1_I264T,NS1_Q131H,NS1_Q175H,NS4B_F112L,NS3_I281F,NS5_K800T,NS4A_R76K,NS3_K15R,E_I484V,prM_A152I,prM_T82A,prM_H148Y,NS3_M13V,NS3_I333M,NS1_L247I,NS1_S80T,NS2B_D63E,NS5_I5T,NS3_V273I,NS2A_V5I,NS2A_I171A,prM_M83T,E_N390S,NS1_T117A,NS5_S15N,NS3_A120T,NS3_V395I,NS3_A160T,NS4B_L13F,E_T478S,E_Y488H,prM_I127V,NS5_R98K,NS5_I687V,NS5_T290I,NS1_K174R,NS2A_V109A,E_H149N,NS5_A865T,NS1_S128L,E_M340V,E_E71A,NS5_M70L,NS4B_V115I,C_L108M,NS2A_M136I,NS2B_V59I,NS3_I461V,NS3_R186K,NS1_F178S,NS4B_A19T,NS5_G605V,NS5_S676N,prM_V120A,E_I462V,C_M104I,NS4B_V48I,NS5_K570R,NS1_K272R,NS4A_I89V,C_S101T)	10524
hDenV2/Colombia/un-UDEA-1147/2022	DENV2	II	2II_F.1.1.2	EPI_ISL_18474714	2022-10-28	South America / Colombia	Human			unknown	unknown	unknown			Cell culture			(NS5_I637A,NS5_R430G,NS5_I135T,NS5_T176I,NS2B_K60R,NS5_Q644K,prM_M135I,E_Q52H,NS4B_T244A,NS5_V335I,E_V129I,NS3_I140V,NS1_T265A,NS4A_D23N,C_K9R,NS5_V164I,NS2B_L21F,NS1_D281E,prM_K52N,NS1_N222S,E_R120T,NS5_I271V,prM_T162A,prM_D29N,E_M6I,NS1_I264T,NS1_Q175H,NS1_Q131H,NS4B_F112L,NS5_K800T,NS4A_R76K,NS3_K15R,E_I484V,prM_A152I,prM_T82A,prM_H148Y,NS3_M13V,NS3_I333M,NS1_L247I,NS1_S80T,NS2B_D63E,NS5_I5T,NS3_V273I,NS2A_I171A,NS2A_V5I,prM_M83T,E_N390S,NS1_T117A,NS5_S15N,NS3_A120T,NS3_V395I,NS3_A160T,NS4B_L13F,E_T478S,NS5_K383R,prM_I127V,NS5_I687V,NS5_R98K,NS5_T290I,NS1_K174R,E_H149N,NS5_A865T,NS1_S128L,E_E71A,NS5_M70L,NS4B_V115I,C_L108M,NS2A_M136I,NS2B_V59I,NS3_R186K,NS3_I461V,NS1_F178S,NS4B_A19T,NS5_S676N,NS5_G605V,prM_V120A,E_I462V,C_M104I,NS4B_V48I,NS5_K570R,NS1_K272R,NS4A_I89V,C_S101T)	10723
hDenV2/Colombia/un-UDEA-1146/2022	DENV2	II	2II_F.1.1.2	EPI_ISL_18474715	2022-10-28	South America / Colombia	Human			unknown	unknown	unknown			Cell culture			(NS5_I637A,NS5_R430G,NS5_I135T,NS5_T176I,NS2B_K60R,NS5_Q644K,prM_M135I,E_Q52H,NS4B_T244A,E_T359I,NS5_V335I,E_V129I,NS3_I140V,NS1_T265A,NS4A_D23N,C_K9R,NS5_V164I,NS1_D281E,NS2B_L21F,prM_K52N,NS1_N222S,E_R120T,NS5_I271V,prM_T162A,E_M6I,prM_D29N,NS1_I264T,NS1_Q131H,NS1_Q175H,NS4B_F112L,NS5_K800T,NS4A_R76K,NS3_K15R,E_I484V,prM_A152I,prM_T82A,prM_H148Y,NS3_M13V,NS3_I333M,NS1_L247I,NS1_S80T,NS2B_D63E,NS5_I5T,NS3_V273I,NS2A_I171A,NS2A_V5I,prM_M83T,E_N390S,NS1_T117A,NS5_S15N,NS3_A120T,NS3_V395I,NS3_A160T,NS4B_L13F,E_T478S,NS5_K383R,prM_I127V,NS5_R98K,NS5_I687V,NS5_T290I,NS1_K174R,E_H149N,NS5_A865T,NS1_S128L,E_E71A,NS5_M70L,NS4B_V115I,C_L108M,NS2A_M136I,NS2B_V59I,NS3_R186K,NS3_I461V,NS1_F178S,NS4B_A19T,NS5_G605V,NS5_S676N,prM_V120A,E_I462V,C_M104I,NS2A_N163S,NS4B_V48I,NS5_K570R,NS1_K272R,NS4A_I89V,C_S101T)	10642
hDenV2/Colombia/un-UDEA-LET1185/2022	DENV2	II	2II_F.1.1.2	EPI_ISL_18474716	2022-11-23	South America / Colombia	Human			unknown	unknown	unknown			Original	Serum		(NS5_I637A,NS5_R430G,NS5_T176I,NS5_I135T,NS2B_K60R,NS5_Q644K,prM_M135I,E_Q52H,NS4B_T244A,NS5_V335I,E_V129I,NS3_I140V,NS1_T265A,NS4A_D23N,C_K9R,NS5_V164I,NS1_D281E,NS2B_L21F,prM_K52N,NS1_N222S,E_R120T,NS5_I271V,prM_T162A,prM_D29N,E_M6I,NS1_I264T,NS1_Q131H,NS1_Q175H,NS4B_F112L,NS5_K800T,NS4A_R76K,NS3_K15R,E_I484V,prM_A152I,prM_T82A,prM_H148Y,NS3_M13V,NS3_I333M,NS1_L247I,NS1_S80T,NS2B_D63E,NS5_I5T,NS3_V273I,NS2A_V5I,NS2A_I171A,prM_M83T,E_N390S,NS1_T117A,NS5_S15N,NS3_A120T,NS3_V395I,NS3_A160T,NS4B_L13F,E_T478S,NS5_K383R,prM_I127V,NS5_I687V,NS5_R98K,NS5_T290I,NS1_K174R,E_H149N,NS5_A865T,NS1_S128L,E_E71A,NS5_M70L,NS4B_V115I,C_L108M,NS2A_M136I,NS2B_V59I,NS3_I461V,NS3_R186K,NS1_F178S,NS4B_A19T,NS5_G605V,NS5_S676N,prM_V120A,E_I462V,C_M104I,NS4B_V48I,NS5_K570R,NS1_K272R,NS4A_I89V,C_S101T)	10181
hDenV2/Colombia/un-UDEA-LET1251/2023	DENV2	II	2II_F.1.1.2	EPI_ISL_18474717	2023-01-06	South America / Colombia	Human			unknown	unknown	unknown			Original	Serum		(NS5_I637A,NS5_R430G,NS5_I135T,NS5_T176I,NS2B_K60R,NS5_Q644K,prM_M135I,E_Q52H,NS4B_T244A,NS5_V335I,E_V129I,NS3_I140V,NS1_T265A,NS4A_D23N,C_K9R,NS5_V164I,NS1_D281E,NS2B_L21F,prM_K52N,NS1_N222S,E_R120T,NS5_I271V,prM_T162A,E_M6I,prM_D29N,NS1_I264T,NS1_Q131H,NS1_Q175H,NS4B_F112L,NS5_K800T,NS4A_R76K,NS3_K15R,E_I484V,prM_A152I,prM_T82A,prM_H148Y,NS3_M13V,NS3_I333M,NS1_L247I,NS1_S80T,NS2B_D63E,NS5_I5T,NS3_V273I,NS2A_V5I,NS2A_I171A,prM_M83T,E_N390S,NS1_T117A,NS5_S15N,NS3_A120T,NS3_V395I,NS3_A160T,NS4B_L13F,E_T478S,NS5_K383R,prM_I127V,NS5_R98K,NS5_I687V,NS5_T290I,NS1_K174R,E_H149N,NS5_A865T,NS1_S128L,E_E71A,NS5_M70L,NS4B_V115I,C_L108M,NS2A_M136I,NS2B_V59I,NS3_R186K,NS3_I461V,NS1_F178S,NS4B_A19T,NS5_S676N,NS5_G605V,prM_V120A,E_I462V,C_M104I,NS4B_V48I,NS5_K570R,NS1_K272R,NS4A_I89V,C_S101T)	10181
hDenV2/Colombia/un-UDEA-LET1275/2023	DENV2	II	2II_F.1.1.2	EPI_ISL_18474718	2023-02-08	South America / Colombia	Human			unknown	unknown	unknown			Original	Serum		(NS5_I637A,NS3_H451Y,NS5_R430G,NS5_I135T,NS5_T176I,NS2B_K60R,NS5_Q644K,prM_M135I,E_Q52H,NS4B_T244A,NS5_V335I,E_V129I,NS3_I140V,NS1_T265A,NS4A_D23N,C_K9R,NS1_D281E,NS2B_L21F,prM_K52N,NS1_N222S,E_R120T,NS5_I271V,prM_T162A,E_M6I,prM_D29N,NS1_I264T,NS1_Q131H,NS1_Q175H,NS4B_F112L,NS5_K800T,NS4A_R76K,NS3_K15R,E_I484V,prM_A152I,prM_T82A,prM_H148Y,NS3_M13V,NS3_I333M,NS1_L247I,NS1_S80T,NS2B_D63E,NS5_I5T,NS3_V273I,NS2A_I171A,NS2A_V5I,prM_M83T,NS2A_T104I,E_N390S,NS1_T117A,NS5_S15N,NS3_A120T,NS3_V395I,NS3_A160T,NS4B_L13F,E_T478S,prM_I127V,NS5_I687V,NS5_R98K,NS5_T290I,NS1_K174R,NS2A_V109A,E_H149N,NS5_A865T,NS1_S128L,E_E71A,NS5_M70L,NS4B_V115I,C_L108M,NS2A_M136I,NS2B_V59I,NS3_I461V,NS3_R186K,NS1_F178S,NS4B_A19T,NS5_S676N,NS5_G605V,prM_V120A,E_I462V,C_M104I,NS4B_V48I,NS5_K570R,NS1_K272R,NS4A_I89V,C_S101T)	10181
hDenV2/Colombia/un-UDEA-2395/2022	DENV2	II	2II_F.1.1.2	EPI_ISL_18474719	2022-12-09	South America / Colombia	Human			unknown	unknown	unknown			Cell culture			(NS5_I637A,NS5_R430G,NS5_T176I,NS5_I135T,NS2B_K60R,NS5_Q644K,prM_M135I,E_Q52H,NS4B_T244A,E_T359I,NS5_V335I,E_V129I,NS3_I140V,NS1_T265A,NS4A_D23N,C_K9R,NS5_V164I,NS1_D281E,NS2B_L21F,prM_K52N,NS1_N222S,E_R120T,NS5_I271V,prM_T162A,prM_D29N,E_M6I,NS1_I264T,NS1_Q131H,NS1_Q175H,NS4B_F112L,NS5_K800T,NS4A_R76K,NS3_K15R,E_I484V,prM_A152I,prM_T82A,prM_H148Y,NS3_M13V,NS3_I333M,NS1_L247I,NS1_S80T,NS2B_D63E,NS5_I5T,NS3_V273I,NS2A_V5I,NS2A_I171A,prM_M83T,E_N390S,NS1_T117A,NS5_S15N,NS3_A120T,NS3_V395I,NS3_A160T,NS4B_L13F,E_T478S,NS5_K383R,prM_I127V,NS5_I687V,NS5_R98K,NS5_T290I,NS1_K174R,E_H149N,NS5_A865T,NS1_S128L,E_E71A,NS5_M70L,NS4B_V115I,C_L108M,NS2A_M136I,NS2B_V59I,NS3_R186K,NS3_I461V,NS1_F178S,NS4B_A19T,NS5_G605V,NS5_S676N,prM_V120A,E_I462V,C_M104I,NS2A_N163S,NS4B_V48I,NS5_K570R,NS1_K272R,NS4A_I89V,C_S101T)	10723
hDenV2/Colombia/un-UDEA-LET1235/2022	DENV2	II	2II_F.1.1.2	EPI_ISL_18474720	2022-12-17	South America / Colombia	Human			unknown	unknown	unknown			Original	Serum		(NS5_I637A,NS5_R430G,NS5_T176I,NS5_I135T,NS2B_K60R,NS5_R749Q,NS5_Q644K,prM_M135I,E_Q52H,NS4B_T244A,E_T226I,NS2A_I33T,NS5_V335I,E_V129I,NS3_I140V,NS1_T265A,NS3_V567I,NS4A_D23N,C_K9R,NS1_D281E,NS2B_L21F,prM_K52N,NS1_N222S,E_M412I,E_R120T,NS5_I271V,prM_T162A,prM_D29N,E_M6I,NS1_I264T,NS1_Q131H,NS4B_F112L,NS5_K800T,NS2A_V177L,NS4A_R76K,NS1_V177A,NS3_K15R,E_I484V,prM_A152I,prM_T82A,prM_H148Y,NS3_M13V,NS3_I333M,NS1_L247I,NS1_S80T,NS2B_D63E,NS3_R248K,NS5_I5T,NS3_V273I,NS2A_I171A,NS2A_V5I,prM_M83T,E_N390S,NS1_T117A,NS5_S15N,NS3_A120T,NS3_V395I,NS3_A160T,NS4B_L13F,E_T478S,prM_I127V,NS5_R98K,NS5_I687V,NS1_K174R,E_H149N,NS5_A865T,NS1_S128L,E_E71A,NS5_M70L,NS4B_V115I,C_L108M,NS2A_M136I,NS2B_V59I,NS3_R186K,NS3_I461V,NS1_F178S,NS4B_A19T,NS5_S676N,NS5_G605V,prM_V120A,E_I462V,C_M104I,NS4B_V48I,NS5_K570R,NS1_K272R,NS4A_I89V,C_S101T)	10181
hDenV2/Colombia/un-UDEA-LET1191/2022	DENV2	II	2II_F.1.1.2	EPI_ISL_18474721	2022-11-22	South America / Colombia	Human			unknown	unknown	unknown			Original	Serum		(NS5_I637A,NS5_R430G,NS5_I135T,NS5_T176I,NS2B_K60R,NS5_Q644K,prM_M135I,E_Q52H,NS4B_T244A,NS5_V335I,E_V129I,NS3_I140V,NS1_T265A,NS4A_D23N,C_K9R,NS2B_L21F,NS1_D281E,prM_K52N,NS1_N222S,E_R120T,NS5_I271V,prM_T162A,prM_D29N,E_M6I,NS1_I264T,NS1_Q131H,NS1_Q175H,NS4B_F112L,NS5_K800T,NS4A_R76K,NS3_K15R,E_I484V,prM_A152I,prM_T82A,prM_H148Y,NS3_M13V,NS3_I333M,NS1_L247I,NS1_S80T,NS2B_D63E,NS5_I5T,NS3_V273I,NS5_E831A,NS2A_I171A,NS2A_V5I,prM_M83T,E_N390S,NS1_T117A,NS5_S15N,NS3_A120T,NS3_V395I,NS3_A160T,NS4B_L13F,E_T478S,prM_I127V,NS5_R98K,NS5_I687V,NS5_T290I,NS1_K174R,NS2A_V109A,E_H149N,NS5_A865T,NS1_S128L,E_E71A,NS5_M70L,NS4B_V115I,C_L108M,NS2A_M136I,NS2B_V59I,NS3_I461V,NS3_R186K,NS1_F178S,NS4B_A19T,NS5_S676N,NS5_G605V,prM_V120A,E_I462V,C_M104I,NS4B_V48I,NS5_K570R,NS1_K272R,NS4A_I89V,C_S101T)	10181
hDenV2/Colombia/un-UDEA-LET1170/2022	DENV2	II	2II_F.1.1.2	EPI_ISL_18474722	2022-11-09	South America / Colombia	Human			unknown	unknown	unknown			Original	Serum		(NS5_I637A,NS5_R430G,NS5_T176I,NS5_I135T,NS2B_K60R,NS5_Q644K,prM_M135I,E_Q52H,NS4B_T244A,NS5_V335I,E_V129I,NS3_I140V,NS1_T265A,NS4A_D23N,C_K9R,NS5_V164I,NS1_D281E,NS2B_L21F,prM_K52N,NS1_N222S,E_R120T,NS5_I271V,prM_T162A,prM_D29N,E_M6I,NS1_I264T,NS1_Q175H,NS1_Q131H,NS4B_F112L,NS5_K800T,NS4A_R76K,NS3_K15R,E_I484V,prM_A152I,prM_T82A,prM_H148Y,NS3_M13V,NS3_I333M,NS1_L247I,NS1_S80T,NS2B_D63E,NS5_I5T,NS3_V273I,NS2A_I171A,NS2A_V5I,prM_M83T,E_N390S,NS1_T117A,NS5_S15N,NS3_A120T,NS3_V395I,NS3_A160T,NS4B_L13F,E_T478S,NS5_K383R,prM_I127V,NS5_I687V,NS5_R98K,NS5_T290I,NS1_K174R,E_H149N,NS5_A865T,NS1_S128L,E_E71A,NS5_M70L,NS4B_V115I,C_L108M,NS2A_M136I,NS2B_V59I,NS3_I461V,NS3_R186K,NS1_F178S,NS4B_A19T,NS5_S676N,NS5_G605V,prM_V120A,E_I462V,C_M104I,NS4B_V48I,NS5_K570R,NS1_K272R,NS4A_I89V,C_S101T)	10181
hDenV2/Colombia/un-UDEA-LET1181/2022	DENV2	II	2II_F.1.1.2	EPI_ISL_18474723	2022-11-17	South America / Colombia	Human			unknown	unknown	unknown			Original	Serum		(NS5_I637A,NS5_R430G,NS5_I135T,NS5_T176I,NS2B_K60R,NS5_Q644K,prM_M135I,E_Q52H,NS4B_T244A,NS5_V335I,E_V129I,NS3_I140V,NS1_T265A,NS4A_D23N,C_K9R,NS1_D281E,NS2B_L21F,prM_K52N,NS1_N222S,E_R120T,NS5_I271V,prM_T162A,E_M6I,prM_D29N,NS1_I264T,NS1_Q175H,NS1_Q131H,NS4B_F112L,NS5_K800T,NS4A_R76K,NS3_K15R,E_I484V,prM_A152I,prM_T82A,prM_H148Y,NS3_M13V,NS3_I333M,NS1_L247I,NS1_S80T,NS2B_D63E,NS5_I5T,NS3_V273I,NS5_E831A,NS2A_V5I,NS2A_I171A,prM_M83T,E_N390S,NS1_T117A,NS5_S15N,NS3_A120T,NS3_V395I,NS3_A160T,NS4B_L13F,E_T478S,prM_I127V,NS5_R98K,NS5_I687V,NS5_T290I,NS1_K174R,NS2A_V109A,E_H149N,NS5_A865T,NS1_S128L,E_E71A,NS5_M70L,NS4B_V115I,C_L108M,NS2A_M136I,NS2B_V59I,NS3_R186K,NS3_I461V,NS1_F178S,NS4B_A19T,NS5_G605V,NS5_S676N,prM_V120A,E_I462V,C_M104I,NS4B_V48I,NS5_K570R,NS1_K272R,NS4A_I89V,C_S101T)	10181
hDenV2/Colombia/un-UDEA-LET1193/2022	DENV2	II	2II_F.1.1.2	EPI_ISL_18474724	2022-11-21	South America / Colombia	Human			unknown	unknown	unknown			Original	Serum		(NS5_I637A,NS5_R430G,NS5_T176I,NS5_I135T,NS2B_K60R,NS5_Q644K,prM_M135I,E_Q52H,NS4B_T244A,NS5_V335I,E_V129I,NS3_I140V,NS1_T265A,NS4A_D23N,C_K9R,NS5_V164I,NS2B_L21F,NS1_D281E,prM_K52N,NS1_N222S,E_R120T,NS5_I271V,prM_T162A,E_M6I,prM_D29N,NS1_I264T,NS1_Q131H,NS1_Q175H,NS4B_F112L,NS5_K800T,NS4A_R76K,NS3_K15R,E_I484V,prM_A152I,prM_T82A,NS2A_K142R,prM_H148Y,NS3_M13V,NS3_I333M,NS1_L247I,NS1_S80T,NS2B_D63E,NS5_I5T,NS3_V273I,NS2A_V5I,NS2A_I171A,prM_M83T,E_N390S,NS1_T117A,NS5_S15N,NS3_A120T,NS3_V395I,NS3_A160T,NS4B_L13F,E_T478S,NS5_K383R,prM_I127V,NS5_R98K,NS5_I687V,NS5_T290I,NS1_K174R,E_H149N,NS5_A865T,NS1_S128L,E_E71A,NS5_M70L,NS4B_V115I,C_L108M,NS2A_M136I,NS2B_V59I,NS3_I461V,NS3_R186K,NS1_F178S,NS4B_A19T,NS5_G605V,NS5_S676N,prM_V120A,E_I462V,C_M104I,NS4B_V48I,NS5_K570R,NS1_K272R,NS4A_I89V,C_S101T)	10181
hDenV2/Colombia/un-UDEA-1114/2022	DENV2	II	2II_F.1.1.2	EPI_ISL_18474725	2022-10-11	South America / Colombia	Human			unknown	unknown	unknown			Cell culture			(NS5_I637A,NS5_R430G,NS5_T176I,NS5_I135T,NS2B_K60R,NS5_Q644K,prM_M135I,E_Q52H,NS4B_T244A,NS5_V335I,E_V129I,NS3_I140V,NS1_T265A,NS4A_D23N,C_K9R,NS2B_L21F,NS1_D281E,prM_K52N,NS1_N222S,E_R120T,NS5_I271V,prM_T162A,prM_D29N,E_M6I,NS1_I264T,NS1_Q131H,NS1_Q175H,NS4B_F112L,NS5_K800T,NS4A_R76K,NS3_K15R,E_I484V,prM_A152I,prM_T82A,prM_H148Y,NS3_M13V,NS3_I333M,NS1_L247I,NS1_S80T,NS2B_D63E,NS5_I5T,NS3_V273I,NS5_E831A,NS2A_I171A,NS2A_V5I,prM_M83T,E_N390S,NS1_T117A,NS5_S15N,NS3_A120T,NS3_V395I,NS3_A160T,NS4B_L13F,E_T478S,prM_I127V,NS5_R98K,NS5_I687V,NS5_T290I,NS1_K174R,NS2A_V109A,E_H149N,NS5_A865T,NS1_S128L,E_E71A,NS5_M70L,NS4B_V115I,C_L108M,NS2A_M136I,NS2B_V59I,NS3_I461V,NS3_R186K,NS1_F178S,NS4B_A19T,NS5_S676N,NS5_G605V,prM_V120A,E_I462V,C_M104I,NS4B_V48I,NS5_K570R,NS1_K272R,NS4A_I89V,C_S101T)	10647
hDenV2/Colombia/un-UDEA-LET1198/2022	DENV2	II	2II_F.1.1.2	EPI_ISL_18474726	2022-11-25	South America / Colombia	Human			unknown	unknown	unknown			Original	Serum		(NS5_I637A,NS5_R430G,NS5_I135T,NS5_T176I,NS2B_K60R,NS5_Q644K,prM_M135I,E_Q52H,NS4B_T244A,NS5_V335I,E_V129I,NS3_I140V,NS1_T265A,NS4A_D23N,C_K9R,NS5_V164I,NS1_D281E,NS2B_L21F,prM_K52N,NS1_N222S,E_R120T,NS5_I271V,prM_T162A,E_M6I,prM_D29N,NS1_I264T,NS1_Q175H,NS1_Q131H,NS4B_F112L,NS5_K800T,NS4A_R76K,NS3_K15R,E_I484V,prM_A152I,prM_T82A,NS2A_K142R,prM_H148Y,NS3_M13V,NS3_I333M,NS1_L247I,NS1_S80T,NS2B_D63E,NS5_I5T,NS3_V273I,NS2A_I171A,NS2A_V5I,prM_M83T,E_N390S,NS1_T117A,NS5_S15N,NS3_A120T,NS3_V395I,NS3_A160T,NS4B_L13F,E_T478S,NS5_K383R,prM_I127V,NS5_R98K,NS5_I687V,NS5_T290I,NS1_K174R,E_H149N,NS5_A865T,NS1_S128L,E_E71A,NS5_M70L,NS4B_V115I,C_L108M,NS2A_M136I,NS2B_V59I,NS3_I461V,NS3_R186K,NS1_F178S,NS4B_A19T,NS5_G605V,NS5_S676N,prM_V120A,E_I462V,C_M104I,NS4B_V48I,NS5_K570R,NS1_K272R,NS4A_I89V,C_S101T)	10181
hDenV2/Colombia/un-UDEA-LET1184/2022	DENV2	II	2II_F.1.1.2	EPI_ISL_18474727	2022-11-21	South America / Colombia	Human			unknown	unknown	unknown			Original	Serum		(NS5_I637A,NS5_R430G,NS5_T176I,NS5_I135T,NS2B_K60R,NS5_Q644K,prM_M135I,E_Q52H,NS4B_T244A,NS5_V335I,E_V129I,NS3_I140V,NS1_T265A,NS4A_D23N,C_K9R,NS1_D281E,NS2B_L21F,prM_K52N,NS1_N222S,E_R120T,NS5_I271V,prM_T162A,E_M6I,prM_D29N,NS1_I264T,NS1_Q131H,NS1_Q175H,NS4B_F112L,NS5_K800T,NS4A_R76K,NS3_K15R,E_I484V,prM_A152I,prM_T82A,prM_H148Y,NS3_M13V,NS3_I333M,NS1_L247I,NS1_S80T,NS2B_D63E,NS5_I5T,NS3_V273I,NS5_E831A,NS2A_I171A,NS2A_V5I,prM_M83T,E_N390S,NS1_T117A,NS5_S15N,NS3_A120T,NS3_V395I,NS3_A160T,NS4B_L13F,E_T478S,prM_I127V,NS5_I687V,NS5_R98K,NS5_T290I,NS1_K174R,NS2A_V109A,E_H149N,NS5_A865T,NS1_S128L,E_E71A,NS5_M70L,NS4B_V115I,C_L108M,NS2A_M136I,NS2B_V59I,NS3_I461V,NS3_R186K,NS1_F178S,NS4B_A19T,NS5_S676N,NS5_G605V,prM_V120A,E_I462V,C_M104I,NS4B_V48I,NS5_K570R,NS1_K272R,NS4A_I89V,C_S101T)	10181
hDenV2/Colombia/un-UDEA-LET1222/2022	DENV2	II	2II_F.1.1.2	EPI_ISL_18474728	2022-12-09	South America / Colombia	Human			unknown	unknown	unknown			Original	Serum		(NS5_I637A,NS5_R430G,NS5_I135T,NS5_T176I,NS2B_K60R,NS5_Q644K,prM_M135I,E_Q52H,NS4B_T244A,E_T359I,NS5_V335I,E_V129I,NS3_I140V,NS1_T265A,NS4A_D23N,C_K9R,NS5_V164I,NS1_D281E,NS2B_L21F,prM_K52N,NS1_N222S,E_R120T,NS5_I271V,prM_T162A,prM_D29N,E_M6I,NS1_I264T,NS1_Q175H,NS1_Q131H,NS4B_F112L,NS5_K800T,NS4A_R76K,NS3_K15R,E_I484V,prM_A152I,prM_T82A,prM_H148Y,NS3_M13V,NS3_I333M,NS1_L247I,NS1_S80T,NS2B_D63E,NS5_I5T,NS3_V273I,NS2A_V5I,NS2A_I171A,prM_M83T,E_N390S,NS1_T117A,NS5_S15N,NS3_A120T,NS3_V395I,NS3_A160T,NS4B_L13F,E_T478S,NS5_K383R,prM_I127V,NS5_I687V,NS5_R98K,NS5_T290I,NS1_K174R,E_H149N,NS5_A865T,NS1_S128L,E_E71A,NS5_M70L,NS4B_V115I,C_L108M,NS2A_M136I,NS2B_V59I,NS3_R186K,NS3_I461V,NS1_F178S,NS4B_A19T,NS5_S676N,NS5_G605V,prM_V120A,E_I462V,C_M104I,NS2A_N163S,NS4B_V48I,NS5_K570R,NS1_K272R,NS4A_I89V,C_S101T)	10181
hDenV2/Colombia/un-UDEA-LET1286/2023	DENV2	II	2II_F.1.1.2	EPI_ISL_18474729	2023-02-09	South America / Colombia	Human			unknown	unknown	unknown			Original	Serum		(NS5_I637A,NS5_R430G,NS5_T176I,NS5_I135T,NS2B_K60R,NS5_Q644K,prM_M135I,E_Q52H,NS4B_T244A,NS5_V335I,E_V129I,NS3_I140V,NS1_T265A,NS4A_D23N,C_K9R,NS1_D281E,NS2B_L21F,prM_K52N,NS1_N222S,E_R120T,NS5_I271V,prM_T162A,E_M6I,prM_D29N,NS1_I264T,NS1_Q175H,NS1_Q131H,NS4B_F112L,NS5_K800T,NS4A_R76K,NS3_K15R,E_I484V,NS2B_V112M,prM_A152I,prM_T82A,prM_H148Y,NS3_M13V,NS3_I333M,NS1_L247I,NS1_S80T,NS2B_D63E,NS5_I5T,NS3_V273I,NS5_E831A,NS2A_V5I,NS2A_I171A,prM_M83T,E_N390S,NS1_T117A,NS5_S15N,NS3_A120T,NS3_V395I,NS3_A160T,NS4B_L13F,E_T478S,prM_I127V,NS5_I687V,NS5_R98K,NS5_T290I,NS1_K174R,NS2A_V109A,E_H149N,NS5_A865T,NS1_S128L,E_E71A,NS5_M70L,NS4B_V115I,C_L108M,NS2A_M136I,NS2B_V59I,NS3_R186K,NS3_I461V,NS1_F178S,NS4B_A19T,NS5_G605V,NS5_S676N,prM_V120A,E_I462V,C_M104I,NS4B_V48I,NS5_K570R,NS1_K272R,NS4A_I89V,C_S101T)	10181
hDenV2/Colombia/VAC-LSPVAC-2306881/2023	DENV2	III	2III_D.2	EPI_ISL_18566935	2023-08-18	South America / Colombia / Valle del Cauca / Buenaventura	Human			unknown	8	Live			Original			(NS5_Y247H,NS5_T390D,NS5_A378G,NS3_R561K,NS5_R749K,E_T359I,NS5_E558K,NS3_I140V,NS3_K142R,NS5_A19T,NS4B_E24D,C_K9R,NS5_V403S,NS5_T811A,E_R120T,NS2B_I78V,NS5_R396Q,NS4B_V175I,NS5_L670I,E_M6I,NS5_E384R,NS4B_F112L,NS5_R401K,NS5_M374D,NS5_A408S,NS2A_V109T,NS5_V156I,NS5_K375E,NS4A_R76K,NS1_V177A,C_N10S,NS4B_Q21R,NS5_E397R,E_I484V,NS5_I836V,NS5_C394V,NS5_A642T,NS3_M13V,NS2A_Q162R,NS5_V628I,NS4B_A137T,NS1_L247F,NS4A_I93V,prM_M83T,NS5_R404E,NS5_E398R,NS5_R392stop,E_K361R,NS5_T395Y,E_T478S,NS5_S405K,NS5_L381A,NS5_S429G,E_I170T,NS4B_Q22E,NS5_A865T,NS5_E501G,NS5_R891K,C_M104V,NS2A_M136I,NS2A_T189A,NS3_R186K,NS4B_A19T,prM_S15G,NS5_A407C,NS2A_A173T,NS5_G386R,NS1_K272R,NS3_T399A,C_S101T,NS5_I637A,NS3_R549K,NS5_I135T,prM_M135I,C_K17R,E_N203D,NS1_T265A,NS4B_D156E,NS3_V567I,NS4A_D23N,NS1_D281E,NS1_I212M,NS5_A196T,NS1_N222S,NS3_K28R,prM_T162A,NS1_K172R,NS1_I264T,NS5_T400H,prM_M39I,NS2A_L153S,NS5_I376N,NS5_S225T,NS5_L385T,NS5_K383E,NS5_L373V,E_V491A,NS2A_V174A,NS5_N406Q,NS3_L115I,NS2B_L109V,NS5_W380V,NS3_I333M,NS2A_T104A,NS3_R248K,NS1_A141S,NS5_R246K,NS5_M393N,NS5_S763T,NS2A_V5I,NS5_K514R,NS5_K388E,NS3_A120T,NS1_I93T,NS5_W382L,NS5_T377H,NS2A_H2L,E_M340T,E_V324I,E_I462V,NS5_I717V,E_V308I,E_V91I,NS5_E379R,NS3_K61R,C_V112A,NS5_S523G,NS5_F399I)	10645
hDenV2/Colombia/VAC-LSPVAC-08431-2-VI/2023	DENV2	III	2III_D.2	EPI_ISL_18720082	2023-10-03	South America / Colombia / Valle del Cauca / Calo	Human			Male	60	Hospitalized			Original			(NS5_I637A,NS5_Y247H,NS5_I135T,prM_M135I,NS5_R749K,E_T359I,NS5_E558K,E_N203D,NS3_K142R,NS3_I140V,NS1_T265A,NS4B_D156E,NS4B_P23S,NS4A_D23N,C_K9R,NS1_I212M,NS1_D281E,NS5_A196T,NS5_T811A,NS1_N222S,NS3_K28R,E_R120T,NS4B_V175I,NS5_I271T,prM_T162A,NS5_L670I,E_M6I,NS2A_V174T,NS1_I264T,NS1_K172R,NS4B_F112L,prM_M39I,NS2A_L153S,NS5_K375R,NS5_S225T,NS2A_V109T,NS5_V156I,NS4A_R76K,NS1_E83D,E_V491A,C_N10S,E_I484V,NS2B_V40I,NS3_L115I,NS5_I836V,NS2B_L109V,NS3_M13V,NS3_I333M,NS5_V628I,NS1_L247F,NS2A_T104A,NS3_R248K,NS4A_I93V,NS5_R246K,NS5_S763T,NS2A_V5I,prM_M83T,NS1_Q98P,NS5_K514R,NS3_G14E,NS5_K388E,NS3_A120T,E_T478S,NS5_I687V,NS5_S429G,NS1_I93T,NS4B_Q22E,NS5_A865T,NS5_E501G,NS1_K170R,NS2B_K87R,C_M104V,NS5_A648T,NS2A_M136I,E_M340T,NS2A_T189A,NS3_R186K,E_V324I,NS4B_A19T,NS2B_A57T,NS5_I717V,E_V308I,E_V91I,prM_S15G,NS3_K61R,C_V112A,NS5_S523G,NS3_T399A,C_S101T)	10326
hDenV2/Colombia/VAC-LSPVAC-08912-2-VI/2023	DENV2	III	2III_D.2	EPI_ISL_18720086	2023-10-18	South America / Colombia / Valle del Cauca / Candelaria	Human			Female	44	Live			Original			(NS5_I637A,NS5_Y247H,NS3_R549K,NS5_I135T,prM_M135I,NS3_R561K,NS5_R749K,E_T359I,NS5_E558K,E_N203D,NS3_I140V,NS3_K142R,NS1_T265A,NS4B_P23S,NS4B_D156E,NS3_V567I,NS4A_D23N,C_K9R,NS1_D281E,NS1_I212M,NS5_A196T,NS5_T811A,NS1_N222S,NS3_K28R,E_R120T,NS4B_V175I,NS5_I271T,prM_T162A,NS5_L670I,E_M6I,NS2A_V174T,NS1_I264T,NS1_K172R,NS4B_F112L,prM_M39I,NS2A_L153S,NS5_K375R,NS5_S225T,NS2A_V109T,NS5_V156I,NS4A_R76K,NS1_E83D,E_V491A,C_N10S,E_I484V,NS2B_V40I,NS3_L115I,NS5_I836V,NS2B_L109V,NS3_M13V,NS3_I333M,NS5_V628I,NS1_L247F,NS2A_T104A,NS3_R248K,NS4A_I93V,NS5_R246K,NS5_S763T,NS2A_V5I,prM_M83T,NS1_Q98P,NS5_K514R,NS3_G14E,NS5_K388E,NS3_A120T,NS3_V577M,E_T478S,NS5_I687V,NS5_S429G,NS1_I93T,NS4B_Q22E,NS5_A865T,NS5_E501G,NS1_K170R,NS2B_K87R,C_M104V,NS5_A648T,NS2A_M136I,E_M340T,NS2A_T189A,NS3_R186K,E_V324I,NS4B_A19T,NS2B_A57T,NS5_I717V,E_V308I,E_V91I,prM_S15G,NS3_K61R,C_V112A,NS5_S523G,NS3_T399A,C_S101T)	10643
hDenV2/Colombia/VAC-LSPVAC-02903-VI/2023	DENV2	III	2III_D.2	EPI_ISL_18720100	2023-04-14	South America / Colombia / Valle del Cauca / Cali	Human			Male	32	Hospitalized			Original			(NS5_I637A,NS5_Y247H,NS5_I135T,prM_M135I,NS5_R749K,E_T359I,NS5_E558K,E_N203D,NS3_K142R,NS3_I140V,NS1_T265A,NS4B_P23S,NS4B_D156E,NS4A_D23N,C_K9R,NS1_I212M,NS1_D281E,NS5_A196T,NS5_T811A,NS1_N222S,NS3_K28R,E_R120T,NS4B_V175I,NS5_I271T,prM_T162A,NS5_L670I,E_M6I,NS2A_V174T,NS1_I264T,NS1_K172R,NS4B_F112L,prM_M39I,NS2A_L153S,NS5_K375R,NS5_S225T,NS2A_V109T,NS5_V156I,NS4A_R76K,NS1_E83D,E_V491A,C_N10S,E_I484V,NS2B_V40I,NS3_L115I,NS5_I836V,NS2B_L109V,NS3_M13V,NS3_I333M,NS5_V628I,NS1_L247F,NS2A_T104A,NS3_R248K,NS4A_I93V,NS5_R246K,NS5_S763T,NS2A_V5I,prM_M83T,NS1_Q98P,NS5_K514R,NS3_G14E,NS5_K388E,NS3_A120T,E_T478S,NS5_I687V,NS5_S429G,NS1_I93T,NS4B_Q22E,NS5_A865T,NS5_E501G,NS1_K170R,NS2B_K87R,C_M104V,NS5_A648T,NS2A_M136I,E_M340T,NS2A_T189A,NS3_R186K,E_V324I,NS4B_A19T,NS2B_A57T,NS5_I717V,E_V91I,E_V308I,prM_S15G,NS3_K61R,C_V112A,NS5_S523G,NS3_T399A,C_S101T)	10326
hDenV2/Colombia/VAC-LSPVAC-09410-2-VI/2023	DENV2	III	2III_D.2	EPI_ISL_18720113	2023-10-24	South America / Colombia / Valle del Cauca / Yumbo	Human			Male	55	Live			Original			(NS5_I637A,NS5_Y247H,NS3_R549K,NS5_I135T,prM_M135I,NS3_R561K,NS5_R749K,E_T359I,NS5_E558K,E_N203D,NS3_I140V,NS3_K142R,NS1_T265A,NS4B_P23S,NS4B_D156E,NS3_V567I,NS4A_D23N,C_K9R,NS1_D281E,NS1_I212M,NS5_A196T,NS5_T811A,NS1_N222S,NS3_K28R,E_R120T,NS4B_V175I,NS5_I271T,prM_T162A,NS5_L670I,E_M6I,NS2A_V174T,NS1_K172R,NS1_I264T,NS4B_F112L,prM_M39I,NS2A_L153S,NS5_K375R,C_R100K,NS5_S225T,NS2A_V109T,NS5_V156I,NS4A_R76K,NS1_E83D,E_V491A,C_N10S,E_I484V,NS2B_V40I,NS3_L115I,NS5_I836V,NS2B_L109V,NS3_M13V,NS3_I333M,NS5_V628I,NS1_L247F,NS2A_T104A,NS3_R248K,NS4A_I93V,NS5_R246K,NS5_S763T,NS2A_V5I,prM_M83T,NS1_Q98P,NS5_K514R,NS3_G14E,NS5_K388E,NS3_A120T,NS3_V577M,E_T478S,NS5_I687V,NS5_S429G,NS1_I93T,NS4B_Q22E,NS5_A865T,NS5_E501G,NS1_K170R,NS2B_K87R,C_M104V,NS5_A648T,NS2A_M136I,E_M340T,NS2A_T189A,NS3_R186K,E_V324I,NS4B_A19T,NS2B_A57T,NS5_I717V,E_V308I,E_V91I,prM_S15G,NS3_K61R,C_V112A,NS5_S523G,C_S101T)	10326
DenV2/un/Colombia/un-UH-97/1997	DENV2	III	2III_B	EPI_ISL_18730266	1997	South America / Colombia	unknown			unknown	unknown	unknown			Original			(E_Q131L,C_M104V,prM_T134A,prM_M39I,E_N203E,prM_M135I,prM_M83T,E_I432M,C_N10S,E_I484V,C_K9R,prM_S15G,E_V308I,E_V91I,C_V112A,E_R120T,E_T478S,prM_T162A,E_M6I,E_I162V,C_S101T)	2322
DenV2/un/Colombia/un-UH-A-93/1993	DENV2	III	2III_B	EPI_ISL_18730267	1993	South America / Colombia	unknown			unknown	unknown	unknown			Original			(E_Q131L,C_M104V,prM_T134A,prM_M39I,E_N203E,prM_M135I,prM_M83T,C_N10S,E_I484V,C_K9R,prM_S15G,E_V91I,E_V308I,C_V112A,E_R120T,E_T478S,prM_T162A,E_M6I,C_S101T)	2322
DenV2/un/Colombia/un-SFBR-360281/un	DENV2	III	2III_B	EPI_ISL_18735016	unknown	South America / Colombia	unknown			unknown	unknown	unknown			Original			(E_Q131L,E_N203E,E_V491A,E_I484V,E_V308I,E_V91I,E_R120T,E_T478S,E_M6I)	1485
hDenV2/Colombia/MET-NFDCN-CIMBIUR_207/2023	DENV2	II	2II_F.1.1.2	EPI_ISL_18917099	2023-05-01	South America / Colombia / Meta	Human			unknown	unknown	unknown			Original	Serum		(NS5_I637A,NS5_R430G,NS5_I135T,NS5_T176I,NS2B_K60R,NS5_Q644K,prM_M135I,E_Q52H,NS4B_T244A,NS5_V335I,E_N203D,E_V129I,NS3_I140V,NS1_T265A,NS4A_D23N,C_K9R,NS5_V164I,NS1_I212M,NS1_D281E,NS2B_L21F,prM_K52N,NS1_N222S,E_R120T,NS5_I271V,prM_T162A,prM_D29N,E_M6I,NS1_I264T,NS1_Q131H,NS4B_F112L,NS5_K800T,prM_A152V,NS4A_R76K,NS3_K15R,E_I484V,prM_T82A,prM_H148Y,NS3_M13V,NS3_I333M,NS1_L247I,NS1_S80T,NS2B_D63E,NS5_I5T,NS3_V273I,NS2A_V5I,NS2A_I171A,prM_M83T,NS1_T117A,NS5_S15N,NS3_A120T,NS3_V395I,NS3_A160T,NS4B_L13F,E_T478S,prM_I127V,NS5_R98K,NS1_K174R,E_H149N,NS5_A865T,NS1_S128L,E_E71A,NS5_M70L,NS4B_V115I,C_L108M,NS2A_M136I,NS2B_V59I,NS3_I461V,E_V324I,NS1_F178S,NS4B_A19T,NS5_S676N,NS5_G605V,prM_V120A,E_I462V,C_M104I,NS4B_V48I,NS5_K570R,NS1_K272R,NS4A_I89V,C_S101T)	10177
hDenV2/Colombia/MET-NFDCN-CIMBIUR_237/2023	DENV2	II	2II_F.1.1.2	EPI_ISL_18917100	2023-05-03	South America / Colombia / Meta	Human			unknown	unknown	unknown			Original	Serum		(NS5_I637A,NS5_R430G,NS5_T176I,NS5_I135T,NS2B_K60R,NS5_Q644K,prM_M135I,E_Q52H,NS4B_T244A,NS5_V335I,E_N203D,E_V129I,NS3_I140V,NS1_T265A,NS4A_D23N,C_K9R,NS5_V164I,NS2B_L21F,NS1_D281E,NS1_I212M,prM_K52N,NS1_N222S,E_R120T,NS5_I271V,prM_T162A,prM_D29N,E_M6I,NS1_I264T,NS1_Q131H,NS4B_F112L,NS5_K800T,prM_A152V,NS4A_R76K,NS3_K15R,E_I484V,prM_T82A,prM_H148Y,NS3_M13V,NS3_I333M,NS1_L247I,NS1_S80T,NS2B_D63E,NS5_I5T,NS3_V273I,NS2A_V5I,NS2A_I171A,prM_M83T,E_N390S,NS1_T117A,NS5_S15N,NS3_A120T,NS3_V395I,NS3_A160T,NS4B_L13F,E_T478S,prM_I127V,NS5_R98K,E_H149N,NS5_A865T,NS1_S128L,E_E71A,NS5_M70L,NS4B_V115I,C_L108M,NS2A_M136I,NS2B_V59I,NS3_I461V,NS3_R186K,E_V324I,NS1_F178S,NS4B_A19T,NS5_G605V,NS5_S676N,prM_V120A,E_I462V,C_M104I,NS4B_V48I,NS5_K570R,NS1_K272R,NS4A_I89V,C_S101T)	10177
hDenV2/Colombia/VAC-LSPVAC-2403818/2024	DENV2	III	2III_D.2	EPI_ISL_19216414	2024-03-10	South America / Colombia / Valle del Cauca / La Union	Human			Male	7	Live			Original			(NS5_Y247H,NS3_R561K,NS5_R749K,NS5_E558K,E_T359I,NS3_I140V,NS3_K142R,E_V347I,C_K9R,NS5_T811A,E_R120T,NS4B_V175I,NS5_L670I,E_M6I,NS4B_F112L,NS5_K375R,NS2A_V109T,NS5_V156I,NS4A_R76K,NS3_T200K,C_N10S,E_I484V,NS3_L204I,NS3_M13V,NS2A_Q162R,NS5_V628I,NS1_L247F,NS3_K201D,NS4A_I93V,NS3_L188I,NS3_G198S,prM_M83T,NS3_Y203K,NS5_V130T,E_T478S,NS5_S429G,E_I170T,NS4B_Q22E,NS5_A865T,NS5_E501G,C_M104V,NS3_L193H,NS2A_M136I,NS2A_T189A,NS3_A206S,NS4A_R22K,NS4B_A19T,prM_S15G,NS3_I190del,NS3_M191del,NS3_ins194GP,NS3_T399A,C_S101T,NS5_I637A,NS3_R549K,NS5_I135T,NS3_R202K,prM_M135I,NS3_G196S,E_N203D,C_K17R,NS1_D281K,NS1_T265A,NS4B_D156E,NS3_V567I,NS4A_D23N,NS1_I212M,NS5_A196T,NS1_N222S,NS3_K28R,NS5_I271T,prM_T162A,NS1_K172R,NS1_I264T,NS3_T122A,NS2A_L153S,prM_M39I,NS5_S225T,E_V491A,NS3_L115I,NS2B_L109V,NS3_K199R,NS3_I333M,NS2A_T104A,NS3_R248K,NS5_R246K,NS5_T554A,NS5_S763T,NS2A_V5I,NS5_K514R,E_V365I,NS3_A120T,NS1_I93T,NS2A_H2L,E_M340T,E_V324I,E_I462V,NS5_I717V,NS3_A197R,E_V308I,E_V91I,NS3_T189del,NS3_K61R,C_V112A,NS5_S523G)	10646
hDenV2/Colombia/VAC-LSPVAC-2404023/2024	DENV2	III	2III_D.2	EPI_ISL_19216417	2024-03-07	South America / Colombia / Valle del Cauca / Cali	Human			Male	9	Live			Original			(NS5_I637A,NS5_Y247H,NS3_R549K,NS5_I135T,prM_M135I,NS3_R561K,NS5_R749K,E_T359I,NS5_E558K,E_N203D,NS3_K142R,NS3_I140V,NS1_T265A,NS4B_P23S,NS4B_D156E,NS3_V567I,NS4A_D23N,C_K9R,NS1_I212M,NS1_D281E,NS5_T811A,NS5_A196T,NS1_N222S,NS3_K28R,E_R120T,NS4B_V175I,NS5_I271T,prM_T162A,NS5_L670I,E_M6I,NS2A_V174T,NS1_I264T,NS1_K172R,NS5_P115S,NS4B_F112L,prM_M39I,NS2A_L153S,NS5_K375R,NS5_S225T,NS2A_V109T,NS5_V156I,NS4A_R76K,NS1_E83D,E_V491A,C_N10S,E_I484V,NS2B_V40I,NS3_L115I,NS5_I836V,NS2B_L109V,NS3_M13V,NS3_I333M,NS5_V628I,NS1_L247F,NS2A_T104A,NS3_R248K,NS4A_I93V,NS5_R246K,NS5_S763T,NS2A_V5I,prM_M83T,NS1_Q98P,NS5_K514R,NS3_G14E,NS5_K388E,NS3_A120T,E_T478S,NS5_I687V,NS1_I93T,NS4B_Q22E,NS5_A865T,NS5_E501G,NS1_K170R,NS2B_K87R,C_M104V,NS5_A648T,NS2A_M136I,E_M340T,NS2A_T189A,NS3_R186K,E_V324I,NS4B_A19T,NS2B_A57T,NS5_I717V,E_V91I,E_V308I,prM_S15G,NS3_K61R,C_V112A,NS5_S523G,C_S101T)	10645
hDenV2/Colombia/VAC-LSPVAC-2404593/2024	DENV2	III	2III_D.2	EPI_ISL_19216422	2024-03-13	South America / Colombia / Valle del Cauca / Cali	Human			Female	28	Live			Original			(NS5_I637A,NS5_Y247H,NS3_R549K,NS5_I135T,prM_M135I,E_E360G,NS3_R561K,NS5_R749K,E_T359I,NS5_E558K,C_K17R,E_N203D,NS1_D281K,NS3_K142R,NS3_I140V,E_V347I,NS1_T265A,NS4B_D156E,NS3_V567I,NS4A_D23N,C_K9R,NS1_I212M,NS5_T811A,NS5_A196T,NS1_N222S,NS3_K28R,E_R120T,NS4B_V175I,prM_T162A,NS5_L670I,E_M6I,NS1_K172R,NS1_I264T,NS4B_F112L,NS3_D71N,prM_M39I,NS2A_L153S,NS5_K375R,NS5_S225T,NS2A_V109T,NS5_V156I,NS4A_R76K,E_V491A,C_N10S,E_I484V,NS3_L115I,NS5_I836V,NS2B_L109V,NS3_M13V,NS3_I333M,NS2A_Q162R,NS5_V628I,NS1_L247F,NS2A_T104A,NS3_R248K,NS4A_I93V,NS5_R246K,NS5_S763T,NS2A_V5I,NS3_R187K,E_V365I,prM_M83T,NS5_K514R,NS3_A120T,NS5_V130T,E_T478S,NS5_S429G,E_I170T,NS1_I93T,NS4B_Q22E,NS5_A865T,NS5_E501G,C_M104V,NS2A_H2L,NS2A_M136I,E_M340T,NS2A_T189A,NS4A_R22K,E_V324I,NS4B_A19T,E_I462V,NS5_I717V,prM_S15G,E_V308I,E_V91I,NS3_K61R,C_V112A,NS5_S523G,NS3_T399A,C_S101T)	10645
hDenV2/Colombia/VAC-LSPVAC-2405259/2024	DENV2	III	2III_D.2	EPI_ISL_19216431	2024-04-05	South America / Colombia / Valle del Cauca / Roldanillo	Human			Male	18	Live			Original			(NS5_I637A,NS5_Y247H,NS3_R549K,NS5_I135T,prM_M135I,NS3_R561K,NS5_R749K,NS5_E558K,E_N203D,NS3_I140V,NS3_K142R,NS1_T265A,NS4B_D156E,NS4B_P23S,NS3_V567I,NS4A_D23N,C_K9R,NS1_D281E,NS1_I212M,NS5_A196T,NS5_T811A,NS1_N222S,NS3_K28R,E_R120T,NS5_I271V,NS4B_V175I,prM_T162A,NS5_L670I,E_M6I,NS2A_V174T,NS1_K172R,NS1_I264T,NS4B_F112L,prM_M39I,NS2A_L153S,NS5_K375R,NS5_S225T,NS2A_V109T,NS5_V156I,NS4A_R76K,NS1_E83D,E_V491A,C_N10S,E_I484V,NS3_L115I,E_V439I,NS5_I836V,NS2B_L109V,NS3_M13V,NS3_I333M,NS2A_Q162R,NS5_V628I,NS1_L247F,NS2A_T104A,NS3_R248K,NS4A_I93V,NS5_R246K,NS1_V6A,NS5_S763T,NS2A_V5I,NS3_R187K,prM_M83T,NS5_K514R,prM_R151K,NS5_K388E,NS3_A120T,E_T478S,NS1_T27A,NS5_I687V,NS5_S429G,NS1_K174R,NS1_I93T,NS4B_Q22E,NS5_A865T,NS5_E501G,C_M104V,NS5_A648T,NS2A_M136I,E_M340T,NS2A_T189A,NS3_R186K,E_V324I,NS4B_A19T,E_I462V,NS5_I717V,prM_S15G,E_V91I,E_V308I,NS2A_D67G,NS3_K61R,C_V112A,NS5_S523G,NS3_T399A,C_S101T)	10645
hDenV2/Colombia/VAC-LSPVAC-2405558/2024	DENV2	III	2III_D.2	EPI_ISL_19216441	2024-04-11	South America / Colombia / Valle del Cauca / Cali	Human			Male	8	Live			Original			(NS5_I637A,NS5_Y247H,NS3_R549K,NS5_I135T,prM_M135I,NS3_R561K,NS5_R749K,E_T359I,NS5_E558K,C_K17R,E_N203D,NS3_I140V,NS3_K142R,NS5_A19T,NS1_T265A,NS4B_D156E,NS3_V567I,NS4A_D23N,NS4B_E24D,C_K9R,NS1_D281E,NS5_T811A,NS5_A196T,NS3_K28R,E_R120T,NS2B_I78V,NS4B_V175I,prM_T162A,NS5_L670I,E_M6I,NS1_I264T,NS4B_F112L,prM_M39I,NS2A_L153S,NS5_K375R,NS5_S225T,NS2A_V109T,NS5_V156I,NS4A_R76K,E_V491A,C_N10S,NS2A_V174A,NS4B_Q21R,E_I484V,NS3_L115I,NS5_I836V,NS2B_L109V,NS5_A642T,NS3_M13V,NS3_I333M,NS2A_Q162R,NS5_V628I,NS4B_A137T,NS1_L247F,NS2A_T104A,NS3_R248K,NS1_A141S,NS4A_I93V,NS5_R246K,NS5_S763T,NS2A_V5I,prM_M83T,NS5_K514R,NS2A_V133A,NS3_A120T,E_K361R,E_T478S,NS5_S429G,E_I170T,NS1_I93T,NS4B_Q22E,NS5_A865T,NS5_E501G,C_M104V,NS2A_H2L,NS2A_M136I,E_M340T,NS2A_T189A,NS3_R186K,E_V324I,NS4B_A19T,E_I462V,NS5_I717V,prM_S15G,E_V91I,E_V308I,NS3_K61R,C_V112A,NS5_S523G,NS3_T399A,C_S101T)	10645
hDenV2/Colombia/un-Yale-DN02417/2023	DENV2	III	2III_D.2	EPI_ISL_19257599	2023-10-24	South America / Colombia	Human			unknown	unknown	unknown			Original	Serum		(NS5_I637A,NS5_Y247H,NS3_R549K,NS5_I135T,prM_M135I,NS3_R561K,NS5_R749K,E_T359I,NS5_E558K,E_N203D,NS3_I140V,NS3_K142R,NS1_T265A,NS4B_D156E,NS4B_P23S,NS3_V567I,NS4A_D23N,C_K9R,NS1_D281E,NS1_I212M,NS5_A196T,NS5_T811A,NS1_N222S,NS3_K28R,E_R120T,NS4B_V175I,NS5_I271T,prM_T162A,NS5_L670I,E_M6I,NS2A_V174T,NS1_K172R,NS1_I264T,NS4B_F112L,prM_M39I,NS2A_L153S,NS5_K375R,NS5_S225T,NS2A_V109T,NS5_V156I,NS4A_R76K,NS1_E83D,E_V491A,C_N10S,E_I484V,NS2B_V40I,NS3_L115I,NS5_I836V,NS2B_L109V,NS3_M13V,NS3_I333M,NS5_V628I,NS1_L247F,NS3_R248K,NS4A_I93V,NS5_R246K,NS5_S763T,NS2A_V5I,NS3_R187K,prM_M83T,NS1_Q98P,NS5_K514R,NS3_G14E,NS5_K388E,NS3_A120T,E_T478S,NS5_I687V,NS5_S429G,NS1_I93T,NS4B_Q22E,NS5_A865T,NS5_E501G,NS1_K170R,NS2B_K87R,NS5_R596K,C_M104V,NS5_A648T,NS2A_M136I,E_M340T,NS2A_T189A,NS3_R186K,E_V324I,NS4B_A19T,NS2B_A57T,NS5_I717V,E_V308I,E_V91I,prM_S15G,NS3_K61R,C_V112A,NS5_S523G,NS3_T399A,C_S101T)	10610
hDenV2/Colombia/un-Yale-DN02543/2024	DENV2	II	2II_F.1.1.2	EPI_ISL_19257601	2024-02-09	South America / Colombia	Human			unknown	unknown	unknown			Original	Serum		(NS5_I637A,NS5_R430G,NS5_I135T,NS5_T176I,NS2B_K60R,NS5_Q644K,prM_M135I,E_Q52H,NS4B_T244A,NS5_V335I,E_V129I,NS3_I140V,NS1_T265A,NS4A_D23N,C_K9R,NS2B_L21F,NS1_D281E,prM_K52N,NS1_N222S,E_R120T,NS5_I271V,prM_T162A,prM_D29N,E_M6I,NS1_I264T,NS1_Q131H,NS1_Q175H,NS4B_F112L,NS5_K800T,NS4A_R76K,NS3_K15R,E_I484V,prM_A152I,prM_T82A,prM_H148Y,NS3_M13V,NS3_I333M,NS1_L247I,NS1_S80T,NS2B_D63E,NS5_I5T,NS3_V273I,NS2A_V5I,prM_M83T,E_N390S,NS1_T117A,NS5_S15N,NS3_A120T,NS3_V395I,NS3_A160T,NS4B_L13F,E_T478S,prM_I127V,NS5_I687V,NS5_R98K,NS5_T290I,NS1_K174R,NS2A_V109A,E_H149N,NS5_A865T,NS1_S128L,E_E71A,NS5_M70L,NS4B_V115I,C_L108M,NS2A_M136I,NS2B_V59I,NS3_I461V,NS3_R186K,NS1_F178S,NS4B_A19T,NS5_G605V,NS5_S676N,prM_V120A,E_I462V,C_M104I,NS4B_V48I,NS5_K570R,NS1_K272R,NS4A_I89V,C_S101T)	10601
hDenV2/Colombia/un-Yale-DN02547/2024	DENV2	II	2II_F.1.1.2	EPI_ISL_19257604	2024-02-15	South America / Colombia	Human			unknown	unknown	unknown			Original	Serum		(NS5_I637A,NS5_R430G,NS5_I135T,NS5_T176I,NS2B_K60R,NS5_Q644K,prM_M135I,E_Q52H,NS4B_T244A,NS5_V335I,E_V129I,NS3_I140V,NS1_T265A,NS4A_D23N,C_K9R,NS1_D281E,NS2B_L21F,prM_K52N,NS1_N222S,E_R120T,NS5_I271V,prM_T162A,E_M6I,prM_D29N,NS1_I264T,NS1_Q175H,NS1_Q131H,NS4B_F112L,NS5_K800T,NS4A_R76K,NS3_K15R,E_I484V,prM_A152I,prM_T82A,prM_H148Y,NS3_M13V,NS3_I333M,NS1_L247I,NS1_S80T,NS2B_D63E,NS5_I5T,NS3_V273I,NS2A_V5I,prM_M83T,E_N390S,NS1_T117A,NS5_S15N,NS3_A120T,NS3_V395I,NS3_A160T,NS4B_L13F,E_T478S,prM_I127V,NS5_I687V,NS5_R98K,NS5_T290I,NS1_K174R,NS2A_V109A,E_H149N,NS5_A865T,NS1_S128L,E_E71A,NS5_M70L,NS4B_V115I,C_L108M,NS2A_M136I,NS2B_V59I,NS3_R186K,NS3_I461V,NS1_F178S,NS4B_A19T,NS5_G605V,NS5_S676N,prM_V120A,E_I462V,C_M104I,NS4B_V48I,NS5_K570R,NS1_K272R,NS4A_I89V,C_S101T)	10606
hDenV2/Colombia/un-Yale-DN02370/2023	DENV2	II	2II_F.1.1.2	EPI_ISL_19257605	2023-09-03	South America / Colombia	Human			unknown	unknown	unknown			Original	Serum		(NS5_I637A,NS5_R430G,NS5_I135T,NS5_T176I,NS2B_K60R,NS5_Q644K,prM_M135I,E_Q52H,NS4B_T244A,NS5_V335I,E_V129I,NS3_I140V,NS1_T265A,NS4A_D23N,C_K9R,NS1_D281E,NS2B_L21F,prM_K52N,NS1_N222S,E_R120T,NS5_I271V,prM_T162A,E_M6I,prM_D29N,NS1_I264T,NS1_Q175H,NS1_Q131H,NS4B_F112L,NS5_K800T,NS4A_R76K,NS3_K15R,E_I484V,prM_A152I,prM_T82A,prM_H148Y,NS3_M13V,NS3_I333M,NS1_L247I,NS1_S80T,NS2B_D63E,NS5_I5T,NS3_V273I,NS2A_V5I,NS2A_I171A,prM_M83T,E_N390S,NS1_T117A,NS5_S15N,NS3_A120T,NS3_V395I,NS3_A160T,NS4B_L13F,E_T478S,prM_I127V,NS5_R98K,NS5_I687V,NS5_T290I,NS1_K174R,NS2A_V109A,E_H149N,NS5_A865T,NS1_S128L,E_E71A,NS5_M70L,NS4B_V115I,C_L108M,NS2A_M136I,NS2B_V59I,NS3_R186K,NS3_I461V,NS1_F178S,NS4B_A19T,NS5_S676N,NS5_G605V,prM_V120A,E_I462V,C_M104I,NS4B_V48I,NS5_K570R,NS1_K272R,NS4A_I89V,C_S101T)	10605
hDenV2/Colombia/un-Yale-DN02542/2024	DENV2	II	2II_F.1.1.2	EPI_ISL_19257607	2024-02-12	South America / Colombia	Human			unknown	unknown	unknown			Original	Serum		(NS5_I637A,NS5_R430G,NS5_I135T,NS5_T176I,NS2B_K60R,NS5_Q644K,prM_M135I,E_Q52H,NS4B_T244A,NS5_V335I,E_V129I,NS3_I140V,NS1_T265A,NS4A_D23N,C_K9R,NS1_D281E,NS2B_L21F,prM_K52N,NS1_N222S,E_R120T,NS5_I271V,prM_T162A,prM_D29N,E_M6I,NS1_I264T,NS1_Q175H,NS1_Q131H,NS4B_F112L,NS5_K800T,NS4A_R76K,NS3_K15R,E_I484V,prM_A152I,prM_T82A,prM_H148Y,NS3_M13V,NS3_I333M,NS1_L247I,NS1_S80T,NS2B_D63E,NS5_I5T,NS3_V273I,NS2A_V5I,prM_M83T,E_N390S,NS1_T117A,NS5_S15N,NS3_A120T,NS3_V395I,NS3_A160T,NS4B_L13F,E_T478S,prM_I127V,NS5_I687V,NS5_R98K,NS5_T290I,NS1_K174R,E_H149N,NS5_A865T,NS1_S128L,E_E71A,NS5_M70L,NS4B_V115I,C_L108M,NS2A_M136I,NS2B_V59I,NS3_I461V,NS3_R186K,NS1_F178S,NS4B_A19T,NS5_G605V,NS5_S676N,prM_V120A,E_I462V,C_M104I,NS3_G527E,NS4B_V48I,NS5_K570R,NS1_K272R,NS4A_I89V,C_S101T)	10605
hDenV2/Colombia/un-Yale-DN02567/2024	DENV2	II	2II_F.1.1.2	EPI_ISL_19257609	2024-02-25	South America / Colombia	Human			unknown	unknown	unknown			Original	Serum		(NS5_I637A,NS5_R430G,NS5_T176I,NS5_I135T,NS2B_K60R,NS5_Q644K,prM_M135I,E_Q52H,NS4B_T244A,E_T226I,NS2A_I33T,NS5_V335I,E_V129I,NS3_I140V,NS1_T265A,NS3_V567I,NS4A_D23N,C_K9R,NS1_D281E,NS2B_L21F,prM_K52N,NS1_N222S,E_R120T,NS5_D808N,NS5_I271V,prM_T162A,prM_D29N,E_M6I,NS1_I264T,NS4B_F112L,NS5_R401K,NS5_K800T,NS4A_R76K,NS3_K15R,E_I484V,NS2A_M70I,prM_A152I,prM_T82A,prM_H148Y,NS3_M13V,NS3_I333M,NS1_L247I,NS1_A141V,NS1_S80T,NS2B_D63E,NS3_R248K,NS5_I5T,NS3_V273I,NS2A_V5I,NS2A_I171A,prM_M83T,E_N390S,NS1_T117A,NS5_S15N,NS3_A120T,NS3_V395I,C_K86R,NS3_A160T,NS4B_L13F,E_T478S,NS1_I21V,prM_I127V,NS5_I687V,NS5_R98K,NS1_K174R,E_H149N,NS5_A865T,NS1_S128L,E_E71A,NS5_M70L,NS4B_V115I,C_L108M,NS2A_M136I,NS2B_V59I,NS3_R186K,NS3_I461V,NS1_F178S,NS4B_A19T,NS5_S676N,NS5_G605V,prM_V120A,E_I462V,C_M104I,NS4B_V48I,NS5_K570R,NS1_K272R,NS4A_I89V,C_S101T)	10607
hDenV2/Colombia/un-Yale-DN02428/2023	DENV2	II	2II_F.1.1.2	EPI_ISL_19257610	2023-11-12	South America / Colombia	Human			unknown	unknown	unknown			Original	Serum		(NS5_I637A,NS5_R430G,NS5_T176I,NS5_I135T,NS2B_K60R,NS5_Q644K,prM_M135I,E_Q52H,NS4B_T244A,NS5_V335I,E_V129I,NS3_I140V,NS1_T265A,NS4A_D23N,C_K9R,NS2B_L21F,NS1_D281E,prM_K52N,NS1_N222S,E_R120T,NS5_I271V,prM_T162A,E_M6I,prM_D29N,NS1_I264T,NS1_Q131H,NS1_Q175H,NS4B_F112L,NS5_K800T,NS4A_R76K,NS3_K15R,E_I484V,prM_A152I,prM_T82A,prM_H148Y,NS3_M13V,NS3_I333M,NS1_L247I,NS1_S80T,NS2B_D63E,NS5_I5T,NS3_V273I,NS2A_I171A,NS2A_V5I,prM_M83T,E_N390S,NS1_T117A,NS5_S15N,NS3_A120T,NS3_V395I,NS3_A160T,NS4B_L13F,E_T478S,prM_I127V,NS5_I687V,NS5_R98K,NS5_T290I,NS1_K174R,NS2A_V109A,E_H149N,NS5_A865T,NS1_S128L,E_E71A,NS5_M70L,NS4B_V115I,C_L108M,NS2A_M136I,NS2B_V59I,NS3_R186K,NS3_I461V,NS1_F178S,NS4B_A19T,NS5_G605V,NS5_S676N,prM_V120A,E_I462V,C_M104I,NS4B_V48I,NS5_K570R,NS1_K272R,NS4A_I89V,C_S101T)	10605
hDenV2/Colombia/un-Yale-DN02574/2024	DENV2	II	2II_F.1.1.2	EPI_ISL_19257612	2024-03-01	South America / Colombia	Human			unknown	unknown	unknown			Original	Serum		(NS5_I637A,NS5_R430G,NS5_T176I,NS5_I135T,NS2B_K60R,NS5_Q644K,prM_M135I,E_Q52H,NS4B_T244A,NS5_V335I,E_V129I,NS3_I140V,NS1_T265A,NS4A_D23N,C_K9R,NS1_D281E,NS2B_L21F,prM_K52N,NS1_N222S,E_R120T,NS5_I271V,prM_T162A,NS5_S269G,prM_D29N,E_M6I,NS1_I264T,NS1_Q131H,NS1_Q175H,NS4B_F112L,NS5_K800T,NS4A_R76K,NS3_K15R,E_I484V,prM_A152I,prM_T82A,prM_H148Y,NS3_M13V,NS3_I333M,NS1_L247I,NS1_S80T,NS2B_D63E,NS5_I5T,NS3_V273I,NS2A_I171A,NS2A_V5I,prM_M83T,E_N390S,NS1_T117A,NS5_S15N,NS3_A120T,NS3_V395I,NS3_A160T,NS4B_L13F,E_T478S,prM_I127V,NS5_I687V,NS5_R98K,NS5_T290I,NS1_K174R,NS2A_V109A,E_H149N,NS5_A865T,NS1_S128L,E_E71A,NS5_M70L,NS4B_V115I,C_L108M,NS2A_M136I,NS2B_V59I,NS3_R186K,NS3_I461V,NS1_F178S,NS4B_A19T,NS5_G605V,NS5_S676N,prM_V120A,E_I462V,C_M104I,NS4B_V48I,NS5_K570R,NS1_K272R,NS4A_I89V,C_S101T)	10605
hDenV2/Colombia/un-Yale-DN02356/2023	DENV2	III	2III_D.2	EPI_ISL_19257613	2023-08-18	South America / Colombia	Human			unknown	unknown	unknown			Original	Serum		(NS5_I637A,NS5_Y247H,NS3_R549K,NS5_Q644H,NS5_I135T,prM_M135I,NS3_R561K,NS5_R749K,E_T359I,NS5_E558K,C_K17R,E_N203D,NS1_D281K,NS3_K142R,NS3_I140V,E_V347I,NS1_T265A,NS4B_D156E,NS3_V567I,NS4A_D23N,C_K9R,NS1_I212M,NS5_A196T,NS5_T811A,NS1_N222S,NS3_K28R,E_R120T,NS4B_V175I,prM_T162A,NS5_L670I,E_M6I,NS1_K172R,NS1_I264T,NS4B_F112L,NS2A_L153S,prM_M39I,NS5_K375R,NS5_S225T,NS2A_V109T,NS5_V156I,NS4A_R76K,E_V491A,C_N10S,E_I484V,NS3_L115I,NS5_I836V,NS2B_L109V,NS3_M13V,NS2A_Q162R,NS5_V628I,NS1_L247F,NS3_R248K,NS4A_I93V,NS5_R246K,NS5_S763T,NS2A_V5I,NS3_R187K,prM_M83T,E_V365I,NS5_K514R,NS3_A120T,NS5_V130T,E_T478S,NS5_S429G,NS1_I93T,E_I170T,NS4B_Q22E,NS5_A865T,NS5_E501G,C_M104V,NS2A_H2L,E_M340T,NS2A_M136I,NS2A_T189A,NS4B_M87V,NS4A_R22K,E_V324I,NS4B_A19T,E_I462V,NS5_I717V,E_V308I,E_V91I,prM_S15G,NS3_K61R,C_V112A,NS5_S523G,C_S101T)	10610
hDenV2/Colombia/un-Yale-DN02410/2023	DENV2	III	2III_D.2	EPI_ISL_19257616	2023-10-19	South America / Colombia	Human			unknown	unknown	unknown			Original	Serum		(NS5_I637A,NS5_Y247H,NS3_R549K,NS5_I135T,prM_M135I,NS3_R561K,NS5_R749K,E_T359I,NS5_E558K,E_N203D,NS3_K142R,NS3_I140V,NS1_T265A,NS4B_D156E,NS4B_P23S,NS3_V567I,NS4A_D23N,C_K9R,NS1_D281E,NS1_I212M,NS5_A196T,NS5_T811A,NS1_N222S,NS3_K28R,E_R120T,NS4B_V175I,NS5_I271T,prM_T162A,NS5_L670I,E_M6I,NS2A_V174T,NS1_I264T,NS1_K172R,NS4B_F112L,prM_M39I,NS2A_L153S,NS5_K375R,NS5_S225T,NS2A_V109T,NS5_V156I,NS4A_R76K,NS1_E83D,E_V491A,NS1_V177A,C_N10S,E_I484V,NS2B_V40I,NS3_L115I,NS5_I836V,NS2B_L109V,NS3_M13V,NS3_I333M,NS5_V628I,NS1_L247F,NS3_R248K,NS4A_I93V,NS5_R246K,NS5_S763T,NS2A_V5I,prM_M83T,NS1_Q98P,NS5_K514R,NS3_G14E,NS5_K388E,NS3_A120T,E_T478S,NS5_I687V,NS5_S429G,NS1_I93T,NS4B_Q22E,NS5_A865T,NS5_E501G,NS1_K170R,NS2B_K87R,C_M104V,NS5_A648T,NS2A_M136I,E_M340T,NS2A_T189A,NS3_R186K,E_V324I,NS4B_A19T,NS2B_A57T,NS5_I717V,E_V308I,E_V91I,prM_S15G,NS3_K61R,C_V112A,NS5_S523G,NS3_T399A,C_S101T)	10610
hDenV2/Colombia/un-Yale-DN02554/2024	DENV2	III	2III_D.2	EPI_ISL_19257618	2024-02-19	South America / Colombia	Human			unknown	unknown	unknown			Original	Serum		(NS5_I637A,NS5_Y247H,NS3_R549K,NS5_I135T,prM_M135I,NS3_R561K,NS5_R749K,E_T359I,NS5_E558K,E_N203D,NS3_K142R,NS3_I140V,NS1_T265A,NS4B_D156E,NS4B_P23S,NS3_V567I,NS4A_D23N,C_K9R,NS1_D281E,NS1_I212M,NS5_A196T,NS5_T811A,NS1_N222S,NS3_K28R,E_R120T,NS4B_V175I,NS5_I271T,prM_T162A,NS5_L670I,E_M6I,NS1_P106S,NS2A_V174T,NS1_I264T,NS1_K172R,NS4B_F112L,NS2A_L153S,prM_M39I,NS5_K375R,NS5_S225T,NS2A_V109T,NS5_V156I,NS4A_R76K,NS1_E83D,E_V491A,NS1_V177A,C_N10S,E_I484V,NS2B_V40I,NS3_L115I,NS5_I836V,NS2B_L109V,NS3_M13V,NS3_I333M,NS5_V628I,NS1_L247F,NS3_R248K,NS4A_I93V,NS5_R246K,NS5_S763T,NS2A_V5I,prM_M83T,NS1_Q98P,NS5_K514R,NS3_G14E,NS5_K388E,NS3_A120T,E_T478S,NS5_I687V,NS5_S429G,NS1_I93T,NS4B_Q22E,NS5_A865T,NS5_E501G,NS1_K170R,NS2B_K87R,C_M104V,NS5_A648T,E_M340T,NS2A_M136I,NS2A_T189A,NS3_R186K,E_V324I,NS4B_A19T,NS2B_A57T,NS5_I717V,E_V308I,E_V91I,prM_S15G,NS3_K61R,C_V112A,NS5_S523G,NS3_T399A,C_S101T)	10610
hDenV2/Colombia/un-Yale-DN02519/2024	DENV2	III	2III_D.2	EPI_ISL_19257622	2024-01-30	South America / Colombia	Human			unknown	unknown	unknown			Original	Serum		(NS5_I637A,NS5_Y247H,NS3_R549K,NS5_I135T,prM_M135I,NS3_R561K,NS5_R749K,NS5_E558K,E_N203D,C_K17R,NS3_I140V,NS3_K142R,NS5_A19T,NS1_T265A,NS4B_D156E,NS3_V567I,NS4A_D23N,NS4B_E24D,C_K9R,NS1_D281E,NS1_I212M,NS5_A196T,NS5_T811A,NS1_N222S,NS2A_A88V,NS3_K28R,E_R120T,NS2B_I78V,NS4B_V175I,prM_T162A,NS5_L670I,E_M6I,NS1_I264T,NS1_K172R,NS4B_F112L,NS2A_L153S,prM_M39I,NS5_K375R,NS5_S225T,NS2A_V109T,NS5_V156I,NS4A_R76K,E_V491A,NS1_V177A,C_N10S,NS2A_V174A,NS4B_Q21R,E_I484V,NS3_L115I,NS5_I836V,NS2B_L109V,NS3_M13V,NS2A_Q162R,NS5_V628I,NS4B_A137T,NS1_L247F,NS3_R248K,NS1_A141S,NS4A_I93V,NS5_R246K,NS5_S763T,NS2A_V5I,prM_M83T,NS5_K514R,NS3_A120T,E_K361R,E_T478S,NS5_S429G,NS1_I93T,E_I170T,NS4B_Q22E,NS5_A865T,NS5_E501G,C_M104V,NS2A_H2L,E_M340T,NS2A_M136I,NS2A_T189A,NS3_R186K,E_V324I,NS4B_A19T,E_I462V,NS5_I717V,prM_S15G,E_V308I,E_V91I,NS3_K61R,C_V112A,NS5_S523G,C_S101T)	10605
hDenV2/Colombia/un-Yale-DN02520/2024	DENV2	III	2III_D.2	EPI_ISL_19257628	2024-01-31	South America / Colombia	Human			unknown	unknown	unknown			Original	Serum		(NS5_I637A,NS5_Y247H,NS3_R549K,NS5_I135T,prM_M135I,NS3_R561K,NS5_R749K,E_T359I,NS5_E558K,E_N203D,NS3_K142R,NS3_I140V,NS1_T265A,NS4B_D156E,NS4B_P23S,NS3_V567I,NS4A_D23N,C_K9R,NS1_D281E,NS1_I212M,NS5_T811A,NS5_A196T,NS1_N222S,NS3_K28R,E_R120T,NS4B_V175I,NS5_I271T,prM_T162A,NS5_L670I,E_M6I,NS2A_V174T,NS1_I264T,NS1_K172R,NS5_P115S,NS4B_F112L,NS2A_L153S,prM_M39I,NS5_K375R,NS5_S225T,NS2A_V109T,NS5_V156I,NS4A_R76K,NS1_E83D,E_V491A,C_N10S,E_I484V,NS2B_V40I,NS3_L115I,NS5_I836V,NS2B_L109V,NS3_M13V,NS3_I333M,NS5_V628I,NS1_L247F,NS3_R248K,NS4A_I93V,NS5_R246K,NS5_S763T,NS2A_V5I,NS3_R187K,NS1_Q98P,prM_M83T,NS5_K514R,NS3_G14E,NS5_K388E,NS3_A120T,E_T478S,NS5_I687V,NS1_I93T,NS4B_Q22E,NS5_A865T,NS5_E501G,NS1_K170R,NS2B_K87R,C_M104V,NS5_A648T,E_M340T,NS2A_M136I,NS2A_T189A,NS3_R186K,E_V324I,NS4B_A19T,NS2B_A57T,NS5_I717V,E_V308I,E_V91I,prM_S15G,NS3_K61R,C_V112A,NS5_S523G,NS3_T399A,C_S101T)	10605
hDenV2/Colombia/un-Yale-DN02524/2024	DENV2	III	2III_D.2	EPI_ISL_19257629	2024-01-30	South America / Colombia	Human			unknown	unknown	unknown			Original	Serum		(NS5_I637A,NS5_K467R,NS5_Y247H,NS3_R549K,NS5_I135T,prM_M135I,NS3_R561K,NS5_R749K,E_T359I,NS5_E558K,C_K17R,E_N203D,NS3_I140V,NS3_K142R,NS5_A19T,NS1_T265A,NS4B_D156E,NS3_V567I,NS4A_D23N,NS4B_E24D,C_K9R,NS1_D281E,NS1_I212M,NS5_T811A,NS5_A196T,NS1_N222S,NS3_K28R,E_R120T,NS2B_I78V,NS4B_V175I,prM_T162A,NS5_L670I,E_M6I,NS1_I264T,NS1_K172R,NS4B_F112L,prM_M39I,NS2A_L153S,NS5_K375R,NS5_S225T,NS2A_V109T,NS5_V156I,NS4A_R76K,E_V491A,NS1_V177A,C_N10S,NS2A_V174A,NS4B_Q21R,E_I484V,NS3_L115I,NS5_I836V,NS2B_L109V,NS5_A642T,NS3_M13V,NS2A_Q162R,NS5_V628I,NS4B_A137T,NS1_L247F,NS2A_T104A,NS3_R248K,NS1_A141S,NS4A_I93V,NS5_R246K,NS5_S763T,NS2A_V5I,prM_M83T,NS5_K514R,NS3_A120T,E_K361R,E_T478S,NS5_S429G,NS1_I93T,E_I170T,NS4B_Q22E,NS5_A865T,NS5_E501G,C_M104V,NS2A_H2L,NS2A_M136I,E_M340T,NS2A_T189A,NS3_R186K,E_V324I,NS4B_A19T,E_I462V,NS5_I717V,prM_S15G,E_V91I,E_V308I,NS3_K61R,C_V112A,NS5_S523G,C_S101T)	10610
hDenV2/Colombia/VAC-LSPVAC-2406410-VI/2024	DENV2	III	2III_D.2	EPI_ISL_19285524	2024-04-25	South America / Colombia / Valle del Cauca / Riofrio	Human			Female	16	Live			Original			(NS5_I637A,NS5_Y247H,NS3_R549K,E_V181I,prM_M135I,NS5_E639Q,NS3_R561K,NS5_R749K,E_T359I,NS5_E558K,E_N203D,NS3_I140V,NS3_K142R,NS5_A19T,NS1_T265A,NS4B_D156E,NS3_V567I,NS4A_D23N,NS4B_E24D,NS4B_Q21del,NS1_I212M,NS1_D281E,NS5_T811A,NS5_A196T,NS1_N222S,NS3_K28R,E_R120T,NS4B_V175I,prM_T162A,NS5_L670I,E_M6I,NS1_I264T,NS1_K172R,NS4B_F112L,prM_M39I,NS2A_L153S,NS5_K375R,NS3_R322K,NS5_S225T,NS2A_V109T,NS4A_R76K,E_K128R,E_V491A,NS1_V177A,NS2A_V174A,E_I484V,NS3_L115I,NS4B_Q22del,NS5_I836V,NS2B_L109V,NS4B_P23del,NS5_A642T,NS3_M13V,NS3_I333M,NS2A_Q162R,NS5_V628I,NS4B_A137T,NS1_L247F,NS2A_T104A,NS3_R248K,NS4A_I93V,NS5_R246K,NS5_S763T,NS2A_M70del,NS2A_V5I,prM_M83T,NS5_K514R,NS1_K227R,NS3_A120T,E_K361R,E_T478S,NS5_S429G,NS1_I93T,E_I170T,NS5_A865T,NS5_E501G,NS5_R596K,NS2A_H2L,NS2A_M136I,E_M340T,NS2A_T189A,NS3_R186K,E_V324I,NS4B_A19T,E_I462V,NS5_I717V,prM_S15G,E_V91I,E_V308I,NS3_K61R,C_V112A,NS5_S523G,NS3_T399A,C_S101T)	9915
hDenV2/Colombia/VAC-LSPVAC-2407448-VI/2024	DENV2	III	2III_D.2	EPI_ISL_19285530	2024-05-11	South America / Colombia / Valle del Cauca / Buenaventura	Human			Male	10	Live			Original			(NS5_I637A,NS5_Y247H,NS3_R549K,C_L50F,prM_M135I,NS5_E639Q,NS3_R561K,NS5_R749K,E_T359I,NS5_E558K,C_K17R,E_N203D,NS3_I140V,NS3_K142R,NS5_A19T,NS1_T265A,NS4B_D156E,NS3_V567I,NS4A_D23N,NS4B_E24D,C_K9R,NS4B_Q21del,NS1_D281E,NS1_I212M,NS5_A196T,NS5_T811A,NS1_N222S,NS3_K28R,E_R120T,NS2B_I78V,NS4B_V175I,prM_T162A,NS5_L670I,E_M6I,NS1_I264T,NS1_K172R,NS4B_F112L,NS2A_L153S,prM_M39I,NS5_K375R,NS5_S225T,NS2A_V109T,NS4A_R76K,E_V491A,C_N10S,NS2A_V174A,E_I484V,NS3_L115I,NS4B_Q22del,NS5_I836V,NS2B_L109V,NS4B_P23del,NS5_A642T,NS3_M13V,NS3_I333M,NS2A_Q162R,NS5_V628I,NS4B_A137T,NS1_L247F,NS2A_T104A,NS3_R248K,NS4A_I93V,NS5_R246K,NS5_S763T,NS2A_M70del,NS2A_V5I,prM_M83T,NS5_K514R,NS5_S631N,NS3_A120T,E_K361R,E_T478S,NS5_S429G,E_I170T,NS1_I93T,NS5_A865T,NS5_E501G,C_M104V,NS2A_H2L,E_M340T,NS2A_M136I,NS2A_T189A,NS3_R186K,E_V324I,NS4B_A19T,E_I462V,prM_S15G,E_V308I,E_V91I,NS3_K61R,C_V112A,NS5_S523G,NS3_T399A,C_S101T)	10242
hDenV2/Colombia/VAC-LSPVAC-2408056-VI/2024	DENV2	III	2III_D.2	EPI_ISL_19285545	2024-05-23	South America / Colombia / Valle del Cauca / Cali	Human			Male	74	Live			Original			(NS5_Y247H,NS5_E639Q,NS3_R561K,NS5_R749K,E_T359I,NS5_E558K,NS3_I140V,NS3_K142R,NS5_A19T,NS4B_E24D,C_K9R,NS5_T811A,E_R120T,NS4B_V175I,NS5_L670I,E_M6I,NS4B_F112L,NS5_K375R,NS2A_V109T,NS5_V156I,NS4A_R76K,E_K128R,NS1_V177A,C_N10S,E_I484V,NS4B_Q22del,NS5_I836V,NS5_A642T,NS3_M13V,NS2A_Q162R,NS5_V628I,NS4B_A137T,NS1_L247F,NS4A_I93V,prM_M83T,NS1_K227R,E_K361R,E_T478S,NS5_S429G,E_I170T,NS5_A865T,NS5_E501G,C_M104V,NS2A_M136I,NS2A_T189A,NS3_R186K,NS4B_A19T,prM_S15G,NS3_T399A,C_S101T,NS5_I637A,NS3_R549K,E_V181I,NS5_I135T,prM_M135I,E_N203D,C_K17R,NS1_T265A,NS4B_D156E,NS3_V567I,NS4A_D23N,NS4B_Q21del,NS5_A196T,NS1_I212M,NS1_D281E,NS1_N222S,NS3_K28R,prM_T162A,NS1_I264T,NS1_K172R,NS2A_L153S,prM_M39I,NS3_R322K,NS5_S225T,E_V491A,NS2A_V174A,NS3_L115I,NS2B_L109V,NS4B_P23del,NS3_I333M,NS2A_T104A,NS3_R248K,NS5_R246K,NS5_S763T,NS2A_M70del,NS2A_V5I,NS5_K514R,NS3_A120T,NS1_I242V,NS1_I93T,NS5_R596K,NS2A_H2L,E_M340T,E_V324I,E_I462V,NS5_I717V,E_V91I,E_V308I,NS3_K61R,C_V112A,NS5_S523G,NS3_K355N)	10537
DenV2/Colombia/VAC-LSPVAC-01759-VI/2024	DENV2	III	2III_D.2	EPI_ISL_19458625	2024-01-13	South America / Colombia / Valle del Cauca / Buenaventura	Human			Female	9	Live			Original			(NS5_Y247H,NS5_T390D,NS5_A378G,NS3_R561K,NS5_R749K,NS5_E558K,NS3_K142R,NS5_A19T,NS4B_E24D,C_K9R,NS5_T811A,NS5_V403S,E_R120T,NS2B_I78V,NS5_R396Q,E_T359V,NS4B_V175I,NS5_L670I,E_M6I,NS5_E384R,NS4B_F112L,NS5_R401K,NS5_M374D,NS5_A408S,NS2A_V109T,NS5_V156I,NS5_K375E,NS4A_R76K,NS1_V177A,C_N10S,NS4B_Q21R,NS5_E397R,E_I484V,NS5_I836V,NS5_C394V,NS5_A642T,NS3_M13V,NS2A_Q162R,NS5_V628I,NS4B_A137T,NS1_L247F,NS4A_I93V,prM_M83T,NS5_R404E,NS5_E398R,NS5_R392stop,E_K361R,NS5_T395Y,E_T478S,NS5_S405K,NS5_L381A,NS5_S429G,E_I170T,NS4B_Q22E,NS5_A865T,NS5_E501G,C_M104V,NS2A_M136I,NS2A_T189A,NS3_R186K,NS4B_A19T,prM_S15G,NS5_A407C,NS5_G386R,NS3_T399A,C_S101T,NS5_I637A,NS3_R549K,NS5_I135T,prM_M135I,C_K17R,E_N203D,NS1_T265A,NS4B_D156E,NS3_V567I,NS4A_D23N,NS1_I212M,NS1_D281E,NS5_A196T,NS1_N222S,NS3_K28R,E_Y377H,prM_T162A,NS1_I264T,NS1_K172R,NS5_T400H,prM_M39I,NS2A_L153S,NS5_S225T,NS5_L385T,NS5_I376N,NS5_K383E,NS5_L373V,E_V491A,NS2A_V174A,NS5_N406Q,NS3_L115I,NS2B_L109V,NS5_W380V,NS3_I333M,NS2A_T104A,NS3_R248K,NS1_A141S,NS5_R246K,NS5_M393N,NS5_S763T,NS2A_V5I,NS5_K514R,NS5_K388E,NS3_A120T,NS1_I93T,NS5_T377H,NS5_W382L,NS2A_H2L,E_M340T,E_V324I,E_I462V,NS5_I717V,E_V308I,E_V91I,NS5_E379R,NS3_K61R,C_V112A,NS5_F399I,NS5_S523G)	10646
DenV2/Colombia/VAC-LSPVAC-02332-VI/2024	DENV2	III	2III_D.2	EPI_ISL_19458630	2024-02-05	South America / Colombia / Valle del Cauca / Zarzal	Human			Male	14	Live			Original			(NS5_I637A,NS5_Y247H,NS3_R549K,NS5_I135T,prM_M135I,NS3_R561K,NS5_R749K,NS5_E558K,E_N203D,NS3_I140V,NS3_K142R,NS1_T265A,NS4B_P23S,NS4B_D156E,NS3_V567I,NS4A_D23N,C_K9R,NS1_I212M,NS1_D281E,NS5_A196T,NS5_T811A,NS1_N222S,NS3_K28R,E_R120T,NS5_I271V,NS4B_V175I,prM_T162A,NS5_L670I,E_M6I,NS2A_V174T,NS1_I264T,NS1_K172R,NS4B_F112L,NS2A_L153S,prM_M39I,NS5_K375R,NS5_S225T,NS2A_V109T,NS5_V156I,NS4A_R76K,NS1_E83D,E_V491A,C_N10S,E_I484V,NS3_L115I,E_V439I,NS5_I836V,NS2B_L109V,NS3_M13V,NS3_I333M,NS2A_Q162R,NS5_V628I,NS1_L247F,NS2A_T104A,NS3_R248K,NS4A_I93V,NS5_R246K,NS5_S763T,NS2A_V5I,NS3_R187K,prM_M83T,NS5_K514R,prM_R151K,NS5_K388E,NS3_A120T,E_T478S,NS1_T27A,NS5_I687V,NS5_S429G,NS1_I93T,NS4B_Q22E,NS5_A865T,NS5_E501G,C_M104V,NS5_A648T,E_M340T,NS2A_M136I,NS2A_T189A,NS3_R186K,E_V324I,NS4B_A19T,E_I462V,NS5_I717V,prM_S15G,E_V308I,E_V91I,NS2A_D67G,NS3_K61R,C_V112A,NS5_S523G,NS3_T399A,C_S101T)	10326
DenV2/Colombia/VAC-LSPVAC-02570-VI/2024	DENV2	III	2III_D.2	EPI_ISL_19458631	2024-01-29	South America / Colombia / Valle del Cauca / Cartago	Human			Male	13	Live			Original			(NS5_Y247H,NS3_R561K,NS5_R749K,E_T359I,NS5_E558K,NS3_K142R,NS3_I140V,NS5_A19T,NS4B_E24D,C_K9R,NS5_T811A,E_R120T,NS4B_V175I,NS5_L670I,E_M6I,NS4B_F112L,NS5_K375R,NS2A_V109T,NS5_V156I,NS4A_R76K,NS5_P829L,NS1_V177A,C_N10S,E_I484V,NS5_I836V,NS5_A642T,NS3_M13V,NS2A_Q162R,NS5_V628I,NS4B_A137T,NS1_L247F,NS4A_I93V,prM_M83T,E_K361R,E_T171I,E_T478S,NS1_T164S,NS5_S429G,E_I170T,NS4B_Q22E,NS5_A865T,NS5_E501G,C_M104V,NS3_N499S,NS2A_M136I,NS2A_T189A,NS3_R186K,NS4B_A19T,prM_S15G,NS3_T399A,NS5_D275E,C_S101T,NS5_I637A,NS3_R549K,NS5_I135T,prM_M135I,E_N203D,NS1_T265A,NS4B_D156E,NS3_V567I,NS4A_D23N,NS1_D281E,NS1_I212M,NS5_A196T,NS1_N222S,NS2A_R94K,NS3_K28R,prM_T162A,NS1_K172R,NS1_I264T,E_V140M,NS2A_L153S,prM_M39I,NS5_S225T,E_V491A,NS2A_V174A,NS1_Q47K,NS3_L115I,NS2B_L109V,NS3_I333M,NS2A_T104A,NS3_R248K,NS5_R246K,NS5_S763T,NS2A_V5I,NS5_K514R,NS3_A120T,NS1_I93T,NS2A_H2L,E_M340T,E_V324I,E_I462V,NS5_I717V,E_V91I,E_V308I,NS3_K61R,C_V112A,NS5_S523G)	10326
DenV2/mosquito/Colombia/ANT-UDEA-0720/2024	DENV2	II	2II_F.1.1.2	EPI_ISL_19470867	2024-07-04	South America / Colombia / Antioquia / Medellin	Aedes aegypti			unknown	unknown	unknown			Cell Culture			(E_E71A,E_Q52H,E_T226I,E_N390S,E_I462V,E_I484V,E_R120T,E_T478S,E_H149N,E_M6I)	1516
DenV2/mosquito/Colombia/ANT-UDEA-0720LIME/2024	DENV2	II	2II_F.1.1.2	EPI_ISL_19470868	2024-07-04	South America / Colombia / Antioquia / Medellin	Aedes aegypti			unknown	unknown	unknown			Original	Other: Head, Thorax, And Abdomen		(E_E71A,E_Q52H,E_T226I,E_N390S,E_I484V,E_I462V,E_R120T,E_T478S,E_M6I,E_H149N)	1516
DenV2/mosquito/Colombia/ANT-UDEA-0997LIME/2024	DENV2	II	2II_F.1.1.2	EPI_ISL_19470869	2024-09-06	South America / Colombia / Antioquia / Medellin	Aedes aegypti			unknown	unknown	unknown			Original	Other: Head, Thorax, And Abdomen		(E_E71A,E_Q52H,E_T226I,E_N390S,E_I462V,E_I484V,E_R120T,E_T478S,E_M6I,E_H149N)	1516
hDenV2/Colombia/ANT-UDEA-COA0105/2022	DENV2	III	2III_D.2	EPI_ISL_19644367	2022-03-15	South America / Colombia / Antioquia / Apartado	Human			unknown	unknown	unknown			C6/36			(E_M340T,prM_M135I,prM_W117R,E_V324I,E_T359I,E_N203D,E_V491A,E_I484V,E_V91I,E_V308I,E_R120T,E_T478S,prM_T162A,E_M6I)	1853
hDenV2/Colombia/ANT-UDEA-COA0028/2021	DENV2	III	2III_D.2	EPI_ISL_19644368	2021-08-27	South America / Colombia / Antioquia / Apartado	Human			unknown	unknown	unknown			C6/36			(E_M340T,prM_T71S,prM_M135I,prM_M83T,E_V324I,E_T359I,prM_L103R,E_V491A,E_N203D,E_A447V,E_I462V,E_I484V,E_V308I,E_V91I,E_R120T,E_T478S,prM_T76I,prM_T162A,E_M6I)	1943
hDenV2/Colombia/ANT-UDEA-COT0238/2023	DENV2	II	2II_F.1.1.2	EPI_ISL_19644369	2023-09-20	South America / Colombia / Antioquia / Turbo	Human			unknown	unknown	unknown			C6/36			(prM_M135I,E_Q52H,E_T226I,prM_M83T,E_N390S,E_V129I,prM_K52N,E_R120T,E_T478S,prM_I127V,prM_T162A,prM_D29N,E_M6I,E_H149N,E_E71A,C_L108M,prM_V120A,E_I484V,E_I462V,C_M104I,prM_A152I,prM_T82A,prM_H148Y,C_S101T)	2341
hDenV2/Colombia/ANT-UDEA-COT0237/2023	DENV2	II	2II_F.1.1.2	EPI_ISL_19644370	2023-09-20	South America / Colombia / Antioquia / Turbo	Human			unknown	unknown	unknown			C6/36			(prM_M135I,E_Q52H,E_T226I,prM_M83T,E_V129I,E_N390S,prM_K52N,E_R120T,E_T478S,prM_I127V,prM_T162A,prM_D29N,E_M6I,E_H149N,E_E71A,C_L108M,prM_V120A,E_I462V,E_I484V,C_M104I,prM_A152I,prM_T82A,prM_H148Y,C_S101T)	2341
hDenV2/Colombia/ANT-UDEA-COT0213/2023	DENV2	II	2II_F.1.1.2	EPI_ISL_19644371	2023-07-29	South America / Colombia / Antioquia / Turbo	Human			unknown	unknown	unknown			C6/36			(prM_M135I,E_Q52H,E_T226I,prM_M83T,E_V129I,E_N390S,prM_K52N,E_R120T,E_T478S,prM_I127V,prM_V31M,prM_T162A,prM_D29N,E_M6I,E_H149N,E_E71A,C_L108M,prM_V120A,E_I484V,E_I462V,C_M104I,prM_A152I,prM_T82A,prM_H148Y,C_S101T)	2274
hDenV2/Colombia/ANT-UDEA-PFT1/2023	DENV2	II	2II_F.1.1.2	EPI_ISL_19644372	2023-12	South America / Colombia / Antioquia / Turbo	Human			unknown	unknown	unknown			C6/36			(prM_M135I,E_Q52H,E_T226I,prM_M83T,E_N390S,E_V129I,prM_K52N,E_R120T,E_T478S,prM_I127V,prM_T162A,prM_D29N,E_M6I,E_H149N,E_E71A,C_L108M,prM_V120A,E_I484V,E_I462V,C_M104I,prM_A152I,prM_T82A,prM_H148Y,C_S101T)	2236
hDenV2/Colombia/ANT-UDEA-COT0021/2023	DENV2	III	2III_D.2	EPI_ISL_19644373	2023-08-03	South America / Colombia / Antioquia / Turbo	Human			unknown	unknown	unknown			C6/36			(prM_M135I,C_R90K,prM_M83T,E_T359I,E_N203D,prM_E60D,E_D329E,E_R120T,E_T478S,prM_T162A,E_M6I,E_I170T,C_M104V,prM_M39I,E_M340T,E_V324I,E_V491A,E_I484V,E_I462V,prM_S15G,E_V91I,E_V308I,C_V112A,E_T180I,C_S101T)	2351
hDenV2/Colombia/ANT-UDEA-COA0106/2022	DENV2	III	2III_D.2	EPI_ISL_19644374	2022-03-15	South America / Colombia / Antioquia / Apartado	Human			unknown	unknown	unknown			C6/36			(E_M340T,prM_M135I,prM_L103P,E_V324I,E_T359I,E_V491A,E_N203D,E_I484V,E_V308I,E_V91I,E_R120T,E_T478S,prM_T162A,E_M6I)	1875
hDenV2/Colombia/ANT-UDEA-COA0223/2022	DENV2	III	2III_D.2	EPI_ISL_19644375	2022-03-23	South America / Colombia / Antioquia / Apartado	Human			unknown	unknown	unknown			C6/36			(E_M340T,prM_M135I,prM_L103P,prM_M83T,E_V324I,E_T359I,E_V491A,E_N203D,E_I484V,E_V91I,E_V308I,E_R120T,E_T478S,prM_T162A,E_M6I)	1826
hDenV2/Colombia/ANT-UDEA-C0A0029/2021	DENV2	III	2III_D.2	EPI_ISL_19644376	2021-08-27	South America / Colombia / Antioquia / Apartado	Human			unknown	unknown	unknown			C6/36			(prM_T71K,E_M340T,prM_M135I,prM_L103P,prM_M83T,E_V324I,E_V491A,E_N203D,E_I484V,E_I462V,E_V91I,E_V308I,E_K361R,E_R120T,E_T478S,prM_T162A,E_M6I,E_I170T)	1954
hDenV2/Colombia/un-Yale-DN02882/2024	DENV2	II	2II_F.1.1.2	EPI_ISL_19682074	2024-05-28	South America / Colombia	Human			unknown	unknown	unknown			Original	Serum		(NS5_I637A,NS5_R430G,NS5_T176I,NS5_I135T,NS2B_K60R,NS5_Q644K,prM_M135I,E_Q52H,NS4B_T244A,NS5_V335I,E_V129I,NS3_I140V,NS1_T265A,NS4A_D23N,C_K9R,NS1_D281E,NS2B_L21F,prM_K52N,NS1_N222S,E_R120T,NS5_I271V,prM_T162A,E_M6I,prM_D29N,NS1_I264T,NS1_Q175H,NS1_Q131H,NS4B_F112L,NS5_K800T,NS4A_R76K,NS3_K15R,E_I484V,prM_A152I,prM_T82A,prM_H148Y,NS3_M13V,NS3_I333M,NS1_L247I,NS1_S80T,NS2B_D63E,NS5_I5T,NS3_V273I,NS2A_V5I,NS2A_I171A,prM_M83T,E_N390S,NS1_T117A,NS5_S15N,NS3_A120T,NS3_V395I,NS3_A160T,NS4B_L13F,E_T478S,prM_I127V,NS5_R98K,NS5_I687V,NS5_T290I,NS1_K174R,NS2A_V109A,E_H149N,NS5_A865T,NS1_S128L,E_E71A,NS5_M70L,NS4B_V115I,C_L108M,NS2A_M136I,NS2B_V59I,NS3_R186K,NS3_I461V,NS1_F178S,NS4B_A19T,NS5_S676N,NS5_G605V,prM_V120A,E_I462V,C_M104I,NS4B_V48I,NS5_K570R,NS1_K272R,NS4A_I89V,C_S101T)	10605
hDenV2/Colombia/un-Yale-DN02881/2024	DENV2	II	2II_F.1.1.2	EPI_ISL_19682075	2024-05-28	South America / Colombia	Human			unknown	unknown	unknown			Original	Serum		(NS5_I637A,NS5_R430G,NS5_T176I,NS5_I135T,NS2B_K60R,NS5_Q644K,prM_M135I,E_Q52H,NS4B_T244A,NS5_V335I,E_V129I,NS3_I140V,NS1_T265A,NS4A_D23N,C_K9R,NS1_D281E,NS2B_L21F,prM_K52N,NS1_N222S,E_R120T,NS5_I271V,prM_T162A,E_M6I,prM_D29N,NS1_I264T,NS1_Q131H,NS1_Q175H,NS4B_F112L,NS5_K800T,NS4A_R76K,NS3_K15R,E_I484V,E_T180A,prM_A152I,prM_T82A,prM_H148Y,NS3_M13V,NS3_I333M,NS1_L247I,NS1_S80T,NS2B_D63E,NS5_I5T,NS3_V273I,NS2A_V5I,prM_M83T,E_N390S,NS1_T117A,NS5_S15N,NS3_A120T,NS3_V395I,NS3_A160T,NS4B_L13F,E_T478S,prM_I127V,NS5_I687V,NS5_R98K,NS5_T290I,NS1_K174R,E_H149N,NS5_A865T,NS1_S128L,E_E71A,NS5_M70L,NS4B_V115I,C_L108M,NS2B_V59I,NS3_I461V,NS3_R186K,NS1_F178S,NS4B_A19T,NS5_S676N,NS5_G605V,prM_V120A,E_I462V,C_M104I,NS4B_V48I,NS5_K570R,NS1_K272R,NS4A_I89V,C_S101T)	10605
hDenV2/Colombia/un-Yale-DN02875/2024	DENV2	II	2II_F.1.1.5	EPI_ISL_19682077	2024-08-06	South America / Colombia	Human			unknown	unknown	unknown			Original	Serum		(NS5_I637A,NS5_Y247H,NS5_R430G,NS5_I135T,NS5_T176I,NS2B_K60R,NS5_Q644K,prM_M135I,NS5_M234T,E_Q52H,NS4B_T244A,NS5_V335I,E_V129I,E_I164V,NS3_I140V,NS1_T265A,NS4A_D23N,C_K9R,E_I322V,NS1_D281E,NS2B_L21F,prM_K52N,NS1_N222S,NS3_T122I,E_R120T,NS5_I271T,E_I23V,prM_T162A,prM_D29N,E_M6I,NS4B_V91A,NS1_I264T,NS1_Q131H,NS4B_F112L,NS5_K800T,prM_A152V,NS2A_K135R,NS4A_R76K,NS5_N170S,NS3_K15R,E_I484V,prM_T82A,NS3_M13V,NS3_I333M,NS1_S80T,NS2B_D63E,NS1_L247F,NS5_I5T,NS3_V273I,NS2A_I171A,NS2A_V5I,prM_M83T,E_N390S,NS1_T117A,NS5_S15N,NS3_A120T,NS3_V395I,NS3_A160T,NS4B_L13F,E_T478S,NS5_I687V,NS5_R98K,NS1_K174R,E_H149N,NS5_A865T,NS5_A648V,NS1_S128L,E_E71A,NS5_M70L,C_L108M,NS2A_M136I,NS2B_V59I,NS3_I461V,NS3_R186K,NS1_F178S,NS4B_A19T,NS5_S676N,NS5_G605V,prM_V120A,E_I462V,C_M104I,NS4B_V48I,NS5_K570R,NS1_K272R,NS4A_I89V,C_S101T)	10605
hDenV2/Colombia/un-Yale-DN02866/2024	DENV2	II	2II_F.1.1.2	EPI_ISL_19682083	2024-07-28	South America / Colombia	Human			unknown	unknown	unknown			Original	Serum		(NS5_I637A,NS5_R430G,NS5_T176I,NS5_I135T,NS2B_K60R,NS5_Q644K,prM_M135I,E_Q52H,NS4B_T244A,NS5_V335I,E_V129I,NS3_I140V,NS1_T265A,NS4A_D23N,C_K9R,NS1_D281E,NS2B_L21F,prM_K52N,NS1_N222S,E_R120T,NS5_I271V,prM_T162A,prM_D29N,E_M6I,NS1_I264T,NS1_Q131H,NS1_Q175H,NS4B_F112L,NS5_K800T,NS4A_R76K,NS3_K15R,E_I484V,prM_A152I,prM_T82A,prM_H148Y,NS3_M13V,NS3_I333M,NS1_L247I,NS1_S80T,NS2B_D63E,NS5_I5T,NS3_V273I,NS2A_I171A,NS2A_V5I,prM_M83T,E_N390S,NS1_T117A,NS5_S15N,NS3_A120T,NS3_V395I,NS3_A160T,NS4B_L13F,E_T478S,prM_I127V,NS5_I687V,NS5_R98K,NS5_T290I,NS1_K174R,NS2A_V109A,E_H149N,NS5_A865T,NS1_S128L,E_E71A,NS5_M70L,NS4B_V115I,C_L108M,NS2A_M136I,NS2B_V59I,NS3_R186K,NS3_I461V,NS1_F178S,NS4B_A19T,NS5_S676N,NS5_G605V,prM_V120A,E_I462V,C_M104I,NS4B_V48I,NS5_K570R,NS1_K272R,NS4A_I89V,C_S101T)	10610
hDenV2/Colombia/un-Yale-DN02865/2024	DENV2	II	2II_F.1.1.2	EPI_ISL_19682084	2024-07-31	South America / Colombia	Human			unknown	unknown	unknown			Original	Serum		(NS5_I637A,NS5_R430G,NS5_I135T,NS5_T176I,NS2B_K60R,NS5_Q644K,prM_M135I,E_Q52H,NS4B_T244A,NS5_V335I,E_V129I,NS3_I140V,NS1_T265A,NS4A_D23N,C_K9R,NS2B_L21F,NS1_D281E,prM_K52N,NS1_N222S,E_R120T,NS5_I271V,prM_T162A,E_M6I,prM_D29N,NS1_I264T,NS1_Q175H,NS1_Q131H,NS4B_F112L,NS5_K800T,NS4A_R76K,NS3_K15R,E_I484V,prM_A152I,prM_T82A,prM_H148Y,NS3_M13V,NS3_I333M,NS1_L247I,NS1_S80T,NS2B_D63E,NS5_I5T,NS3_V273I,NS2A_I171A,NS2A_V5I,prM_M83T,E_N390S,NS1_T117A,NS5_S15N,NS3_A120T,NS3_V395I,NS3_A160T,NS4B_L13F,E_T478S,prM_I127V,NS5_I687V,NS5_R98K,NS5_T290I,NS1_K174R,NS2A_V109A,E_H149N,NS5_A865T,NS1_S128L,E_E71A,NS5_M70L,NS4B_V115I,C_L108M,NS2A_M136I,NS2B_V59I,NS3_R186K,NS3_I461V,NS1_F178S,NS4B_A19T,NS5_S676N,NS5_G605V,prM_V120A,E_I462V,C_M104I,NS4B_V48I,NS5_K570R,NS1_K272R,NS2A_T63I,NS4A_I89V,C_S101T)	10610
hDenV2/Colombia/un-Yale-DN02853/2024	DENV2	II	2II_F.1.1.2	EPI_ISL_19682086	2024-07-20	South America / Colombia	Human			unknown	unknown	unknown			Original	Serum		(NS5_I637A,NS5_R430G,NS5_I135T,NS5_T176I,NS2B_K60R,NS5_Q644K,prM_M135I,E_Q52H,NS4B_T244A,NS5_V335I,E_V129I,NS3_I140V,NS1_T265A,NS4A_D23N,C_K9R,NS1_D281E,NS2B_L21F,prM_K52N,NS1_N222S,E_R120T,NS5_I271V,prM_T162A,prM_D29N,E_M6I,NS1_I264T,NS1_Q175H,NS1_Q131H,NS4B_F112L,NS5_K800T,NS5_Q286R,NS4A_R76K,NS3_K15R,E_I484V,prM_A152I,prM_T82A,prM_H148Y,NS3_M13V,NS1_A141T,NS3_I333M,NS1_L247I,NS1_S80T,NS2B_D63E,NS5_I5T,NS3_V273I,NS2A_V5I,prM_M83T,E_N390S,NS1_T117A,NS5_S15N,NS3_A120T,NS3_V395I,NS3_A160T,NS4B_L13F,E_T478S,prM_I127V,NS5_I687V,NS5_R98K,NS5_T290I,NS1_K174R,NS2A_V109A,E_H149N,NS5_A865T,NS1_S128L,E_E71A,NS5_M70L,NS4B_V115I,C_L108M,NS2A_M136I,NS2B_V59I,NS3_R186K,NS3_I461V,NS1_F178S,NS4B_A19T,NS5_S676N,NS5_G605V,prM_V120A,E_I462V,C_M104I,NS4B_V48I,NS5_K570R,NS1_K272R,NS4A_I89V,C_S101T)	10610
hDenV2/Colombia/un-Yale-DN02845/2024	DENV2	II	2II_F.1.1.2	EPI_ISL_19682088	2024-07-05	South America / Colombia	Human			unknown	unknown	unknown			Original	Serum		(NS5_I637A,NS5_R430G,NS5_I135T,NS5_T176I,NS2B_K60R,NS5_Q644K,prM_M135I,E_Q52H,NS4B_T244A,NS5_V335I,NS3_I140V,NS1_T265A,NS4A_D23N,C_K9R,NS2B_L21F,NS1_D281E,E_I322V,prM_K52N,NS1_N222S,E_R120T,NS5_I271V,prM_T162A,prM_D29N,E_M6I,NS1_I264T,NS1_Q131H,NS1_Q175H,NS4B_F112L,NS5_K800T,NS2B_L109F,NS4A_R76K,NS3_K15R,E_I484V,prM_A152I,prM_T82A,prM_H148Y,NS3_M13V,NS3_I333M,NS1_L247I,NS1_S80T,NS2B_D63E,NS5_I5T,NS5_R246K,NS3_V273I,NS2A_V5I,prM_M83T,E_N390S,NS1_T117A,NS5_S15N,NS3_A120T,NS3_V395I,NS3_A160T,NS4B_L13F,E_T478S,prM_I127V,NS5_R98K,NS5_I687V,NS5_T290I,NS1_K174R,NS5_A865T,NS1_S128L,E_E71A,NS5_M70L,NS4B_V115I,C_L108M,NS2B_V59I,NS3_R186K,NS3_I461V,NS1_F178S,NS4B_A19T,NS5_S676N,NS5_G605V,prM_V120A,E_I462V,C_M104I,NS4B_V48I,NS5_K570R,NS1_K272R,NS4A_I89V,C_S101T)	10605
hDenV2/Colombia/un-Yale-DN02841/2024	DENV2	II	2II_F.1.1.2	EPI_ISL_19682090	2024-06-27	South America / Colombia	Human			unknown	unknown	unknown			Original	Serum		(NS5_I637A,NS5_R430G,NS5_I135T,NS5_T176I,NS2B_K60R,NS5_Q644K,prM_M135I,E_Q52H,NS4B_T244A,NS5_V335I,E_V129I,NS3_I140V,NS1_T265A,NS4A_D23N,C_K9R,NS1_D281E,NS2B_L21F,prM_K52N,NS1_N222S,E_R120T,NS5_I271V,prM_T162A,prM_D29N,E_M6I,NS1_I264T,NS1_Q175H,NS1_Q131H,NS4B_F112L,NS5_K800T,NS4A_R76K,NS3_K15R,E_I484V,NS3_G87E,prM_A152I,prM_T82A,prM_H148Y,NS3_M13V,NS3_I333M,NS1_L247I,NS1_S80T,NS2B_D63E,NS5_I5T,NS3_V273I,NS2A_I171A,NS2A_V5I,prM_M83T,E_N390S,NS1_T117A,NS5_S15N,NS3_A120T,NS3_V395I,NS3_A160T,NS4B_L13F,E_T478S,prM_I127V,NS5_I687V,NS5_R98K,NS5_T290I,NS1_K174R,NS2A_V109A,E_H149N,NS5_A865T,NS1_S128L,E_E71A,NS5_M70L,NS4B_V115I,C_L108M,NS2A_M136I,NS2B_V59I,NS3_I461V,NS3_R186K,NS1_F178S,NS4B_A19T,NS5_S676N,NS5_G605V,prM_V120A,E_I462V,C_M104I,NS4B_V48I,NS5_K570R,NS1_K272R,NS4A_I89V,C_S101T)	10607
hDenV2/Colombia/un-Yale-DN02834/2024	DENV2	II	2II_F.1.1.2	EPI_ISL_19682091	2024-06-23	South America / Colombia	Human			unknown	unknown	unknown			Original	Serum		(NS5_I637A,NS5_R430G,NS5_I135T,NS5_T176I,NS2B_K60R,NS5_Q644K,prM_M135I,E_Q52H,NS4B_T244A,NS5_V335I,E_V129I,NS3_I140V,NS1_T265A,NS4A_D23N,C_K9R,NS1_D281E,NS2B_L21F,prM_K52N,NS1_N222S,E_R120T,NS5_I271V,prM_T162A,prM_D29N,E_M6I,NS1_I264T,NS1_Q131H,NS1_Q175H,NS4B_F112L,NS5_K800T,NS2B_L109F,NS4A_R76K,E_V382A,NS3_K15R,E_I484V,prM_A152I,prM_T82A,prM_H148Y,NS3_M13V,NS3_I333M,NS1_L247I,NS1_S80T,NS2B_D63E,NS5_I5T,NS3_V273I,NS2A_V5I,prM_M83T,E_N390S,NS1_T117A,NS5_S15N,NS3_A120T,NS3_V395I,NS3_A160T,NS4B_L13F,E_T478S,prM_I127V,NS5_R98K,NS5_T290I,NS1_K174R,NS2A_V109A,E_H149N,NS5_A865T,NS1_M123V,NS1_S128L,E_E71A,NS5_M70L,NS4B_V115I,C_L108M,NS2A_M136I,NS2B_V59I,NS3_I461V,NS3_R186K,NS1_F178S,NS4B_A19T,NS5_G605V,NS5_S676N,prM_V120A,E_I462V,C_M104I,NS4B_V48I,NS5_K570R,NS1_K272R,NS4A_I89V,C_S101T)	10610
hDenV2/Colombia/un-Yale-DN02833/2024	DENV2	II	2II_F.1.1.2	EPI_ISL_19682092	2024-06-23	South America / Colombia	Human			unknown	unknown	unknown			Original	Serum		(NS5_I637A,NS5_R430G,NS5_T176I,NS5_I135T,NS2B_K60R,NS5_Q644K,prM_M135I,E_Q52H,NS4B_T244A,NS5_V335I,E_V129I,NS3_I140V,NS1_T265A,NS4A_D23N,C_K9R,NS2B_L21F,NS1_D281E,prM_K52N,NS1_N222S,E_R120T,NS5_I271V,prM_T162A,E_M6I,prM_D29N,NS1_I264T,NS1_Q175H,NS1_Q131H,NS4B_F112L,NS5_K800T,NS2B_L109F,NS4A_R76K,E_V382A,NS3_K15R,E_I484V,prM_A152I,prM_T82A,prM_H148Y,NS3_M13V,NS3_I333M,NS1_L247I,NS1_S80T,NS2B_D63E,NS5_I5T,NS3_V273I,NS2A_V5I,prM_M83T,E_N390S,NS1_T117A,NS5_S15N,NS3_A120T,NS3_V395I,NS3_A160T,NS4B_L13F,E_T478S,prM_I127V,NS5_R98K,NS5_T290I,NS1_K174R,NS2A_V109A,E_H149N,NS5_A865T,NS1_M123V,NS1_S128L,E_E71A,NS5_M70L,NS4B_V115I,C_L108M,NS2A_M136I,NS2B_V59I,NS3_I461V,NS3_R186K,NS1_F178S,NS4B_A19T,NS5_G605V,NS5_S676N,prM_V120A,E_I462V,C_M104I,NS4B_V48I,NS5_K570R,NS1_K272R,NS4A_I89V,C_S101T)	10607
hDenV2/Colombia/un-Yale-DN02832/2024	DENV2	II	2II_F.1.1.2	EPI_ISL_19682093	2024-06-22	South America / Colombia	Human			unknown	unknown	unknown			Original	Serum		(NS5_I637A,NS5_R430G,NS5_T176I,NS5_I135T,NS2B_K60R,NS5_Q644K,prM_M135I,E_Q52H,NS4B_T244A,NS5_V335I,E_V129I,NS3_I140V,NS1_T265A,NS4A_D23N,C_K9R,NS2B_L21F,NS1_D281E,prM_K52N,NS1_N222S,E_R120T,NS5_I271V,prM_T162A,E_M6I,prM_D29N,NS1_I264T,NS1_Q175H,NS1_Q131H,NS4B_F112L,NS5_K800T,NS4A_R76K,NS3_K15R,E_I484V,prM_A152I,prM_T82A,prM_H148Y,NS3_M13V,NS3_I333M,NS1_L247I,NS1_S80T,NS2B_D63E,NS5_I5T,NS3_V273I,NS2A_V5I,prM_M83T,E_N390S,NS1_T117A,NS5_S15N,NS3_A120T,NS3_V395I,NS3_A160T,NS4B_L13F,E_T478S,prM_I127V,NS5_I687V,NS5_R98K,NS5_T290I,NS1_K174R,NS2A_V109A,E_H149N,NS5_A865T,NS1_S128L,E_E71A,NS5_M70L,NS4B_V115I,C_L108M,NS2A_M136I,NS2B_V59I,NS3_R186K,NS3_I461V,NS1_F178S,NS4B_A19T,NS5_G605V,NS5_S676N,prM_V120A,E_I462V,C_M104I,NS4B_V48I,NS5_K570R,NS1_K272R,NS4A_I89V,C_S101T)	10607
hDenV2/Colombia/un-Yale-DN02831/2024	DENV2	II	2II_F.1.1.2	EPI_ISL_19682094	2024-06-20	South America / Colombia	Human			unknown	unknown	unknown			Original	Serum		(NS5_I637A,NS5_R430G,NS5_T176I,NS5_I135T,NS2B_K60R,NS5_Q644K,prM_M135I,E_Q52H,NS4B_T244A,NS5_V335I,E_V129I,NS3_I140V,NS1_T265A,NS4A_D23N,C_K9R,NS1_D281E,NS2B_L21F,prM_K52N,NS1_N222S,E_R120T,NS5_I271V,prM_T162A,prM_D29N,E_M6I,NS1_I264T,NS5_V168A,NS1_Q131H,NS1_Q175H,NS4B_F112L,NS5_K800T,NS4A_R76K,NS3_K15R,E_I484V,prM_A152I,prM_T82A,prM_H148Y,NS3_M13V,NS3_I333M,NS1_L247I,NS1_A141V,NS1_S80T,NS2B_D63E,NS5_I5T,NS3_V273I,NS2A_V5I,prM_M83T,E_N390S,NS1_T117A,NS5_S15N,NS3_A120T,NS3_V395I,NS3_A160T,NS4B_L13F,E_T478S,prM_I127V,NS5_I687V,NS5_R98K,NS5_T290I,NS1_K174R,E_H149N,NS5_A865T,NS1_S128L,E_E71A,NS5_M70L,NS4B_V115I,C_L108M,NS1_M123L,NS2B_V59I,NS3_R186K,NS3_I461V,NS1_F178S,NS4B_A19T,NS5_G605V,NS5_S676N,prM_V120A,E_I462V,C_M104I,NS4B_V48I,NS5_K570R,NS1_K272R,NS4A_I89V,C_S101T)	10607
hDenV2/Colombia/un-Yale-DN02809/2024	DENV2	II	2II_F.1.1.2	EPI_ISL_19682097	2024-06-11	South America / Colombia	Human			unknown	unknown	unknown			Original	Serum		(NS5_I637A,NS5_R430G,NS5_I135T,NS5_T176I,NS2B_K60R,NS5_Q644K,prM_M135I,E_Q52H,NS4B_T244A,NS5_V335I,NS3_I140V,NS1_T265A,NS4A_D23N,C_K9R,NS2B_L21F,NS1_D281E,prM_K52N,NS1_N222S,E_R120T,NS5_I271V,prM_T162A,E_M6I,prM_D29N,NS1_I264T,NS1_Q175H,NS1_Q131H,NS4B_F112L,NS5_K800T,NS4A_R76K,NS3_K15R,E_I484V,prM_A152I,prM_T82A,prM_H148Y,NS3_M13V,NS3_I333M,NS1_L247I,NS1_S80T,NS2B_D63E,NS5_I5T,NS3_V273I,NS2A_V5I,prM_M83T,E_N390S,NS1_T117A,NS5_S15N,NS3_A120T,NS3_V395I,NS3_A160T,NS4B_L13F,E_T478S,prM_I127V,NS5_R98K,NS5_I687V,NS5_T290I,NS1_K174R,E_H149N,NS5_A865T,NS1_S128L,E_E71A,NS5_M70L,NS4B_V115I,C_L108M,NS2A_M136I,NS2B_V59I,NS3_R186K,NS3_I461V,NS1_F178S,NS4B_A19T,NS5_S676N,NS5_G605V,prM_V120A,E_I462V,C_M104I,NS4B_V48I,NS5_K570R,NS1_K272R,NS4A_I89V,C_S101T)	10598
hDenV2/Colombia/un-Yale-DN02807/2024	DENV2	II	2II_F.1.1.2	EPI_ISL_19682098	2024-06-07	South America / Colombia	Human			unknown	unknown	unknown			Original	Serum		(NS5_I637A,NS5_R430G,NS5_I135T,NS5_T176I,NS2B_K60R,NS5_Q644K,prM_M135I,E_Q52H,NS4B_T244A,NS5_V335I,E_V129I,NS3_I140V,NS1_T265A,NS4A_D23N,C_K9R,NS1_D281E,NS2B_L21F,prM_K52N,NS1_N222S,E_R120T,NS5_I271V,prM_T162A,prM_D29N,E_M6I,NS1_I264T,NS1_Q175H,NS1_Q131H,NS4B_F112L,NS5_K800T,NS4A_R76K,NS3_K15R,E_I484V,prM_A152I,prM_T82A,prM_H148Y,NS3_M13V,NS3_I333M,NS1_L247I,NS1_S80T,NS2B_D63E,NS5_I5T,NS3_V273I,NS2A_V5I,prM_M83T,E_N390S,NS1_T117A,NS5_S15N,NS3_A120T,NS3_V395I,NS3_A160T,NS4B_L13F,E_T478S,prM_I127V,NS5_R98K,NS5_I687V,NS5_T290I,NS1_K174R,NS2A_V109A,E_H149N,NS5_A865T,NS1_S128L,E_E71A,NS5_M70L,NS4B_V115I,C_L108M,NS2A_M136I,NS2B_V59I,NS3_R186K,NS3_I461V,NS1_F178S,NS4B_A19T,NS5_S676N,NS5_G605V,prM_V120A,E_I462V,C_M104I,NS4B_V48I,NS5_K570R,NS1_K272R,NS4A_I89V,C_S101T)	10605
hDenV2/Colombia/un-Yale-DN02795/2024	DENV2	II	2II_F.1.1.2	EPI_ISL_19682101	2024-05-26	South America / Colombia	Human			unknown	unknown	unknown			Original	Serum		(NS5_I637A,NS5_R430G,NS5_I135T,NS5_T176I,NS2B_K60R,NS5_Q644K,prM_M135I,E_Q52H,NS4B_T244A,NS5_V335I,NS5_V723I,E_V129I,NS3_I140V,NS1_T265A,NS4A_D23N,C_K9R,NS2B_L21F,NS1_D281E,prM_K52N,NS1_N222S,E_R120T,NS5_I271V,prM_T162A,NS3_V406I,prM_D29N,E_M6I,NS1_I264T,NS1_Q175H,NS1_Q131H,NS4B_F112L,NS5_K800T,NS4A_R76K,NS3_K15R,E_I484V,prM_A152I,prM_T82A,prM_H148Y,NS3_M13V,NS3_I333M,NS1_L247I,NS1_S80T,NS2B_D63E,NS5_I5T,NS3_V273I,NS2A_V5I,prM_M83T,E_N390S,NS1_T117A,NS5_S15N,NS3_A120T,NS3_V395I,NS3_A160T,NS4B_L13F,E_T478S,prM_I127V,NS5_R98K,NS5_I687V,NS5_T290I,NS1_K174R,E_H149N,NS5_A865T,NS1_S128L,E_E71A,NS5_M70L,NS4B_V115I,C_L108M,NS2B_V59I,NS3_I461V,NS3_R186K,NS1_F178S,NS4B_A19T,NS5_S676N,NS5_G605V,prM_V120A,E_I462V,C_M104I,NS4B_V48I,NS5_K570R,NS1_K272R,NS4A_I89V,C_S101T)	10604
hDenV2/Colombia/un-Yale-DN02793/2024	DENV2	II	2II_F.1.1.2	EPI_ISL_19682102	2024-05-25	South America / Colombia	Human			unknown	unknown	unknown			Original	Serum		(NS5_I637A,NS5_R430G,NS5_I135T,NS5_T176I,NS2B_K60R,NS5_Q644K,prM_M135I,E_Q52H,NS4B_T244A,NS5_V335I,E_V129I,NS3_I140V,NS1_T265A,NS4A_D23N,C_K9R,NS2B_L21F,NS1_D281E,prM_K52N,NS1_N222S,E_R120T,NS5_I271V,prM_T162A,E_M6I,prM_D29N,NS1_I264T,NS1_Q175H,NS1_Q131H,NS4B_F112L,NS5_K800T,NS4A_R76K,NS3_K15R,E_I484V,prM_A152I,prM_T82A,prM_H148Y,NS3_M13V,NS3_I333M,NS1_L247I,NS1_S80T,NS2B_D63E,NS5_I5T,NS3_V273I,NS2A_V5I,NS2A_I171A,prM_M83T,E_N390S,NS2A_V137I,NS1_T117A,NS5_S15N,NS3_A120T,NS3_V395I,NS3_A160T,NS4B_L13F,E_T478S,prM_I127V,NS5_R98K,NS5_I687V,NS5_T290I,NS1_K174R,NS2A_V109A,E_H149N,NS5_A865T,NS1_S128L,E_E71A,NS5_M70L,NS4B_V115I,C_L108M,NS2A_M136I,NS2B_V59I,NS3_I461V,NS3_R186K,NS1_F178S,NS4B_A19T,NS5_S676N,NS5_G605V,prM_V120A,E_I462V,C_M104I,NS4B_V48I,NS5_K570R,NS1_K272R,NS4A_I89V,C_S101T)	10605
hDenV2/Colombia/un-Yale-DN02788/2024	DENV2	II	2II_F.1.1.2	EPI_ISL_19682104	2024-05-18	South America / Colombia	Human			unknown	unknown	unknown			Original	Serum		(NS5_I637A,NS5_R430G,NS5_I135T,NS5_T176I,NS2B_K60R,NS5_Q644K,E_T189A,prM_M135I,E_Q52H,NS4B_T244A,NS5_V335I,E_V129I,NS3_I140V,NS1_T265A,NS4A_D23N,C_K9R,NS2B_L21F,NS1_D281E,prM_K52N,NS1_N222S,E_R120T,NS5_I271V,prM_T162A,E_M6I,prM_D29N,NS1_I264T,NS1_Q175H,NS1_Q131H,NS4B_F112L,NS5_K800T,NS4A_R76K,NS5_P829L,NS3_K15R,E_I484V,prM_A152I,prM_T82A,prM_H148Y,NS3_M13V,NS3_I333M,NS1_L247I,NS1_S80T,NS2B_D63E,NS5_I5T,NS3_V273I,NS5_H634Y,NS2A_V5I,NS2A_I171A,prM_M83T,E_N390S,NS1_T117A,NS5_S15N,NS3_A120T,NS3_V395I,NS3_A160T,NS4B_L13F,E_T478S,prM_I127V,NS5_I687V,NS5_R98K,NS5_T290I,NS1_K174R,NS2A_V109A,E_H149N,NS5_A865T,NS1_S128L,E_E71A,NS5_M70L,NS4B_V115I,C_L108M,NS2A_M136I,NS2B_V59I,NS3_I461V,NS3_R186K,NS1_F178S,NS4B_A19T,NS5_S676N,NS5_G605V,prM_V120A,E_I462V,C_M104I,NS4B_V48I,NS5_K570R,NS1_K272R,NS4A_I89V,C_S101T)	10605
hDenV2/Colombia/un-Yale-DN02787/2024	DENV2	II	2II_F.1.1.2	EPI_ISL_19682105	2024-05-19	South America / Colombia	Human			unknown	unknown	unknown			Original	Serum		(NS5_I637A,NS5_R430G,NS5_I135T,NS5_T176I,NS2B_K60R,NS5_Q644K,prM_M135I,E_Q52H,NS4B_T244A,NS5_V335I,E_V129I,NS3_I140V,NS1_T265A,NS4A_D23N,C_K9R,E_I322V,NS1_D281E,NS2B_L21F,prM_K52N,NS1_N222S,E_R120T,NS2B_I78V,NS5_I271V,prM_T162A,prM_D29N,E_M6I,NS1_I264T,NS1_Q131H,NS1_Q175H,NS4B_F112L,NS5_K800T,NS2B_L109F,NS4A_R76K,NS3_K15R,NS4A_T63A,E_I484V,prM_A152I,prM_T82A,prM_H148Y,NS3_M13V,NS3_I333M,NS1_L247I,NS1_S80T,NS2B_D63E,NS5_I5T,NS3_V273I,NS2A_V5I,NS2A_I171A,prM_M83T,E_N390S,NS1_T117A,NS5_S15N,NS3_A120T,NS3_V395I,NS3_A160T,NS4B_L13F,E_T478S,prM_I127V,NS5_I687V,NS5_R98K,NS5_T290I,NS1_K174R,NS2A_V109A,E_H149N,NS5_A865T,NS1_S128L,E_E71A,NS5_M70L,NS4B_V115I,C_L108M,NS2A_M136I,NS2B_V59I,NS3_I461V,NS3_R186K,NS1_F178S,NS4B_A19T,NS5_S676N,NS5_G605V,prM_V120A,E_I462V,C_M104I,NS4B_V48I,NS5_K570R,NS1_K272R,NS4A_I89V,C_S101T)	10634
hDenV2/Colombia/un-Yale-DN02770/2024	DENV2	II	2II_F.1.1.2	EPI_ISL_19682108	2024-05-12	South America / Colombia	Human			unknown	unknown	unknown			Original	Serum		(NS5_I637A,NS5_R430G,NS5_T176I,NS5_I135T,NS2B_K60R,NS5_Q644K,prM_M135I,E_Q52H,NS4B_T244A,NS5_V335I,E_V129I,NS3_I140V,NS1_T265A,NS4A_D23N,C_K9R,NS1_D281E,NS2B_L21F,prM_K52N,NS1_N222S,E_R120T,NS5_I271V,prM_T162A,prM_D29N,E_M6I,NS1_I264T,NS1_Q131H,NS1_Q175H,NS4B_F112L,NS5_K800T,NS4A_R76K,NS3_K15R,E_I484V,prM_A152I,prM_T82A,prM_H148Y,NS3_M13V,NS3_I333M,NS1_L247I,NS1_S80T,NS2B_D63E,NS5_I5T,NS3_V273I,NS2A_V5I,NS2A_I171A,prM_M83T,E_N390S,NS1_T117A,NS5_S15N,NS3_A120T,NS3_V395I,NS3_A160T,NS4B_L13F,E_T478S,prM_I127V,NS5_I687V,NS5_R98K,NS5_T290I,NS1_K174R,NS2A_V109A,E_H149N,NS5_A865T,NS1_S128L,E_E71A,NS5_M70L,NS4B_V115I,C_L108M,NS2A_M136I,NS2B_V59I,NS3_R186K,NS3_I461V,NS1_F178S,NS4B_A19T,NS5_G605V,NS5_S676N,prM_V120A,E_I462V,C_M104I,NS4B_V48I,NS5_K570R,NS1_K272R,NS4A_I89V,C_S101T)	10610
hDenV2/Colombia/un-Yale-DN02768/2024	DENV2	II	2II_F.1.1.2	EPI_ISL_19682109	2024-05-07	South America / Colombia	Human			unknown	unknown	unknown			Original	Serum		(NS5_I637A,NS5_R430G,NS5_I135T,NS5_T176I,NS2B_K60R,NS5_Q644K,prM_M135I,E_Q52H,NS4B_T244A,NS5_V335I,E_V129I,NS3_I140V,NS1_T265A,NS4A_D23N,C_K9R,NS1_D281E,NS2B_L21F,prM_K52N,NS1_N222S,E_R120T,NS5_I271V,prM_T162A,prM_D29N,E_M6I,NS1_I264T,NS1_Q175H,NS1_Q131H,NS4B_F112L,NS5_K800T,NS4A_R76K,NS3_K15R,E_I484V,prM_A152I,prM_H148Y,NS5_A642V,NS3_M13V,NS3_I333M,NS1_L247I,NS1_S80T,NS2B_D63E,NS5_I5T,NS3_V273I,NS2A_V5I,prM_M83T,E_N390S,NS1_T117A,NS5_S15N,NS3_A120T,NS3_V395I,NS3_A160T,NS4B_L13F,E_T478S,prM_I127V,NS5_I687V,NS5_R98K,NS5_T290I,NS1_K174R,NS2A_V109A,E_H149N,NS5_A865T,NS1_S128L,E_E71A,NS5_M70L,NS4B_V115I,C_L108M,NS2A_M136I,NS2B_V59I,NS3_I461V,NS3_R186K,NS1_F178S,NS4B_A19T,NS5_S676N,NS5_G605V,prM_V120A,E_I462V,C_M104I,NS4B_V48I,NS5_K570R,NS1_K272R,NS4A_I89V,C_S101T)	10605
hDenV2/Colombia/un-Yale-DN02767/2024	DENV2	II	2II_F.1.1.2	EPI_ISL_19682110	2024-05-08	South America / Colombia	Human			unknown	unknown	unknown			Original	Serum		(NS5_I637A,NS5_R430G,NS5_I135T,NS5_T176I,NS2B_K60R,NS5_Q644K,prM_M135I,E_Q52H,NS4B_T244A,NS5_V335I,E_V129I,NS3_I140V,NS1_T265A,NS4A_D23N,C_K9R,NS1_D281E,NS2B_L21F,prM_K52N,NS1_N222S,E_R120T,NS5_I271V,prM_T162A,prM_D29N,E_M6I,NS1_I264T,NS1_Q175H,NS1_Q131H,NS4B_F112L,NS5_K800T,NS4A_R76K,NS3_K15R,E_I484V,prM_A152I,prM_H148Y,NS5_A642V,NS3_M13V,NS3_I333M,NS1_L247I,NS1_S80T,NS2B_D63E,NS5_I5T,NS3_V273I,NS2A_V5I,prM_M83T,E_N390S,NS1_T117A,NS5_S15N,NS3_A120T,NS3_V395I,NS3_A160T,NS4B_L13F,E_T478S,prM_I127V,NS5_I687V,NS5_R98K,NS5_T290I,NS1_K174R,E_H149N,NS5_A865T,NS1_S128L,E_E71A,NS5_M70L,NS4B_V115I,C_L108M,NS2A_M136I,NS2B_V59I,NS3_R186K,NS3_I461V,NS1_F178S,NS4B_A19T,NS5_S676N,NS5_G605V,prM_V120A,E_I462V,C_M104I,NS4B_V48I,NS5_K570R,NS1_K272R,NS4A_I89V,C_S101T)	10605
hDenV2/Colombia/un-Yale-DN02766/2024	DENV2	II	2II_F.1.1.2	EPI_ISL_19682111	2024-05-08	South America / Colombia	Human			unknown	unknown	unknown			Original	Serum		(NS5_I637A,NS5_R430G,NS5_I135T,NS5_T176I,NS2B_K60R,NS5_Q644K,prM_M135I,E_Q52H,NS5_V335I,E_V129I,NS3_I140V,NS1_T265A,NS4A_D23N,C_K9R,E_I322V,NS1_D281E,NS2B_L21F,prM_K52N,NS1_N222S,E_R120T,NS5_I271V,prM_T162A,E_M6I,prM_D29N,NS1_I264T,NS1_Q131H,NS1_Q175H,NS4B_F112L,NS5_K800T,NS2B_L109F,NS4A_R76K,NS3_K15R,E_I484V,prM_A152I,prM_T82A,prM_H148Y,NS3_M13V,NS3_I333M,NS1_L247I,NS1_S80T,NS2B_D63E,NS5_I5T,NS3_V273I,NS2A_V5I,NS2A_I171A,prM_M83T,E_N390S,NS1_T117A,NS5_S15N,NS3_A120T,NS3_V395I,NS3_A160T,NS4B_L13F,E_T478S,prM_I127V,NS5_I687V,NS5_R98K,NS5_T290I,NS1_K174R,NS2A_V109A,E_H149N,NS5_A865T,NS1_S128L,E_E71A,NS5_M70L,NS4B_V115I,C_L108M,NS2A_M136I,NS2B_V59I,NS3_I461V,NS3_R186K,NS1_F178S,NS4B_A19T,NS5_S676N,NS5_G605V,prM_V120A,E_I462V,C_M104I,NS4B_V48I,NS5_K570R,NS1_K272R,NS4A_I89V,C_S101T)	10607
hDenV2/Colombia/un-Yale-DN02753/2024	DENV2	III	2III_D.2	EPI_ISL_19682115	2024-04-24	South America / Colombia	Human			unknown	unknown	unknown			Original	Serum		(NS5_I637A,NS5_Y247H,NS3_R549K,NS5_I135T,prM_M135I,NS3_R561K,NS5_R749K,E_T359I,NS5_E558K,E_N203D,NS3_K142R,NS3_I140V,NS1_T265A,NS4B_P23S,NS4B_D156E,NS3_V567I,NS4A_D23N,C_K9R,NS1_D281E,NS1_I212M,NS5_T811A,NS5_A196T,NS1_N222S,NS3_K28R,E_R120T,NS4B_V175I,NS5_I271T,prM_T162A,NS5_L670I,E_M6I,NS1_I264T,NS1_K172R,NS4B_F112L,NS5_T880I,prM_M39I,NS2A_L153S,NS5_K375R,NS2A_V109T,NS5_V156I,NS4A_R76K,NS1_E83D,E_V491A,C_N10S,E_I484V,NS2B_V40I,NS3_L115I,NS5_I836V,NS2B_L109V,NS3_M13V,NS3_I333M,NS5_V628I,NS1_L247F,NS3_R248K,NS4A_I93V,NS5_R246K,NS5_S763T,NS2A_V5I,prM_M83T,NS1_Q98P,NS5_K514R,NS3_G14E,NS5_K388E,NS3_A120T,E_T478S,NS3_K568R,NS5_I687V,NS5_S429G,NS1_I93T,NS4B_Q22E,NS5_A865T,NS5_E501G,NS1_K170R,NS2B_K87R,C_M104V,NS5_A648T,NS2A_M136I,E_M340T,NS2A_T189A,NS3_R186K,E_V324I,NS4B_A19T,NS2B_A57T,NS5_I717V,E_V91I,E_V308I,prM_S15G,NS1_H261Y,NS3_K61R,C_V112A,NS5_S523G,NS3_T399A,C_S101T)	10614
hDenV2/Colombia/un-Yale-DN02747/2024	DENV2	II	2II_F.1.1.2	EPI_ISL_19682116	2024-04-21	South America / Colombia	Human			unknown	unknown	unknown			Original	Serum		(NS5_I637A,NS5_R430G,NS5_T176I,NS5_I135T,NS2B_K60R,NS5_Q644K,prM_M135I,E_Q52H,NS4B_T244A,NS5_V335I,E_V129I,NS3_I140V,NS1_T265A,NS4A_D23N,C_K9R,NS2B_L21F,NS1_D281E,prM_K52N,NS1_N222S,E_R120T,NS5_I271V,prM_T162A,E_M6I,prM_D29N,NS1_I264T,NS1_Q131H,NS1_Q175H,NS4B_F112L,NS5_K800T,NS4A_R76K,NS5_P829L,NS3_K15R,E_I484V,prM_A152I,prM_T82A,prM_H148Y,NS3_M13V,NS3_I333M,NS1_L247I,NS1_S80T,NS2B_D63E,NS5_I5T,NS3_V273I,NS5_H634Y,NS2A_I171A,NS2A_V5I,prM_M83T,E_N390S,NS1_T117A,NS5_S15N,NS3_A120T,NS3_V395I,NS1_I242V,NS3_A160T,NS4B_L13F,E_T478S,prM_I127V,NS5_R98K,NS5_I687V,NS1_K174R,NS2A_V109A,E_H149N,NS5_A865T,NS1_S128L,E_E71A,NS5_M70L,NS4B_V115I,C_L108M,NS2A_M136I,NS2B_V59I,NS3_I461V,NS3_R186K,NS1_F178S,NS4B_A19T,NS5_S676N,NS5_G605V,prM_V120A,E_I462V,C_M104I,NS4B_V48I,NS5_K570R,NS1_K272R,NS4A_I89V,C_S101T)	10612
hDenV2/Colombia/un-Yale-DN02746/2024	DENV2	III	2III_D.2	EPI_ISL_19682117	2024-04-19	South America / Colombia	Human			unknown	unknown	unknown			Original	Serum		(NS5_I637A,NS5_Y247H,NS3_R549K,NS5_I135T,prM_M135I,NS3_R561K,NS5_R749K,E_T359I,NS5_E558K,E_N203D,NS3_I140V,NS3_K142R,NS1_T265A,NS4B_P23S,NS4B_D156E,NS3_V567I,NS4A_D23N,C_K9R,NS1_D281E,NS1_I212M,NS5_T811A,NS5_A196T,NS1_N222S,NS3_K28R,E_R120T,NS4B_V175I,NS5_I271T,prM_T162A,NS5_L670I,E_M6I,NS2A_V174T,NS1_I264T,NS1_K172R,NS4B_F112L,prM_M39I,NS2A_L153S,NS5_K375R,NS5_S225T,NS2A_V109T,NS5_V156I,NS4A_R76K,NS1_E83D,E_V491A,C_N10S,NS1_K69E,E_I484V,NS2B_V40I,NS3_L115I,NS5_I836V,NS2B_L109V,NS3_M13V,NS5_V628I,NS1_L247F,NS3_R248K,NS4A_I93V,NS5_R246K,NS5_S763T,NS2A_V5I,prM_M83T,NS1_Q98P,NS3_G14E,NS5_K388E,NS3_A120T,E_T478S,NS3_K568R,NS5_I687V,NS5_S429G,NS1_I93T,NS4B_Q22E,NS5_A865T,NS5_E501G,NS1_K170R,NS2B_K87R,C_M104V,NS5_A648T,NS2A_M136I,E_M340T,NS2A_T189A,NS3_R186K,E_V324I,NS4B_A19T,NS2B_A57T,prM_V120A,NS5_I717V,E_V308I,E_V91I,prM_S15G,NS3_K61R,C_V112A,NS5_S523G,NS3_T399A,C_S101T)	10599
hDenV2/Colombia/un-Yale-DN02742/2024	DENV2	II	2II_F.1.1.2	EPI_ISL_19682119	2024-04-18	South America / Colombia	Human			unknown	unknown	unknown			Original	Serum		(NS5_I637A,NS4B_T179I,NS5_R430G,NS5_I135T,NS5_T176I,NS2B_K60R,NS5_Q644K,prM_M135I,E_Q52H,NS4B_T244A,NS5_V335I,E_V129I,NS3_I140V,NS1_T265A,NS4A_D23N,C_K9R,NS2B_L21F,NS1_D281E,prM_K52N,NS5_N166D,NS1_N222S,E_R120T,NS5_I271V,NS4B_V175I,prM_T162A,E_M6I,prM_D29N,NS1_I264T,NS1_Q175H,NS1_Q131H,NS4B_F112L,NS5_K800T,NS4A_R76K,NS3_K15R,E_I484V,prM_A152I,prM_T82A,prM_H148Y,NS3_M13V,NS3_I333M,NS1_L247I,NS1_S80T,NS2B_D63E,NS5_I5T,NS3_V273I,NS5_E831A,NS2A_V5I,NS2A_I171A,prM_M83T,E_N390S,NS1_T117A,NS5_S15N,NS3_A120T,NS3_V395I,NS3_A160T,NS4B_L13F,E_T478S,prM_I127V,NS5_R98K,NS5_I687V,NS5_T290I,NS1_K174R,NS2A_V109A,E_H149N,NS5_A865T,NS1_S128L,E_E71A,NS5_M70L,NS4B_V115I,C_L108M,NS2A_M136I,NS2B_V59I,NS3_R186K,NS3_I461V,NS1_F178S,NS4B_A19T,NS5_S676N,NS5_G605V,prM_V120A,E_I462V,C_M104I,NS4B_V48I,NS5_K570R,NS1_K272R,NS4A_I89V,C_S101T)	10554
hDenV2/Colombia/un-Yale-DN02737/2024	DENV2	II	2II_F.1.1.2	EPI_ISL_19682120	2024-04-11	South America / Colombia	Human			unknown	unknown	unknown			Original	Serum		(NS5_I637A,NS5_R430G,NS5_I135T,NS5_T176I,NS2B_K60R,NS5_Q644K,prM_M135I,E_Q52H,NS4B_T244A,NS5_V335I,E_V129I,NS3_I140V,NS1_T265A,NS4A_D23N,C_K9R,E_I322V,NS1_D281E,NS2B_L21F,prM_K52N,NS1_N222S,E_R120T,NS5_I271V,prM_T162A,prM_D29N,E_M6I,NS1_I264T,NS1_Q175H,NS1_Q131H,NS4B_F112L,NS5_K800T,NS2B_L109F,NS4A_R76K,NS3_K15R,E_I484V,prM_A152I,prM_T82A,prM_H148Y,NS3_M13V,NS3_I333M,NS1_L247I,NS1_S80T,NS2B_D63E,NS5_I5T,NS3_V273I,NS3_P324S,NS2A_I171A,NS2A_V5I,prM_M83T,E_N390S,NS1_T117A,NS5_S15N,NS3_A120T,NS3_V395I,NS3_A160T,NS4B_L13F,E_T478S,prM_I127V,NS5_R98K,NS5_I687V,NS1_K174R,NS2A_V109A,E_H149N,NS5_A865T,NS1_S128L,E_E71A,NS5_M70L,NS4B_V115I,C_L108M,NS2A_M136I,NS2B_V59I,NS3_I461V,NS3_R186K,NS1_F178S,NS4B_A19T,NS5_S676N,NS5_G605V,prM_V120A,E_I462V,C_M104I,NS4B_V48I,NS5_K570R,NS1_K272R,NS4A_I89V,C_S101T)	10610
hDenV2/Colombia/un-Yale-DN02734/2024	DENV2	III	2III_D.2	EPI_ISL_19682122	2024-04-11	South America / Colombia	Human			unknown	unknown	unknown			Original	Serum		(NS5_I637A,NS5_Y247H,NS3_R549K,NS5_I135T,prM_M135I,NS3_R561K,NS5_R749K,E_T359I,NS5_E558K,E_N203D,NS3_K142R,NS3_I140V,NS1_T265A,NS4B_D156E,NS4B_P23S,NS3_V567I,NS4A_D23N,C_K9R,NS1_D281E,NS1_I212M,NS5_A196T,NS5_T811A,NS1_N222S,NS3_K28R,E_R120T,NS4B_V175I,NS5_I271T,prM_T162A,NS5_L670I,E_M6I,NS2A_V174T,NS1_K172R,NS1_I264T,NS4B_F112L,NS5_T880I,NS2A_L153S,prM_M39I,NS5_K375R,NS5_S225T,NS2A_V109T,NS5_V156I,NS4A_R76K,NS1_E83D,E_V491A,C_N10S,E_I484V,NS2B_V40I,NS3_L115I,NS5_I836V,NS2B_L109V,NS3_M13V,NS3_I333M,NS5_V628I,NS1_L247F,NS3_R248K,NS4A_I93V,NS5_R246K,NS5_S763T,NS2A_V5I,prM_M83T,NS1_Q98P,NS5_K514R,NS3_G14E,NS5_K388E,NS3_A120T,E_T478S,NS3_K568R,NS5_I687V,NS5_S429G,NS1_I93T,NS4B_Q22E,NS5_A865T,NS5_E501G,NS1_K170R,NS2B_K87R,C_M104V,NS5_A648T,E_M340T,NS2A_M136I,NS2A_T189A,NS3_R186K,E_V324I,NS4B_A19T,NS2B_A57T,NS5_I717V,E_V91I,E_V308I,prM_S15G,NS3_K61R,C_V112A,NS5_S523G,NS3_T399A,C_S101T)	10611
hDenV2/Colombia/un-Yale-DN02732/2024	DENV2	II	2II_F.1.1.5	EPI_ISL_19682123	2024-04-10	South America / Colombia	Human			unknown	unknown	unknown			Original	Serum		(NS5_I637A,NS5_Y247H,NS5_R430G,NS5_I135T,NS5_T176I,NS2B_K60R,NS5_Q644K,prM_M135I,E_Q52H,NS4B_T244A,NS5_V335I,E_I164V,E_V129I,NS3_I140V,NS1_T265A,NS4A_D23N,C_K9R,E_I322V,NS1_D281E,NS2B_L21F,prM_K52N,NS1_N222S,NS3_T122I,E_R120T,NS5_I271T,E_I23V,prM_T162A,prM_D29N,E_M6I,NS4B_V91A,NS1_I264T,NS1_Q131H,NS4B_F112L,NS5_K800T,prM_A152V,NS2A_K135R,NS4A_R76K,NS5_N170S,NS3_K15R,E_I484V,prM_T82A,NS3_M13V,NS3_I333M,NS1_S80T,NS2B_D63E,NS1_L247F,NS5_I5T,NS3_V273I,NS2A_V5I,NS2A_I171A,prM_M83T,E_N390S,NS1_T117A,NS5_S15N,NS3_A120T,NS3_V395I,NS3_A160T,NS4B_L13F,E_T478S,NS5_R98K,NS5_I687V,NS1_K174R,E_H149N,NS5_A865T,NS5_A648V,NS5_N4S,NS1_S128L,E_E71A,NS5_M70L,C_L108M,NS2A_M136I,NS2B_V59I,NS3_I461V,NS3_R186K,NS1_F178S,NS4B_A19T,NS5_S676N,NS5_G605V,prM_V120A,E_I462V,C_M104I,NS4B_V48I,NS5_K570R,NS1_K272R,NS4A_I89V,C_S101T)	10605
hDenV2/Colombia/un-Yale-DN02729/2024	DENV2	II	2II_F.1.1.2	EPI_ISL_19682125	2024-04-06	South America / Colombia	Human			unknown	unknown	unknown			Original	Serum		(NS5_I637A,NS5_R430G,NS5_I135T,NS5_T176I,NS2B_K60R,NS5_Q644K,prM_M135I,E_Q52H,NS4B_T244A,NS5_V335I,E_V129I,NS3_I140V,NS1_T265A,NS4A_D23N,C_K9R,NS1_D281E,NS2B_L21F,prM_K52N,NS1_N222S,E_R120T,NS5_I271V,prM_T162A,E_M6I,prM_D29N,NS1_I264T,NS1_Q175H,NS1_Q131H,NS4B_F112L,NS5_K800T,NS4A_R76K,NS3_K15R,E_I484V,prM_A152I,prM_T82A,NS1_S17N,prM_H148Y,NS3_M13V,NS3_I333M,NS1_L247I,NS1_S80T,NS2B_D63E,NS5_I5T,NS3_V273I,NS2A_V5I,prM_M83T,E_N390S,NS1_T90I,NS1_T117A,NS5_S15N,NS3_A120T,NS3_V395I,NS3_A160T,NS4B_L13F,E_T478S,prM_I127V,NS5_I687V,NS5_R98K,NS5_T290I,NS1_K174R,NS2A_V109A,E_H149N,NS5_A865T,NS1_S128L,E_E71A,NS5_M70L,NS4B_V115I,C_L108M,NS2A_M136I,NS2B_V59I,NS3_R186K,NS3_I461V,NS1_F178S,NS4B_A19T,NS5_S676N,NS5_G605V,prM_V120A,E_I462V,C_M104I,NS3_G527E,NS4B_V48I,NS5_K570R,NS1_K272R,NS4A_I89V,C_S101T)	10605
hDenV2/Colombia/un-Yale-DN02720/2024	DENV2	II	2II_F.1.1.2	EPI_ISL_19682129	2024-04-01	South America / Colombia	Human			unknown	unknown	unknown			Original	Serum		(NS5_I637A,NS5_R430G,NS5_T176I,NS5_I135T,NS2B_K60R,NS5_Q644K,prM_M135I,E_S168T,E_Q52H,NS4B_T244A,NS5_V335I,E_V129I,NS3_I140V,NS1_T265A,NS4A_D23N,C_K9R,E_I322V,NS1_D281E,NS2B_L21F,prM_K52N,NS1_N222S,E_R120T,NS5_I271V,prM_T162A,prM_D29N,E_M6I,NS1_I264T,NS1_Q131H,NS1_Q175H,NS4B_F112L,NS5_K800T,NS2B_L109F,NS4A_R76K,NS3_K15R,E_I484V,prM_A152I,prM_T82A,prM_H148Y,NS3_M13V,NS3_I333M,NS1_L247I,NS1_S80T,NS2B_D63E,NS5_I5T,NS3_V273I,NS2A_V5I,NS2A_I171A,prM_M83T,E_N390S,NS1_T117A,NS5_S15N,NS3_A120T,NS3_V395I,NS3_A160T,NS4B_L13F,E_T478S,prM_I127V,NS5_R98K,NS5_I687V,NS1_K174R,NS2A_V109A,E_H149N,NS5_A865T,NS1_S128L,E_E71A,NS5_M70L,NS4B_V115I,C_L108M,NS2A_M136I,NS2B_V59I,NS3_R186K,NS3_I461V,NS1_F178S,NS4B_A19T,NS5_S676N,NS5_G605V,prM_V120A,E_I462V,C_M104I,NS4B_V48I,NS5_K570R,NS4A_I89V,C_S101T)	10667
hDenV2/Colombia/un-Yale-DN02719/2024	DENV2	II	2II_F.1.1.2	EPI_ISL_19682130	2024-04-02	South America / Colombia	Human			unknown	unknown	unknown			Original	Serum		(NS5_I637A,NS5_R430G,NS2B_I114M,NS5_T176I,NS5_I135T,NS2B_K60R,NS5_Q644K,prM_M135I,E_Q52H,NS4B_T244A,NS5_V335I,E_V129I,NS3_I140V,NS1_T265A,NS4A_D23N,C_K9R,NS2B_L21F,NS1_D281E,prM_K52N,NS1_N222S,E_R120T,NS5_I271V,prM_T162A,E_M6I,prM_D29N,NS1_I264T,NS1_Q175H,NS1_Q131H,NS4B_F112L,NS5_K800T,NS4A_R76K,NS3_K15R,E_I484V,prM_A152I,prM_T82A,prM_H148Y,NS3_M13V,NS3_I333M,NS1_L247I,NS1_S80T,NS2B_D63E,NS5_I5T,NS3_V273I,NS2A_V5I,NS2A_I171A,prM_M83T,E_N390S,NS1_T117A,NS5_S15N,NS3_A120T,NS3_V395I,NS3_A160T,NS4B_L13F,E_T478S,prM_I127V,NS5_I687V,NS5_R98K,NS5_T290I,NS1_K174R,NS2A_V109A,E_H149N,NS5_A865T,NS4A_I89A,NS1_S128L,E_E71A,NS5_M70L,NS4B_V115I,C_L108M,NS2A_M136I,NS2B_V59I,NS3_R186K,NS3_I461V,NS1_F178S,NS4B_A19T,NS5_S676N,NS5_G605V,prM_V120A,E_I462V,C_M104I,NS4B_V48I,NS5_K570R,NS1_K272R,C_S101T)	10605
hDenV2/Colombia/un-Yale-DN02715/2024	DENV2	III	2III_D.2	EPI_ISL_19682131	2024-03-26	South America / Colombia	Human			unknown	unknown	unknown			Original	Serum		(NS5_I637A,NS2A_T29M,NS5_Y247H,NS3_R549K,NS5_I135T,prM_M135I,NS3_R561K,NS5_R749K,E_T359I,NS5_E558K,E_N203D,NS3_K142R,NS3_I140V,NS1_T265A,NS4B_P23S,NS4B_D156E,NS3_V567I,NS4A_D23N,C_K9R,NS1_I212M,NS1_D281E,NS5_A196T,NS5_T811A,NS1_N222S,NS3_K28R,E_R120T,NS4B_V175I,NS5_I271T,prM_T162A,NS5_L670I,E_M6I,NS2A_V174T,NS1_I264T,NS1_K172R,NS4B_F112L,NS2A_L153S,prM_M39I,NS5_K375R,NS5_S225T,NS2A_V109T,NS5_V156I,NS4A_R76K,NS1_E83D,E_V491A,C_N10S,E_I484V,NS2B_V40I,NS3_L115I,NS5_I836V,NS2B_L109V,NS3_M13V,NS3_I333M,NS5_V628I,NS1_L247F,NS3_R248K,NS4A_I93V,NS5_R246K,NS5_S763T,NS2A_V5I,prM_M83T,NS1_Q98P,NS5_K514R,NS3_G14E,NS5_K388E,NS3_A120T,E_T478S,NS5_I687V,NS5_S429G,NS1_I93T,NS4B_Q22E,NS5_A865T,NS5_E501G,NS1_K170R,NS2B_K87R,C_M104V,NS5_A648T,E_M340T,NS2A_M136I,NS2A_T189A,NS3_R186K,E_V324I,NS4B_A19T,NS2B_A57T,NS5_I717V,E_V308I,E_V91I,prM_S15G,NS3_K61R,C_V112A,NS5_S523G,NS3_T399A,C_S101T)	10610
hDenV2/Colombia/un-Yale-DN02714/2024	DENV2	III	2III_D.2	EPI_ISL_19682132	2024-03-25	South America / Colombia	Human			unknown	unknown	unknown			Original	Serum		(NS5_I637A,NS2A_T29M,NS5_Y247H,NS3_R549K,NS5_I135T,prM_M135I,NS3_R561K,NS5_R749K,E_T359I,NS5_E558K,E_N203D,NS3_I140V,NS3_K142R,NS1_T265A,NS4B_D156E,NS4B_P23S,NS3_V567I,NS4A_D23N,C_K9R,NS1_D281E,NS1_I212M,NS5_A196T,NS5_T811A,NS1_N222S,NS3_K28R,E_R120T,NS4B_V175I,NS5_I271T,prM_T162A,NS5_L670I,E_M6I,NS2A_V174T,NS1_I264T,NS1_K172R,NS4B_F112L,NS2A_L153S,prM_M39I,NS5_K375R,NS5_S225T,NS2A_V109T,NS5_V156I,NS4A_R76K,NS1_E83D,E_V491A,C_N10S,E_I484V,NS2B_V40I,NS3_L115I,NS5_I836V,NS2B_L109V,NS3_M13V,NS3_I333M,NS5_V628I,NS1_L247F,NS3_R248K,NS4A_I93V,NS5_R246K,NS5_S763T,NS2A_V5I,NS1_Q98P,prM_M83T,NS5_K514R,NS3_G14E,NS5_K388E,NS3_A120T,E_T478S,NS5_I687V,NS5_S429G,NS1_I93T,NS4B_Q22E,NS5_A865T,NS5_E501G,NS1_K170R,NS2B_K87R,C_M104V,NS5_A648T,E_M340T,NS2A_M136I,NS2A_T189A,NS3_R186K,E_V324I,NS4B_A19T,NS2B_A57T,NS5_I717V,E_V91I,E_V308I,prM_S15G,NS3_K61R,C_V112A,NS5_S523G,NS3_T399A,C_S101T)	10610
hDenV2/Colombia/un-Yale-DN02710/2024	DENV2	III	2III_D.2	EPI_ISL_19682134	2024-03-21	South America / Colombia	Human			unknown	unknown	unknown			Original	Serum		(NS5_I637A,NS5_Y247H,NS3_R549K,NS5_I135T,prM_M135I,NS3_R561K,NS5_R749K,E_T359I,NS5_E558K,C_K17R,E_N203D,NS3_I140V,NS3_K142R,NS5_A19T,NS1_T265A,NS4B_D156E,NS3_V567I,NS4A_D23N,NS4B_E24D,C_K9R,NS1_I212M,NS1_D281E,NS5_A196T,NS5_T811A,NS1_N222S,NS3_K28R,E_R120T,NS2B_I78V,NS4B_V175I,prM_T162A,NS5_L670I,E_M6I,NS1_I264T,NS1_K172R,NS4B_F112L,prM_M39I,NS2A_L153S,NS5_K375R,NS5_S225T,NS2A_V109T,NS5_V156I,NS4A_R76K,E_V491A,NS1_V177A,C_N10S,NS4B_Q21R,E_I484V,NS3_L115I,NS5_I836V,NS2B_L109V,NS5_A642T,NS3_M13V,NS3_I333M,NS2A_Q162R,NS5_V628I,NS4B_A137T,NS1_L247F,NS3_R248K,NS1_A141S,NS4A_I93V,NS5_R246K,NS5_S763T,NS2A_V5I,prM_M83T,NS5_K514R,NS3_A120T,E_K361R,E_T478S,NS5_S429G,NS1_I93T,E_I170T,NS4B_Q22E,NS5_A865T,NS5_E501G,C_M104V,NS2A_H2L,NS2A_M136I,E_M340T,NS2A_T189A,NS3_R186K,E_V324I,NS4B_A19T,E_I462V,NS5_I717V,E_V308I,E_V91I,prM_S15G,NS3_K61R,C_V112A,NS5_S523G,C_S101T)	10607
hDenV2/Colombia/un-Yale-DN02702/2024	DENV2	III	2III_D.2	EPI_ISL_19682135	2024-03-20	South America / Colombia	Human			unknown	unknown	unknown			Original	Serum		(NS5_I637A,NS5_Y247H,NS3_R549K,NS5_I135T,prM_M135I,NS3_R561K,NS5_R749K,E_T359I,NS5_E558K,E_N203D,C_K17R,NS1_D281K,NS3_K142R,NS3_I140V,E_V347I,NS1_T265A,NS3_P272S,NS4B_D156E,NS3_V567I,NS4A_D23N,C_K9R,NS1_I212M,NS5_T811A,NS5_A196T,NS1_N222S,NS3_K28R,E_R120T,NS4B_V175I,prM_T162A,NS5_L670I,E_M6I,NS1_I264T,NS1_K172R,NS4B_F112L,NS2A_L153S,prM_M39I,NS5_K375R,NS5_S225T,NS2A_V109T,NS5_V156I,NS4A_R76K,E_V491A,C_N10S,E_I484V,NS3_L115I,NS5_I836V,NS2B_L109V,NS2A_A195T,NS3_M13V,NS3_I333M,NS2A_Q162R,NS5_V628I,NS1_L247F,NS3_R248K,NS4A_I93V,NS5_R246K,NS5_S763T,NS2A_V5I,NS3_R187K,prM_M83T,E_V365I,NS5_K514R,NS3_A120T,NS5_V130T,E_T478S,NS5_S429G,NS1_I93T,E_I170T,NS4B_Q22E,NS5_A865T,NS5_E501G,C_M104V,NS2A_H2L,E_M340T,NS2A_M136I,NS2A_T189A,NS4A_R22K,E_V324I,NS4B_A19T,E_I462V,NS5_I717V,prM_S15G,E_V91I,E_V308I,NS3_K61R,C_V112A,NS5_S523G,NS3_T399A,C_S101T)	10610
hDenV2/Colombia/un-Yale-DN02692/2024	DENV2	II	2II_F.1.1.2	EPI_ISL_19682137	2024-03-13	South America / Colombia	Human			unknown	unknown	unknown			Original	Serum		(NS5_I637A,NS5_R430G,NS5_T176I,NS5_I135T,NS2B_K60R,NS5_Q644K,prM_M135I,E_Q52H,NS4B_T244A,NS5_V335I,E_V129I,NS3_I140V,NS1_T265A,NS4A_D23N,C_K9R,NS1_D281E,NS2B_L21F,prM_K52N,NS1_N222S,E_R120T,NS5_I271V,prM_T162A,E_M6I,prM_D29N,NS1_I264T,NS1_Q131H,NS1_Q175H,NS4B_F112L,NS5_K800T,NS4A_R76K,NS3_K15R,E_I484V,prM_A152I,prM_T82A,prM_H148Y,NS3_M13V,NS3_I333M,NS1_L247I,NS1_S80T,NS2B_D63E,NS5_I5T,NS3_V273I,NS2A_V5I,NS2A_I171A,prM_M83T,E_N390S,NS1_T117A,NS5_S15N,NS3_A120T,NS3_V395I,NS3_A160T,NS4B_L13F,E_T478S,prM_I127V,NS5_I687V,NS5_R98K,NS5_T290I,NS1_K174R,NS2A_V109A,E_H149N,NS4A_M10V,NS5_A865T,NS1_S128L,E_E71A,NS5_M70L,NS4B_V115I,C_L108M,NS2A_M136I,NS2B_V59I,NS3_R186K,NS3_I461V,NS1_F178S,NS4B_A19T,NS5_G605V,NS5_S676N,prM_V120A,E_I462V,C_M104I,NS4B_V48I,NS5_K570R,NS1_K272R,NS4A_I89V,C_S101T)	10607
hDenV2/Colombia/CUN-UEB-028/2014	DENV2	III	2III_D.3	EPI_ISL_19730550	2014-02-09	South America / Colombia / Cundinamarca / Girardot	Human			unknown	unknown	unknown			Original	Serum		(NS2A_N139S,NS5_I637A,NS5_Y247H,NS3_R549K,NS5_I135T,prM_M135I,NS3_R561K,NS5_R749K,NS5_F134Y,NS5_E558K,E_N203D,NS3_K142R,NS3_I140V,NS5_A19T,NS1_T265A,NS4B_D156E,NS4B_P23S,NS3_V567I,NS4A_D23N,C_K9R,NS1_I212M,NS1_D281E,NS3_I30F,NS5_A196T,NS5_T811A,NS1_N222S,NS3_K28R,E_R120T,NS2A_T189S,NS4B_V175I,prM_T162A,NS5_L670I,E_M6I,NS1_I264T,NS1_K172R,NS3_L115T,NS4B_F112L,NS2A_T115A,prM_M39I,NS2A_L153S,NS5_S225T,NS5_V156I,NS4A_R76K,NS4A_R12K,E_V491A,C_N10S,NS2A_V174A,E_I484V,NS5_I836V,NS2B_L109V,NS4A_T59A,NS3_M13V,NS3_I333M,NS5_V628I,NS1_L247F,NS2A_T104A,NS3_R248K,NS5_I5T,NS5_R246K,NS5_S763T,NS2A_V5I,prM_M83T,NS5_K514R,NS5_K437R,prM_R151K,NS3_A120T,C_V26M,E_T478S,NS5_I687V,NS5_S429G,NS1_K174R,NS2A_V109A,NS4B_Q22E,NS5_A865T,NS5_E501G,NS2A_M136I,E_M340T,NS1_F178V,NS3_R186K,NS5_R649K,NS4B_A19T,NS5_I717V,prM_S15G,E_V91I,E_V308I,C_I106V,NS3_K61R,C_V112A,NS5_S523G,NS3_T399A,C_S101T)	10725
hDenV2/Colombia/VAC-LSPVAC-0127-1031-VIG/2025	DENV2	II	2II_F.1.1.2	EPI_ISL_19814599	2025-01-25	South America / Colombia / Valle del Cauca / Cali	Human			Male	77	Hospitalized			Original			(NS5_I637A,NS5_R430G,NS5_I135T,NS5_T176I,NS2B_K60R,NS5_Q644K,prM_M135I,E_Q52H,NS4B_T244A,NS5_V335I,E_V129I,NS3_I140V,NS1_T265A,NS4A_D23N,E_I322V,NS1_D281E,NS2B_L21F,prM_K52N,NS1_N222S,E_R120T,NS5_I271V,prM_T162A,prM_D29N,E_M6I,NS1_I264T,NS1_Q175H,NS1_Q131H,NS4B_F112L,NS5_K800T,NS2B_L109F,NS4A_R76K,NS3_K15R,E_I484V,prM_A152I,prM_T82A,prM_H148Y,NS3_M13V,NS3_I333M,NS1_L247I,NS1_S80T,NS2B_D63E,NS5_I5T,NS3_V273I,NS4B_A197S,NS2A_V5I,prM_M83T,E_N390S,NS1_T117A,NS5_S15N,NS3_A120T,NS3_V395I,NS3_A160T,NS4B_L13F,E_T478S,prM_I127V,NS5_I687V,NS5_R98K,NS5_T290I,NS1_K174R,E_H149N,NS5_A865T,NS1_S128L,E_E71A,NS5_M70L,NS4B_V115I,NS2B_V11I,NS2B_V59I,NS3_R186K,NS3_I461V,NS1_F178S,NS4B_A19T,NS5_G605V,NS5_S676N,E_A446V,prM_V120A,E_I462V,NS4B_V48I,NS5_K570R,NS1_K272R,NS4A_I89V)	10154
hDenV2/Colombia/VAC-LSPVAC-0127-1039-VIG/2025	DENV2	II	2II_F.1.1.2	EPI_ISL_19814600	2025-01-13	South America / Colombia / Valle del Cauca / Zarzal	Human			Male	10	Live			Original			(NS5_I637A,NS5_R430G,NS5_T176I,NS5_I135T,NS2B_K60R,NS5_Q644K,prM_M135I,E_Q52H,NS4B_T244A,NS5_V335I,E_V129I,NS3_I140V,NS1_T265A,NS4A_D23N,NS2B_L21F,NS1_D281E,prM_K52N,NS1_N222S,E_R120T,NS5_I271V,prM_T162A,prM_D29N,E_M6I,NS1_I264T,NS1_Q131H,NS1_Q175H,NS4B_F112L,NS5_K800T,NS4A_R76K,NS3_K15R,E_I484V,prM_A152I,prM_H148Y,NS3_M13V,NS3_I333M,NS1_L247I,NS1_S80T,NS2B_D63E,NS5_I5T,NS3_V273I,NS2A_V5I,prM_M83T,E_N390S,NS1_T117A,NS5_S15N,NS3_A120T,NS3_V395I,NS5_K279E,NS3_A160T,NS4B_V181A,NS4B_L13F,E_T478S,prM_I127V,NS5_I687V,NS5_R98K,NS5_T290I,NS1_K174R,E_H149N,NS5_A865T,NS1_M123V,NS1_S128L,E_E71A,NS5_M70L,NS4B_V115I,NS2B_V59I,NS3_I461V,NS3_R186K,NS1_F178S,NS4B_A19T,NS5_S676N,NS5_G605V,prM_V120A,E_I462V,NS4B_V48I,NS5_K570R,NS1_K272R,NS4A_I89V)	10154
hDenV2/Colombia/VAC-LSPVAC-0129-1128-VIG/2025	DENV2	III	2III_D.2	EPI_ISL_19814601	2025-01-27	South America / Colombia / Valle del Cauca / Jamundi	Human			Female	60	Live			Original			(NS5_I637A,NS5_Y247H,NS3_R549K,NS5_I135T,prM_M135I,NS3_R561K,NS5_R749K,E_T359I,NS5_E558K,E_N203D,NS3_I140V,NS3_K142R,NS5_A19T,NS1_T265A,NS4B_D156E,NS3_V567I,NS4A_D23N,NS1_D281E,NS1_I212M,NS5_T811A,NS1_N222S,NS3_K28R,E_R120T,NS2B_I78V,NS4B_V175I,prM_T162A,NS5_L670I,E_M6I,NS1_I264T,NS1_K172R,NS4B_F112L,prM_M39I,NS2A_L153S,NS5_K375R,NS5_S225T,NS2A_V109T,NS5_V156I,NS4A_R76K,E_V491A,NS1_V177A,NS2A_V174A,E_I484V,NS3_L115I,NS5_I836V,NS2B_L109V,NS5_A642T,NS3_M13V,NS3_I333M,NS2A_Q162R,NS5_V628I,NS4B_A137T,NS1_L247F,NS2A_T104A,NS3_R248K,NS1_A141S,NS4A_I93V,NS5_R246K,NS5_S763T,NS2A_V5I,prM_M83T,NS5_K514R,NS5_K388E,NS3_A120T,E_K361R,E_T478S,NS5_S429G,NS1_I93T,E_I170T,NS5_A865T,NS5_E501G,NS5_R891K,NS2A_H2L,NS2A_M136I,E_M340T,NS2A_T189A,NS3_R186K,E_V324I,E_I462V,NS5_I717V,E_V91I,E_V308I,prM_S15G,NS3_K61R,NS5_K76R,NS5_S523G,NS1_K272R,NS3_T399A)	10153
hDenV2/Colombia/VAC-LSPVAC-0210-1765-VIG/2025	DENV2	II	2II_F.1.1.2	EPI_ISL_19814605	2025-01-31	South America / Colombia / Valle del Cauca / Cali	Human			Male	9	Live			Original			(NS5_I637A,NS5_R430G,NS5_T176I,NS5_I135T,NS2B_K60R,NS5_Q644K,prM_M135I,E_Q52H,NS4B_T244A,NS5_V335I,E_V129I,NS3_I140V,NS1_T265A,NS4A_D23N,NS2B_L21F,NS1_D281E,prM_K52N,NS1_N222S,E_R120T,NS4A_T3S,NS5_I271V,prM_T162A,prM_D29N,E_M6I,NS1_I264T,NS1_Q131H,NS1_Q175H,NS4B_F112L,NS5_K800T,NS5_H801Y,NS4A_R76K,NS3_K15R,E_I484V,prM_A152I,prM_T82A,prM_H148Y,NS4A_E9G,NS3_M13V,NS3_I333M,NS1_L247I,NS1_S80T,NS2B_D63E,NS5_I5T,NS3_V273I,NS2A_V5I,prM_M83T,E_N390S,NS1_T117A,NS5_S15N,NS3_A120T,NS3_V395I,NS3_A160T,NS4B_L13F,E_T478S,prM_I127V,NS5_R98K,NS5_I687V,NS5_T290I,NS1_K174R,E_H149N,NS5_A865T,NS1_S128L,E_E71A,NS5_M70L,NS4B_V115I,NS2B_V59I,NS3_I461V,NS3_R186K,NS1_F178S,NS4B_A19T,NS5_S676N,NS5_G605V,prM_V120A,E_I462V,NS4B_V48I,NS5_K570R,NS1_K272R,NS4A_I89V)	10154
hDenV2/Colombia/VAC-LSPVAC-0221-2517-VIG/2025	DENV2	II	2II_F.1.1.2	EPI_ISL_19814606	2025-02-12	South America / Colombia / Valle del Cauca / Jamundi	Human			Female	8	Hospitalized			Original			(NS5_I637A,NS5_R430G,NS5_I135T,NS5_T176I,NS2B_K60R,NS5_Q644K,prM_M135I,E_Q52H,NS4B_T244A,NS5_V335I,E_V129I,NS3_I140V,NS1_T265A,NS4A_D23N,NS2B_L21F,NS1_D281E,prM_K52N,NS1_N222S,E_R120T,NS5_I271V,prM_T162A,prM_D29N,E_M6I,NS1_I264T,NS5_P822S,NS1_Q131H,NS1_Q175H,NS4B_F112L,NS5_K800T,NS4A_R76K,NS3_K15R,E_I484V,prM_A152I,prM_T82A,prM_H148Y,NS3_M13V,NS3_I333M,NS1_L247I,NS1_S80T,NS2B_D63E,NS5_I5T,NS5_R246K,NS3_V273I,NS2B_S83C,NS2A_V5I,NS2A_I171A,prM_M83T,E_N390S,NS1_T117A,NS5_S15N,NS3_A120T,NS3_V395I,NS3_A160T,NS4B_L13F,E_T478S,prM_I127V,NS5_R98K,NS5_I687V,NS5_T290I,NS1_K174R,NS2A_V109A,E_H149N,NS5_A865T,NS1_S128L,E_E71A,NS5_M70L,NS4B_V115I,NS2A_M136I,E_S7P,NS2B_V59I,NS3_R186K,NS3_I461V,NS1_F178S,NS4B_A19T,NS5_G605V,NS5_S676N,prM_V120A,E_I462V,NS4B_V48I,NS5_K570R,NS1_K272R,NS4A_I89V)	10154
hDenV2/Colombia/VAC-LSPVAC-0225-2765-VIG/2025	DENV2	II	2II_F.1.1.2	EPI_ISL_19814607	2025-02-24	South America / Colombia / Valle del Cauca / Cali	Human			Male	68	Hospitalized			Original			(NS5_I637A,NS5_R430G,NS5_I135T,NS5_T176I,NS2B_K60R,NS5_Q644K,prM_M135I,E_Q52H,NS4B_T244A,NS5_V335I,E_V129I,NS3_I140V,NS1_T265A,NS4A_D23N,NS2B_L21F,NS1_D281E,prM_K52N,NS1_N222S,E_R120T,NS5_I271V,prM_T162A,prM_D29N,E_M6I,NS1_I264T,NS1_Q175H,NS1_Q131H,NS4B_F112L,NS5_K800T,NS4A_R76K,NS3_K15R,E_I484V,prM_A152I,prM_T82A,prM_H148Y,NS1_K101R,NS3_M13V,NS3_I333M,NS1_L247I,NS1_S80T,NS2B_D63E,NS5_I5T,NS3_V273I,NS2A_V5I,prM_M83T,E_N390S,NS1_T117A,NS5_S15N,NS3_A120T,NS3_V395I,NS3_A160T,NS4B_L13F,E_T478S,prM_I127V,NS5_R98K,NS5_T290I,NS1_K174R,E_H149N,NS5_A865T,NS1_S128L,E_E71A,NS5_M70L,NS4B_V115I,NS2B_V59I,NS3_I461V,NS1_F178S,NS4B_A19T,NS5_G605V,NS5_S676N,prM_V120A,E_I462V,NS4B_V48I,NS5_K570R,NS1_K272R,NS4A_I89V)	10154
hDenV2/Colombia/VAC-LSPVAC-0226-2838-VIG/2025	DENV2	II	2II_F.1.1.2	EPI_ISL_19814608	2025-02-11	South America / Colombia / Valle del Cauca / Cali	Human			Female	8	Live			Original			(NS5_I637A,NS5_R430G,NS5_T176I,NS5_I135T,NS2B_K60R,NS5_Q644K,prM_M135I,E_Q52H,NS4B_T244A,NS5_V335I,E_V129I,NS3_I140V,NS1_T265A,NS4A_D23N,NS2B_L21F,NS1_D281E,prM_K52N,NS1_N222S,E_R120T,NS5_I271V,prM_T162A,prM_D29N,E_M6I,NS1_I264T,NS1_Q175H,NS1_Q131H,NS4B_F112L,NS5_K800T,NS4A_R76K,NS5_P829L,NS3_K15R,E_I484V,prM_A152I,prM_T82A,prM_H148Y,NS3_M13V,NS3_I333M,NS1_L247I,NS1_S80T,NS2B_D63E,NS5_I5T,NS3_V273I,NS2A_V5I,prM_M83T,E_N390S,NS1_T117A,NS5_S15N,NS3_A120T,NS3_V395I,NS3_A160T,NS4B_L13F,E_T478S,prM_I127V,NS5_R98K,NS5_I687V,NS5_T290I,NS1_K174R,E_H149N,NS5_A865T,NS1_S128L,E_E71A,NS5_M70L,NS4B_V115I,NS2B_V59I,NS3_R186K,NS3_I461V,NS1_F178S,NS4B_A19T,NS5_S676N,NS5_G605V,prM_V120A,E_I462V,NS4B_V48I,NS5_K570R,NS1_K272R,NS4A_I89V)	10154
hDenV2/Colombia/VAC-LSPVAC-0226-2907-VIG/2025	DENV2	II	2II_F.1.1.2	EPI_ISL_19814609	2025-01-27	South America / Colombia / Valle del Cauca / Jamundi	Human			Female	13	Hospitalized			Original			(NS5_I637A,NS5_R430G,NS5_I135T,NS5_T176I,NS2B_K60R,NS5_Q644K,prM_M135I,E_Q52H,NS4B_T244A,NS5_V335I,E_V129I,NS3_I140V,NS1_T265A,NS4A_D23N,E_I322V,NS1_D281E,NS2B_L21F,prM_K52N,NS1_N222S,E_R120T,NS5_I271V,prM_T162A,prM_D29N,E_M6I,NS1_I264T,NS1_Q131H,NS1_Q175H,NS4B_F112L,NS5_K800T,NS2B_L109F,NS4A_R76K,NS3_K15R,E_I484V,prM_A152I,prM_T82A,prM_H148Y,NS3_M13V,NS3_I333M,NS1_L247I,NS1_S80T,NS2B_D63E,NS5_I5T,NS3_V273I,NS2A_V5I,prM_M83T,E_N390S,NS1_T117A,NS5_S15N,NS3_A120T,NS3_V395I,NS3_K366R,NS3_A160T,NS4B_L13F,E_T478S,prM_I127V,NS5_I687V,NS5_R98K,NS5_T290I,NS1_K174R,E_H149N,NS5_A865T,NS1_S128L,E_E71A,NS5_M70L,NS4B_V115I,NS2B_V59I,NS3_R186K,NS3_I461V,NS1_F178S,NS4B_A19T,NS5_G605V,NS5_S676N,prM_V120A,E_I462V,NS4B_V48I,NS5_K570R,NS1_K272R,NS4A_I89V)	10154
hDenV2/Colombia/VAC-LSPVAC-0226-2908-VIG/2025	DENV2	II	2II_F.1.1.2	EPI_ISL_19814610	2025-01-27	South America / Colombia / Valle del Cauca / Jamundi	Human			Male	15	Live			Original			(NS5_I637A,NS5_I135T,NS5_T176I,NS2B_K60R,NS5_Q644K,prM_M135I,E_Q52H,NS4B_T244A,NS5_V335I,E_V129I,NS3_I140V,NS1_T265A,NS4A_D23N,NS2B_L21F,NS1_D281E,prM_K52N,NS1_N222S,E_R120T,NS5_I271V,prM_T162A,prM_D29N,E_M6I,NS1_I264T,NS1_Q175H,NS1_Q131H,NS4B_F112L,NS5_K800T,NS4A_R76K,NS3_K15R,E_I484V,prM_A152I,prM_T82A,prM_H148Y,NS3_M13V,NS3_I333M,NS1_L247I,NS1_S80T,NS2B_D63E,NS5_I5T,NS3_V273I,NS2A_V5I,prM_M83T,E_N390S,NS1_T117A,NS5_S15N,E_E202D,NS3_A120T,prM_Y142C,NS3_V395I,NS3_A160T,NS4B_L13F,E_T478S,prM_I127V,NS5_R98K,NS5_I687V,NS5_T290I,NS1_K174R,E_H149N,NS5_A865T,NS1_S128L,E_E71A,NS5_M70L,NS4B_V115I,NS2B_V59I,NS3_R186K,NS3_I461V,NS1_F178S,NS4B_A19T,NS5_S676N,NS5_G605V,prM_V120A,E_I462V,NS4B_V48I,NS5_K570R,NS5_Q34L,NS1_K272R,NS4A_I89V)	10154
hDenV2/Colombia/VAC-LSPVAC-0227-2989-VIG/2025	DENV2	II	2II_F.1.1.2	EPI_ISL_19814611	2025-02-12	South America / Colombia / Valle del Cauca / Palmira	Human			Female	4	Hospitalized			Original			(NS5_I637A,NS5_T176I,NS5_I135T,NS2B_K60R,NS5_Q644K,prM_M135I,E_Q52H,NS4B_T244A,NS5_V335I,E_V129I,NS3_I140V,NS1_T265A,NS4A_D23N,NS2B_L21F,NS1_D281E,prM_K52N,NS1_N222S,E_R120T,NS5_I271V,prM_T162A,prM_D29N,E_M6I,NS1_I264T,NS1_Q131H,NS1_Q175H,NS4B_F112L,NS5_K800T,NS4A_R76K,NS3_K15R,E_I484V,prM_A152I,prM_T82A,prM_H148Y,NS3_M13V,NS3_I333M,NS1_L247I,NS1_S80T,NS2B_D63E,NS5_I5T,NS3_V273I,NS2A_V5I,prM_M83T,E_N390S,NS1_T117A,NS5_S15N,NS3_A120T,NS3_V395I,NS3_A160T,NS4B_L13F,E_T478S,prM_I127V,NS5_R98K,NS5_I687V,NS5_T290I,NS1_K174R,E_H149N,NS5_A865T,NS1_S128L,E_E71A,NS5_M70L,prM_T109I,NS4B_V115I,NS2B_V59I,NS3_R186K,NS3_I461V,NS1_F178S,NS4B_A19T,NS5_G605V,NS5_S676N,prM_V120A,E_I462V,NS4B_V48I,NS5_K570R,NS1_K272R,NS4A_I89V)	10154
hDenV2/Colombia/VAC-LSPVAC-2409196-VI/2024	DENV2	II	2II_F.1.1.2	EPI_ISL_19818804	2024-07-14	South America / Colombia / Valle del Cauca / Cali	Human			Male	6	Hospitalized			Original			(NS5_I637A,NS5_R430G,NS5_T176I,NS5_I135T,NS2B_K60R,NS5_Q644K,prM_M135I,E_Q52H,NS4B_T244A,NS5_V335I,NS5_V723I,E_V129I,NS3_I140V,NS1_T265A,NS4A_D23N,NS2B_L21F,NS1_D281E,prM_K52N,NS1_N222S,E_R120T,NS5_I271V,prM_T162A,NS3_V406I,E_M6I,prM_D29N,NS1_I264T,NS1_Q131H,NS1_Q175H,NS4B_F112L,NS5_K800T,NS4A_R76K,NS1_N191S,E_I484V,prM_A152I,prM_T82A,prM_H148Y,NS3_M13V,NS3_I333M,NS1_L247I,NS1_S80T,NS2B_D63E,NS5_I5T,NS2A_V5I,prM_M83T,E_N390S,NS1_T117A,NS5_S15N,NS3_A120T,NS3_V395I,NS3_A160T,NS4B_L13F,E_T478S,prM_I127V,NS5_R98K,NS5_I687V,NS5_T290I,NS1_K174R,E_H149N,NS5_A865T,NS1_S128L,E_E71A,NS5_M70L,NS4B_V115I,NS2B_V59I,NS3_I461V,NS3_R186K,NS1_F178S,NS4B_A19T,NS5_S676N,NS5_G605V,prM_V120A,E_I462V,NS4B_V48I,NS5_K570R,NS1_K272R,NS4A_I89V)	10154
hDenV2/Colombia/VAC-LSPVAC-2409289-VI/2024	DENV2	II	2II_F.1.1.2	EPI_ISL_19818807	2024-07-11	South America / Colombia / Valle del Cauca / Cali	Human			Male	15	Live			Original			(NS5_I637A,NS5_R430G,NS5_I135T,NS5_T176I,NS2B_K60R,NS5_Q644K,prM_M135I,E_Q52H,NS4B_T244A,NS5_V335I,E_V129I,NS3_I140V,NS1_T265A,NS4A_D23N,NS2B_L21F,NS1_D281E,prM_K52N,NS1_N222S,E_R120T,NS5_I271V,prM_T162A,E_M6I,prM_D29N,NS1_I264T,NS1_Q131H,NS1_Q175H,NS4B_F112L,NS5_K800T,NS4A_R76K,NS3_K15R,E_I484V,prM_A152I,prM_T82A,prM_H148Y,NS3_M13V,NS3_I333M,NS1_L247I,NS1_S80T,NS2B_D63E,NS5_I5T,NS3_V273I,NS2A_V5I,prM_M83T,E_N390S,NS1_T117A,NS5_S15N,NS3_A120T,NS3_V395I,NS3_A160T,NS4B_L13F,E_T478S,prM_I127V,NS5_I687V,NS5_R98K,NS5_T290I,NS1_K174R,E_H149N,NS5_A865T,NS1_S128L,E_E71A,NS5_M70L,NS4B_V115I,NS2B_V59I,NS3_R186K,NS3_I461V,NS1_F178S,NS4B_A19T,NS5_S676N,NS5_G605V,prM_V120A,E_I462V,NS4B_V48I,NS5_K570R,NS1_K272R,NS4A_I89V)	10154
hDenV2/Colombia/VAC-LSPVAC-2409312-VI/2024	DENV2	II	2II_F.1.1.2	EPI_ISL_19818808	2024-07-12	South America / Colombia / Valle del Cauca / Buga	Human			Male	36	Hospitalized			Original			(NS5_I637A,NS5_R430G,NS5_I135T,NS5_T176I,NS2B_K60R,NS5_Q644K,prM_M135I,E_Q52H,NS4B_T244A,NS5_V335I,E_V129I,NS3_I140V,NS1_T265A,NS4A_D23N,NS2B_L21F,NS1_D281E,prM_K52N,NS1_N222S,E_R120T,NS5_I271V,prM_T162A,prM_D29N,E_M6I,NS1_I264T,NS1_Q175H,NS1_Q131H,NS4B_F112L,NS5_K800T,NS4A_R76K,NS3_K15R,E_I484V,prM_A152I,prM_T82A,prM_H148Y,NS3_M13V,NS3_I333M,NS1_L247I,NS1_S80T,NS2B_D63E,NS5_I5T,NS3_V273I,NS2A_V5I,prM_M83T,E_N390S,NS1_T117A,NS5_S15N,NS3_A120T,NS3_V395I,NS3_A160T,NS4B_L13F,E_T478S,prM_I127V,NS5_I687V,NS5_R98K,NS5_T290I,NS1_K174R,E_H149N,NS5_A865T,NS1_S128L,E_E71A,NS5_M70L,NS4B_V115I,NS2B_V59I,NS3_R186K,NS3_I461V,NS1_F178S,NS4B_A19T,NS5_G605V,NS5_S676N,prM_V120A,E_I462V,NS4B_V48I,NS5_K570R,NS1_K272R,NS4A_I89V)	10154
hDenV2/Colombia/VAC-LSPVAC-2409552-VI/2024	DENV2	II	2II_F.1.1.2	EPI_ISL_19818811	2024-07-17	South America / Colombia / Valle del Cauca / Cali	Human			Female	23	Live			Original			(NS5_I637A,NS5_R430G,NS5_T176I,NS5_I135T,NS2B_K60R,NS5_Q644K,prM_M135I,E_Q52H,NS4B_T244A,NS5_V335I,E_V129I,NS3_I140V,NS1_T265A,NS4A_D23N,NS2B_L21F,NS1_D281E,prM_K52N,NS1_N222S,E_R120T,NS5_I271V,prM_T162A,E_M6I,prM_D29N,NS1_I264T,NS1_Q175H,NS1_Q131H,NS5_K800T,NS4A_R76K,NS3_K15R,E_I484V,prM_A152I,prM_T82A,prM_H148Y,NS3_M13V,NS3_I333M,NS1_L247I,NS1_S80T,NS2B_D63E,NS5_I5T,NS3_V273I,NS2A_V5I,prM_M83T,prM_L128V,E_N390S,NS1_T117A,NS5_S15N,NS3_A120T,NS3_V395I,NS3_A160T,NS4B_L13F,E_T478S,prM_I127V,NS5_I687V,NS5_R98K,NS5_T290I,NS1_K174R,E_H149N,NS5_A865T,NS1_S128L,E_E71A,NS5_M70L,NS2B_V59I,NS3_I461V,NS3_R186K,NS1_F178S,NS4B_A19T,NS5_G605V,NS5_S676N,prM_V120A,E_I462V,NS4B_V48I,NS5_K570R,NS1_K272R,NS4A_I89V)	10154
hDenV2/Colombia/VAC-LSPVAC-2409697-VI/2024	DENV2	II	2II_F.1.1.2	EPI_ISL_19818815	2024-07-27	South America / Colombia / Valle del Cauca / Buga	Human			Male	13	Live			Original			(NS5_I637A,NS5_R430G,NS5_I135T,NS5_T176I,NS2B_K60R,NS5_Q644K,prM_M135I,E_Q52H,NS4B_T244A,NS5_V335I,E_V129I,NS1_T265A,NS4A_D23N,NS1_D281E,NS2B_L21F,prM_K52N,NS1_N222S,E_R120T,NS5_I271V,prM_T162A,prM_D29N,E_M6I,NS1_I264T,NS1_Q131H,NS1_Q175H,NS4B_F112L,NS3_M13A,NS5_K800T,NS4A_R76K,NS3_K15R,E_I484V,prM_A152I,prM_T82A,prM_H148Y,NS3_I333M,NS1_L247I,NS1_S80T,NS2B_D63E,NS5_I5T,NS3_V273I,NS2A_V5I,prM_M83T,E_N390S,NS1_T117A,NS5_S15N,NS3_V395I,NS4B_L13F,E_T478S,prM_I127V,NS5_R98K,NS5_I687V,NS5_T290I,NS1_K174R,E_H149N,NS5_A865T,NS5_A648V,NS1_S128L,E_E71A,NS5_M70L,NS4B_V115I,NS2B_V59I,NS3_I461V,NS3_R186K,NS1_F178S,NS4B_A19T,NS5_S676N,NS5_G605V,prM_V120A,E_I462V,NS4B_V48I,NS5_K570R,NS1_K272R,NS4A_I89V)	10154
hDenV2/Colombia/VAC-LSPVAC-2409724-VI/2024	DENV2	II	2II_F.1.1.2	EPI_ISL_19818816	2024-07-30	South America / Colombia / Valle del Cauca / Cali	Human			Female	24	Live			Original			(NS5_I637A,NS5_R430G,NS5_I135T,NS5_T176I,NS2B_K60R,NS5_Q644K,prM_M135I,E_Q52H,NS4B_T244A,NS5_V335I,E_V129I,NS3_I140V,NS1_T265A,NS4A_D23N,NS2B_L21F,NS1_D281E,E_I322V,prM_K52N,NS1_N222S,E_R120T,NS5_I271V,prM_T162A,E_M6I,prM_D29N,NS1_I264T,NS1_Q175H,NS1_Q131H,NS4B_F112L,NS5_K800T,NS2B_L109F,NS4A_R76K,NS3_K15R,E_I484V,prM_A152I,prM_T82A,prM_H148Y,NS3_M13V,NS3_I333M,NS1_L247I,NS1_S80T,NS2B_D63E,NS5_I5T,NS3_V273I,NS2A_V5I,prM_M83T,E_N390S,NS1_T117A,NS5_S15N,NS3_A120T,NS3_V395I,NS3_A160T,NS4B_L13F,E_T478S,prM_I127V,NS5_R98K,NS5_I687V,NS5_T290I,NS1_K174R,E_H149N,NS5_A865T,NS1_S128L,E_E71A,NS5_M70L,NS4B_V115I,NS2B_V59I,NS3_I461V,NS3_R186K,NS1_F178S,NS4B_A19T,NS5_S676N,NS5_G605V,prM_V120A,E_I462V,NS4B_V48I,NS5_K570R,NS1_K272R,NS4A_I89V)	10154
hDenV2/Colombia/VAC-LSPVAC-2410056-VI/2024	DENV2	II	2II_F.1.1.2	EPI_ISL_19818820	2024-08-01	South America / Colombia / Valle del Cauca / Cali	Human			Female	20	Live			Original			(NS5_I637A,NS5_R430G,NS5_T176I,NS5_I135T,NS2B_K60R,NS5_Q644K,prM_M135I,E_Q52H,NS4B_T244A,NS5_V335I,E_V129I,NS1_T265A,NS4A_D23N,NS1_D281E,NS2B_L21F,prM_K52N,NS1_N222S,E_R120T,NS5_I271V,prM_T162A,prM_D29N,E_M6I,NS1_I264T,NS1_Q175H,NS1_Q131H,NS4B_F112L,E_A173V,NS5_K800T,NS4A_R76K,NS3_K15R,E_I484V,prM_I144V,prM_A152I,prM_T82A,prM_H148Y,NS3_M13V,NS3_I333M,NS1_L247I,NS1_S80T,NS2B_D63E,NS5_I5T,NS3_V273I,NS2A_V5I,prM_M83T,E_N390S,NS1_T117A,NS5_S15N,NS3_V395I,NS4B_L13F,E_T478S,prM_I127V,NS5_R98K,NS5_I687V,NS5_T290I,NS1_K174R,E_H149N,NS5_A865T,NS1_S128L,E_E71A,NS5_M70L,NS4B_V115I,NS2B_V59I,NS3_I461V,NS3_R186K,NS1_F178S,NS4B_A19T,NS5_G605V,NS5_S676N,prM_V120A,E_I462V,NS4B_V48I,NS5_K570R,NS1_K272R,NS4A_I89V)	10154
hDenV2/Colombia/VAC-LSPVAC-2410092-VI/2024	DENV2	II	2II_F.1.1.2	EPI_ISL_19818822	2024-08-01	South America / Colombia / Valle del Cauca / Restrepo	Human			Male	6	Hospitalized			Original			(NS5_I637A,NS5_R430G,NS5_I135T,NS5_T176I,NS2B_K60R,NS5_Q644K,prM_M135I,E_Q52H,NS4B_T244A,E_T226I,NS2A_I33T,NS5_V335I,E_V129I,NS3_I140V,NS1_T265A,NS3_V567I,NS4A_D23N,NS2B_L21F,NS1_D281E,prM_K52N,NS1_N222S,E_R120T,NS5_D808N,NS5_I271V,prM_T162A,prM_D29N,E_M6I,NS1_I264T,NS4B_F112L,NS5_R401K,NS5_K800T,NS4A_R76K,NS3_K15R,E_I484V,NS2A_M70I,prM_A152I,prM_T82A,prM_H148Y,NS3_M13V,NS3_I333M,NS1_L247I,NS1_S80T,NS2B_D63E,NS3_R248K,NS5_I5T,NS3_V273I,NS2A_V5I,prM_M83T,E_N390S,NS5_S15N,NS3_A120T,NS3_V395I,NS3_A160T,NS4B_L13F,E_T478S,NS1_I21V,prM_I127V,NS5_R98K,NS5_I687V,NS1_K174R,E_H149N,NS5_A865T,E_E71A,NS5_M70L,NS4B_V115I,NS2B_V59I,NS3_R186K,NS3_I461V,NS1_F178S,NS4B_A19T,NS5_S676N,NS5_G605V,prM_V120A,E_I462V,NS4B_V48I,NS5_K570R,NS1_K272R,NS4A_I89V)	10154
hDenV2/Colombia/VAC-LSPVAC-2410159-VI/2024	DENV2	III	2III_D.2	EPI_ISL_19818823	2024-08-06	South America / Colombia / Valle del Cauca / Cali	Human			Male	6	Live			Original			(NS5_I637A,NS5_Y247H,NS3_R549K,NS5_I135T,prM_M135I,NS3_R561K,NS5_R749K,E_T359I,NS5_E558K,E_N203D,NS3_K142R,NS3_I140V,NS1_T265A,NS4B_P23S,NS4B_D156E,NS3_V567I,NS4A_D23N,NS1_I212M,NS1_D281E,NS5_A196T,NS5_T811A,NS1_N222S,NS3_K28R,E_R120T,NS4B_V175I,prM_T162A,NS5_L670I,E_M6I,NS2A_V174T,NS1_K172R,NS1_I264T,NS4B_F112L,NS2A_L153S,prM_M39I,NS5_K375R,NS5_S225T,NS2A_V109T,NS5_V156I,NS4A_R76K,NS1_E83D,E_V491A,NS1_V177A,E_I484V,NS2B_V40I,NS3_L115I,NS5_I836V,NS2B_L109V,NS3_M13V,NS3_I333M,NS5_V628I,NS1_L247F,NS2A_T104A,NS3_R248K,NS4A_I93V,NS5_R246K,NS5_S763T,NS2A_V5I,prM_M83T,NS1_Q98P,NS5_K514R,NS3_G14E,NS5_K388E,NS3_A120T,E_T478S,NS5_I687V,NS5_S429G,NS1_I93T,NS4B_Q22E,NS5_A865T,NS5_E501G,NS1_K170R,NS2B_K87R,NS5_A648T,E_M340T,NS2A_M136I,NS2A_T189A,NS3_R186K,E_V324I,NS4B_A19T,NS2B_A57T,NS5_I717V,E_V91I,E_V308I,prM_S15G,NS3_K61R,NS5_S523G)	10153
hDenV2/Colombia/VAC-LSPVAC-2410312-VI/2024	DENV2	II	2II_F.1.1.2	EPI_ISL_19818825	2024-08-05	South America / Colombia / Valle del Cauca / Trujillo	Human			Male	33	Live			Original			(NS5_I637A,NS3_V95I,NS5_R430G,NS5_I135T,NS5_T176I,NS2B_K60R,NS5_Q644K,prM_M135I,E_Q52H,NS4B_T244A,NS5_V335I,E_V129I,NS1_T265A,NS4A_D23N,E_I322V,NS1_D281E,NS2B_L21F,prM_K52N,NS1_N222S,E_R120T,NS5_I271V,prM_T162A,E_M6I,prM_D29N,NS1_I264T,NS1_Q175H,NS1_Q131H,NS4B_F112L,NS5_K800T,NS2B_L109F,NS4A_R76K,NS3_K15R,E_I484V,prM_A152I,prM_T82A,prM_H148Y,NS3_M13V,NS3_I333M,NS1_L247I,NS1_S80T,NS2B_D63E,NS5_I5T,NS3_V273I,NS2A_V5I,prM_M83T,E_N390S,NS1_T117A,NS5_S15N,NS3_V395I,NS4B_L13F,E_T478S,prM_I127V,NS5_R98K,NS5_I687V,NS5_T290I,NS1_K174R,E_H149N,NS5_A865T,NS1_S128L,E_E71A,NS5_M70L,NS4B_V115I,NS2B_V59I,NS3_I461V,NS3_R186K,NS1_F178S,NS4B_A19T,NS5_S676N,NS5_G605V,prM_V120A,E_I462V,NS4B_V48I,NS5_K570R,NS1_K272R,NS4A_I89V)	10154
hDenV2/Colombia/VAC-LSPVAC-2410538-VI/2024	DENV2	III	2III_D.2	EPI_ISL_19818828	2024-08-04	South America / Colombia / Valle del Cauca / Cali	Human			Female	72	Hospitalized			Original			(NS5_I637A,NS5_Y247H,NS3_R549K,NS5_I135T,prM_M135I,NS3_R561K,NS5_R749K,E_T359I,NS5_E558K,E_N203D,NS3_K142R,NS3_I140V,NS1_T265A,NS4B_P23S,NS4B_D156E,NS3_V567I,NS4A_D23N,NS1_D281E,NS1_I212M,NS5_T811A,NS5_A196T,NS1_N222S,NS3_K28R,E_R120T,NS4B_V175I,NS5_I271T,prM_T162A,NS5_L670I,E_M6I,NS2A_V174T,NS1_K172R,NS1_I264T,NS4B_F112L,NS5_T880I,NS2A_L153S,prM_M39I,NS5_K375R,NS5_S225T,NS2A_V109T,NS5_V156I,NS4A_R76K,NS1_E83D,E_V491A,E_I484V,NS2B_V40I,NS3_L115I,NS5_I836V,NS2B_L109V,NS3_M13V,NS5_V628I,NS1_L247F,NS2A_T104A,NS3_R248K,NS4A_I93V,NS5_R246K,NS5_S763T,NS3_L31F,NS2A_V5I,NS1_Q98P,prM_M83T,NS5_K514R,NS3_G14E,NS5_K388E,NS3_A120T,E_T478S,NS3_K568R,NS5_I687V,NS5_S429G,NS1_I93T,NS4B_Q22E,NS5_A865T,NS5_E501G,NS1_K170R,NS2B_K87R,NS5_A648T,E_M340T,NS2A_M136I,NS2A_T189A,NS3_R186K,E_V324I,NS4B_A19T,NS2B_A57T,NS5_I717V,E_V91I,E_V308I,prM_S15G,NS3_K61R,NS5_S523G)	10153
hDenV2/Colombia/VAC-LSPVAC-2401759-VI/2024	DENV2	III	2III_D.2	EPI_ISL_19818849	2024-01-13	South America / Colombia / Valle del Cauca	Human			unknown	unknown	unknown			Original			(NS5_Y247H,NS3_R549K,NS5_I135T,prM_M135I,NS3_R561K,NS5_R749K,NS5_E558K,E_N203D,NS3_K142R,NS5_A19T,NS1_T265A,NS4B_D156E,NS3_V567I,NS4A_D23N,NS1_I212M,NS1_D281E,NS5_A196T,NS5_T811A,NS1_N222S,NS3_K28R,E_R120T,NS2B_I78V,E_T359V,E_Y377H,NS4B_V175I,prM_T162A,NS5_L670I,E_M6I,NS1_I264T,NS1_K172R,NS4B_F112L,prM_M39I,NS2A_L153S,NS5_K375R,NS5_S225T,NS2A_V109T,NS5_V156I,NS4A_R76K,E_V491A,NS1_V177A,NS2A_V174A,E_I484V,NS3_L115I,NS5_I836V,NS2B_L109V,NS3_M13V,NS3_I333M,NS2A_Q162R,NS4B_A137T,NS1_L247F,NS2A_T104A,NS3_R248K,NS1_A141S,NS4A_I93V,NS5_R246K,NS5_S763T,NS2A_V5I,prM_M83T,NS5_K514R,NS3_A120T,E_K361R,E_T478S,NS5_S429G,NS1_I93T,E_I170T,NS5_A865T,NS5_E501G,NS2A_H2L,NS2A_M136I,E_M340T,NS2A_T189A,NS3_R186K,E_V324I,E_I462V,NS5_I717V,prM_S15G,E_V308I,E_V91I,NS3_K61R,NS5_S523G,NS3_T399A)	10153
hDenV2/Colombia/VAC-LSPVAC-3232-VIG/2025	DENV2	II	2II_F.1.1.2	EPI_ISL_19906146	2025-02-14	South America / Colombia / Valle del Cauca / Buenaventura	Human			Male	15	Live			Original			(NS5_I637A,NS5_R430G,NS5_T176I,NS5_I135T,NS2B_K60R,NS5_Q644K,prM_M135I,E_Q52H,NS4B_T244A,NS5_V335I,E_V129I,NS3_I140V,NS1_T265A,NS4A_D23N,C_K9R,NS2B_L21F,NS1_D281E,prM_K52N,NS1_N222S,E_R120T,NS5_I271V,prM_T162A,prM_D29N,E_M6I,NS1_I264T,NS1_Q131H,NS1_Q175H,NS4B_F112L,NS5_K800T,NS4A_R76K,NS3_K15R,E_I484V,prM_A152I,prM_T82A,prM_H148Y,NS2A_A195V,NS3_M13V,NS3_I333M,NS1_L247I,NS1_S80T,NS2B_D63E,NS5_I5T,NS3_V273I,NS2A_I171A,NS2A_V5I,prM_M83T,E_N390S,NS1_T117A,NS5_S15N,NS3_A120T,NS3_V395I,NS3_A160T,NS4B_L13F,E_T478S,prM_I127V,NS5_R98K,NS5_I687V,NS5_T290I,NS1_K174R,NS2A_V109A,E_H149N,NS5_A865T,NS1_S128L,E_E71A,NS5_M70L,NS4B_V115I,C_L108M,NS2A_M136I,NS2B_V59I,NS3_I461V,NS3_R186K,NS1_F178S,NS4B_A19T,NS5_G605V,NS5_S676N,prM_V120A,E_I462V,C_M104I,NS4B_V48I,NS5_K570R,NS1_K272R,NS4A_I89V,C_S101T)	10512
hDenV2/Colombia/VAC-LSPVAC-3235-VIG/2025	DENV2	II	2II_F.1.1.2	EPI_ISL_19906148	2025-02-17	South America / Colombia / Valle del Cauca / Buenaventura	Human			Male	12	Live			Original			(NS5_I637A,NS5_R430G,NS5_I135T,NS5_T176I,NS2B_K60R,NS5_Q644K,prM_M135I,E_Q52H,NS4B_T244A,NS5_V335I,E_V129I,NS3_I140V,NS1_T265A,NS4A_D23N,C_K9R,E_I322V,NS1_D281E,NS2B_L21F,prM_K52N,NS1_N222S,E_R120T,NS5_I271V,prM_T162A,prM_D29N,E_M6I,NS1_I264T,NS1_Q175H,NS4B_F112L,NS5_K800T,NS2B_L109F,NS4A_R76K,NS3_K15R,E_I484V,prM_A152I,prM_T82A,prM_H148Y,NS3_M13V,NS3_I333M,NS1_L247I,NS1_S80T,NS2B_D63E,NS5_I5T,NS3_V273I,NS2A_I171A,NS2A_V5I,prM_M83T,E_N390S,NS5_S15N,NS3_A120T,NS3_V395I,NS3_A160T,NS4B_L13F,E_T478S,prM_I127V,NS5_I687V,NS5_R98K,NS5_T290I,NS1_K174R,NS2A_V109A,E_H149N,NS5_A865T,E_E71A,NS5_M70L,NS4B_V115I,C_L108M,NS2A_M136I,NS2B_V59I,NS3_R186K,NS3_I461V,NS1_F178S,NS4B_A19T,NS5_G605V,NS5_S676N,prM_V120A,E_I462V,C_M104I,NS4B_V48I,NS5_K570R,NS1_K272R,NS1_V194I,NS4A_I89V,C_S101T)	10512
hDenV2/Colombia/VAC-LSPVAC-3269-VIG/2025	DENV2	II	2II_F.1.1.2	EPI_ISL_19906150	2025-03-02	South America / Colombia / Valle del Cauca / Cali	Human			Female	63	Live			Original			(NS5_I637A,NS5_R430G,NS5_T176I,NS5_I135T,NS2B_K60R,NS5_Q644K,prM_M135I,E_Q52H,NS4B_T244A,NS5_V335I,E_V129I,NS3_I140V,NS1_T265A,NS4A_D23N,C_K9R,NS2B_L21F,NS1_D281E,prM_K52N,NS1_N222S,E_R120T,NS5_I271V,prM_T162A,E_M6I,prM_D29N,NS1_I264T,NS1_Q131H,NS1_Q175H,NS4B_F112L,NS5_K800T,NS4A_R76K,NS3_K15R,E_I484V,prM_A152I,prM_T82A,prM_H148Y,NS3_M13V,NS3_I333M,NS1_L247I,NS1_S80T,NS2B_D63E,NS5_I5T,NS3_V273I,NS2A_V5I,prM_M83T,E_N390S,prM_H119Y,NS1_T117A,NS5_S15N,NS3_A120T,NS3_V395I,NS5_H293Y,NS3_A160T,NS4B_L13F,E_T478S,prM_I127V,NS5_R98K,NS5_I687V,NS5_T290I,NS1_K174R,E_H149N,NS5_A865T,NS1_S128L,E_E71A,NS5_M70L,NS4B_V115I,C_L108M,NS2B_V59I,NS3_I461V,NS1_F178S,NS4B_A19T,NS5_S676N,NS5_G605V,prM_V120A,E_I462V,C_M104I,NS4B_V48I,NS5_K570R,NS1_K272R,NS4A_I89V,C_S101T)	10512
hDenV2/Colombia/VAC-LSPVAC-3281-VIG/2025	DENV2	II	2II_F.1.1.2	EPI_ISL_19906151	2025-02-27	South America / Colombia / Valle del Cauca / Cali	Human			Male	1	Live			Original			(NS5_I637A,NS5_R430G,NS5_T176I,NS5_I135T,NS2B_K60R,NS5_Q644K,prM_M135I,E_Q52H,NS4B_T244A,NS5_V335I,NS5_E433G,E_V129I,NS3_I140V,NS1_T265A,NS4A_D23N,C_K9R,NS1_D281E,NS2B_L21F,prM_K52N,NS1_N222S,E_R120T,NS5_I271V,prM_T162A,prM_D29N,E_M6I,NS1_I264T,NS1_Q131H,NS1_Q175H,NS4B_F112L,NS5_K800T,NS4A_R76K,NS3_K15R,E_I484V,prM_A152I,prM_T82A,prM_H148Y,NS3_M13V,NS3_I333M,NS1_L247I,NS1_S80T,NS2B_D63E,NS5_I5T,NS3_V273I,NS2A_V5I,prM_M83T,E_N390S,E_T486I,NS1_T117A,NS5_S15N,NS3_A120T,NS3_V395I,NS3_A160T,NS4B_L13F,E_T478S,prM_I127V,NS5_R98K,NS5_I687V,NS5_T290I,NS1_K174R,E_H149N,NS5_A865T,NS1_S128L,E_E71A,NS5_M70L,NS4B_V115I,C_L108M,NS2B_V59I,NS3_I461V,NS3_R186K,NS1_F178S,NS4B_A19T,NS5_S676N,NS5_G605V,prM_V120A,E_I462V,NS2A_D67E,C_M104I,NS4B_V48I,NS5_K570R,NS1_K272R,NS4A_I89V,C_S101T)	10512
hDenV2/Colombia/VAC-LSPVAC-3561-VIG/2025	DENV2	II	2II_F.1.1.2	EPI_ISL_19906153	2025-02-28	South America / Colombia / Valle del Cauca / Buga	Human			Female	24	Live			Original			(NS5_I637A,NS5_R430G,NS5_T176I,NS5_I135T,NS2B_K60R,NS5_Q644K,prM_M135I,E_Q52H,NS4B_T244A,NS5_V335I,E_V129I,NS3_I140V,NS1_T265A,NS4A_D23N,C_K9R,NS2B_L21F,NS1_D281E,prM_K52N,NS1_N222S,E_R120T,NS5_I271V,prM_T162A,prM_D29N,E_M6I,NS1_I264T,NS1_Q131H,NS1_Q175H,NS4B_F112L,NS5_K800T,NS4A_R76K,NS3_K15R,E_I484V,prM_A152I,prM_T82A,prM_H148Y,NS3_M13V,NS3_I333M,NS1_L247I,NS1_S80T,NS2B_D63E,NS5_I5T,NS3_V273I,NS5_H634Y,NS2A_V5I,prM_M83T,E_N390S,NS1_T117A,NS5_S15N,NS3_A120T,NS3_V395I,NS3_A160T,NS4B_L13F,E_T478S,prM_I127V,NS5_R98K,NS5_I687V,NS5_T290I,NS1_K174R,E_H149N,NS5_A865T,NS1_S128L,E_E71A,NS5_M70L,NS4B_V115I,C_L108M,NS2B_V59I,NS3_I461V,NS3_R186K,NS1_F178S,NS4B_A19T,NS5_S676N,NS5_G605V,prM_V120A,E_I462V,C_M104I,NS4B_V48I,NS5_K570R,NS1_K272R,NS4A_I89V,C_S101T)	10512
hDenV2/Colombia/VAC-LSPVAC-3631-VIG/2025	DENV2	II	2II_F.1.1.2	EPI_ISL_19906154	2025-02-25	South America / Colombia / Valle del Cauca / Cali	Human			Male	8 months	Live			Original			(NS5_I637A,NS5_R430G,NS5_T176I,NS5_I135T,NS2B_K60R,NS5_Q644K,prM_M135I,E_Q52H,NS4B_T244A,NS5_V335I,E_V129I,NS3_I140V,NS1_T265A,NS4A_D23N,C_K9R,NS1_D281E,NS2B_L21F,prM_K52N,NS1_N222S,E_R120T,NS5_I271V,prM_T162A,NS5_I641V,E_M6I,prM_D29N,NS1_I264T,NS1_Q131H,NS1_Q175H,NS4B_F112L,NS5_K800T,NS4A_R76K,NS3_K15R,E_I484V,prM_A152I,prM_T82A,prM_H148Y,NS3_M13V,NS3_I333M,NS1_L247I,NS1_S80T,NS2B_D63E,NS5_I5T,NS3_V273I,NS2A_V5I,prM_M83T,E_N390S,NS1_T117A,NS5_S15N,NS3_A120T,NS3_V395I,NS3_A160T,NS4B_L13F,E_T478S,prM_I127V,NS5_R98K,NS5_I687V,NS5_T290I,NS1_K174R,E_H149N,NS5_A865T,NS1_S128L,E_E71A,NS5_M70L,NS4B_V115I,C_L108M,NS2B_V59I,NS3_I461V,NS3_R186K,NS1_F178S,NS4B_A19T,NS5_S676N,NS5_G605V,prM_V120A,NS5_R649G,E_I462V,C_M104I,NS4B_V48I,NS5_K570R,NS1_K272R,NS4A_I89V,C_S101T)	10512
hDenV2/Colombia/VAC-LSPVAC-3700-VIG/2025	DENV2	II	2II_F.1.1.2	EPI_ISL_19906155	2025-03-06	South America / Colombia / Valle del Cauca / Cali	Human			Male	18	Live			Original			(NS5_I637A,NS5_R430G,NS5_T176I,NS5_I135T,NS2B_K60R,NS5_Q644K,prM_M135I,E_Q52H,NS5_V335I,E_V129I,NS3_I140V,NS1_T265A,NS4A_D23N,C_K9R,NS2B_L21F,NS1_D281E,E_I322V,prM_K52N,NS1_N222S,E_R120T,NS5_I271V,prM_T162A,prM_D29N,E_M6I,NS1_I264T,NS1_Q175H,NS1_Q131H,NS4B_F112L,NS5_K800T,NS2B_L109F,NS4A_R76K,NS3_K15R,E_I484V,prM_A152I,prM_T82A,prM_H148Y,NS3_M13V,NS3_I333M,NS1_L247I,NS1_S80T,NS2B_D63E,NS5_I5T,NS3_V273I,NS2A_V5I,prM_M83T,E_N390S,NS1_T117A,NS5_S15N,NS3_A120T,NS3_V395I,NS3_A160T,NS4B_L13F,E_T478S,prM_I127V,NS5_R98K,NS5_I687V,NS5_T290I,NS1_K174R,E_H149N,NS5_A865T,NS1_S128L,E_E71A,NS5_M70L,NS4B_V115I,C_L108M,NS2B_V59I,NS3_I461V,NS3_R186K,NS1_F178S,NS4B_A19T,NS5_S676N,NS5_G605V,prM_V120A,E_I462V,C_M104I,NS4B_V48I,NS5_K570R,NS1_K272R,NS4A_I89V,C_S101T)	10512
hDenV2/Colombia/VAC-LSPVAC-4002-VIG/2025	DENV2	II	2II_F.1.1.2	EPI_ISL_19906159	2025-02-12	South America / Colombia / Valle del Cauca / Cali	Human			Female	29	Live			Original			(NS5_I637A,NS5_R430G,NS5_I135T,NS5_T176I,NS2B_K60R,NS5_Q644K,prM_M135I,E_Q52H,NS4B_T244A,NS4A_T8A,NS5_V335I,E_V129I,NS3_I140V,NS1_T265A,NS4A_D23N,C_K9R,NS1_D281E,NS2B_L21F,prM_K52N,NS1_N222S,E_R120T,NS5_I271V,prM_T162A,prM_D29N,E_M6I,NS1_I264T,NS1_Q175H,NS1_Q131H,NS4B_F112L,NS5_K800T,NS4A_R76K,NS3_K15R,E_I484V,prM_A152I,prM_T82A,prM_H148Y,NS3_M13V,NS3_I333M,NS1_L247I,NS1_S80T,NS2B_D63E,NS5_I5T,NS3_V273I,NS5_H634Y,NS2A_V5I,NS2A_I171A,prM_M83T,E_N390S,NS1_T117A,NS5_S15N,NS3_A120T,NS3_V395I,NS3_A160T,NS4B_L13F,E_T478S,prM_I127V,NS5_I687V,NS5_R98K,NS5_T290I,NS1_K174R,NS2A_V109A,E_H149N,NS5_A865T,NS1_S128L,E_E71A,NS5_M70L,NS4B_V115I,C_L108M,NS2A_M136I,NS2B_V59I,NS3_R186K,NS3_I461V,NS1_F178S,NS4B_A19T,NS5_G605V,NS5_S676N,prM_V120A,E_I462V,C_M104I,NS4B_V48I,NS5_K570R,NS1_K272R,NS4A_I89V,C_S101T)	10512
hDenV2/Colombia/VAC-LSPVAC-4027-VIG/2025	DENV2	II	2II_F.1.1.2	EPI_ISL_19906160	2025-02-24	South America / Colombia / Valle del Cauca / Cali	Human			Female	10	Live			Original			(NS5_I637A,NS5_R430G,NS5_I135T,NS5_T176I,NS2B_K60R,NS5_Q644K,prM_M135I,E_Q52H,NS4B_T244A,NS5_V335I,E_V129I,NS3_I140V,NS1_T265A,NS4A_D23N,C_K9R,E_I322V,NS1_D281E,NS2B_L21F,prM_K52N,NS1_N222S,E_R120T,NS5_I271V,prM_T162A,prM_D29N,E_M6I,NS1_I264T,NS1_Q131H,NS1_Q175H,NS4B_F112L,NS5_K800T,NS2B_L109F,NS4A_R76K,NS3_K15R,E_I484V,prM_A152I,prM_T82A,prM_H148Y,NS3_M13V,NS3_I333M,NS1_L247I,NS1_S80T,NS2B_D63E,NS5_I5T,NS3_V273I,NS2A_V5I,NS2A_I171A,prM_M83T,E_N390S,NS1_T117A,NS5_S15N,NS3_A120T,NS3_V395I,NS3_K366R,NS3_A160T,NS4B_L13F,E_T478S,prM_I127V,NS5_I687V,NS5_R98K,NS5_T290I,NS1_K174R,NS2A_V109A,E_H149N,NS5_A865T,NS1_S128L,E_E71A,NS5_M70L,NS4B_V115I,C_L108M,NS2A_M136I,NS2B_V59I,NS3_I461V,NS3_R186K,NS1_F178S,NS4B_A19T,NS5_S676N,NS5_G605V,prM_V120A,E_I462V,C_M104I,NS4B_V48I,NS5_K570R,NS1_K272R,NS4A_I89V,C_S101T)	10512
hDenV2/Colombia/VAC-LSPVAC-4095-VIG/2025	DENV2	II	2II_F.1.1.2	EPI_ISL_19906161	2025-03-08	South America / Colombia / Valle del Cauca / Cali	Human			Male	41	Live			Original			(NS5_I637A,NS5_R430G,NS5_I135T,NS5_T176I,NS2B_K60R,NS5_Q644K,prM_M135I,E_Q52H,NS4B_T244A,NS5_V335I,E_V129I,NS3_I140V,NS1_T265A,NS4A_D23N,C_K9R,NS2B_L21F,NS1_D281E,prM_K52N,NS1_N222S,E_R120T,NS5_I271V,prM_T162A,prM_D29N,E_M6I,NS1_I264T,NS5_P822S,NS1_Q131H,NS1_Q175H,NS4B_F112L,NS5_K800T,NS4A_R76K,NS3_K15R,E_I484V,prM_A152I,prM_T82A,prM_H148Y,NS3_M13V,NS3_I333M,NS1_L247I,NS1_S80T,NS2B_D63E,NS5_I5T,NS3_V273I,NS2A_I171A,NS2A_V5I,prM_M83T,E_N390S,NS1_T117A,NS5_S15N,NS3_A120T,NS3_V395I,NS3_A160T,NS4B_L13F,E_T478S,prM_I127V,NS5_I687V,NS5_R98K,NS5_T290I,NS1_K174R,NS2A_V109A,E_H149N,NS5_A865T,NS1_S128L,E_E71A,NS5_M70L,NS4B_V115I,C_L108M,NS2A_M136I,NS2B_V59I,NS3_I461V,NS3_R186K,NS1_F178S,NS4B_A19T,NS5_S676N,NS5_G605V,prM_V120A,E_I462V,C_M104I,NS4B_V48I,NS5_K570R,NS1_K272R,NS4A_I89V,C_S101T)	10512
hDenV2/Colombia/VAC-LSPVAC-4097-VIG/2025	DENV2	II	2II_F.1.1.2	EPI_ISL_19906162	2025-03-08	South America / Colombia / Valle del Cauca / Cali	Human			Male	69	Live			Original			(NS5_I637A,NS5_R430G,NS5_T176I,NS5_I135T,NS2B_K60R,NS5_R749Q,NS5_Q644K,prM_M135I,E_Q52H,NS4B_T244A,E_T226I,NS5_V335I,E_V129I,NS3_I140V,NS1_T265A,NS4A_D23N,C_K9R,NS2A_V155A,E_I322V,NS1_D281E,NS2B_L21F,prM_K52N,NS1_N222S,E_R120T,NS5_I271V,prM_V31M,prM_T162A,E_M6I,prM_D29N,NS1_I264T,NS2B_A119T,NS1_Q131H,NS4B_F112L,NS5_K800T,NS4A_R76K,NS3_K15R,E_I484V,prM_A152I,prM_T82A,prM_H148Y,NS3_M13V,NS3_I333M,NS1_L247I,NS1_S80T,NS2B_D63E,NS5_I5T,NS3_V273I,NS2A_V5I,NS2A_I171A,prM_M83T,E_N390S,NS1_T117A,NS5_S15N,NS3_A120T,NS3_V395I,NS3_A160T,NS4B_L13F,E_T478S,prM_I127V,NS5_R98K,NS5_I687V,NS1_K174R,E_H149N,NS5_A865T,NS3_G103R,NS1_S128L,E_E71A,NS5_M70L,NS4B_V115I,C_L108M,NS2A_M136I,NS2A_I44T,NS2B_V59I,NS3_I461V,NS3_R186K,NS1_F178S,NS4B_A19T,NS5_S676N,NS5_G605V,prM_V120A,E_I462V,C_M104I,NS5_N876K,NS1_H261Y,NS4B_V48I,NS5_K570R,NS1_K272R,NS4A_I89V,C_S101T)	10512
hDenV2/Colombia/VAC-LSPVAC-4346-VIG/2025	DENV2	II	2II_F.1.1.2	EPI_ISL_19906163	2025-03-16	South America / Colombia / Valle del Cauca / Jamundi	Human			Male	8	Live			Original			(NS5_I637A,NS5_R430G,NS5_I135T,NS5_T176I,NS2B_K60R,NS5_Q644K,prM_M135I,E_Q52H,NS4B_T244A,NS5_V335I,E_V129I,NS3_I140V,NS1_T265A,NS4A_D23N,C_K9R,E_I322V,NS1_D281E,NS2B_L21F,prM_K52N,NS1_N222S,E_R120T,NS5_I271V,prM_T162A,E_M6I,prM_D29N,NS1_I264T,NS1_Q131H,NS1_Q175H,NS4B_F112L,NS5_K800T,NS2B_L109F,NS4A_R76K,NS3_K15R,E_I484V,prM_A152I,prM_T82A,prM_H148Y,NS3_M13V,NS3_I333M,NS1_L247I,NS1_S80T,NS2B_D63E,NS5_I5T,NS3_V273I,NS2A_V5I,NS2A_I171A,prM_M83T,E_N390S,NS1_T117A,NS5_S15N,NS3_A120T,NS3_V395I,NS3_K366R,NS3_A160T,NS4B_L13F,E_T478S,prM_I127V,NS5_R98K,NS5_I687V,NS5_T290I,NS1_K174R,NS2A_V109A,E_H149N,NS5_A865T,NS1_S128L,E_E71A,NS5_M70L,NS4B_V115I,C_L108M,NS2A_M136I,NS2B_V59I,NS3_R186K,NS3_I461V,NS1_F178S,NS4B_A19T,NS5_S676N,NS5_G605V,prM_V120A,E_I462V,C_M104I,NS4B_V48I,NS5_K570R,NS1_K272R,NS4A_I89V,C_S101T)	10512
hDenV2/Colombia/VAC-LSPVAC-4611-VIG/2025	DENV2	III	2III_D.2	EPI_ISL_19906165	2025-03-13	South America / Colombia / Valle del Cauca / Cali	Human			Female	73	Live			Original			(NS5_I637A,NS5_Y247H,NS3_R549K,NS5_I135T,prM_M135I,NS3_R561K,NS5_R749K,NS5_E558K,E_N203D,NS3_I140V,NS3_K142R,NS1_T265A,NS4B_D156E,NS4B_P23S,NS3_V567I,NS4A_D23N,C_K9R,NS1_D281E,NS1_I212M,NS5_A196T,NS5_T811A,NS1_N222S,NS3_K28R,E_R120T,NS5_I271V,NS4B_V175I,prM_T162A,NS5_L670I,E_M6I,NS2A_V174T,NS1_K172R,NS1_I264T,NS4B_F112L,NS2A_L153S,prM_M39I,NS5_K375R,NS5_S225T,NS2A_V109T,NS5_V156I,NS4A_R76K,NS1_E83D,E_V491A,C_N10S,E_I484V,NS3_L115I,NS5_I836V,NS2B_L109V,NS3_M13V,NS3_I333M,NS5_S429D,NS2A_Q162R,NS5_V628I,NS1_L247F,NS2A_T104A,NS3_R248K,NS4A_I93V,NS5_R246K,NS5_S763T,NS2A_V5I,NS3_R187K,prM_M83T,NS5_K514R,prM_R151K,NS5_K388E,NS3_A120T,E_T478S,NS5_I687V,NS1_I93T,NS4B_Q22E,NS5_A865T,NS5_E501G,C_M104V,NS5_A648T,E_M340T,NS2A_M136I,NS2A_T189A,NS3_R186K,E_V324I,NS4B_A19T,E_I462V,NS5_I717V,E_V91I,E_V308I,prM_S15G,NS2A_D67G,NS3_K61R,C_V112A,NS5_S523G,NS3_T399A,C_S101T)	10512
hDenV2/Colombia/VAC-LSPVAC-4777-VIG/2025	DENV2	II	2II_F.1.1.2	EPI_ISL_19906167	2025-03-28	South America / Colombia / Valle del Cauca / Cali	Human			Male	36	Live			Original			(NS5_I637A,NS5_R430G,NS5_I135T,NS5_T176I,NS2B_K60R,NS5_Q644K,prM_M135I,E_Q52H,NS4B_T244A,NS5_V335I,E_V129I,NS3_I140V,NS1_T265A,NS4A_D23N,C_K9R,E_I322V,NS1_D281E,NS2B_L21F,prM_K52N,NS1_N222S,E_R120T,NS5_I271V,prM_T162A,E_M6I,prM_D29N,NS1_I264T,NS1_Q175H,NS1_Q131H,NS4B_F112L,NS5_K800T,NS2B_L109F,NS4A_R76K,NS3_K15R,E_I484V,prM_A152I,prM_T82A,prM_H148Y,NS3_M13V,NS3_I333M,NS1_L247I,NS1_S80T,NS2B_D63E,NS5_I5T,NS3_V273I,NS2A_I171A,NS2A_V5I,prM_M83T,E_N390S,NS1_T117A,NS5_S15N,NS3_A120T,NS3_V395I,NS3_A160T,NS4B_L13F,E_T478S,prM_I127V,NS5_R98K,NS5_I687V,NS5_T290I,NS1_K174R,E_H149N,NS5_A865T,NS1_S128L,E_E71A,NS5_M70L,NS4B_V115I,C_L108M,NS2A_M136I,NS2B_V59I,NS3_R186K,NS3_I461V,NS1_F178S,NS4B_A19T,NS5_G605V,NS5_S676N,prM_V120A,E_I462V,C_M104I,NS4B_V48I,NS5_K570R,NS1_K272R,NS4A_I89V,C_S101T)	10513
hDenV2/Colombia/VAC-LSPVAC-20250511-7146-VIG/2025	DENV2	II	2II_F.1.1.2	EPI_ISL_20110945	2025-04-30	South America / Colombia / Valle del Cauca / Jamundi	Human			Female	36	Live			Original			(NS5_I637A,NS5_R430G,NS5_T176I,NS5_I135T,NS2B_K60R,NS5_Q644K,prM_M135I,E_Q52H,NS4B_T244A,E_V129I,NS3_I140V,NS1_T265A,NS4A_D23N,C_K9R,E_I322V,NS1_D281E,NS2B_L21F,prM_K52N,NS1_N222S,E_R120T,NS5_I271V,prM_T162A,prM_D29N,E_M6I,NS1_I264T,NS1_Q175H,NS1_Q131H,NS4B_F112L,NS5_K800T,NS2B_L109F,NS4A_R76K,NS3_K15R,E_I484V,prM_A152I,prM_T82A,prM_H148Y,NS3_M13V,NS3_I333M,NS1_L247I,NS1_S80T,NS2B_D63E,NS5_I5T,NS3_V273I,NS2A_V5I,prM_M83T,NS3_D323E,E_N390S,NS1_T117A,NS5_S15N,NS3_A120T,NS3_V395I,NS3_K366R,NS3_A160T,NS4B_L13F,E_T478S,prM_I127V,NS5_I687V,NS5_R98K,NS5_T290I,NS1_K174R,E_H149N,NS5_A865T,NS1_S128L,E_E71A,NS5_M70L,NS4B_V115I,C_L108M,NS2B_V59I,NS3_R186K,NS3_I461V,NS1_F178S,NS4B_A19T,NS5_G605V,NS5_S676N,prM_V120A,E_I462V,C_M104I,NS4B_V48I,NS5_K570R,NS1_K272R,NS4A_I89V,C_S101T)	10512
hDenV2/Colombia/VAC-LSPVAC-20250514-7395-VIG/2025	DENV2	II	2II_F.1.1.2	EPI_ISL_20110947	2025-05-11	South America / Colombia / Valle del Cauca / Jamundi	Human			Female	14	Live			Original			(NS5_I637A,NS5_R430G,NS5_T176I,NS5_I135T,NS2B_K60R,NS5_Q644K,prM_M135I,E_Q52H,NS4B_T244A,NS5_V335I,E_V129I,NS3_I140V,NS1_T265A,NS4A_D23N,C_K9R,NS2B_L21F,NS1_D281E,E_I322V,prM_K52N,NS1_N222S,E_R120T,NS5_I271V,prM_T162A,E_M6I,prM_D29N,NS1_I264T,NS1_Q175H,NS1_Q131H,NS4B_F112L,NS5_K800T,NS2B_L109F,NS4A_R76K,NS3_K15R,E_I484V,prM_A152I,prM_T82A,prM_H148Y,NS3_M13V,NS3_I333M,NS1_L247I,NS1_S80T,NS2B_D63E,NS5_I5T,NS3_V273I,NS2A_V5I,prM_M83T,E_N390S,NS1_T117A,NS5_S15N,NS3_A120T,NS3_V395I,NS3_K366R,NS3_A160T,NS4B_L13F,E_T478S,prM_I127V,NS5_I687V,NS5_R98K,NS5_T290I,NS1_K174R,E_H149N,NS5_A865T,NS1_S128L,E_E71A,NS5_M70L,NS4B_V115I,C_L108M,NS2B_V59I,NS3_R186K,NS3_I461V,NS1_F178S,NS4B_A19T,NS5_G605V,NS5_S676N,prM_V120A,E_I462V,C_M104I,NS4B_V48I,NS5_K570R,NS1_K272R,NS4A_I89V,C_S101T)	10512
hDenV2/Colombia/VAC-LSPVAC-20250127-1031-VIG/2025	DENV2	II	2II_F.1.1.2	EPI_ISL_20129544	2025-01-25	South America / Colombia / Valle del Cauca / Cali	Human			Male	77	Hospitalized			Original			(NS5_I637A,NS5_R430G,NS5_T176I,NS5_I135T,NS2B_K60R,NS5_Q644K,prM_M135I,E_Q52H,NS4B_T244A,NS5_V335I,E_V129I,NS3_I140V,NS1_T265A,NS4A_D23N,NS2B_L21F,NS1_D281E,E_I322V,prM_K52N,NS1_N222S,E_R120T,NS5_I271V,prM_T162A,E_M6I,prM_D29N,NS1_I264T,NS1_Q175H,NS1_Q131H,NS4B_F112L,NS5_K800T,NS2B_L109F,NS4A_R76K,NS3_K15R,E_I484V,prM_A152I,prM_T82A,prM_H148Y,NS3_M13V,NS3_I333M,NS1_L247I,NS1_S80T,NS2B_D63E,NS5_I5T,NS3_V273I,NS4B_A197S,NS2A_V5I,prM_M83T,E_N390S,NS1_T117A,NS5_S15N,NS3_A120T,NS3_V395I,NS3_A160T,NS4B_L13F,E_T478S,prM_I127V,NS5_I687V,NS5_R98K,NS5_T290I,NS1_K174R,E_H149N,NS5_A865T,NS1_S128L,E_E71A,NS5_M70L,NS4B_V115I,NS2B_V11I,NS2B_V59I,NS3_I461V,NS3_R186K,NS1_F178S,NS4B_A19T,NS5_S676N,NS5_G605V,E_A446V,prM_V120A,E_I462V,NS4B_V48I,NS5_K570R,NS1_K272R,NS4A_I89V)	10155
hDenV2/Colombia/VAC-LSPVAC-20250127-1039-VIG/2025	DENV2	II	2II_F.1.1.2	EPI_ISL_20129545	2025-01-13	South America / Colombia / Valle del Cauca / Zarzal	Human			Male	10	Live			Original			(NS5_I637A,NS5_R430G,NS5_T176I,NS5_I135T,NS2B_K60R,NS5_Q644K,prM_M135I,E_Q52H,NS4B_T244A,NS5_V335I,E_V129I,NS3_I140V,NS1_T265A,NS4A_D23N,NS2B_L21F,NS1_D281E,prM_K52N,NS1_N222S,E_R120T,NS5_I271V,prM_T162A,prM_D29N,E_M6I,NS1_I264T,NS1_Q131H,NS1_Q175H,NS4B_F112L,NS5_K800T,NS4A_R76K,NS3_K15R,E_I484V,prM_A152I,prM_H148Y,NS3_M13V,NS3_I333M,NS1_L247I,NS1_S80T,NS2B_D63E,NS5_I5T,NS3_V273I,NS2A_V5I,prM_M83T,E_N390S,NS1_T117A,NS5_S15N,NS3_A120T,NS3_V395I,NS5_K279E,NS3_A160T,NS4B_V181A,NS4B_L13F,E_T478S,prM_I127V,NS5_I687V,NS5_R98K,NS5_T290I,NS1_K174R,E_H149N,NS5_A865T,NS1_M123V,NS1_S128L,E_E71A,NS5_M70L,NS4B_V115I,NS2B_V59I,NS3_I461V,NS3_R186K,NS1_F178S,NS4B_A19T,NS5_S676N,NS5_G605V,prM_V120A,E_I462V,NS4B_V48I,NS5_K570R,NS1_K272R,NS4A_I89V)	10154
hDenV2/Colombia/VAC-LSPVAC-20250129-1128-VIG/2025	DENV2	III	2III_D.2	EPI_ISL_20129546	2025-01-27	South America / Colombia / Valle del Cauca / Jamundi	Human			Female	60	Live			Original			(NS5_I637A,NS5_Y247H,NS3_R549K,NS5_I135T,prM_M135I,NS3_R561K,NS5_R749K,E_T359I,NS5_E558K,E_N203D,NS3_K142R,NS3_I140V,NS5_A19T,NS1_T265A,NS4B_D156E,NS3_V567I,NS4A_D23N,NS1_D281E,NS1_I212M,NS5_T811A,NS1_N222S,NS3_K28R,E_R120T,NS2B_I78V,NS4B_V175I,prM_T162A,NS5_L670I,E_M6I,NS1_I264T,NS1_K172R,NS4B_F112L,prM_M39I,NS2A_L153S,NS5_K375R,NS5_S225T,NS2A_V109T,NS5_V156I,NS4A_R76K,E_V491A,NS1_V177A,NS2A_V174A,E_I484V,NS3_L115I,NS5_I836V,NS2B_L109V,NS5_A642T,NS3_M13V,NS3_I333M,NS2A_Q162R,NS5_V628I,NS4B_A137T,NS1_L247F,NS2A_T104A,NS3_R248K,NS1_A141S,NS4A_I93V,NS5_R246K,NS5_S763T,NS2A_V5I,prM_M83T,NS5_K514R,NS5_K388E,NS3_A120T,E_K361R,E_T478S,NS5_S429G,E_I170T,NS1_I93T,NS5_A865T,NS5_E501G,NS5_R891K,NS2A_H2L,NS2A_M136I,E_M340T,NS2A_T189A,NS3_R186K,E_V324I,E_I462V,NS5_I717V,prM_S15G,E_V91I,E_V308I,NS3_K61R,NS5_K76R,NS5_S523G,NS1_K272R,NS3_T399A)	10154
hDenV2/Colombia/VAC-LSPVAC-20250210-1765-VIG/2025	DENV2	II	2II_F.1.1.2	EPI_ISL_20129550	2025-01-31	South America / Colombia / Valle del Cauca / Cali	Human			Male	9	Live			Original			(NS5_I637A,NS5_R430G,NS5_I135T,NS5_T176I,NS2B_K60R,NS5_Q644K,prM_M135I,E_Q52H,NS4B_T244A,NS5_V335I,E_V129I,NS3_I140V,NS1_T265A,NS4A_D23N,NS2B_L21F,NS1_D281E,prM_K52N,NS1_N222S,E_R120T,NS4A_T3S,NS5_I271V,prM_T162A,E_M6I,prM_D29N,NS1_I264T,NS1_Q131H,NS1_Q175H,NS4B_F112L,NS5_K800T,NS5_H801Y,NS4A_R76K,NS3_K15R,E_I484V,prM_A152I,prM_T82A,prM_H148Y,NS4A_E9G,NS3_M13V,NS3_I333M,NS1_L247I,NS1_S80T,NS2B_D63E,NS5_I5T,NS3_V273I,NS2A_V5I,prM_M83T,E_N390S,NS1_T117A,NS5_S15N,NS3_A120T,NS3_V395I,NS3_A160T,NS4B_L13F,E_T478S,prM_I127V,NS5_R98K,NS5_I687V,NS5_T290I,NS1_K174R,E_H149N,NS5_A865T,NS1_S128L,E_E71A,NS5_M70L,NS4B_V115I,NS2B_V59I,NS3_I461V,NS3_R186K,NS1_F178S,NS4B_A19T,NS5_S676N,NS5_G605V,prM_V120A,E_I462V,NS4B_V48I,NS5_K570R,NS1_K272R,NS4A_I89V)	10155
hDenV2/Colombia/VAC-LSPVAC-20250221-2517-VIG/2025	DENV2	II	2II_F.1.1.2	EPI_ISL_20129551	2025-02-12	South America / Colombia / Valle del Cauca / Jamundi	Human			Female	8	Hospitalized			Original			(NS5_I637A,NS5_R430G,NS5_T176I,NS5_I135T,NS2B_K60R,NS5_Q644K,prM_M135I,E_Q52H,NS4B_T244A,NS5_V335I,E_V129I,NS3_I140V,NS1_T265A,NS4A_D23N,NS2B_L21F,NS1_D281E,prM_K52N,NS1_N222S,E_R120T,NS5_I271V,prM_T162A,E_M6I,prM_D29N,NS1_I264T,NS5_P822S,NS1_Q175H,NS1_Q131H,NS4B_F112L,NS5_K800T,NS4A_R76K,NS3_K15R,E_I484V,prM_A152I,prM_T82A,prM_H148Y,NS3_M13V,NS3_I333M,NS1_L247I,NS1_S80T,NS2B_D63E,NS5_I5T,NS5_R246K,NS3_V273I,NS2B_S83C,NS2A_I171A,NS2A_V5I,prM_M83T,E_N390S,NS1_T117A,NS5_S15N,NS3_A120T,NS3_V395I,NS3_A160T,NS4B_L13F,E_T478S,prM_I127V,NS5_I687V,NS5_R98K,NS5_T290I,NS1_K174R,NS2A_V109A,E_H149N,NS5_A865T,NS1_S128L,E_E71A,NS5_M70L,NS4B_V115I,NS2A_M136I,E_S7P,NS2B_V59I,NS3_R186K,NS3_I461V,NS1_F178S,NS4B_A19T,NS5_S676N,NS5_G605V,prM_V120A,E_I462V,NS4B_V48I,NS5_K570R,NS1_K272R,NS4A_I89V)	10153
hDenV2/Colombia/VAC-LSPVAC-20250225-2765-VIG/2025	DENV2	II	2II_F.1.1.2	EPI_ISL_20129552	2025-02-24	South America / Colombia / Valle del Cauca / Cali	Human			Male	68	Hospitalized			Original			(NS5_I637A,NS5_R430G,NS5_T176I,NS5_I135T,NS2B_K60R,NS5_Q644K,prM_M135I,E_Q52H,NS4B_T244A,NS5_V335I,E_V129I,NS3_I140V,NS1_T265A,NS4A_D23N,NS2B_L21F,NS1_D281E,prM_K52N,NS1_N222S,E_R120T,NS5_I271V,prM_T162A,prM_D29N,E_M6I,NS1_I264T,NS1_Q175H,NS1_Q131H,NS4B_F112L,NS5_K800T,NS4A_R76K,NS3_K15R,E_I484V,prM_A152I,prM_T82A,prM_H148Y,NS1_K101R,NS3_M13V,NS3_I333M,NS1_L247I,NS1_S80T,NS2B_D63E,NS5_I5T,NS3_V273I,NS2A_V5I,prM_M83T,E_N390S,NS1_T117A,NS5_S15N,NS3_A120T,NS3_V395I,NS3_A160T,NS4B_L13F,E_T478S,prM_I127V,NS5_R98K,NS5_T290I,NS1_K174R,E_H149N,NS5_A865T,NS1_S128L,E_E71A,NS5_M70L,NS4B_V115I,NS2B_V59I,NS3_I461V,NS1_F178S,NS4B_A19T,NS5_S676N,NS5_G605V,prM_V120A,E_I462V,NS4B_V48I,NS5_K570R,NS1_K272R,NS4A_I89V)	10155
hDenV2/Colombia/VAC-LSPVAC-20250226-2838-VIG/2025	DENV2	II	2II_F.1.1.2	EPI_ISL_20129553	2025-02-11	South America / Colombia / Valle del Cauca / Cali	Human			Female	8	Live			Original			(NS5_I637A,NS5_R430G,NS5_T176I,NS5_I135T,NS2B_K60R,NS5_Q644K,prM_M135I,E_Q52H,NS4B_T244A,NS5_V335I,E_V129I,NS3_I140V,NS1_T265A,NS4A_D23N,NS2B_L21F,NS1_D281E,prM_K52N,NS1_N222S,E_R120T,NS5_I271V,prM_T162A,prM_D29N,E_M6I,NS1_I264T,NS1_Q175H,NS1_Q131H,NS4B_F112L,NS5_K800T,NS4A_R76K,NS5_P829L,NS3_K15R,E_I484V,prM_A152I,prM_T82A,prM_H148Y,NS3_M13V,NS3_I333M,NS1_L247I,NS1_S80T,NS2B_D63E,NS5_I5T,NS3_V273I,NS2A_V5I,prM_M83T,E_N390S,NS1_T117A,NS5_S15N,NS3_A120T,NS3_V395I,NS3_A160T,NS4B_L13F,E_T478S,prM_I127V,NS5_I687V,NS5_R98K,NS5_T290I,NS1_K174R,E_H149N,NS5_A865T,NS1_S128L,E_E71A,NS5_M70L,NS4B_V115I,NS2B_V59I,NS3_R186K,NS3_I461V,NS1_F178S,NS4B_A19T,NS5_S676N,NS5_G605V,prM_V120A,E_I462V,NS4B_V48I,NS5_K570R,NS1_K272R,NS4A_I89V)	10155
hDenV2/Colombia/VAC-LSPVAC-20250226-2907-VIG/2025	DENV2	II	2II_F.1.1.2	EPI_ISL_20129554	2025-01-27	South America / Colombia / Valle del Cauca / Jamundi	Human			Female	13	Hospitalized			Original			(NS5_I637A,NS5_R430G,NS5_I135T,NS5_T176I,NS2B_K60R,NS5_Q644K,prM_M135I,E_Q52H,NS4B_T244A,NS5_V335I,E_V129I,NS3_I140V,NS1_T265A,NS4A_D23N,NS2B_L21F,NS1_D281E,E_I322V,prM_K52N,NS1_N222S,E_R120T,NS5_I271V,prM_T162A,prM_D29N,E_M6I,NS1_I264T,NS1_Q175H,NS1_Q131H,NS4B_F112L,NS5_K800T,NS2B_L109F,NS4A_R76K,NS3_K15R,E_I484V,prM_A152I,prM_T82A,prM_H148Y,NS3_M13V,NS3_I333M,NS1_L247I,NS1_S80T,NS2B_D63E,NS5_I5T,NS3_V273I,NS2A_V5I,prM_M83T,E_N390S,NS1_T117A,NS5_S15N,NS3_A120T,NS3_V395I,NS3_K366R,NS3_A160T,NS4B_L13F,E_T478S,prM_I127V,NS5_R98K,NS5_I687V,NS5_T290I,NS1_K174R,E_H149N,NS5_A865T,NS1_S128L,E_E71A,NS5_M70L,NS4B_V115I,NS2B_V59I,NS3_I461V,NS3_R186K,NS1_F178S,NS4B_A19T,NS5_G605V,NS5_S676N,prM_V120A,E_I462V,NS4B_V48I,NS5_K570R,NS1_K272R,NS4A_I89V)	10154
hDenV2/Colombia/VAC-LSPVAC-20250226-2908-VIG/2025	DENV2	II	2II_F.1.1.2	EPI_ISL_20129555	2025-01-27	South America / Colombia / Valle del Cauca / Jamundi	Human			Male	15	Live			Original			(NS5_I637A,NS5_T176I,NS5_I135T,NS2B_K60R,NS5_Q644K,prM_M135I,E_Q52H,NS4B_T244A,NS5_V335I,E_V129I,NS3_I140V,NS1_T265A,NS4A_D23N,NS2B_L21F,NS1_D281E,prM_K52N,NS1_N222S,E_R120T,NS5_I271V,prM_T162A,prM_D29N,E_M6I,NS1_I264T,NS1_Q131H,NS1_Q175H,NS4B_F112L,NS5_K800T,NS4A_R76K,NS3_K15R,E_I484V,prM_A152I,prM_T82A,prM_H148Y,NS3_M13V,NS3_I333M,NS1_L247I,NS1_S80T,NS2B_D63E,NS5_I5T,NS3_V273I,NS2A_V5I,prM_M83T,E_N390S,NS1_T117A,NS5_S15N,E_E202D,NS3_A120T,prM_Y142C,NS3_V395I,NS3_A160T,NS4B_L13F,E_T478S,prM_I127V,NS5_I687V,NS5_R98K,NS5_T290I,NS1_K174R,E_H149N,NS5_A865T,NS1_S128L,E_E71A,NS5_M70L,NS4B_V115I,NS2B_V59I,NS3_R186K,NS3_I461V,NS1_F178S,NS4B_A19T,NS5_S676N,NS5_G605V,prM_V120A,E_I462V,NS4B_V48I,NS5_K570R,NS5_Q34L,NS1_K272R,NS4A_I89V)	10155
hDenV2/Colombia/VAC-LSPVAC-20250227-2989-VIG/2025	DENV2	II	2II_F.1.1.2	EPI_ISL_20129556	2025-02-12	South America / Colombia / Valle del Cauca / Palmira	Human			Female	4	Hospitalized			Original			(NS5_I637A,NS5_T176I,NS5_I135T,NS2B_K60R,NS5_Q644K,prM_M135I,E_Q52H,NS4B_T244A,NS5_V335I,E_V129I,NS3_I140V,NS1_T265A,NS4A_D23N,NS2B_L21F,NS1_D281E,prM_K52N,NS1_N222S,E_R120T,NS5_I271V,prM_T162A,prM_D29N,E_M6I,NS1_I264T,NS1_Q131H,NS1_Q175H,NS4B_F112L,NS5_K800T,NS4A_R76K,NS3_K15R,E_I484V,prM_A152I,prM_T82A,prM_H148Y,NS3_M13V,NS3_I333M,NS1_L247I,NS1_S80T,NS2B_D63E,NS5_I5T,NS3_V273I,NS2A_V5I,prM_M83T,E_N390S,NS1_T117A,NS5_S15N,NS3_A120T,NS3_V395I,NS3_A160T,NS4B_L13F,E_T478S,prM_I127V,NS5_I687V,NS5_R98K,NS5_T290I,NS1_K174R,E_H149N,NS5_A865T,NS1_S128L,E_E71A,NS5_M70L,prM_T109I,NS4B_V115I,NS2B_V59I,NS3_I461V,NS3_R186K,NS1_F178S,NS4B_A19T,NS5_G605V,NS5_S676N,prM_V120A,E_I462V,NS4B_V48I,NS5_K570R,NS1_K272R,NS4A_I89V)	10154
hDenV2/Colombia/VAC-LSPVAC-20250729-10669-VIG/2025	DENV2	II	2II_F.1.1.2	EPI_ISL_20138573	2025-07-20	South America / Colombia / Valle del Cauca / Buga	Human			Female	20	Live			Original			(NS5_I637A,NS5_R430G,NS5_T176I,NS5_I135T,NS2B_K60R,NS5_Q644K,prM_M135I,E_Q52H,NS4B_T244A,NS5_V335I,E_V129I,NS3_I140V,NS1_T265A,NS4A_D23N,C_K9R,NS2B_L21F,NS1_D281E,prM_K52N,NS1_N222S,E_R120T,NS5_I271V,prM_T162A,E_M6I,prM_D29N,NS1_I264T,NS1_Q131H,NS1_Q175H,NS4B_F112L,NS5_K800T,NS4A_R76K,NS3_K15R,E_I484V,prM_A152I,prM_T82A,prM_H148Y,NS3_M13V,NS3_I333M,NS1_L247I,NS1_S80T,NS2B_D63E,NS5_I5T,NS3_V273I,NS2A_V5I,prM_M83T,E_N390S,NS1_T117A,NS5_S15N,NS3_A120T,NS3_V395I,NS3_A160T,NS4B_L13F,E_T478S,prM_I127V,NS5_R98K,NS5_I687V,NS5_T290I,NS1_K174R,E_H149N,NS5_A865T,NS1_S128L,E_E71A,NS5_M70L,NS4B_V115I,C_L108M,NS2B_V59I,NS3_R186K,NS3_I461V,NS1_F178S,NS4B_A19T,NS5_G605V,NS5_S676N,prM_V120A,E_I462V,C_M104I,NS4B_V48I,NS5_K570R,NS1_K272R,NS4A_I89V,C_S101T)	10513
hDenV2/Colombia/SAN-Yale-DH158-P2/2006	DENV2	III	2III_D.2	EPI_ISL_20165615	2006	South America / Colombia / Santander	Human			unknown	unknown	unknown			Cell Culture			(NS5_I637A,NS5_Y247H,NS3_R549K,NS3_H451Y,NS5_I135T,prM_M135I,NS3_R561K,NS5_R749K,E_T359I,NS5_E558K,E_N203D,NS3_K142R,NS3_I140V,NS1_T265A,NS4B_D156E,NS4B_P23S,NS3_V567I,NS4A_D23N,C_K9R,NS1_D281E,NS1_I212M,NS5_A196T,NS5_T811A,NS1_N222S,NS3_K28R,E_R120T,NS4B_V175I,prM_T162A,NS5_L670I,E_M6I,NS1_K172R,NS1_I264T,NS4B_F112L,NS2A_L153S,prM_M39I,NS5_K375R,NS5_S225T,NS2A_V109T,NS5_V156I,NS4A_R76K,E_V491A,C_N10S,NS2A_V174A,E_I484V,NS3_L115I,NS5_I836V,NS2B_L109V,NS3_M13V,NS5_K30I,NS3_I333M,NS2A_Q162R,NS5_V628I,NS1_L247F,NS2A_T104A,NS3_R248K,NS4A_I93V,NS5_R246K,NS5_S763T,NS2A_V5I,NS3_R187K,prM_M83T,NS5_K514R,NS5_K437R,NS3_A120T,E_T478S,NS5_I687V,NS5_S429G,NS1_I93T,NS4B_Q22E,NS5_A865T,NS5_E501G,C_M104V,NS4B_V63I,E_M340T,NS2A_M136I,NS2A_T189A,NS3_R186K,NS4B_A19T,E_I462V,NS5_I717V,prM_S15G,E_V308I,E_V91I,C_I106V,NS3_K61R,C_V112A,NS5_S523G,NS3_T399A,C_S101T)	10722
hDenV2/Colombia/BOL-UEB-98/2021	DENV2	III	2III_D.2	EPI_ISL_20288886	2021-10	South America / Colombia / Bolivar	Human			unknown	unknown	unknown			Original	Plasma		(NS5_I637A,NS5_Y247H,NS3_R549K,NS5_I135T,NS4B_P157T,prM_M135I,E_E174D,NS3_R561K,NS5_R749K,NS5_E558K,C_K17R,NS3_I140V,NS3_K142R,NS4B_D156E,NS3_V567I,NS4A_D23N,NS4B_E24D,C_K9R,NS1_I212M,NS1_D281E,NS5_T811A,NS5_A196T,NS1_N222S,NS3_K28R,E_R120T,NS4B_V175I,prM_T162A,NS5_L670I,E_M6I,NS4B_F112L,NS2A_L153T,prM_M39I,NS5_K375R,NS5_S225T,NS2A_V109T,NS5_V156I,NS4A_R76K,E_V491A,C_N10S,NS2A_V174A,E_I484V,NS5_I836V,NS2B_L109V,NS3_M13V,NS3_I333M,NS2A_Q162R,NS5_V628I,NS4B_A137T,NS1_L247F,NS2A_T104A,NS3_R248K,NS5_R246K,NS5_S763T,NS2A_V5I,prM_M83T,NS5_K514R,NS3_A120T,E_K361R,E_T478S,NS5_S429G,E_I170T,NS1_I93T,NS4B_Q22E,NS5_A865T,NS5_E501G,C_M104V,NS2A_H2L,E_M340T,NS2A_M136I,NS2A_T189A,NS3_R186K,E_V324I,NS4B_A19T,E_I462V,NS5_I717V,prM_S15G,E_V91I,E_V308I,NS3_K61R,C_V112A,NS5_S523G,NS3_T399A,C_S101T)	10171
hDenV2/Colombia/BOL-UEB-125/2019	DENV2	III	2III_D.2	EPI_ISL_20288888	2019-05	South America / Colombia / Bolivar	Human			unknown	unknown	unknown			Original	Plasma		(NS5_I637A,NS5_Y247H,NS3_R549K,NS5_I135T,prM_M135I,NS3_R561K,NS5_R749K,NS5_E558K,C_K17R,E_N203D,NS3_K142R,NS3_I140V,NS5_A19T,NS1_T265A,NS4B_D156E,NS3_V567I,NS4A_D23N,C_K9R,NS1_D281E,NS1_I212M,NS5_A196T,NS5_T811A,NS1_N222S,NS3_K28R,E_R120T,E_Y377H,NS4B_V175I,prM_T162A,NS5_L670I,E_M6I,NS1_I264T,NS1_K172R,NS4B_F112L,NS2A_L153S,prM_M39I,NS5_K375R,NS5_S225T,NS2A_V109T,NS5_V156I,NS4A_R76K,NS3_L115P,E_V491A,C_N10S,NS2A_V174A,E_I484V,NS5_I836V,NS2B_L109V,NS3_M13V,NS3_I333M,NS2A_Q162R,NS5_V628I,NS4B_A137T,NS1_L247F,NS2A_T104A,NS3_R248K,NS5_I5T,NS4A_I93V,NS5_R246K,NS5_S763T,NS2A_V5I,NS3_A249T,prM_M83T,NS5_K514R,NS5_T679I,NS3_A120T,NS1_V177S,E_T478S,NS5_S429G,NS1_I93T,E_I170T,NS4B_Q22E,NS5_A865T,NS5_E501G,C_M104V,NS2A_H2L,E_M340T,NS2A_M136I,NS2A_T189A,NS3_R186K,NS4B_A19T,E_I462V,NS5_I717V,prM_S15G,E_V308I,E_V91I,NS3_K61R,C_V112A,NS5_S523G,NS3_T399A,C_S101T)	10171
hDenV2/Colombia/BOL-UEB-264/2021	DENV2	III	2III_D.2	EPI_ISL_20288889	2021-10	South America / Colombia / Bolivar	Human			unknown	unknown	unknown			Original	Plasma		(NS5_I637A,NS5_Y247H,NS3_R549K,NS5_I135T,NS4B_P157T,prM_M135I,E_E174D,NS3_R561K,NS5_R749K,NS5_E558K,C_K17R,E_N203D,E_V129I,NS1_T265A,NS4B_D156E,NS3_V567I,NS4A_D23N,NS4B_E24D,C_K9R,NS1_I212M,NS1_D281E,NS5_A196T,NS5_T811A,NS1_N222S,NS3_K28R,NS5_L62P,E_R120T,NS4B_V175I,prM_T162A,NS5_L670I,E_M6I,NS1_I264T,NS1_K172R,NS4B_F112L,NS2A_L153T,prM_M39I,NS5_K375R,NS5_S225T,NS2A_V109T,NS5_V156I,NS4A_R76K,E_V491A,NS1_V177A,C_N10S,NS2A_V174A,E_I484V,NS5_I836V,NS2B_L109V,NS3_M13V,NS4A_A91I,NS3_I333M,NS2A_Q162R,NS5_V628I,NS4B_A137T,NS1_L247F,NS2A_T104A,NS3_R248K,NS4A_I93V,NS5_R246K,NS5_S763T,NS2A_V5I,prM_M83T,NS5_K514R,E_K361R,E_T478S,NS5_S429G,NS1_I93T,E_I170T,NS4B_Q22E,NS5_A865T,NS5_E501G,C_M104V,NS2A_H2L,E_M340T,NS2A_M136I,NS2A_T189A,E_V324I,NS4B_A19T,E_I462V,NS5_I717V,prM_S15G,E_V308I,E_V91I,NS3_K61R,C_V112A,NS5_S523G,NS3_T399A,C_S101T)	10171
hDenV2/Colombia/BOL-UEB-327/2021	DENV2	III	2III_D.2	EPI_ISL_20288890	2021-10	South America / Colombia / Bolivar	Human			unknown	unknown	unknown			Original	Plasma		(NS5_I637A,NS5_Y247H,NS3_R549K,NS5_I135T,prM_M135I,E_E174D,NS3_R561K,NS5_R749K,NS5_E558K,E_N203D,C_K17R,NS3_I140V,NS3_K142R,NS1_T265A,NS4B_D156E,NS3_V567I,NS4A_D23N,NS4B_E24D,C_K9R,NS1_I212M,NS1_D281E,NS5_T811A,NS5_A196T,NS1_N222S,NS3_K28R,E_R120T,NS4B_V175I,prM_T162A,NS5_L670I,E_M6I,NS1_K172R,NS1_I264T,NS4B_F112L,NS2A_L153T,prM_M39I,NS5_K375R,NS5_S225T,NS2A_V109T,NS5_V156I,NS4A_R76K,E_V491A,NS1_V177A,C_N10S,NS2A_V174A,E_I484V,NS3_L115I,NS5_I836V,NS2B_L109V,NS3_M13V,NS3_I333M,NS2A_Q162R,NS5_V628I,NS4B_A137T,NS1_L247F,NS2A_T104A,NS3_R248K,NS4A_I93V,NS5_R246K,NS5_S763T,NS2A_V5I,prM_M83T,NS5_K514R,NS3_A120T,E_K361R,E_T478S,NS5_S429G,E_I170T,NS1_I93T,NS4B_Q22E,NS5_A865T,NS5_E501G,C_M104V,NS2A_H2L,NS2A_M136I,NS2A_T189A,NS3_R186K,NS4B_A19T,E_I462V,NS5_I717V,E_V308I,E_V91I,prM_S15G,NS3_K61R,C_V112A,NS5_S523G,NS3_T399A,C_S101T)	10171
hDenV2/Colombia/BOL-UEB-27/2021	DENV2	III	2III_D.2	EPI_ISL_20288891	2021-10	South America / Colombia / Bolivar	Human			unknown	unknown	unknown			Original	Plasma		(NS5_I637A,NS5_Y247H,NS3_R549K,NS5_I135T,prM_M135I,E_E174D,NS5_R749K,NS5_E558K,C_K17R,NS3_I140V,NS3_K142R,NS4B_D156E,NS3_V567I,NS4A_D23N,NS4B_E24D,C_K9R,NS2A_V12A,NS1_I212M,NS1_D281E,NS5_A196T,NS5_T811A,NS1_N222S,NS3_K28R,E_R120T,NS4B_V175I,prM_T162A,NS5_L670I,E_M6I,NS1_K172R,NS4B_F112L,NS2A_L153T,prM_M39I,NS5_K375R,NS4A_P14S,NS5_S225T,NS2A_V109T,NS5_V156I,NS4A_R76K,E_V491A,C_N10S,NS2A_V174A,E_I484V,E_C285G,NS3_L115I,NS5_I836V,NS2B_L109V,E_S298A,NS3_M13V,NS3_I333M,NS2A_Q162R,NS5_V628I,NS4B_A137T,NS2A_T104A,NS3_R248K,NS5_R246K,E_K284G,NS5_S763T,NS2A_V5I,prM_M83T,NS5_K514R,NS5_S23G,NS2A_D66E,NS3_A120T,E_K361R,NS1_V177S,E_T478S,NS5_S429G,NS1_I93T,E_I170T,NS4B_Q22E,NS5_A865T,NS5_E501G,C_M104V,NS2A_H2L,E_M340T,NS2A_M136I,NS2A_T189A,NS3_R186K,NS4B_A19T,E_I462V,NS5_I717V,E_V308I,E_V91I,prM_S15G,NS3_K61R,C_V112A,NS5_S523G,NS3_T399A,C_S101T)	10171
hDenV2/Colombia/BOL-UEB-113/2021	DENV2	III	2III_D.2	EPI_ISL_20288892	2021-10	South America / Colombia / Bolivar	Human			unknown	unknown	unknown			Original	Plasma		(NS5_I637A,NS5_Y247H,NS3_R549K,NS5_I135T,NS4B_P157T,prM_M135I,E_E174D,NS3_R561K,NS5_R749K,NS5_E558K,C_K17R,E_N203D,E_V129I,NS3_I140V,NS3_K142R,NS1_T265A,NS4B_D156E,NS3_V567I,NS4A_D23N,NS4B_E24D,C_K9R,NS1_D281E,NS1_I212M,NS5_T811A,NS5_A196T,NS5_S269N,NS1_N222S,NS3_K28R,E_R120T,NS4B_V175I,prM_T162A,NS5_L670I,E_M6I,NS1_I264T,NS1_K172R,NS2A_L153T,prM_M39I,NS5_K375R,NS5_S225T,NS2A_V109T,NS5_V156I,NS4A_R76K,E_V491A,NS1_V177A,C_N10S,NS2A_V174A,E_I484V,NS3_L115I,NS5_I836V,NS2B_L109V,NS3_M13V,NS3_I333M,NS2A_Q162R,NS5_V628I,NS4B_A137T,NS1_L247F,NS2A_T104A,NS3_R248K,NS4A_I93V,NS5_R246K,NS5_S763T,NS2A_V5I,prM_M83T,NS5_K514R,NS3_A120T,E_K361R,E_T478S,NS5_S429G,NS1_I93T,E_I170T,NS4B_Q22E,NS5_A865T,NS5_E501G,C_M104V,NS2A_H2L,E_M340T,NS2A_M136I,NS2A_T189A,NS3_R186K,E_V324I,NS4B_A19T,E_I462V,NS5_I717V,E_V308I,E_V91I,prM_S15G,NS3_K61R,C_V112A,NS5_S523G,NS3_T399A,C_S101T)	10171
hDenV2/Colombia/BOL-UEB-15/2021	DENV2	III	2III_D.2	EPI_ISL_20288895	2021-10	South America / Colombia / Bolivar	Human			unknown	unknown	unknown			Original	Plasma		(NS5_I637A,NS5_Y247H,NS3_R549K,NS5_I135T,NS4B_P157T,prM_M135I,E_E174D,NS3_R561K,NS5_R749K,NS5_E558K,C_K17R,E_N203D,E_V129I,NS3_K142R,NS3_I140V,NS4B_D156E,NS3_V567I,NS4A_D23N,NS4B_E24D,C_K9R,NS1_I212M,NS1_D281E,NS5_A196T,NS5_T811A,NS1_N222S,NS3_K28R,E_R120T,NS4B_V175I,prM_T162A,NS5_L670I,E_M6I,NS1_K172R,NS4B_F112L,NS2A_L153T,prM_M39I,NS5_K375R,NS5_S225T,NS2A_V109T,NS5_V156I,NS4A_R76K,E_V491A,NS1_V177A,C_N10S,NS2A_V174A,E_I484V,NS3_L115I,NS5_I836V,NS2B_L109V,NS3_M13V,NS3_I333M,NS5_V628I,NS4B_A137T,NS2A_T104A,NS3_R248K,NS4A_I93V,NS5_R246K,NS5_S763T,NS2A_V5I,prM_M83T,NS5_K514R,NS3_A120T,E_T478S,NS5_S429G,E_I170T,NS1_I93T,NS4B_Q22E,NS5_A865T,NS5_E501G,C_M104V,NS2A_H2L,E_M340T,NS2A_M136I,NS2A_T189A,NS3_R186K,NS4B_A19T,E_I462V,NS5_I717V,E_V91I,E_V308I,prM_S15G,NS3_K61R,C_V112A,NS5_S523G,NS3_T399A,C_S101T)	10171
hDenV2/Colombia/BOL-UEB-126/2021	DENV2	III	2III_D.2	EPI_ISL_20288897	2021-10	South America / Colombia / Bolivar	Human			unknown	unknown	unknown			Original	Plasma		(NS5_I637A,NS5_Y247H,NS3_R549K,NS5_I135T,NS4B_P157T,prM_M135I,E_E174D,NS3_R561K,NS5_R749K,NS5_E558K,E_N203D,C_K17R,NS3_K142R,NS3_I140V,NS1_T265A,NS4B_D156E,NS4A_D23N,NS4B_E24D,C_K9R,NS1_I212M,NS1_D281E,NS5_A196T,NS1_N222S,NS3_K28R,E_R120T,NS4B_V175I,prM_T162A,NS5_L670I,E_M6I,NS1_I264T,NS1_A186V,NS4B_F112L,NS2A_L153T,prM_M39I,NS5_K420R,NS5_K375R,NS5_S225T,NS2A_V109T,NS5_V156I,NS4A_R76K,E_K334R,E_V491A,NS1_V177A,C_N10S,NS2A_V174A,E_K241Q,E_I484V,NS3_L115I,NS5_I836V,NS2B_L109V,NS3_M13V,NS3_I333M,NS5_V628I,NS4B_A137T,NS1_L247F,NS2A_T104A,NS3_R248K,NS4A_I93V,NS5_R246K,NS5_S763T,NS2A_V5I,prM_M83T,NS5_K514R,NS3_A120T,E_K361R,E_T478S,NS5_S429G,E_I170T,NS4B_Q22E,NS5_A865T,NS5_E501G,C_M104V,NS2A_H2L,E_M340T,NS2A_M136I,E_G330D,NS2A_T189A,NS3_R186K,NS4B_A19T,E_I462V,NS5_I717V,E_V308I,E_V91I,prM_S15G,NS3_K61R,C_V112A,NS5_S523G,NS3_T399A,C_S101T)	10171
hDenV2/Colombia/BOL-UEB-121/2019	DENV2	III	2III_D.2	EPI_ISL_20288898	2019-05	South America / Colombia / Bolivar	Human			unknown	unknown	unknown			Original	Plasma		(NS2A_N139S,NS5_I637A,NS5_Y247H,NS3_R549K,NS5_I135T,prM_M135I,NS3_R561K,NS5_R749K,NS5_E558K,E_N203D,NS3_I140V,NS3_K142R,NS5_A19T,NS1_T265A,NS4B_D156E,NS3_V567I,NS4A_D23N,NS4B_E24D,C_K9R,NS1_I212M,NS1_D281E,NS5_A196T,NS5_T811A,NS1_N222S,NS3_K28R,E_R120T,NS4B_V175I,prM_T162A,NS5_L670I,E_M6I,NS1_I264T,NS1_K172R,NS4B_F112L,NS2A_L153S,prM_M39I,NS5_K375R,NS5_S225T,NS5_V156I,NS4A_R76K,E_V491A,NS1_V177A,C_N10S,NS2A_V174A,E_I484V,NS5_I836V,NS2B_L109V,NS3_M13V,NS3_I333M,NS5_V628I,NS4B_A137T,NS1_L247F,NS2A_T104A,NS3_R248K,NS5_I5T,NS4A_I93V,NS5_R246K,NS5_S763T,NS2A_V5I,prM_M83T,NS5_K514R,NS3_A120T,NS5_K193R,E_T478S,NS5_S429G,NS2A_V109A,E_I170T,NS1_I93T,NS4B_Q22E,NS5_A865T,E_N390H,NS5_E501G,C_M104V,NS2A_H2L,E_M340T,NS2A_M136I,NS3_R186K,NS4B_A19T,E_I462V,NS5_I717V,prM_S15G,E_V308I,E_V91I,NS3_K61R,C_V112A,NS5_S523G,NS3_T399A,C_S101T)	10171
hDenV2/Colombia/BOL-UEB-130/2021	DENV2	III	2III_D.2	EPI_ISL_20288899	2021-10	South America / Colombia / Bolivar	Human			unknown	unknown	unknown			Original	Plasma		(NS5_I637A,NS5_Y247H,NS3_R549K,NS5_I135T,NS4B_P157T,prM_M135I,E_E174D,NS3_R561K,NS5_R749K,NS5_E558K,C_K17R,NS3_I140V,NS3_K142R,NS1_T265A,NS4B_D156E,NS3_V567I,NS4A_D23N,NS4B_E24D,C_K9R,NS1_I212M,NS1_D281E,NS5_A196T,NS5_T811A,NS1_N222S,NS3_K28R,E_R120T,NS4B_V175I,prM_T162A,NS5_L670I,E_M6I,NS1_I264T,NS3_L115T,NS4B_F112L,prM_M39I,NS2A_L153S,NS5_K375R,NS5_S225T,NS5_V156I,NS4A_R76K,E_V491A,C_N10S,NS2A_V174A,E_I484V,NS5_I836V,NS2B_L109V,NS1_F277L,NS3_M13V,NS3_I333M,NS2A_Q162R,NS5_V628I,NS4B_A137T,NS1_L247F,NS2A_T104A,NS3_R248K,NS5_R246K,NS5_S763T,NS2A_V5I,prM_M83T,NS5_K514R,NS3_A120T,E_K361R,E_T478S,NS5_S429G,NS2A_V109A,E_I170T,NS1_I93T,NS4B_Q22E,NS5_A865T,NS5_E501G,C_M104V,NS2A_H2L,NS2A_M136I,NS2A_T189A,NS3_R186K,NS4B_A19T,E_I462V,NS5_I717V,prM_S15G,E_V91I,E_V308I,NS3_K61R,C_V112A,NS5_S523G,NS3_T399A,E_N230K,C_S101T)	10171
hDenV2/Colombia/BOL-UEB-70/2021	DENV2	III	2III_D.2	EPI_ISL_20288900	2021-10	South America / Colombia / Bolivar	Human			unknown	unknown	unknown			Original	Plasma		(NS5_R199K,NS5_I637A,NS5_Y247H,NS3_R549K,NS5_I135T,prM_M135I,NS3_R561K,NS5_R749K,NS5_E558K,C_K17R,NS3_I140V,NS3_K142R,NS3_V567I,NS4A_D23N,NS4B_E24D,C_K9R,NS1_D281E,NS5_T811A,NS5_A196T,NS3_K28R,E_R120T,NS4B_V175I,prM_T162A,NS5_L670I,E_M6I,NS4B_F112L,NS2A_L153T,prM_M39I,NS5_K375R,NS5_S225T,NS5_V156I,NS4A_R76K,NS4A_R12K,E_V491A,C_N10S,NS2A_V174A,E_I484V,NS3_L115I,NS5_I836V,NS2B_L109V,NS3_M13V,NS3_I333M,NS2A_Q162R,NS4A_M10I,NS5_V628I,NS4B_A137T,NS2A_T104A,NS3_R248K,NS4A_I93V,NS5_R246K,NS5_S763T,NS2A_V5I,NS2A_F40L,prM_M83T,NS3_A120T,E_K361R,E_T478S,NS5_S429G,NS2A_V109A,E_T430S,E_I170T,NS1_I93T,NS4B_Q22E,NS5_A865T,NS5_E501G,NS4A_C86Y,NS1_P144Y,C_M104V,NS2A_H2L,E_M340T,NS2A_M136I,NS2A_T189A,NS3_R186K,E_V324I,NS4B_A19T,E_I462V,NS5_I717V,E_V308I,E_V91I,prM_S15G,NS3_K61R,C_V112A,NS5_S523G,NS3_T399A,C_S101T)	10171
hDenV2/Colombia/BOL-UEB-3/2021	DENV2	III	2III_D.2	EPI_ISL_20288901	2021-10	South America / Colombia / Bolivar	Human			unknown	unknown	unknown			Original	Plasma		(NS5_I637A,NS5_Y247H,NS3_R549K,NS5_I135T,NS4B_P157T,prM_M135I,E_E174D,NS3_R561K,NS5_R749K,NS5_E558K,E_N203D,C_K17R,E_V129I,NS3_K142R,NS3_I140V,NS1_T265A,NS4B_D156E,NS3_V567I,NS4A_D23N,NS4B_E24D,C_K9R,NS1_D281E,NS1_I212M,NS5_T811A,NS5_A196T,NS1_N222S,NS3_K28R,E_R120T,NS4B_V175I,prM_T162A,NS5_L670I,E_M6I,NS1_I264T,NS4B_F112L,NS2A_L153T,prM_M39I,NS5_K375R,NS5_S225T,NS2A_V109T,NS5_V156I,NS4A_R76K,E_V491A,C_N10S,NS2A_V174A,E_I484V,NS3_L115I,NS5_I836V,NS2B_L109V,NS1_T262I,NS3_M13V,NS3_I333M,NS5_V628I,NS4B_A137T,NS2A_T104A,NS3_R248K,NS4A_I93V,NS5_R246K,NS1_E240G,NS5_S763T,NS2A_V5I,prM_M83T,NS5_K514R,NS3_A120T,E_K361R,E_T478S,NS5_S429G,E_I170T,NS1_I93T,NS4B_Q22E,NS5_A865T,NS5_E501G,C_M104V,NS2A_H2L,E_M340T,NS2A_M136I,NS2A_T189A,NS3_R186K,NS4B_A19T,E_I462V,NS5_I717V,prM_S15G,E_V91I,E_V308I,NS3_K61R,C_V112A,NS5_S523G,NS1_P250L,NS3_T399A,C_S101T)	10171
hDenV2/Colombia/BOL-UEB-311/2021	DENV2	III	2III_D.2	EPI_ISL_20288902	2021-10	South America / Colombia / Bolivar	Human			unknown	unknown	unknown			Original	Plasma		(NS5_I637A,NS5_Y247H,NS3_R549K,NS5_I135T,prM_M135I,NS3_R561K,NS5_R749K,NS5_E558K,C_K17R,NS3_I140V,NS3_K142R,NS1_T265A,NS4B_D156E,NS3_V567I,NS4A_D23N,NS4B_E24D,C_K9R,NS1_I212M,NS1_D281E,NS5_A196T,NS5_T811A,NS1_N222S,NS3_K28R,E_R120T,NS4B_V175I,prM_T162A,NS5_L670I,E_M6I,NS1_K172R,NS1_I264T,NS4B_F112L,NS2A_L153T,prM_M39I,NS5_K375R,NS5_S225T,NS2A_V109T,NS5_V156I,NS4A_R76K,E_V491A,NS1_V177A,C_N10S,NS2A_V174A,E_I484V,NS3_L115I,NS5_I836V,NS2B_L109V,NS3_M13V,NS3_I333M,NS5_V628I,NS4B_A137T,NS1_L247F,NS2A_T104A,NS3_R248K,NS4A_I93V,NS5_R246K,NS5_S763T,NS2A_V5I,prM_M83T,NS5_K514R,NS3_A120T,E_K361R,E_T478S,NS5_S429G,NS1_I93T,E_I170T,NS4B_Q22E,NS5_A865T,NS5_E501G,C_M104V,NS2A_H2L,E_M340T,NS2A_M136I,NS2A_T189A,NS3_R186K,E_V324I,NS4B_A19T,E_I462V,NS5_I717V,E_V91I,E_V308I,prM_S15G,NS3_K61R,C_V112A,NS5_S523G,NS3_T399A,C_S101T)	10171
hDenV2/Colombia/CUN-UEB-391/2014	DENV2	III	2III_D.3	EPI_ISL_20288903	2014-07	South America / Colombia / Cundinamarca	Human			unknown	unknown	unknown			Original	Plasma		(NS2A_N139S,NS5_Y247H,NS3_R549K,NS5_I135T,prM_M135I,NS3_R561K,NS5_R749K,NS5_E558K,NS3_I140V,NS3_K142R,NS5_A19T,NS1_T265A,NS4B_D156E,NS4B_P23S,NS3_V567I,NS4A_D23N,C_K9R,NS1_I212M,NS1_D281E,NS5_A196T,NS5_T811A,NS5_I637V,NS1_N222S,NS3_K28R,E_R120T,NS2A_T189S,NS4B_V175I,prM_T162A,NS5_L670I,E_M6I,NS1_I264T,NS1_K172R,NS3_L115T,NS4B_F112L,NS2A_T115A,NS2A_L153S,prM_M39I,NS5_S225T,NS5_V156I,NS4A_R76K,NS5_G627R,NS4A_R12K,E_V491A,C_N10S,NS2A_V174A,E_I484V,NS5_I836V,NS2B_L109V,NS4A_T59A,NS3_M13V,NS3_I333M,NS5_V628I,NS1_L247F,NS2A_T104A,NS3_R248K,NS5_I5T,NS5_R246K,NS5_S763T,NS2A_V5I,prM_M83T,NS5_K437R,NS5_K514R,NS3_A120T,C_V26M,prM_L95H,E_T478S,NS5_I687V,NS5_S429G,NS1_K174R,NS2A_V109A,NS4B_Q22E,NS5_A865T,NS5_E501G,NS5_M530I,C_M104V,E_M340T,NS2A_M136I,NS1_F178V,NS3_R186K,NS5_R649K,NS4B_A19T,NS5_I717V,prM_S15G,E_V91I,E_V308I,C_I106V,NS3_K61R,C_V112A,NS5_S523G,NS3_T399A,C_S101T)	10171
hDenV2/Colombia/CUN-UEB-28/2014	DENV2	III	2III_D.3	EPI_ISL_20288904	2014-07	South America / Colombia / Cundinamarca	Human			unknown	unknown	unknown			Original	Plasma		(NS2A_N139S,NS5_I637A,NS5_Y247H,NS3_R549K,NS5_I135T,prM_M135I,NS3_R561K,NS5_R749K,NS5_F134Y,NS5_E558K,E_N203D,NS3_K142R,NS3_I140V,NS5_A19T,NS1_T265A,NS4B_D156E,NS4B_P23S,NS3_V567I,NS4A_D23N,C_K9R,NS1_I212M,NS1_D281E,NS5_A196T,NS5_T811A,NS1_N222S,NS3_K28R,E_R120T,NS2A_T189S,NS4B_V175I,prM_T162A,NS5_L670I,E_M6I,NS1_K172R,NS1_I264T,NS3_L115T,NS4B_F112L,NS2A_T115A,NS2A_L153S,prM_M39I,NS5_S225T,NS5_V156I,NS4A_R76K,NS4A_R12K,E_V491A,C_N10S,NS2A_V174A,E_I484V,NS5_I836V,NS2B_L109V,NS4A_T59A,NS3_M13V,NS3_I333M,NS5_V628I,NS1_L247F,NS2A_T104A,NS3_R248K,NS5_I5T,NS5_R246K,NS5_S763T,NS2A_V5I,prM_M83T,NS5_K514R,NS5_K437R,prM_R151K,NS3_A120T,C_V26M,E_T478S,NS5_I687V,NS5_S429G,NS1_K174R,NS2A_V109A,NS4B_Q22E,NS5_A865T,NS5_E501G,E_M340T,NS2A_M136I,NS1_F178V,NS3_R186K,NS5_R649K,NS4B_A19T,NS5_I717V,prM_S15G,E_V91I,E_V308I,C_I106V,NS3_K61R,C_V112A,NS5_S523G,NS3_T399A,C_S101T)	10171
hDenV2/Colombia/CUN-UEB-3/2014	DENV2	III	2III_D.3	EPI_ISL_20288905	2014-07	South America / Colombia / Cundinamarca	Human			unknown	unknown	unknown			Original	Plasma		(NS2A_N139S,NS5_I637A,NS5_Y247H,NS3_R549K,NS5_I135T,prM_M135I,NS3_R561K,NS5_F134Y,NS5_R749K,NS5_E558K,E_N203D,NS3_I140V,NS3_K142R,NS5_A19T,NS1_T265A,NS4B_D156E,NS4B_P23S,NS3_V567I,NS4A_D23N,C_K9R,NS1_I212M,NS1_D281E,NS5_A196T,NS5_T811A,NS1_N222S,NS3_K28R,E_R120T,NS2A_T189S,NS4B_V175I,prM_T162A,NS5_L670I,E_M6I,NS1_K172R,NS1_I264T,NS3_L115T,NS4B_F112L,NS2A_T115A,prM_M39I,NS2A_L153S,NS5_S225T,NS5_V156I,NS4A_R76K,NS4A_R12K,E_V491A,C_N10S,NS2A_V174A,E_I484V,NS5_I836V,NS2B_L109V,NS4A_T59A,NS3_M13V,NS3_I333M,NS5_V628I,NS1_L247F,NS2A_T104A,NS3_R248K,NS5_I5T,NS5_R246K,NS5_S763T,NS2A_V5I,prM_M83T,NS5_K437R,NS5_K514R,prM_R151K,NS3_A120T,C_V26M,E_T478S,NS5_I687V,NS5_S429G,NS1_K174R,NS2A_V109A,NS4B_Q22E,NS5_A865T,NS5_E501G,NS2A_M136I,E_M340T,NS1_F178V,NS3_R186K,NS5_R649K,NS4B_A19T,NS5_I717V,prM_S15G,E_V308I,E_V91I,C_I106V,NS3_K61R,C_V112A,NS5_S523G,NS3_T399A,C_S101T)	10171
hDenV2/Colombia/CUN-UEB-16/2016	DENV2	III	2III_D.3	EPI_ISL_20288906	2016-09	South America / Colombia / Cundinamarca	Human			unknown	unknown	unknown			Original	Plasma		(NS2A_N139S,NS5_I637A,NS5_Y247H,NS3_R549K,NS5_I135T,prM_M135I,NS3_R561K,NS5_R749K,NS5_E558K,E_N203D,NS3_K142R,NS3_I140V,NS5_A19T,NS1_T265A,NS4B_P23S,NS4B_D156E,NS3_V567I,NS4A_D23N,C_K9R,NS1_D281E,NS1_I212M,E_I322V,NS5_A196T,NS5_T811A,NS1_N222S,NS3_K28R,E_R120T,NS2A_T189S,NS4B_V175I,prM_T162A,NS5_L670I,E_M6I,NS1_I264T,NS1_K172R,NS3_L115T,NS4B_F112L,NS2A_T115A,NS2A_L153S,prM_M39I,NS5_S225T,NS5_V156I,NS4A_R76K,NS4A_R12K,E_V491A,C_N10S,NS2A_V174A,E_I484V,NS5_I836V,NS2B_L109V,NS4A_T59A,NS3_M13V,NS3_I333M,NS5_V628I,NS1_L247F,NS2A_T104A,NS3_R248K,NS5_I5T,NS5_R246K,NS5_S763T,NS4A_R39K,NS2A_V5I,prM_M83T,NS5_K514R,NS5_K437R,NS3_A120T,C_V26M,E_T478S,NS5_I687V,NS5_S429G,NS1_K174R,NS2A_V109A,NS4B_Q22E,NS5_A865T,NS5_E501G,C_M104V,E_M340T,NS2A_M136I,NS1_F178V,NS3_R186K,NS5_R649K,NS4B_A19T,NS5_I717V,prM_S15G,E_V308I,E_V91I,C_I106V,NS3_K61R,C_V112A,NS5_S523G,NS3_T399A,C_S101T)	10171
hDenV2/Colombia/HUI-UEB-26/2011	DENV2	III	2III_D.3	EPI_ISL_20288907	2011-09	South America / Colombia / Huila	Human			unknown	unknown	unknown			Original	Plasma		(NS2A_N139S,NS5_I637A,NS5_Y247H,NS3_R549K,NS5_I135T,prM_M135I,NS3_R561K,NS5_R749K,NS5_E558K,E_N203D,NS3_I140V,NS3_K142R,NS5_A19T,NS1_T265A,NS4B_P23S,NS4B_D156E,NS3_V567I,NS4A_D23N,C_K9R,NS1_D281E,NS1_I212M,NS5_A196T,NS5_T811A,NS1_N222S,NS3_K28R,E_R120T,NS2A_T189S,NS5_I27T,NS4B_V175I,prM_T162A,NS5_L670I,E_M6I,NS1_I264T,NS1_K172R,NS3_L115T,NS4B_F112L,NS2A_T115A,prM_M39I,NS2A_L153S,NS5_S225T,NS5_V156I,NS4A_R76K,NS4A_R12K,E_V491A,C_N10S,NS2A_V174A,E_I484V,NS5_I836V,NS2B_L109V,NS4A_T59A,NS3_M13V,NS3_I333M,NS5_V628I,NS1_L247F,NS2A_T104A,NS3_R248K,NS5_I5T,NS5_R246K,NS5_S763T,NS2A_V5I,prM_M83T,NS5_K514R,NS5_K437R,C_V26M,E_T478S,NS5_I687V,NS5_S429G,NS1_K174R,NS2A_V109A,NS4B_Q22E,NS5_A865T,NS5_E501G,C_M104V,NS2A_M136I,E_M340T,NS1_F178V,NS3_R186K,NS5_R649K,NS4B_A19T,prM_V120A,NS5_I717V,prM_S15G,E_V308I,E_V91I,C_I106V,NS3_K61R,C_V112A,NS5_S523G,NS3_T399A,C_S101T)	10171
hDenV2/Colombia/VID-UEB-2/2023	DENV2	III	2III_D.2	EPI_ISL_20288908	2023-04	South America / Colombia / Vichada	Human			unknown	unknown	unknown			Original	Plasma		(NS5_I637A,NS5_Y247H,NS3_R549K,NS5_I135T,prM_M135I,NS3_R561K,NS5_R749K,NS4B_T20S,E_T359I,NS5_E558K,E_N203D,C_K17R,NS3_I140V,NS3_K142R,NS1_T265A,NS4B_D156E,NS3_V567I,NS4A_D23N,C_K9R,NS1_D281E,NS1_I212M,NS5_T811A,NS5_A196T,NS1_N222S,E_R120T,NS4B_V175I,NS5_I271T,prM_T162A,NS5_L670I,E_M6I,NS1_K172R,NS1_I264T,NS4B_F112L,NS2A_L153S,prM_M39I,NS5_K375R,NS5_S225T,NS2A_V109T,NS5_V156I,NS1_D278V,NS4A_R76K,NS5_P829L,E_V491A,NS1_V177A,NS4B_K11R,C_N10S,NS2A_V174A,E_I484V,NS3_L115I,NS5_I836V,NS2B_L109V,NS3_M13V,NS3_I333M,NS2A_Q162R,NS5_V628I,NS4B_A137T,NS1_L247F,NS2A_T104A,NS3_R248K,NS4A_I93V,NS5_R246K,NS4B_I18V,NS5_S763T,NS2A_V5I,prM_M83T,NS5_K514R,NS2B_M28I,NS3_A120T,E_T478S,NS5_S429G,NS1_I93T,E_I170T,NS4B_Q22E,NS5_A865T,NS1_V220I,NS5_E444D,NS5_E501G,C_M104V,NS2A_H2L,E_M340T,NS2A_M136I,NS2A_T189A,NS3_R186K,E_V324I,NS4B_A19T,E_I462V,NS5_I717V,E_V308I,E_V91I,prM_S15G,NS3_K61R,C_V112A,NS5_S523G,NS3_T399A,C_S101T)	10171
hDenV2/Colombia/VID-UEB-3/2023	DENV2	III	2III_D.2	EPI_ISL_20288909	2023-04	South America / Colombia / Vichada	Human			unknown	unknown	unknown			Original	Plasma		(NS5_I637A,NS5_Y247H,NS3_R549K,NS5_I135T,prM_M135I,NS3_R561K,NS5_R749K,NS4B_T20S,E_T359I,NS5_E558K,E_N203D,C_K17R,NS3_I140V,NS3_K142R,NS4B_D156E,NS3_V567I,NS4A_D23N,C_K9R,NS1_D281E,NS5_T811A,NS5_A196T,NS1_N222S,E_R120T,NS4B_V175I,NS5_I271T,prM_T162A,NS5_L670I,E_M6I,NS4B_F112L,prM_M39I,NS2A_L153S,NS5_K375R,NS5_S225T,NS2A_V109T,NS5_V156I,NS4A_R76K,NS5_P829L,E_V491A,NS4B_K11R,C_N10S,NS2A_V174A,E_I484V,NS3_L115I,NS5_I836V,NS2B_L109V,NS3_M13V,NS3_I333M,NS2A_Q162R,NS5_V628I,NS4B_A137T,NS2A_T104A,NS3_R248K,NS4A_I93V,NS5_R246K,NS4B_I18V,NS5_S763T,NS2A_V5I,prM_M83T,NS5_K514R,NS2B_M28I,NS3_A120T,E_T478S,NS5_S429G,E_I170T,NS1_I93T,NS4B_Q22E,NS5_A865T,NS5_E501G,NS5_E444D,C_M104V,NS2A_H2L,NS2A_M136I,E_M340T,NS2A_T189A,NS3_R186K,E_V324I,NS4B_A19T,E_I462V,NS5_I717V,E_V308I,E_V91I,prM_S15G,NS3_K61R,C_V112A,NS5_S523G,NS3_T399A,C_S101T)	10171
hDenV2/Colombia/VID-UEB-8/2023	DENV2	III	2III_D.2	EPI_ISL_20288910	2023-04	South America / Colombia / Vichada	Human			unknown	unknown	unknown			Original	Plasma		(NS2A_N139S,NS5_I637A,NS5_Y247H,NS3_R549K,NS5_I135T,prM_M135I,NS3_R561K,NS5_R749K,E_T359I,NS5_E558K,E_N203D,NS3_K142R,NS3_I140V,NS4B_P23S,NS4B_D156E,NS3_V567I,NS4A_D23N,C_K9R,NS1_D281E,NS5_A196T,NS3_K28R,E_R120T,NS5_I271V,NS4B_V175I,prM_T162A,NS5_L670I,E_M6I,NS2A_V174T,NS2B_I26T,NS4B_F112L,prM_M39I,NS2A_L153S,NS5_K375R,NS5_S225T,NS2A_V109T,NS5_V156I,NS4A_R76K,NS1_E83D,E_V491A,NS4B_K11R,C_N10S,E_I484V,NS3_L115I,NS5_I836V,NS2B_L109V,NS3_M13V,NS3_I333M,NS2A_Q162R,NS5_V628I,NS2A_V41L,NS2A_T104A,NS3_R248K,NS4A_I93V,NS5_R246K,NS5_S763T,NS2A_V5I,prM_M83T,NS5_K514R,NS5_K388E,NS3_A120T,E_T478S,NS5_I687V,NS5_S429G,NS1_I93T,NS4B_Q22E,NS5_A865T,NS5_E501G,C_M104V,NS5_A648T,NS2A_M136I,E_M340T,NS2A_T189A,NS3_R186K,E_V324I,NS4B_A19T,E_I462V,NS5_I717V,prM_S15G,E_V91I,E_V308I,NS3_K61R,C_V112A,NS5_S523G,NS3_T399A,C_S101T)	10171
hDenV2/Colombia/CUN-UEB-72/2014	DENV2	III	2III_D.3	EPI_ISL_20288935	2014-07	South America / Colombia / Cundinamarca	Human			unknown	unknown	unknown			Original	Plasma		(NS2A_N139S,NS5_I637A,NS5_Y247H,NS3_R549K,NS5_I135T,prM_M135I,NS3_R561K,NS5_R749K,NS5_E558K,E_N203D,NS3_I140V,NS3_K142R,NS5_A19T,NS1_T265A,NS4B_D156E,NS4B_P23S,NS3_V567I,NS4A_D23N,C_K9R,NS1_I212M,NS1_D281E,NS5_T811A,NS5_A196T,NS1_N222S,NS3_K28R,E_R120T,NS2A_T189S,NS4B_V175I,prM_T162A,NS5_L670I,E_M6I,NS1_K172R,NS1_I264T,NS3_L115T,NS4B_F112L,NS2A_T115A,NS2A_L153S,prM_M39I,NS5_S225T,NS5_V156I,NS4A_R76K,NS4A_R12K,C_N10S,NS2A_V174A,E_I484V,NS5_I836V,NS2B_L109V,NS2A_R55K,NS4A_T59A,NS3_M13V,NS3_I333M,NS5_V628I,NS1_L247F,NS2A_T104A,NS3_R248K,NS5_I5T,NS5_R246K,NS5_S763T,NS2A_V5I,prM_M83T,NS5_K514R,NS5_K437R,NS3_A120T,C_V26M,E_T478S,NS5_I687V,NS5_S429G,NS1_K174R,NS2A_V109A,NS4B_Q22E,NS5_A865T,NS5_I691T,NS5_E501G,C_M104V,E_M340T,NS2A_M136I,NS1_F178V,NS3_R186K,NS5_R649K,NS4B_A19T,NS5_I717V,prM_S15G,E_V91I,E_V308I,NS3_K61R,C_V112A,NS5_S523G,NS3_T399A,C_S101T)	10171
hDenV2/Colombia/VAC-LSPVAC-20251113-14756/2025	DENV2	II	2II_F.1.1.2	EPI_ISL_20298509	2025-10-14	South America / Colombia / Valle del Cauca / Calima El Darien	Human			Male	17	Live			Original			(NS5_I637A,NS5_R430G,NS5_I135T,NS5_T176I,NS2B_K60R,NS5_Q644K,prM_M135I,E_Q52H,NS4B_T244A,NS5_V335I,E_V129I,NS3_I140V,NS1_T265A,NS4A_D23N,C_K9R,NS1_D281E,NS2B_L21F,prM_K52N,NS1_N222S,E_R120T,NS5_I271V,prM_T162A,prM_D29N,E_M6I,NS1_I264T,NS1_Q131H,NS1_Q175H,NS4B_F112L,NS3_V395T,NS5_K800T,NS4A_R76K,NS3_K15R,E_I484V,prM_A152I,prM_T82A,prM_H148Y,NS3_M13V,NS3_I333M,NS1_L247I,NS1_S80T,NS2B_D63E,NS5_I5T,NS3_V273I,NS2A_V5I,NS2A_I171A,prM_M83T,E_N390S,NS1_T117A,NS5_S15N,NS3_A120T,NS3_A160T,NS4B_L13F,E_T478S,prM_I127V,NS5_R98K,NS5_I687V,NS5_T290I,NS1_K174R,E_H149N,NS5_A865T,NS1_S128L,E_E71A,NS5_M70L,NS4B_V115I,C_L108M,NS2A_M136I,NS2B_V59I,NS3_R186K,NS3_I461V,NS1_F178S,NS4B_A19T,NS5_G605V,NS5_S676N,prM_V120A,E_I462V,C_M104I,NS4B_V48I,NS5_K570R,NS1_K272R,NS4A_I89V,C_S101T)	10512
hDenV2/Colombia/VAC-LSPVAC-1020-13708/2025	DENV2	II	2II_F.1.1.2	EPI_ISL_20332074	2025-10-17	South America / Colombia / Valle del Cauca / Cali	Human			Male	10	Hospitalized			Original			(NS5_I637A,NS5_R430G,NS5_T176I,NS5_I135T,NS2B_K60R,NS5_Q644K,prM_M135I,E_Q52H,NS4B_T244A,NS5_V335I,E_V129I,NS3_I140V,NS1_T265A,NS4A_D23N,C_K9R,NS1_D281E,NS2B_L21F,prM_K52N,NS1_N222S,E_R120T,NS5_I271V,prM_T162A,E_M6I,prM_D29N,NS1_I264T,NS1_Q131H,NS1_Q175H,NS4B_F112L,NS5_K800T,NS4A_R76K,NS3_K15R,E_I484V,prM_A152I,prM_T82A,prM_H148Y,NS3_M13V,NS3_I333M,NS1_L247I,NS1_S80T,NS2B_D63E,NS5_I5T,NS3_V273I,NS2A_I171A,NS2A_V5I,prM_M83T,E_N390S,NS1_T117A,NS5_S15N,NS3_A120T,NS3_V395I,NS3_A160T,E_T478S,prM_I127V,NS5_I687V,NS5_R98K,NS5_T290I,NS1_K174R,NS2A_V109A,E_H149N,NS5_A865T,NS1_S128L,E_E71A,NS5_M70L,NS4B_V115I,C_L108M,NS2A_M136I,NS2B_V59I,NS3_R186K,NS3_I461V,NS1_F178S,NS4B_A19T,NS5_G605V,NS5_S676N,prM_V120A,E_I462V,C_M104I,NS4B_V48I,NS5_K570R,NS1_K272R,NS4A_I89V,C_S101T)	10512
hDenV2/Colombia/VAC-LSPVAC-1024-13846/2025	DENV2	II	2II_F.1.1.2	EPI_ISL_20332076	2025-10-22	South America / Colombia / Valle del Cauca / Cali	Human			Male	22	Live			Original			(NS5_I637A,NS5_R430G,NS5_T176I,NS5_I135T,NS2B_K60R,NS5_Q644K,prM_M135I,E_Q52H,NS4B_T244A,NS5_V335I,E_V129I,NS1_T265A,NS4A_D23N,C_K9R,NS1_D281E,NS2B_L21F,prM_K52N,NS1_N222S,E_R120T,NS5_I271V,prM_T162A,prM_D29N,E_M6I,NS1_I264T,NS1_Q175H,NS1_Q131H,NS4B_F112L,NS5_K800T,NS4A_R76K,NS3_K15R,E_I484V,prM_A152I,prM_T82A,prM_H148Y,NS3_M13V,NS3_I333M,NS1_L247I,NS1_S80T,NS2B_D63E,NS5_I5T,NS3_V273I,NS2A_V5I,NS2A_I171A,prM_M83T,E_N390S,NS1_T117A,NS5_S15N,NS3_V395I,E_T478S,prM_I127V,NS5_R98K,NS5_I687V,NS5_T290I,NS1_K174R,NS2A_V109A,E_H149N,NS5_A865T,NS1_S128L,E_E71A,NS5_M70L,NS4B_V115I,C_L108M,NS2A_M136I,NS2B_V59I,NS3_R186K,NS3_I461V,NS1_F178S,NS4B_A19T,NS5_S676N,NS5_G605V,prM_V120A,E_I462V,C_M104I,NS4B_V48I,NS5_K570R,NS1_K272R,NS4A_I89V,C_S101T)	10512
hDenV2/Colombia/VAC-LSPVAC-1024-13848/2025	DENV2	II	2II_F.1.1.2	EPI_ISL_20332077	2025-10-24	South America / Colombia / Valle del Cauca / Dagua	Human			Male	39	Live			Original			(NS5_I637A,NS5_R430G,NS5_T176I,NS5_I135T,NS2B_K60R,NS5_Q644K,prM_M135I,E_Q52H,NS4B_T244A,NS5_V335I,E_V129I,NS3_I140V,NS1_T265A,NS4A_D23N,C_K9R,NS2B_L21F,NS1_D281E,prM_K52N,NS1_N222S,E_R120T,NS5_I271V,prM_T162A,prM_D29N,E_M6I,NS1_I264T,NS1_Q175H,NS1_Q131H,NS4B_F112L,NS5_K800T,NS4A_R76K,NS3_K15R,E_D192N,E_I484V,prM_A152I,prM_T82A,prM_H148Y,NS3_M13V,NS3_I333M,NS1_L247I,NS1_S80T,NS2B_D63E,NS5_I5T,NS5_K861R,NS3_V273I,NS2A_I171A,NS2A_V5I,prM_M83T,E_N390S,NS1_T117A,NS5_S15N,NS3_A120T,NS3_V395I,NS3_A160T,NS4B_L13F,E_T478S,prM_I127V,NS5_R98K,NS5_I687V,NS5_T290I,NS1_K174R,NS2A_V109A,E_H149N,NS5_A865T,NS1_S128L,E_E71A,NS5_M70L,NS4B_V115I,C_L108M,NS2A_M136I,NS2B_V59I,NS3_I461V,NS3_R186K,NS1_F178S,NS4B_A19T,NS5_G605V,NS5_S676N,prM_V120A,E_I462V,C_M104I,NS4B_V48I,NS5_K570R,NS1_K272R,NS4A_I89V,C_S101T)	10512
hDenV2/Colombia/un-FUAA-AFI009674/2019	DENV2	III	2III_D.2	EPI_ISL_3358972	2019-09	South America / Colombia	Human			unknown	unknown	unknown			unknown	Blood		(NS5_I637A,NS5_Y247H,NS3_R549K,NS5_I135T,prM_M135I,NS3_R561K,NS5_R749K,E_T359I,NS5_E558K,C_K17R,E_N203D,NS3_I140V,NS3_K142R,NS1_T265A,NS4B_D156E,NS3_V567I,NS4A_D23N,C_K9R,NS1_D281E,NS1_I212M,NS5_T811A,NS5_A196T,NS1_N222S,NS3_K28R,E_R120T,NS4B_V175I,prM_T162A,NS5_L670I,E_M6I,NS1_I264T,NS1_K172R,NS4B_F112L,NS2A_L153S,prM_M39I,NS5_K375R,NS5_S225T,NS2A_V109T,NS5_V156I,NS4A_R76K,E_V491A,C_N10S,E_I484V,NS3_L115I,NS1_Q47L,NS5_I836V,NS2B_L109V,E_I432T,NS3_M13V,NS3_I333M,NS2A_Q162R,NS5_V628I,NS1_L247F,NS2A_T104A,NS3_R248K,NS4A_I93V,NS5_R246K,NS5_S763T,NS2A_V5I,prM_M83T,E_V365I,NS5_K514R,E_T486I,NS3_A120T,E_T478S,NS5_S429G,NS1_I93T,E_I170T,NS4B_Q22E,NS5_A865T,NS5_E501G,C_M104V,NS2A_H2L,E_M340T,NS2A_M136I,NS2A_T189A,NS3_R186K,E_V324I,NS4B_A19T,E_I462V,NS5_I717V,E_V308I,E_V91I,prM_S15G,NS3_K61R,C_V112A,NS5_S523G,NS3_T399A,C_S101T)	10694
hDenV2/Colombia/SAN-UR-F14102011/2014	DENV2	III	2III_D.2	EPI_ISL_715218	2014-11	South America / Colombia / Santander / Piedecuesta	Human			unknown	unknown	unknown			Original	Other: Cell supernatant		(E_Q131H,E_M340T,E_T359I,E_V491A,E_N203D,E_I484V,E_V91I,E_V308I,E_R120T,E_T478S,E_M6I)	1485
hDenV2/Colombia/SAN-UR-LV141242/2010	DENV2	III	2III_D.2	EPI_ISL_715220	2010-09	South America / Colombia / Santander / Piedecuesta	Human			unknown	unknown	unknown			Original	Other: Cell supernatant		(E_M340T,E_T359I,E_N203D,E_V491A,E_I462V,E_I484V,E_V308I,E_V91I,E_R120T,E_T478S,E_M6I)	1485
hDenV2/Colombia/SAN-UR-P204100028/2015	DENV2	III	2III_D.3	EPI_ISL_715223	2015-03	South America / Colombia / Santander / Giron	Human			unknown	unknown	unknown			Original	Other: Cell supernatant		(E_M340T,E_V12E,E_N203D,E_V491A,E_I484V,E_V91I,E_V308I,E_R120T,E_T478S,E_S331F,E_M6I)	1485
hDenV2/Colombia/SAN-UR-P201080038/2014	DENV2	III	2III_D.2	EPI_ISL_715227	2014-09	South America / Colombia / Santander / Bucaramanga	Human			unknown	unknown	unknown			Original	Other: Cell supernatant		(E_L198R,E_M6A,E_M340T,E_S168R,E_N8Y,E_V491A,E_N203D,E_V12L,E_S16L,E_I462V,E_I484V,E_V91I,E_V308I,E_I23S,E_R120T,E_Q200H,E_T478S,E_L216P,E_K88R)	1485
hDenV2/Colombia/SAN-UR-01363/2001	DENV2	III	2III_D.2	EPI_ISL_715229	2001-12	South America / Colombia / Santander / Bucaramanga	Human			unknown	unknown	unknown			Original	Other: Cell supernatant		(E_M340T,E_N203D,E_V491A,E_I462V,E_I484V,E_V308I,E_V91I,E_R120T,E_T478S,E_M6I)	1485
hDenV2/Colombia/SAN-UR-00325/2000	DENV2	III	2III_D.3	EPI_ISL_715230	2000-08	South America / Colombia / Santander / Bucaramanga	Human			unknown	unknown	unknown			Original	Other: Cell supernatant		(E_M340T,E_V491A,E_N203D,E_I484V,E_V91I,E_V308I,E_R120T,E_T478S,E_M6I)	1485
hDenV2/Colombia/SAN-UR-98020/1998	DENV2	III	2III_D.2	EPI_ISL_715231	1998-04	South America / Colombia / Santander / Bucaramanga	Human			unknown	unknown	unknown			Original	Other: Cell supernatant		(E_M340T,E_N203D,E_I462V,E_I484V,E_V308I,E_V91I,E_R120T,E_T478S,E_M6I)	1485
hDenV2/Colombia/SAN-UR-G025/2003	DENV2	III	2III_D.2	EPI_ISL_715233	2003-05	South America / Colombia / Santander / Area Metropolitana	Human			unknown	unknown	unknown			Original	Other: Cell supernatant		(E_G156R,E_G28R,E_M340T,E_S19R,E_V491A,E_N203D,E_I462V,E_I484V,E_V91I,E_V308I,E_R120T,E_T478S,E_K88R,E_M6I)	1485
hDenV2/Colombia/SAN-UR-P200120378/2015	DENV2	III	2III_D.3	EPI_ISL_715526	2015-10	South America / Colombia / Valle del Cauca / Buga	Human			unknown	unknown	unknown			Original	Other: Cell supernatant		(E_M340T,E_N203D,E_V491A,E_I484V,E_V91I,E_V308I,E_R120T,E_T478S,E_M6I)	1485
hDenV2/Colombia/SAN-UR-07040/2007	DENV2	III	2III_D.2	EPI_ISL_715528	2007-02	South America / Colombia / Santander / San Gil	Human			unknown	unknown	unknown			Original	Other: Cell supernatant		(E_M340T,E_T359I,E_V324I,E_V491A,E_N203D,E_I484V,E_I462V,E_V308I,E_V91I,E_R120T,E_T478S,E_M6I)	1485
hDenV2/Colombia/SAN-UR-F15050329/2015	DENV2	III	2III_D.2	EPI_ISL_715529	2015-03	South America / Colombia / Santander / Piedecuesta	Human			unknown	unknown	unknown			Original	Other: Cell supernatant		(E_M340T,E_T359I,E_V491A,E_N203D,E_I462V,E_I484V,E_T404N,E_V91I,E_V308I,E_M201I,E_R120T,E_T478S,E_M6I,E_G78R)	1485
hDenV2/Colombia/SAN-UR-F15020239/2015	DENV2	III	2III_D.2	EPI_ISL_715530	2015-03	South America / Colombia / Santander / Piedecuesta	Human			unknown	unknown	unknown			Original	Other: Cell supernatant		(E_L82I,E_W206C,E_M340T,E_Q494H,E_K160E,E_T359I,E_V491A,E_N203D,E_A447V,E_M196I,E_I484V,E_I462V,E_V91I,E_V308I,E_C74R,E_R120T,E_T478S,E_M6I)	1485
hDenV2/Colombia/SAN-UR-F15070429/2015	DENV2	III	2III_D.2	EPI_ISL_715531	2015-02	South America / Colombia / Santander / Piedecuesta	Human			unknown	unknown	unknown			Original	Other: Cell supernatant		(E_M340T,E_T359I,E_N203D,E_V491A,E_I484V,E_I462V,E_V91I,E_V308I,E_T32M,E_R120T,E_T478S,E_M6I,E_I4L)	1485
hDenV2/Colombia/SAN-UR-F14110114/2014	DENV2	III	2III_D.2	EPI_ISL_715532	2014-11	South America / Colombia / Santander / Piedecuesta	Human			unknown	unknown	unknown			Original	Other: Cell supernatant		(E_D215N,E_M340T,E_G28E,E_T359I,E_V491A,E_N203D,E_I462V,E_I484V,E_V308I,E_V91I,E_R120T,E_T478S,E_M6I)	1485
hDenV2/Colombia/SAN-UR-F14102012/2014	DENV2	III	2III_D.2	EPI_ISL_715533	2014-11	South America / Colombia / Santander / Piedecuesta	Human			unknown	unknown	unknown			Original	Other: Cell supernatant		(E_M340T,E_T359I,E_V491A,E_N203D,E_I484V,E_I462V,E_V308I,E_V91I,E_D329E,E_R120T,E_T478S,E_M6I)	1485
hDenV2/Colombia/SAN-UR-F14080014/2014	DENV2	III	2III_D.2	EPI_ISL_715534	2014-09	South America / Colombia / Santander / Piedecuesta	Human			unknown	unknown	unknown			Original	Other: Cell supernatant		(E_M340T,E_E148Q,E_T359I,E_V491A,E_N203D,E_I484V,E_T404N,E_I462V,E_V91I,E_V308I,E_R120T,E_T478S,E_M6I)	1485
hDenV2/Colombia/SAN-UR-F14122077/2014	DENV2	III	2III_D.2	EPI_ISL_715535	2014-01	South America / Colombia / Santander / Piedecuesta	Human			unknown	unknown	unknown			Original	Other: Cell supernatant		(E_M340T,E_T359I,E_N203D,E_V491A,E_T404N,E_I462V,E_I484V,E_V91I,E_V308I,E_M201I,E_R120T,E_T478S,E_M6I)	1485
hDenV2/Colombia/SAN-UR-OC314/2006	DENV2	III	2III_D.2	EPI_ISL_715537	2006-04	South America / Colombia / Santander / Ocana	Human			unknown	unknown	unknown			Original	Other: Cell supernatant		(E_M340T,E_T359I,E_N203D,E_V491A,E_I462V,E_I484V,E_V91I,E_V308I,E_R120T,E_T478S,E_M6I)	1485
hDenV2/Colombia/SAN-UR-LV353/2004	DENV2	III	2III_D.2	EPI_ISL_715538	2004-03	South America / Colombia / Santander / Ocana	Human			unknown	unknown	unknown			Original	Other: Cell supernatant		(E_M340T,E_V491A,E_N203D,E_I484V,E_I462V,E_V308I,E_V91I,E_R120T,E_T478S,E_K88R,E_M6I)	1485
hDenV2/Colombia/SAN-UR-P204100046/2015	DENV2	III	2III_D.3	EPI_ISL_715539	2015-05	South America / Colombia / Santander / Giron	Human			unknown	unknown	unknown			Original	Other: Cell supernatant		(E_M340T,E_V477M,E_V491A,E_N203D,E_I484V,E_V308I,E_V91I,E_R120T,E_T478S,E_S331F,E_M6I)	1485
hDenV2/Colombia/SAN-UR-P204100030/2015	DENV2	III	2III_D.3	EPI_ISL_715540	2015-01	South America / Colombia / Santander / Giron	Human			unknown	unknown	unknown			Original	Other: Cell supernatant		(E_G275R,E_M340T,E_C92R,E_N203D,E_V491A,E_I484V,E_V308I,E_V91I,E_R120T,E_T478S,E_M6I)	1485
hDenV2/Colombia/SAN-UR-P204100021/2014	DENV2	III	2III_D.3	EPI_ISL_715541	2014-01	South America / Colombia / Santander / Giron	Human			unknown	unknown	unknown			Original	Other: Cell supernatant		(E_M340T,E_N203D,E_V491A,E_I484V,E_V91I,E_V308I,E_R120T,E_T478S,E_S331F,E_M6I)	1485
hDenV2/Colombia/SAN-UR-LV11113714/2010	DENV2	III	2III_D.2	EPI_ISL_715543	2010-10	South America / Colombia / Santander / Floridablanca	Human			unknown	unknown	unknown			Original	Other: Cell supernatant		(E_I457N,E_M340T,E_S424P,E_A419T,E_T359I,E_V324I,E_V451D,E_N203D,E_V491A,E_I484V,E_I462V,E_A369T,E_V308I,E_V91I,E_R120T,E_T478S,E_F448S,E_M6I)	1485
hDenV2/Colombia/SAN-UR-07282/2007	DENV2	III	2III_D.2	EPI_ISL_715546	2007-08	South America / Colombia / Santander / Floridablanca	Human			unknown	unknown	unknown			Original	Other: Cell supernatant		(E_M340T,E_T359I,E_V491A,E_N203D,E_I462V,E_I484V,E_C302R,E_V91I,E_V308I,E_R120T,E_T478S,E_M6I)	1485
hDenV2/Colombia/SAN-UR-OC053/2005	DENV2	III	2III_D.2	EPI_ISL_715547	2005-06	South America / Colombia / Santander / Floridablanca	Human			unknown	unknown	unknown			Original	Other: Cell supernatant		(E_M340T,E_N203D,E_V491A,E_I462V,E_I484V,E_V308I,E_V91I,E_R120T,E_T478S,E_M6I)	1485
hDenV2/Colombia/SAN-UR-P201080044/2014	DENV2	III	2III_D.2	EPI_ISL_715548	2014-07	South America / Colombia / Santander / Bucaramanga	Human			unknown	unknown	unknown			Original	Other: Cell supernatant		(E_M340T,E_G490A,E_T359I,E_N203D,E_V491A,E_I484V,E_I462V,E_V308I,E_V91I,E_R120T,E_T478S,E_M6I)	1485
hDenV2/Colombia/SAN-UR-01270/2001	DENV2	III	2III_D.3	EPI_ISL_715549	2001-11	South America / Colombia / Santander / Bucaramanga	Human			unknown	unknown	unknown			Original	Other: Cell supernatant		(E_M340T,E_N203D,E_V491A,E_I484V,E_V308I,E_V91I,E_R120T,E_T478S,E_M6I)	1485
hDenV2/Colombia/SAN-UR-01220/2001	DENV2	III	2III_D.3	EPI_ISL_715550	2001-10	South America / Colombia / Santander / Bucaramanga	Human			unknown	unknown	unknown			Original	Other: Cell supernatant		(E_M340T,E_N203D,E_V491A,E_I484V,E_V308I,E_V91I,E_R120T,E_T478S,E_M6I)	1485
hDenV2/Colombia/SAN-UR-98218/1998	DENV2	III	2III	EPI_ISL_715551	1998-10	South America / Colombia / Santander / Bucaramanga	Human			unknown	unknown	unknown			Original	Other: Cell supernatant		(E_L41M,E_M340T,E_V491A,E_N203D,E_I484V,E_V91I,E_V308I,E_R120T,E_T478S,E_M6I)	1485
hDenV2/Colombia/SAN-UR-98205/1998	DENV2	III	2III	EPI_ISL_715552	1998-09	South America / Colombia / Santander / Bucaramanga	Human			unknown	unknown	unknown			Original	Other: Cell supernatant		(E_L41M,E_M340T,E_V491A,E_N203D,E_V480A,E_E195D,E_I484V,E_V91I,E_V308I,E_R120T,E_T478S,E_M6I)	1485
hDenV2/Colombia/SAN-UR-08017/2008	DENV2	III	2III_D.2	EPI_ISL_715553	2008-03	South America / Colombia / Santander / Barrancabermeja	Human			unknown	unknown	unknown			Original	Other: Cell supernatant		(E_M340T,E_V491A,E_N203D,E_I484V,E_I462V,E_V91I,E_V308I,E_R120T,E_T478S,E_M6I)	1485
hDenV2/Colombia/SAN-UR-04080/2004	DENV2	III	2III_D.3	EPI_ISL_715554	2004-07	South America / Colombia / Santander	Human			unknown	unknown	unknown			Original	Other: Cell supernatant		(E_M340T,E_N203D,E_V491A,E_I484V,E_V308I,E_V91I,E_R120T,E_T478S,E_M6I,E_F402L)	1485
hDenV2/Colombia/UC-MS129_657/2016	DENV2	III	2III_D.2	EPI_ISL_808146	2016-02-08	South America / Colombia / Norte de Santander / Villa Del Rosario	Human			unknown	unknown	unknown			Original	Serum		(E_M340T,E_T359I,E_N203D,E_I462V,E_V308I,E_R120T,E_T478S)	1178
hDenV2/Colombia/UC-MS108_658/2016	DENV2	III	2III_D.2	EPI_ISL_808147	2016-01-19	South America / Colombia / Norte de Santander / Villa Del Rosario	Human			unknown	unknown	unknown			Original	Serum		(E_M340T,E_V365I,E_T359I,E_V324I,E_N203D,E_I462V,E_V308I,E_V91I,E_R120T,E_T478S,E_I170T)	1178
hDenV2/Colombia/UC-MS106_659/2016	DENV2	III	2III_D.2	EPI_ISL_808148	2016-01-14	South America / Colombia / Norte de Santander / Villa Del Rosario	Human			unknown	unknown	unknown			Original	Serum		(E_M340T,E_T359I,E_N203D,E_I462V,E_V91I,E_V308I,E_R120T,E_T478S)	1178
hDenV2/Colombia/UC-MS77_660/2015	DENV2	III	2III_D.2	EPI_ISL_808149	2015-12-14	South America / Colombia / Norte de Santander / Villa Del Rosario	Human			unknown	unknown	unknown			Original	Serum		(E_M340T,E_V365I,E_T359I,E_V324I,E_N203D,E_I462V,E_V308I,E_V91I,E_R120T,E_T478S,E_I170T)	1178
hDenV2/Colombia/UC-MS46_661/2015	DENV2	III	2III_D.2	EPI_ISL_808150	2015-10-29	South America / Colombia / Norte de Santander / Villa Del Rosario	Human			unknown	unknown	unknown			Original	Serum		(E_M340T,E_V365I,E_V324I,E_T359I,E_N203D,E_I462V,E_V91I,E_V308I,E_R120T,E_T478S,E_I170T)	1178
hDenV2/Colombia/UC-MS32_662/2015	DENV2	III	2III_D.2	EPI_ISL_808151	2015-10-13	South America / Colombia / Norte de Santander / Villa Del Rosario	Human			unknown	unknown	unknown			Original	Serum		(E_M340T,E_T359I,E_N203D,E_I462V,E_V308I,E_R120T,E_T478S)	1178
hDenV2/Colombia/UC-MS11_663/2015	DENV2	III	2III_D.2	EPI_ISL_808152	2015-09-15	South America / Colombia / Norte de Santander / Villa Del Rosario	Human			unknown	unknown	unknown			Original	Serum		(E_M340T,E_T359I,E_N203D,E_I462V,E_V308I,E_R120T,E_T478S)	1178
