Virus name	Serotype	Genotype	Lineage	Accession ID	Collection date	Location	Host	Additional location information	Sampling strategy	Gender	Patient age	Patient status	Vaccination history	Last vaccination date	Passage	Specimen	Additional host information	AA Substitutions	Sequence Length
hDenV1/Colombia/un-OUCRU-101/2013	DENV1	V	1V_D	EPI_ISL_17410860	2013	South America / Colombia	Human			unknown	unknown	unknown			Original			(E_I114L,E_S225L,E_K203E,E_S339T,E_T88A,E_I436V,E_I439V,prM_T59A,E_I293T,prM_K122R,prM_E72D,E_A369T,E_T161I,E_D37N)	1983
hDenV1/Colombia/un-OUCRU-102/2013	DENV1	V	1V_D	EPI_ISL_17410861	2013	South America / Colombia	Human			unknown	unknown	unknown			Original			(E_I114L,E_K203E,E_S225L,E_T88A,E_S339T,E_I436V,E_I439V,prM_T59A,E_I293T,prM_E72D,prM_K122R,E_A369T,E_T161I,E_D37N)	1983
hDenV1/Colombia/un-OUCRU-103/2013	DENV1	V	1V_D.1	EPI_ISL_17410862	2013	South America / Colombia	Human			unknown	unknown	unknown			Original			(E_I114L,prM_G115S,E_K203E,E_T88A,E_S339T,E_I436V,prM_A29V,E_I439V,prM_T59A,E_I293T,prM_E72D,prM_K122R,E_T454I,E_A369T,E_T161I,E_D37N)	1983
hDenV1/Colombia/un-OUCRU-104/2013	DENV1	V	1V_D.1	EPI_ISL_17410863	2013	South America / Colombia	Human			unknown	unknown	unknown			Original			(E_I114L,prM_G115S,E_K203E,E_S339T,E_T88A,E_I436V,prM_A29V,E_I439V,prM_T59A,E_Y132H,E_I293T,prM_E72D,prM_K122R,E_T454I,E_A369T,E_T161I,E_D37N,prM_V135L)	1983
hDenV1/Colombia/un-OUCRU-1/2013	DENV1	V	1V_F	EPI_ISL_17410864	2013	South America / Colombia	Human			unknown	unknown	unknown			Original			(E_I114L,E_K203E,E_S339T,E_T88A,E_I436V,E_I439V,prM_T59A,prM_L138F,E_I293T,prM_E72D,prM_K122R,E_A369T,E_T161I,E_D37N,prM_I37L)	1983
hDenV1/Colombia/un-OUCRU-10122/2013	DENV1	V	1V_D.1	EPI_ISL_17410866	2013	South America / Colombia	Human			unknown	unknown	unknown			Original			(E_I114L,prM_G115S,E_K203E,E_T88A,E_S339T,E_I436V,E_I439V,prM_T59A,E_I293T,prM_K122R,prM_E72D,E_T454I,E_A369T,E_T161I,E_D37N)	1821
hDenV1/Colombia/un-OUCRU-10123/2012	DENV1	V	1V_D	EPI_ISL_17410867	2012	South America / Colombia	Human			unknown	unknown	unknown			Original			(E_I114L,E_K203E,E_S339T,E_T88A,E_I436V,E_I439V,prM_T59A,E_I293T,prM_K122R,prM_E72D,E_A369T,E_T161I,E_D37N)	1983
hDenV1/Colombia/un-OUCRU-10124/2013	DENV1	V	1V_D.1.2	EPI_ISL_17410868	2013	South America / Colombia	Human			unknown	unknown	unknown			Original			(E_I114L,E_K203E,E_S339T,E_T88A,E_I436V,E_V55I,E_I439V,prM_T59A,E_I293T,prM_E72D,prM_K122R,E_A369T,E_T161I,E_D37N,E_S338L)	1983
hDenV1/Colombia/un-OUCRU-10125/2013	DENV1	V	1V_D	EPI_ISL_17410869	2013	South America / Colombia	Human			unknown	unknown	unknown			Original			(E_I114L,E_K203E,E_S339T,E_T88A,E_I436V,E_I439V,prM_T59A,E_I293T,prM_K122R,prM_E72D,E_A369T,E_T161I,E_D37N)	1983
hDenV1/Colombia/un-OUCRU-10126/2013	DENV1	V	1V_D	EPI_ISL_17410870	2013	South America / Colombia	Human			unknown	unknown	unknown			Original			(E_I114L,E_K203E,E_S339T,E_T88A,E_I436V,E_I439V,prM_T59A,E_I293T,prM_K122R,prM_E72D,E_A369T,E_T161I,E_D37N)	1983
hDenV1/Colombia/un-OUCRU-10128/2013	DENV1	V	1V_F	EPI_ISL_17410871	2013	South America / Colombia	Human			unknown	unknown	unknown			Original			(E_I114L,E_K203E,E_S339T,E_T88A,E_I436V,E_I439V,prM_T59A,prM_L138F,E_I293T,prM_K122R,prM_E72D,E_A369T,E_T161I,E_N8S,E_D37N)	1983
hDenV1/Colombia/un-OUCRU-101210/2013	DENV1	V	1V_D	EPI_ISL_17410873	2013	South America / Colombia	Human			unknown	unknown	unknown			Original			(E_I114L,E_K203E,E_S339T,E_T88A,E_I436V,E_I439V,prM_T59A,E_I293T,prM_K122R,prM_E72D,E_A369T,E_T161I,E_D37N)	1983
hDenV1/Colombia/un-OUCRU-101212/2013	DENV1	V	1V_D.1.2	EPI_ISL_17410875	2013	South America / Colombia	Human			unknown	unknown	unknown			Original			(E_I114L,E_K203E,E_S339T,E_T88A,E_I436V,E_V55I,E_I439V,prM_T59A,E_I293T,prM_E72D,prM_K122R,E_A369T,E_T161I,E_N8S,E_D37N,E_S338L)	1983
hDenV1/Colombia/un-OUCRU-101216/2013	DENV1	V	1V_F	EPI_ISL_17410879	2013	South America / Colombia	Human			unknown	unknown	unknown			Original			(E_I114L,E_K203E,E_S339T,E_T88A,E_I436V,E_I439V,prM_T59A,prM_L138F,E_I293T,prM_E72D,prM_K122R,E_A369T,E_T161I,E_D37N,prM_I37L)	1983
hDenV1/Colombia/un-OUCRU-101218/2013	DENV1	V	1V_D	EPI_ISL_17410881	2013	South America / Colombia	Human			unknown	unknown	unknown			Original			(E_I114L,E_K203E,E_S339T,E_T88A,E_I436V,E_I439V,prM_T59A,E_I293T,prM_E72D,prM_K122R,E_A369T,E_T161I,E_D37N)	1983
hDenV1/Colombia/un-OUCRU-101219/2013	DENV1	V	1V_D.1	EPI_ISL_17410882	2013	South America / Colombia	Human			unknown	unknown	unknown			Original			(E_I114L,prM_G115S,E_K203E,E_S339T,E_T88A,E_I436V,prM_A29V,E_I439V,prM_T59A,E_I293T,prM_K122R,prM_E72D,E_T454I,E_A369T,E_T161I,E_D37N)	1983
hDenV1/Colombia/un-OUCRU-101220/2013	DENV1	V	1V_D	EPI_ISL_17410883	2013	South America / Colombia	Human			unknown	unknown	unknown			Original			(E_I114L,E_K203E,E_S339T,E_T88A,E_I436V,E_I439V,prM_T59A,E_I293T,prM_E72D,prM_K122R,E_A369T,E_T161I,E_D37N)	1983
hDenV1/Colombia/un-OUCRU-101221/2013	DENV1	V	1V_D.1	EPI_ISL_17410884	2013	South America / Colombia	Human			unknown	unknown	unknown			Original			(E_I114L,prM_G115S,E_K203E,E_S339T,E_T88A,E_I436V,E_I439V,prM_T59A,E_I293T,prM_E72D,prM_K122R,E_T454I,E_A369T,E_T161I,E_D37N)	1983
hDenV1/Colombia/un-OUCRU-101223/2013	DENV1	V	1V_D.2	EPI_ISL_17410886	2013	South America / Colombia	Human			unknown	unknown	unknown			Original			(E_I114L,E_K203E,E_T88A,E_I436V,E_I439V,prM_L138F,E_I293T,prM_K122R,E_A369T,E_T161I,E_D37N,E_S339I)	1665
hDenV1/Colombia/un-OUCRU-101224/2011	DENV1	V	1V_F	EPI_ISL_17410887	2011	South America / Colombia	Human			unknown	unknown	unknown			Original			(E_I114L,prM_T83N,E_K203E,E_S339T,E_T88A,E_I436V,E_Q271R,E_I439V,prM_T59A,E_I293T,prM_E72D,prM_K122R,E_A369T,E_T161I,E_M289I,E_D37N)	1983
hDenV1/Colombia/un-OUCRU-101225/2013	DENV1	V	1V_D.2	EPI_ISL_17410888	2013	South America / Colombia	Human			unknown	unknown	unknown			Original			(E_I114L,E_K203E,E_T88A,E_S339T,E_I436V,E_I439V,prM_T59A,E_I293T,prM_K122R,prM_E72D,E_A369T,E_T161I,E_D37N)	1983
hDenV1/Colombia/un-OUCRU-101226/2012	DENV1	V	1V_D	EPI_ISL_17410889	2012	South America / Colombia	Human			unknown	unknown	unknown			Original			(E_I114L,E_K203E,E_S339T,E_T88A,E_I436V,E_I439V,prM_T59A,E_I293T,prM_K122R,prM_E72D,E_A369T,E_T161I,E_D37N)	1983
hDenV1/Colombia/un-OUCRU-101227/2013	DENV1	V	1V_D.2	EPI_ISL_17410890	2013	South America / Colombia	Human			unknown	unknown	unknown			Original			(E_I114L,E_K203E,E_S339T,E_T88A,E_I436V,E_I439V,prM_T59A,E_I293T,prM_K122R,prM_E72D,E_A369T,E_T161I,E_D37N)	1983
hDenV1/Colombia/un-OUCRU-101228/2013	DENV1	V	1V_D	EPI_ISL_17410891	2013	South America / Colombia	Human			unknown	unknown	unknown			Original			(E_I114L,E_K203E,E_S339T,E_T88A,E_I436V,E_I439V,prM_T59A,E_I293T,prM_K122R,prM_E72D,E_A369T,E_T161I,E_D37N)	1983
hDenV1/Colombia/un-OUCRU-101229/2013	DENV1	V	1V_D.2	EPI_ISL_17410892	2013	South America / Colombia	Human			unknown	unknown	unknown			Original			(E_I114L,E_K203E,E_T88A,E_I436V,E_I439V,E_I293T,prM_K122R,E_A369T,E_T161I,E_D37N,E_S339I)	1665
hDenV1/Colombia/un-OUCRU-101230/2013	DENV1	V	1V_B	EPI_ISL_17410893	2013	South America / Colombia	Human			unknown	unknown	unknown			Original			(E_I114L,E_I293A,E_K203E,E_T88A,E_S339T,E_M297T,E_I436V,prM_Q17H,E_I439V,prM_T59A,prM_K122R,prM_E72D,E_T454I,E_A369T,E_T161I,E_D37N)	1983
hDenV1/Colombia/un-OUCRU-101253/2013	DENV1	V	1V_D.1	EPI_ISL_17410894	2013	South America / Colombia	Human			unknown	unknown	unknown			Original			(E_I114L,prM_G115S,E_K203E,E_T88A,E_S339T,E_I436V,prM_A29V,E_I439V,prM_T59A,E_I293T,prM_K122R,prM_E72D,E_T454I,E_A369T,E_T161I,E_D37N)	1983
hDenV1/Colombia/un-OUCRU-101232/2013	DENV1	V	1V_F	EPI_ISL_17410895	2013	South America / Colombia	Human			unknown	unknown	unknown			Original			(E_I114L,prM_T83N,E_K203E,E_T88A,E_S339T,E_I436V,E_I439V,prM_T59A,prM_L138F,E_I293T,prM_E72D,prM_K122R,E_A369T,E_T161I,E_D37N,prM_D89E)	1983
hDenV1/Colombia/un-OUCRU-101234/2013	DENV1	V	1V_D	EPI_ISL_17410897	2013	South America / Colombia	Human			unknown	unknown	unknown			Original			(E_I114L,E_S225L,E_K203E,E_T88A,E_S339T,E_I436V,E_I439V,prM_T59A,E_I293T,prM_K122R,prM_E72D,E_A369T,E_T161I,E_D37N)	1983
hDenV1/Colombia/un-OUCRU-101245/2013	DENV1	V	1V_D.1	EPI_ISL_17410898	2013	South America / Colombia	Human			unknown	unknown	unknown			Original			(E_I114L,prM_G115S,E_K203E,E_T88A,E_S339T,E_I436V,prM_A29V,E_I439V,prM_T59A,E_I293T,prM_K122R,prM_E72D,E_T454I,E_A369T,E_T161I,E_D37N)	1983
hDenV1/Colombia/un-OUCRU-101235/2013	DENV1	V	1V_D.1	EPI_ISL_17410899	2013	South America / Colombia	Human			unknown	unknown	unknown			Original			(E_I114L,prM_G115S,E_K203E,E_T88A,E_S339T,E_I436V,prM_A29V,E_I439V,prM_T59A,E_I293T,prM_K122R,prM_E72D,E_T454I,E_A369T,E_T161I,E_D37N)	1983
hDenV1/Colombia/un-OUCRU-101236/2013	DENV1	V	1V_F	EPI_ISL_17410900	2013	South America / Colombia	Human			unknown	unknown	unknown			Original			(E_I114L,E_K203E,E_T88A,E_S339T,E_I436V,E_I439V,prM_T59A,prM_L138F,E_I293T,prM_K122R,prM_E72D,E_A369T,E_T161I,E_D37N)	1983
hDenV1/Colombia/SAN-UIS-0000041/2010	DENV1	V	1V	EPI_ISL_17434686	2010	South America / Colombia / Santander	Human			unknown	unknown	unknown			Original			(E_I114L,E_K203E,E_S339T,E_T88A,E_I436V,E_I439V,E_I293T,E_A369T,E_T161I,E_D37N)	1485
hDenV1/Colombia/SAN-UIS-0000040/2009	DENV1	V	1V	EPI_ISL_17434687	2009	South America / Colombia / Santander	Human			unknown	unknown	unknown			Original			(E_I114L,E_K203E,E_Q248R,E_T88A,E_S339T,E_I436V,E_I439V,E_I293T,E_A369T,E_T161I,E_D37N)	1485
hDenV1/Colombia/SAN-UIS-0000034/2014	DENV1	V	1V_D.1	EPI_ISL_17434692	2014	South America / Colombia / Santander	Human			unknown	unknown	unknown			Original			(E_I114L,E_K203E,E_Q248R,E_E249V,E_T88A,E_S339T,E_I436V,E_G274E,E_I439V,E_I293T,E_T454I,E_A369T,E_T161I,E_F240L,E_D37N)	1485
hDenV1/Colombia/SAN-UIS-0000043/2009	DENV1	V	1V	EPI_ISL_17434695	2009	South America / Colombia / Santander	Human			unknown	unknown	unknown			Original			(E_I114L,E_K203E,E_T88A,E_S339T,E_I436V,E_V482I,E_I439V,E_I293T,E_A369T,E_T161I,E_D37N)	1485
hDenV1/Colombia/SAN-UIS-0000054/2016	DENV1	V	1V_D.2	EPI_ISL_17434696	2016	South America / Colombia / Santander	Human			unknown	unknown	unknown			Original			(E_I114L,E_K203E,E_S339T,E_T88A,E_I436V,E_I439V,E_I293T,E_A369T,E_T161I,E_D37N)	1485
hDenV1/Colombia/SAN-UIS-0000055/2015	DENV1	V	1V_D.1	EPI_ISL_17434697	2015	South America / Colombia / Santander	Human			unknown	unknown	unknown			Original			(E_I114L,E_K203E,E_S339T,E_T88A,E_I457V,E_I436V,E_I439V,E_S222W,E_I293T,E_A369T,E_T161I,E_D37N)	1485
hDenV1/Colombia/SAN-UIS-0000052/2010	DENV1	V	1V	EPI_ISL_17434700	2010	South America / Colombia / Santander	Human			unknown	unknown	unknown			Original			(E_I114L,E_K203E,E_T88A,E_S339T,E_I436V,E_I439V,E_I293T,E_A369T,E_T161I,E_D37N)	1485
hDenV1/Colombia/SAN-UIS-0000051/2016	DENV1	V	1V_D.1	EPI_ISL_17434702	2016	South America / Colombia / Santander	Human			unknown	unknown	unknown			Original			(E_I114L,E_K203E,E_T88A,E_S339T,E_I457V,E_I436V,E_I439V,E_I293T,E_A369T,E_T161I,E_D37N)	1485
hDenV1/Colombia/SAN-UIS-0000046/2009	DENV1	V	1V	EPI_ISL_17434704	2009	South America / Colombia / Santander	Human			unknown	unknown	unknown			Original			(E_I114L,E_K203E,E_S339T,E_T88A,E_M34I,E_I436V,E_I439V,E_I293T,E_A369T,E_T161I,E_D37N,E_Q248H)	1485
hDenV1/Colombia/SAN-UIS-0000047/2016	DENV1	V	1V_D.1	EPI_ISL_17434705	2016	South America / Colombia / Santander	Human			unknown	unknown	unknown			Original			(E_I114L,E_K203E,E_T88A,E_S339T,E_I457V,E_I436V,E_I439V,E_I293T,E_A369T,E_T161I,E_D37N)	1485
hDenV1/Colombia/SAN-UIS-0000048/2014	DENV1	V/V	1V_D.1/1V	EPI_ISL_17434706	2014	South America / Colombia / Santander	Human			unknown	unknown	unknown			Original			(E_I114L,E_K203E,E_S339T,E_T88A,E_I436V,E_I439V,E_I293T,E_T454I,E_A369T,E_T161I,E_D37N,E_A243V)	1485
hDenV1/Colombia/SAN-UIS-0000056/2013	DENV1	V	1V_D.1	EPI_ISL_17434707	2013	South America / Colombia / Santander	Human			unknown	unknown	unknown			Original			(E_I114L,E_K203E,E_L387W,E_S339T,E_T88A,E_I457V,E_I436V,E_I439V,E_I293T,E_A369T,E_T161I,E_D37N)	1485
hDenV1/Colombia/SAN-UIS-0000031/2016	DENV1	V	1V_D.1	EPI_ISL_17434708	2016	South America / Colombia / Santander	Human			unknown	unknown	unknown			Original			(E_I114L,E_V250M,E_K203E,E_S339T,E_T88A,E_I457V,E_I436V,E_I439V,E_I293T,E_A369T,E_T161I,E_D37N)	1485
hDenV1/Colombia/SAN-UIS-0000028/2013	DENV1	V	1V_D.1	EPI_ISL_17434709	2013	South America / Colombia / Santander	Human			unknown	unknown	unknown			Original			(E_G258R,E_I114L,E_E269R,E_T88A,E_L264V,E_S255T,E_T268D,E_M260N,E_I439V,E_Q256T,E_A259S,E_I293T,E_T262H,E_T161I,E_G266W,E_K203E,E_S339T,E_I436V,E_T265D,E_A267G,E_A263C,E_E257G,E_A369T,E_I270N,E_D37N,E_H261A)	1485
hDenV1/Colombia/SAN-UIS-0000029/2010	DENV1	V	1V	EPI_ISL_17434710	2010	South America / Colombia / Santander	Human			unknown	unknown	unknown			Original			(E_I114L,E_K203E,E_T88A,E_S339T,E_I436V,E_I439V,E_I293T,E_A369T,E_T161I,E_D37N,E_T230P)	1485
hDenV1/Colombia/SAN-UIS-0000059/2016	DENV1	V	1V_D.1	EPI_ISL_17434711	2016	South America / Colombia / Santander	Human			unknown	unknown	unknown			Original			(E_I114L,E_K203E,E_T88A,E_S339T,E_I457V,E_I436V,E_I439V,E_I293T,E_A369T,E_E249G,E_T161I,E_D37N,E_S171A)	1485
hDenV1/Colombia/SAN-UIS-0000058/2000	DENV1	V	1V	EPI_ISL_17434712	2000	South America / Colombia / Santander	Human			unknown	unknown	unknown			Original			(E_I114L,E_K203E,E_T88A,E_S339T,E_I436V,E_I439V,E_I293T,E_A369T,E_T161I,E_D37N)	1485
hDenV1/Colombia/SAN-UIS-0000057/2014	DENV1	V	1V_D.1	EPI_ISL_17434713	2014	South America / Colombia / Santander	Human			unknown	unknown	unknown			Original			(E_I114L,E_Q256R,E_K203E,E_Q248R,E_V250I,E_T88A,E_S339T,E_K247N,E_I436V,E_V251I,E_I439V,E_I293T,E_E249K,E_T454I,E_A369T,E_T161I,E_D37N)	1485
hDenV1/Colombia/SAN-UIS-0000005/2015	DENV1	V	1V_D.1	EPI_ISL_17434716	2015	South America / Colombia / Santander	Human			unknown	unknown	unknown			Original			(E_I114L,E_I425M,E_K203E,E_S339T,E_T88A,E_I436V,E_I439V,E_I293T,E_A369T,E_T161I,E_D37N)	1485
hDenV1/Colombia/SAN-UIS-0000007/2015	DENV1	V	1V_D.1	EPI_ISL_17434718	2015	South America / Colombia / Santander	Human			unknown	unknown	unknown			Original			(E_I114L,E_K203E,E_A382V,E_T88A,E_S339T,E_I436V,E_I439V,E_I293T,E_T454I,E_A369T,E_T161I,E_D37N)	1485
hDenV1/Colombia/SAN-UIS-0000008/2014	DENV1	V	1V_D.1	EPI_ISL_17434719	2014	South America / Colombia / Santander	Human			unknown	unknown	unknown			Original			(E_I114L,E_K203E,E_S339T,E_T88A,E_I457V,E_I436V,E_I439V,E_I293T,E_A369T,E_T161I,E_D37N)	1485
hDenV1/Colombia/SAN-UIS-0000009/2010	DENV1	V	1V	EPI_ISL_17434720	2010	South America / Colombia / Santander	Human			unknown	unknown	unknown			Original			(E_I114L,E_K203E,E_I278F,E_S339T,E_T88A,E_I436V,E_I439V,E_I293T,E_A369T,E_T161I,E_D37N,E_T242S)	1485
hDenV1/Colombia/SAN-UIS-0000030/2010	DENV1	V	1V_D.1	EPI_ISL_17434721	2010	South America / Colombia / Santander	Human			unknown	unknown	unknown			Original			(E_I114L,E_K203E,E_S339T,E_T88A,E_I457V,E_I436V,E_I439V,E_I293T,E_A369T,E_T161I,E_D37N)	1485
hDenV1/Colombia/SAN-UIS-0000012/2010	DENV1	V	1V_D.1	EPI_ISL_17434723	2010	South America / Colombia / Santander	Human			unknown	unknown	unknown			Original			(E_I114L,E_K203E,E_T88A,E_S339T,E_I457V,E_I436V,E_I439V,E_I293T,E_A369T,E_T161I,E_D37N,E_K128E)	1485
hDenV1/Colombia/SAN-UIS-0000013/2010	DENV1	V	1V_D.1	EPI_ISL_17434724	2010	South America / Colombia / Santander	Human			unknown	unknown	unknown			Original			(E_I114L,E_K203E,E_S339T,E_T88A,E_I457V,E_I436V,E_I439V,E_I293T,E_A369T,E_T161I,E_D37N)	1485
hDenV1/Colombia/SAN-UIS-0000014/2016	DENV1	V	1V_D.1	EPI_ISL_17434725	2016	South America / Colombia / Santander	Human			unknown	unknown	unknown			Original			(E_I114L,E_K203E,E_T88A,E_S339T,E_I457V,E_I436V,E_I439V,E_I293T,E_A369T,E_T161I,E_D37N)	1485
hDenV1/Colombia/SAN-UIS-0000015/2016	DENV1	V	1V_D.1	EPI_ISL_17434726	2016	South America / Colombia / Santander	Human			unknown	unknown	unknown			Original			(E_I114L,E_K203E,E_G254R,E_V250L,E_S339T,E_T88A,E_I457V,E_I436V,E_I439V,E_I293T,E_A369T,E_T161I,E_D37N)	1485
hDenV1/Colombia/SAN-UIS-0000016/2015	DENV1	V	1V_D.1	EPI_ISL_17434727	2015	South America / Colombia / Santander	Human			unknown	unknown	unknown			Original			(E_I114L,E_K203E,E_S339T,E_T88A,E_I436V,E_I439V,E_I293T,E_T454I,E_A369T,E_T161I,E_D37N)	1485
hDenV1/Colombia/SAN-UIS-0000017/2015	DENV1	V	1V_D.1	EPI_ISL_17434728	2015	South America / Colombia / Santander	Human			unknown	unknown	unknown			Original			(E_I114L,E_K203E,E_Q248P,E_S339T,E_T88A,E_I436V,E_I439V,E_I293T,E_T454I,E_A369T,E_T161I,E_D37N)	1485
hDenV1/Colombia/SAN-UIS-0000018/2016	DENV1	V	1V_F	EPI_ISL_17434729	2016	South America / Colombia / Santander	Human			unknown	unknown	unknown			Original			(E_I114L,E_K203E,E_T88A,E_S339T,E_I436V,E_I439V,E_I293T,E_A369T,E_T161I,E_D37N,E_T430S)	1485
hDenV1/Colombia/SAN-UIS-0000019/2016	DENV1	V	1V_D.2	EPI_ISL_17434730	2016	South America / Colombia / Santander	Human			unknown	unknown	unknown			Original			(E_I114L,E_K203E,E_I436L,E_T88A,E_S339T,E_I439V,E_I293T,E_A369T,E_T161I,E_D37N,E_A443V)	1485
hDenV1/Colombia/SAN-UIS-0000020/2010	DENV1	V	1V	EPI_ISL_17434731	2010	South America / Colombia / Santander	Human			unknown	unknown	unknown			Original			(E_I114L,E_K203E,E_T88A,E_S339T,E_I436V,E_I439V,E_I293T,E_A369T,E_T161I,E_D37N)	1485
hDenV1/Colombia/SAN-UIS-0000011/2009	DENV1	V	1V	EPI_ISL_17434733	2009	South America / Colombia / Santander	Human			unknown	unknown	unknown			Original			(E_I114L,E_K203E,E_S339T,E_T88A,E_I436V,E_I439V,E_I293T,E_A369T,E_T161I,E_D37N)	1485
hDenV1/Colombia/SAN-UIS-0000050/2009	DENV1	V	1V	EPI_ISL_17434734	2009	South America / Colombia / Santander	Human			unknown	unknown	unknown			Original			(E_I114L,E_K203E,E_T88A,E_S339T,E_I436V,E_I439V,E_I293T,E_A369T,E_T161I,E_D37N)	1485
hDenV1/Colombia/un-BROAD-0000007/2005	DENV1	V	1V	EPI_ISL_17436834	2005	South America / Colombia	Human			unknown	unknown	unknown			Original	Serum		(NS2B_I106V,E_T88A,NS5_F881Y,NS2A_K67R,E_I439V,NS1_S94N,NS3_R185K,NS4B_I48V,E_I293T,prM_K122R,NS1_I224T,NS2A_L199F,NS2A_R82K,NS5_A370T,E_T161I,NS2A_D139E,NS3_K255R,NS2A_L12I,NS2A_T44I,NS5_S629L,NS5_Y127H,E_S339T,NS3_I520V,NS4B_H24Q,E_I436V,NS4A_Q19L,NS2A_S142P,NS4A_R76K,prM_T59A,NS2A_I54T,NS1_T307I,NS2A_I171V,NS2A_A147T,NS2A_V106I,NS2B_E63Q,NS1_K347R,NS3_V384I,C_N90S,NS1_V128T,E_I114L,NS1_V178M,NS4B_A18V,NS1_N139D,NS5_K364R,NS4B_H17Y,NS3_A91T,prM_A143V,NS2A_I15V,NS3_I474V,NS5_T651A,prM_E72D,NS3_A112T,NS2A_M168T,NS1_K324R,NS5_K647E,NS5_D834E,NS5_D785E,C_V26G,C_G70S,NS4B_A27T,NS5_A616V,E_K203E,NS1_N146G,NS1_V93A,NS5_T135M,NS5_R378K,NS2B_V11I,NS4B_H34R,NS4A_I89T,E_A369T,NS3_E43D,NS3_V221I,E_D37N,NS2A_F159L,NS5_I34M,NS2A_H162D)	10447
hDenV1/Colombia/NSA-BROAD-0000019/2006	DENV1	V	1V	EPI_ISL_17436846	2006	South America / Colombia / Norte de Santander	Human			unknown	unknown	unknown			Original	Other: Cell supernatant		(NS2B_I106V,NS3_S88L,E_T88A,NS1_V128I,NS5_F881Y,NS2A_K67R,E_I439V,NS1_S94N,NS1_T131A,NS3_R185K,NS4B_I48V,E_I293T,prM_K122R,NS1_I224T,NS2A_R82K,NS2A_L199F,NS5_A370T,E_T161I,NS2A_D139E,NS3_K255R,NS2A_L12I,NS2A_T44I,NS5_S629L,NS5_Y127H,E_S339T,NS4B_H24Q,E_I436V,NS4A_Q19L,NS2A_S142P,NS4A_R76K,prM_T59A,NS2A_I54T,NS1_T307I,NS2A_I171V,NS2A_A147T,NS2A_V106I,NS2B_E63Q,NS1_K347R,NS3_V384I,C_N90S,E_I114L,NS1_V178M,NS1_N139D,NS5_K364R,NS4B_H17Y,NS3_A91T,NS2A_I15V,NS3_I474V,NS5_T651A,prM_E72D,NS3_A112T,NS2A_M168T,NS1_K324R,NS5_K647E,NS5_D834E,NS5_D785E,C_G70S,NS4B_A27T,NS5_A616V,E_K203E,NS1_N146G,NS1_V93A,NS5_T135M,NS5_R378K,NS2B_V11I,NS4B_H34R,NS4A_I89T,E_A369T,NS3_E43D,NS3_V221I,E_D37N,NS2A_F159L,NS5_I34M,NS2A_H162D)	10486
hDenV1/Colombia/NSA-BROAD-0000020/2006	DENV1	V	1V	EPI_ISL_17436847	2006	South America / Colombia / Norte de Santander	Human			unknown	unknown	unknown			Original	Other: Cell supernatant		(NS2B_I106V,NS3_S88L,E_T88A,NS1_V128I,NS5_F881Y,NS2A_K67R,E_I439V,NS1_S94N,NS1_T131A,NS3_R185K,NS4B_I48V,E_I293T,prM_K122R,NS1_I224T,NS2A_R82K,NS2A_L199F,NS5_A370T,E_T161I,NS2A_D139E,NS3_K255R,NS2A_L12I,NS2A_T44I,NS5_S629L,NS5_Y127H,E_S339T,NS4B_H24Q,E_I436V,NS4A_Q19L,NS2A_S142P,NS4A_R76K,prM_T59A,NS2A_I54T,NS1_T307I,NS2A_A147T,NS2A_I171V,NS2A_V106I,NS2B_E63Q,NS1_K347R,NS3_V384I,C_N90S,E_I114L,NS1_V178M,NS1_N139D,NS5_K364R,NS4B_H17Y,NS3_A91T,NS2A_I15V,NS3_I474V,NS5_T651A,prM_E72D,NS3_A112T,NS2A_M168T,NS1_K324R,NS5_K647E,NS5_D834E,NS5_D785E,C_G70S,NS4B_A27T,NS5_A616V,E_K203E,NS1_N146G,NS1_V93A,NS5_R378K,NS5_T135M,NS2B_V11I,NS4B_H34R,NS4A_I89T,E_A369T,NS3_E43D,NS3_V221I,E_D37N,NS2A_F159L,NS5_I34M,NS2A_H162D)	10690
hDenV1/Colombia/un-BROAD-0000003/1998	DENV1	V	1V	EPI_ISL_17436848	1998	South America / Colombia	Human			unknown	unknown	unknown			Original	Serum		(NS2B_I106V,E_T88A,NS5_N153S,NS1_V128I,NS5_F881Y,NS2A_K67R,E_I439V,NS1_S94N,NS3_R185K,NS4B_I48V,prM_L138F,E_I293T,prM_K122R,NS1_I224T,NS2A_L199F,NS2A_R82K,NS5_A370T,E_T161I,NS2A_D139E,NS3_K255R,NS2A_L12I,NS2A_T44I,NS5_S629L,NS5_Y127H,E_S339T,NS4B_H24Q,E_I436V,NS4A_Q19L,NS2A_S142P,NS4A_R76K,prM_T59A,NS1_T307I,NS2A_A147T,NS2A_I171V,NS2A_V106I,NS2B_E63Q,NS1_K347R,NS3_V384I,C_N90S,E_I114L,NS1_V178M,NS4B_A18V,NS1_N139D,NS5_K364R,NS4B_H17Y,NS3_A91T,NS2A_I15V,NS3_I474V,NS5_T651A,prM_E72D,NS3_A112T,NS2A_M168T,NS1_K324R,NS5_K647E,NS5_D834E,C_V26G,C_G70S,NS4B_A27T,NS5_A616V,E_K203E,NS1_N146G,NS1_V93A,NS5_R378K,NS5_T135M,NS2B_V11I,NS4B_H34R,NS4A_I89T,E_A369T,NS3_E43D,NS3_V221I,E_D37N,NS2A_F159L,NS5_I34M,NS2A_H162D)	10445
hDenV1/Colombia/un-BROAD-0000002/1998	DENV1	V	1V	EPI_ISL_17436849	1998	South America / Colombia	Human			unknown	unknown	unknown			Original	Serum		(NS2B_I106V,E_T88A,NS5_F881Y,NS2A_K67R,E_I439V,NS1_S94N,NS3_R185K,NS4B_I48V,E_I293T,prM_K122R,NS1_I224T,NS2A_R82K,NS2A_L199F,NS5_A370T,E_T161I,NS2A_D139E,NS3_K255R,NS2A_L12I,NS2A_T44I,NS5_S629L,NS5_Y127H,E_S339T,NS3_I520V,NS4B_H24Q,E_I436V,NS4A_Q19L,NS2A_S142P,NS4A_R76K,prM_T59A,NS2A_I54T,NS1_T307I,NS2A_A147T,NS2A_I171V,NS2A_V106I,NS2B_E63Q,NS1_K347R,NS3_V384I,C_N90S,NS1_V128T,E_I114L,NS1_V178M,NS4B_A18V,NS1_N139D,NS5_K364R,NS4B_H17Y,NS3_A91T,NS2A_I15V,prM_A143V,NS3_I474V,NS5_T651A,prM_E72D,NS3_A112T,NS2A_M168T,NS1_K324R,NS5_K647E,NS5_D834E,NS5_D785E,C_V26G,C_G70S,NS4B_A27T,NS5_A616V,E_K203E,NS1_N146G,NS1_V93A,NS5_R378K,NS5_T135M,NS2B_V11I,NS4B_H34R,NS4A_I89T,E_A369T,NS3_E43D,NS3_V221I,E_D37N,NS2A_F159L,NS5_I34M,NS2A_H162D)	10445
hDenV1/Colombia/SAN-BROAD-0000048/1998	DENV1	V	1V	EPI_ISL_17436875	1998	South America / Colombia / Santander	Human			unknown	unknown	unknown			Original	Other: Cell supernatant		(NS2B_I106V,E_T88A,NS1_V128I,NS5_F881Y,NS2A_K67R,E_I439V,NS1_S94N,NS3_R185K,NS4B_I48V,E_I293T,prM_K122R,NS1_I224T,NS2A_R82K,NS2A_L199F,NS5_A370T,E_T161I,NS2A_D139E,NS3_K255R,NS2A_L12I,NS2A_T44I,NS5_S629L,NS5_Y127H,E_S339T,NS4B_H24Q,E_I436V,NS4A_Q19L,NS2A_S142P,NS4A_R76K,prM_T59A,NS1_T307I,NS2A_I171V,NS2A_A147T,NS2A_V106I,NS2B_E63Q,NS1_K347R,NS3_V384I,C_N90S,E_I114L,NS1_V178M,NS4B_A18V,NS1_N139D,NS5_K364R,NS4B_H17Y,NS3_A91T,NS2A_I15V,NS3_I474V,NS5_T651A,prM_E72D,NS3_A112T,NS2A_M168T,NS1_K324R,NS5_K647E,NS5_D834E,C_V26G,C_G70S,NS4B_A27T,NS5_A616V,E_K203E,NS1_N146G,NS1_V93A,NS5_R378K,NS5_T135M,NS2B_V11I,NS4B_H34R,NS4A_I89T,E_A369T,NS3_E43D,NS5_V270E,NS3_V221I,E_D37N,NS2A_F159L,NS5_I34M,NS2A_H162D)	10690
hDenV1/Colombia/SAN-BROAD-0000053/2007	DENV1	V	1V	EPI_ISL_17436880	2007	South America / Colombia / Santander	Human			unknown	unknown	unknown			Original	Other: Cell supernatant		(NS2B_I106V,NS3_S88L,E_T88A,NS1_V128I,NS5_F881Y,NS2A_K67R,E_I439V,NS1_S94N,NS1_T131A,NS3_R185K,NS4B_I48V,E_I293T,prM_K122R,NS1_I224T,NS2A_R82K,NS2A_L199F,NS5_A370T,E_T161I,NS2A_D139E,NS3_K255R,NS2A_L12I,NS2A_T44I,NS5_S629L,NS5_Y127H,E_S339T,NS4B_H24Q,E_I436V,NS4A_Q19L,NS2A_S142P,NS4A_R76K,prM_T59A,NS2A_I54T,NS1_T307I,NS2A_I171V,NS2A_A147T,NS2A_V106I,NS2B_E63Q,NS1_K347R,NS3_V384I,C_N90S,E_I114L,NS1_V178M,NS1_N139D,NS5_K364R,NS4B_H17Y,NS3_A91T,NS2A_I15V,NS3_I474V,NS5_T651A,prM_E72D,NS3_A112T,NS2A_M168T,NS1_K324R,NS5_K647E,NS5_D834E,NS5_D785E,C_V26G,C_G70S,NS4B_A27T,NS5_A616V,E_K203E,NS1_N146G,NS1_V93A,NS5_T135M,NS5_R378K,NS2B_V11I,NS4B_H34R,NS4A_I89T,E_A369T,NS3_E43D,NS3_V221I,E_D37N,NS2A_F159L,NS5_I34M,NS2A_H162D)	10675
hDenV1/Colombia/SAN-BROAD-0000058/2001	DENV1	V	1V	EPI_ISL_17436885	2001	South America / Colombia / Santander	Human			unknown	unknown	unknown			Original	Other: Cell supernatant		(NS2B_I106V,E_T88A,NS1_V128I,NS5_F881Y,NS2A_K67R,E_I439V,NS1_S94N,NS3_R185K,NS4B_I48V,E_I293T,prM_K122R,NS1_I224T,NS2A_L199F,NS2A_R82K,NS5_A370T,E_T161I,NS2A_D139E,NS3_K255R,NS2A_L12I,NS2A_T44I,NS5_S629L,NS5_Y127H,E_S339T,NS4B_H24Q,E_I436V,NS4A_Q19L,NS2A_S142P,NS4A_R76K,prM_T59A,NS2A_V101I,NS1_T307I,NS2A_I171V,NS2A_A147T,NS2A_V106I,NS2B_E63Q,NS1_K347R,NS3_V384I,C_N90S,NS3_T115I,NS4A_V2I,E_I114L,NS5_I690T,NS1_V178M,NS4B_A18V,NS1_N139D,NS5_K364R,NS4B_H17Y,NS3_A91T,NS2A_I15V,NS3_I474V,NS5_T651A,prM_E72D,NS3_A112T,NS2A_M168T,NS1_K324R,NS5_K647E,NS5_D834E,C_V26G,C_G70S,NS4B_A27T,NS5_A616V,E_K203E,NS1_N146G,NS1_V93A,NS5_R378K,NS5_T135M,NS2B_V11I,NS4B_H34R,NS4A_I89T,E_A369T,NS3_E43D,NS3_V221I,E_D37N,NS2A_F159L,NS5_I34M,NS2A_H162D)	10627
hDenV1/Colombia/SAN-BROAD-0000060/1999	DENV1	V	1V	EPI_ISL_17436887	1999	South America / Colombia / Santander	Human			unknown	unknown	unknown			Original	Other: Cell supernatant		(NS2B_I106V,E_T88A,NS5_N153S,NS1_V128I,NS5_F881Y,NS2A_K67R,E_I439V,NS1_S94N,NS3_R185K,NS4B_I48V,prM_L138F,E_I293T,prM_K122R,NS1_I224T,NS2A_L199F,NS2A_R82K,NS5_A370T,E_T161I,NS2A_D139E,NS3_K255R,NS2A_L12I,NS2A_T44I,NS5_S629L,NS5_Y127H,E_S339T,NS5_N574T,NS4B_H24Q,E_I436V,NS4A_Q19L,NS2A_S142P,NS4A_R76K,prM_T59A,NS1_T307I,NS2A_A147T,NS2A_I171V,NS2A_V106I,NS2B_E63Q,NS1_K347R,NS3_V384I,C_N90S,E_I114L,NS1_V178M,NS4B_A18V,NS1_N139D,NS5_K364R,NS4B_H17Y,NS3_A91T,NS2A_I15V,NS3_I474V,NS5_T651A,prM_E72D,NS3_A112T,NS2A_M168T,NS1_K324R,NS5_K647E,NS5_D834E,C_V26G,C_G70S,NS4B_A27T,NS5_A616V,E_K203E,NS1_N146G,NS1_V93A,NS5_T135M,NS5_R378K,NS2B_V11I,NS4B_H34R,NS4A_I89T,E_A369T,NS3_E43D,NS3_V221I,E_D37N,NS2A_F159L,NS5_I34M,NS2A_H162D)	10673
hDenV1/Colombia/SAN-BROAD-0000046/2007	DENV1	V	1V	EPI_ISL_17436891	2007	South America / Colombia / Santander	Human			unknown	unknown	unknown			Original	Other: Cell supernatant		(NS2B_I106V,E_T88A,NS5_F881Y,NS2A_K67R,E_I439V,NS1_S94N,NS3_R185K,NS4B_I48V,E_I293T,prM_K122R,NS1_I224T,NS2A_L199F,NS2A_R82K,NS5_A370T,E_T161I,NS2A_D139E,NS3_K255R,NS2A_L12I,NS2A_T44I,NS5_S629L,NS5_Y127H,E_S339T,NS3_I520V,NS4B_H24Q,E_I436V,NS4A_Q19L,NS2A_S142P,NS4A_R76K,prM_T59A,NS2A_I54T,NS1_T307I,NS2A_A147T,NS2A_I171V,NS2A_V106I,NS2B_E63Q,NS1_K347R,NS3_V384I,C_N90S,NS1_V128T,E_I114L,NS1_V178M,NS4B_A18V,NS1_N139D,NS5_K364R,NS4B_H17Y,NS3_A91T,prM_A143V,NS2A_I15V,NS3_I474V,NS5_T651A,prM_E72D,E_T454I,NS3_A112T,NS2A_M168T,NS1_K324R,NS5_K647E,NS5_D834E,NS5_D785E,C_V26G,C_G70S,NS4B_A27T,NS5_A616V,E_K203E,NS1_N146G,NS1_V93A,NS5_R378K,NS5_T135M,NS2B_V11I,NS4B_H34R,NS4A_I89T,E_A369T,NS3_E43D,NS3_V221I,E_D37N,NS2A_F159L,NS5_I34M,NS2A_H162D)	10690
hDenV1/Colombia/NSA-BROAD-0000025/2006	DENV1	V	1V	EPI_ISL_17436895	2006	South America / Colombia / Norte de Santander	Human			unknown	unknown	unknown			Original	Other: Cell supernatant		(NS2B_I106V,NS3_S88L,E_T88A,NS1_V128I,NS5_F881Y,NS2A_K67R,E_I439V,NS1_T131A,NS1_S94N,NS3_R185K,NS4B_I48V,E_I293T,prM_K122R,NS1_I224T,NS2A_L199F,NS2A_R82K,NS5_A370T,E_T161I,NS2A_D139E,NS3_K255R,NS2A_L12I,NS2A_T44I,NS5_S629L,NS5_Y127H,E_S339T,NS4B_H24Q,E_I436V,NS4A_Q19L,NS2A_S142P,NS4A_R76K,prM_T59A,NS2A_I54T,NS1_T307I,NS2A_A147T,NS2A_I171V,NS2A_V106I,NS2B_E63Q,NS1_K347R,NS3_V384I,C_N90S,E_I114L,NS1_V178M,NS1_N139D,NS5_K364R,NS4B_H17Y,NS3_A91T,NS2A_I15V,NS3_I474V,NS5_T651A,prM_E72D,NS3_A112T,NS2A_M168T,NS1_K324R,NS5_K647E,NS5_A271P,NS5_D834E,NS5_D785E,C_V26G,C_G70S,NS4B_A27T,NS5_A616V,E_K203E,NS1_N146G,NS1_V93A,NS5_R378K,NS5_T135M,NS2B_V11I,NS4B_H34R,NS4A_I89T,E_A369T,NS3_E43D,NS3_V221I,E_D37N,NS2A_F159L,NS5_I34M,NS2A_H162D)	10661
hDenV1/Colombia/SAN-BROAD-0000029/2007	DENV1	V	1V	EPI_ISL_17436899	2007	South America / Colombia / Santander	Human			unknown	unknown	unknown			Original	Other: Cell supernatant		(NS2B_I106V,E_T88A,NS5_F881Y,NS2A_K67R,E_I439V,NS1_S94N,NS3_R185K,NS4B_I48V,E_I293T,prM_K122R,NS1_I224T,NS2A_L199F,NS2A_R82K,NS5_A370T,E_T161I,NS2A_D139E,NS3_K255R,NS2A_L12I,NS2A_T44I,NS5_S629L,NS5_Y127H,E_S339T,NS3_I520V,NS4B_H24Q,E_I436V,NS4A_Q19L,NS2A_S142P,NS4A_R76K,prM_T59A,NS2A_I54T,NS1_T307I,NS2A_I171V,NS2A_A147T,NS2A_V106I,NS2B_E63Q,NS1_K347R,NS3_V384I,C_N90S,NS1_V128T,E_I114L,NS1_V178M,NS4B_A18V,NS1_N139D,NS5_K364R,NS4B_H17Y,NS3_A91T,prM_A143V,NS2A_I15V,NS3_I474V,NS5_T651A,prM_E72D,NS3_A112T,NS2A_M168T,NS1_K324R,NS5_K647E,NS5_D834E,NS5_D785E,C_V26G,C_G70S,NS4B_A27T,NS5_A616V,E_K203E,NS1_N146G,NS1_V93A,NS5_R378K,NS5_T135M,NS2B_V11I,NS4B_H34R,NS4A_I89T,E_A369T,NS3_E43D,NS3_V221I,E_D37N,NS2A_F159L,NS5_I34M,NS2A_H162D)	10690
hDenV1/Colombia/SAN-BROAD-0000031/1998	DENV1	V	1V	EPI_ISL_17436901	1998	South America / Colombia / Santander	Human			unknown	unknown	unknown			Original	Other: Cell supernatant		(NS2B_I106V,E_T88A,NS1_V128I,NS5_F881Y,NS2A_K67R,E_I439V,NS1_S94N,NS3_R185K,NS4B_I48V,E_I293T,prM_K122R,NS1_I224T,NS2A_R82K,NS2A_L199F,NS5_A370T,E_T161I,NS2A_D139E,NS3_K255R,NS2A_L12I,NS2A_T44I,NS5_S629L,NS5_Y127H,E_S339T,NS5_L879I,NS4B_H24Q,E_I436V,NS4A_Q19L,NS2A_S142P,NS4A_R76K,prM_T59A,NS1_T307I,NS2A_I171V,NS2A_A147T,NS2A_V106I,NS2B_E63Q,NS1_K347R,NS3_V384I,C_N90S,E_I114L,NS1_V178M,NS4B_A18V,NS1_N139D,NS5_K364R,NS4B_H17Y,NS3_A91T,NS2A_I15V,NS3_I474V,NS5_T651A,prM_E72D,NS3_A112T,NS2A_M168T,NS1_K324R,NS5_K647E,NS5_D834E,C_V26G,C_G70S,NS4B_A27T,NS5_A616V,E_K203E,NS3_V72I,NS1_N146G,NS1_V93A,NS5_T135M,NS5_R378K,NS2B_V11I,NS4B_H34R,NS4A_I89T,E_A369T,NS3_E43D,NS5_V270E,NS3_V221I,E_D37N,NS2A_F159L,NS5_I34M,NS2A_H162D)	10690
hDenV1/Colombia/SAN-BROAD-0000032/2008	DENV1	V	1V_D.1	EPI_ISL_17436902	2008	South America / Colombia / Santander	Human			unknown	unknown	unknown			Original	Other: Cell supernatant		(NS2B_I106V,NS4A_R125K,E_T88A,NS5_F881Y,NS2A_K67R,E_I439V,NS1_S94N,NS5_T27I,NS3_R185K,NS4B_I48V,E_I293T,prM_K122R,NS1_I224T,NS2A_R82K,NS2A_L199F,NS5_A370T,E_T161I,NS2A_D139E,NS3_K255R,NS2A_L12I,NS1_S2L,NS2A_T44I,NS5_S629L,NS5_Y127H,E_S339T,NS4B_H24Q,E_I436V,NS4A_Q19L,NS2A_S142P,NS4A_R76K,prM_T59A,NS1_T307I,NS2A_I171V,NS2A_A147T,NS2A_V106I,NS2B_E63Q,NS1_K347R,NS3_V384I,C_N90S,NS4B_A20T,NS1_V128T,E_I114L,2K_T20A,NS1_V178M,NS4B_A18V,NS1_N139D,NS5_K364R,E_I457V,NS5_T675A,NS4B_H17Y,NS3_A91T,NS2A_I15V,NS3_I474V,NS5_T651A,prM_E72D,NS3_A112T,NS2A_M168T,NS1_K324R,NS5_K647E,NS5_D834E,C_V26G,C_G70S,NS4B_A27T,NS5_A616V,E_K203E,NS1_N146G,NS1_V93A,NS5_T135M,NS5_R378K,NS2B_V11I,NS4B_H34R,NS4A_I89T,E_A369T,NS3_E43D,NS3_V221I,E_D37N,NS1_A60V,NS2A_F159L,NS5_I34M,NS2A_H162D)	10674
hDenV1/Colombia/NSA-BROAD-0000023/2006	DENV1	V	1V	EPI_ISL_17436903	2006	South America / Colombia / Norte de Santander	Human			unknown	unknown	unknown			Original	Other: Cell supernatant		(NS2B_I106V,E_T88A,NS1_V128I,NS5_F881Y,NS2A_K67R,E_I439V,NS1_S94N,NS3_R185K,NS4B_I48V,E_I293T,prM_K122R,NS1_I224T,NS2A_R82K,NS2A_L199F,NS5_A370T,E_T161I,NS2A_D139E,NS3_K255R,NS2A_L12I,NS2A_T44I,NS5_S629L,NS2B_T102A,NS5_Y127H,E_S339T,NS4B_H24Q,E_I436V,NS4A_Q19L,NS2A_S142P,NS4A_R76K,prM_T59A,NS2A_I54T,NS1_T307I,NS2A_A147T,NS2A_I171V,NS2A_V106I,NS1_K347R,NS3_V384I,C_N90S,NS2B_E63H,E_I114L,NS1_V178M,NS4B_A18V,NS1_N139D,NS5_K364R,NS3_A91T,NS2A_I15V,NS3_I474V,NS5_T651A,prM_E72D,prM_S22A,NS3_A112T,NS2A_M168T,NS1_K324R,NS5_K647E,NS5_D834E,NS5_D785E,C_V26G,C_G70S,NS4B_A27T,NS5_A616V,E_K203E,NS1_N146G,NS1_V93A,NS5_T135M,NS5_R378K,NS2B_V11I,NS4B_H34R,NS4A_I89T,E_A369T,NS3_E43D,NS3_V221I,E_D37N,NS1_K341R,NS2A_F159L,NS5_I34M,NS2A_H162D)	10690
hDenV1/Colombia/SAN-BROAD-0000036/2007	DENV1	V	1V	EPI_ISL_17436906	2007	South America / Colombia / Santander	Human			unknown	unknown	unknown			Original	Other: Cell supernatant		(NS2B_I106V,NS3_S88L,E_T88A,NS1_V128I,NS5_F881Y,NS2A_K67R,E_I439V,NS1_S94N,NS1_T131A,NS3_R185K,NS4B_I48V,E_I293T,prM_K122R,NS1_I224T,NS2A_L199F,NS2A_R82K,NS5_A370T,E_T161I,NS2A_D139E,NS3_K255R,NS2A_L12I,NS2A_T44I,NS5_S629L,NS5_Y127H,E_S339T,NS4B_H24Q,E_I436V,NS4A_Q19L,E_T51A,NS2A_S142P,NS4A_R76K,prM_T59A,NS2A_I54T,NS1_T307I,NS2A_I171V,NS2A_A147T,NS2A_V106I,NS2B_E63Q,NS1_K347R,NS3_V384I,C_N90S,NS3_K107R,E_I114L,NS1_V178M,NS1_N139D,NS3_A91M,NS5_K364R,NS4B_H17Y,NS2A_I15V,NS3_I474V,NS5_T651A,prM_E72D,NS3_A112T,NS2A_M168T,NS1_K324R,NS5_K647E,NS5_D834E,NS5_D785E,C_V26G,C_G70S,NS4B_A27T,NS5_A616V,E_K203E,NS1_N146G,NS1_V93A,NS5_R378K,NS5_T135M,NS2B_V11I,NS4B_H34R,NS4A_I89T,E_A369T,NS3_E43D,NS3_V221I,E_D37N,NS2A_F159L,NS5_I34M,NS2A_H162D)	10675
hDenV1/Colombia/SAN-BROAD-0000037/2005	DENV1	V	1V_F	EPI_ISL_17436907	2005	South America / Colombia / Santander	Human			unknown	unknown	unknown			Original	Other: Cell supernatant		(NS2B_I106V,E_T88A,NS1_V128I,NS5_F881Y,NS2A_K67R,E_I439V,NS1_S94N,NS3_R185K,NS4B_I48V,E_I293T,prM_K122R,NS1_I224T,NS2A_L199F,NS2A_R82K,NS5_A370T,E_T161I,NS2A_D139E,NS3_K255R,NS2A_L12I,NS2A_T44I,NS5_S629L,NS5_Y127H,E_S339T,NS4B_H24Q,E_I436V,NS4A_Q19L,NS2A_S142P,NS4A_R76K,prM_T59A,NS1_T307I,NS2A_A147T,NS2A_I171V,NS2A_V106I,NS2B_E63Q,NS1_K347R,NS3_V384I,C_N90S,NS2A_Y74H,NS5_R173K,E_I114L,NS1_V178M,NS4B_A18V,NS1_N139D,NS5_K364R,NS4B_H17Y,NS3_A91T,NS2A_I15V,NS3_I474V,NS5_T651A,prM_E72D,NS3_A112T,NS2A_M168T,NS1_K324R,NS5_K647E,NS4A_V68A,NS5_D834E,C_V26G,C_G70S,NS4B_A27T,NS5_A616V,E_K203E,NS1_N146G,NS1_V93A,NS5_T135M,NS5_R378K,NS2B_V11I,NS4B_H34R,E_Y132H,NS4A_I89T,E_A369T,NS3_E43D,NS3_V221I,E_D37N,NS2A_F159L,NS5_I34M,NS2A_H162D)	10674
hDenV1/Colombia/un-OUCRU-0000011/2012	DENV1	V	1V_D.1	EPI_ISL_17439260	2012	South America / Colombia	Human			unknown	unknown	unknown			Original	Serum		(E_I114L,prM_G115S,E_K203E,E_S339T,E_T88A,E_I436V,prM_A29V,E_I439V,prM_T59A,E_I293T,prM_E72D,prM_K122R,E_T454I,E_A369T,E_T161I,E_D37N)	1983
hDenV1/Colombia/un-OUCRU-0000010/2013	DENV1	V	1V_D.2	EPI_ISL_17439261	2013	South America / Colombia	Human			unknown	unknown	unknown			Original	Serum		(E_I114L,E_K203E,E_S339T,E_T88A,E_I436V,E_I439V,prM_T59A,E_I293T,prM_K122R,prM_E72D,E_A369T,E_T161I,E_D37N)	1983
hDenV1/Colombia/un-OUCRU-0000008/2013	DENV1	V	1V_D.1	EPI_ISL_17439263	2013	South America / Colombia	Human			unknown	unknown	unknown			Original	Serum		(E_I114L,prM_G115S,E_K203E,E_S339T,E_T88A,E_I436V,prM_A29V,E_I439V,prM_T59A,E_I293T,prM_K122R,prM_E72D,E_T454I,E_A369T,E_T161I,E_D37N)	1983
hDenV1/Colombia/un-OUCRU-0000006/2012	DENV1	V	1V_F	EPI_ISL_17439265	2012	South America / Colombia	Human			unknown	unknown	unknown			Original	Serum		(E_I114L,prM_T83N,E_K203E,E_S339T,E_T88A,E_I436V,E_I439V,prM_T59A,E_I293T,prM_E72D,prM_K122R,E_A369T,E_T161I,E_N8S,E_D37N,E_S338L,prM_I37M)	1983
hDenV1/Colombia/un-OUCRU-0000005/2013	DENV1	V	1V_D.2	EPI_ISL_17439266	2013	South America / Colombia	Human			unknown	unknown	unknown			Original	Serum		(E_I114L,E_K203E,E_S339T,E_T88A,E_I436V,E_I439V,prM_T59A,E_I293T,prM_K122R,prM_E72D,E_A369T,E_T161I,E_D37N)	1983
hDenV1/Colombia/un-OUCRU-0000003/2013	DENV1	V	1V_D.1	EPI_ISL_17439268	2013	South America / Colombia	Human			unknown	unknown	unknown			Original	Serum		(E_I114L,prM_G115S,E_K203E,E_S339T,E_T88A,E_I436V,prM_A29V,E_I439V,prM_T59A,E_I293T,prM_E72D,prM_K122R,E_T454I,E_A369T,E_T161I,E_D37N,prM_I37L)	1983
hDenV1/Colombia/un-OUCRU-0000014/2012	DENV1	V	1V_D.2	EPI_ISL_17439281	2012	South America / Colombia	Human			unknown	unknown	unknown			Original	Serum		(E_I114L,E_K203E,E_T88A,E_S339T,E_I436V,E_I439V,prM_T59A,E_I293T,prM_E72D,prM_K122R,E_A369T,E_T161I,E_D37N)	1983
hDenV1/Colombia/un-OUCRU-0000040/2013	DENV1	V	1V_F	EPI_ISL_17439298	2013	South America / Colombia	Human			unknown	unknown	unknown			Original	Serum		(E_I114L,prM_T83N,E_K203E,E_T88A,E_S339T,E_I436V,E_S474P,E_I439V,prM_T59A,E_I293T,prM_K122R,prM_E72D,E_A369T,E_T161I,E_N8S,E_D37N,E_S338L)	1983
hDenV1/Colombia/un-OUCRU-0000043/2013	DENV1	V	1V_D.1	EPI_ISL_17439301	2013	South America / Colombia	Human			unknown	unknown	unknown			Original	Serum		(E_I114L,prM_G115S,E_K203E,E_T88A,E_S339T,E_I436V,prM_A29V,E_I439V,prM_T59A,E_I293T,prM_K122R,prM_E72D,E_T454I,E_A369T,E_T161I,E_D37N)	1983
hDenV1/Colombia/un-OUCRU-0000045/2013	DENV1	V	1V_D.1	EPI_ISL_17439303	2013	South America / Colombia	Human			unknown	unknown	unknown			Original	Serum		(E_I114L,prM_G115S,E_K203E,E_S339T,E_T88A,E_I436V,prM_A29V,E_I439V,prM_T59A,E_I293T,prM_K122R,prM_E72D,E_T454I,E_A369T,E_T161I,E_D37N)	1983
hDenV1/Colombia/un-OUCRU-0000046/2013	DENV1	V	1V_D.1	EPI_ISL_17439304	2013	South America / Colombia	Human			unknown	unknown	unknown			Original	Serum		(E_I114L,prM_G115S,E_K203E,E_S339T,E_T88A,E_I436V,prM_A29V,E_I439V,prM_T59A,E_I293T,prM_K122R,prM_E72D,E_T454I,E_A369T,E_T161I,E_D37N)	1983
hDenV1/Colombia/un-OUCRU-0000048/2013	DENV1	V	1V_F	EPI_ISL_17439306	2013	South America / Colombia	Human			unknown	unknown	unknown			Original	Serum		(E_I114L,prM_T83N,E_K203E,E_T88A,E_S339T,E_I436V,E_I439V,prM_T59A,E_I293T,prM_K122R,prM_E72D,E_A369T,E_T161I,E_D37N,prM_D89E,E_T430S)	1983
hDenV1/Colombia/un-OUCRU-0000023/2013	DENV1	V	1V_D.2	EPI_ISL_17439316	2013	South America / Colombia	Human			unknown	unknown	unknown			Original	Serum		(E_I114L,E_K203E,E_S339T,E_T88A,E_I436V,E_I439V,prM_T59A,E_I293T,prM_K122R,prM_E72D,E_A369T,E_T161I,E_D37N)	1983
hDenV1/Colombia/un-OUCRU-0000049/2013	DENV1	V	1V_D.1	EPI_ISL_17439398	2013	South America / Colombia	Human			unknown	unknown	unknown			Original	Serum		(E_I114L,E_I425M,E_K203E,E_S339T,E_T88A,E_I436V,E_I439V,prM_T59A,E_I293T,prM_K122R,prM_E72D,E_A369T,prM_I13V,E_T161I,E_D37N)	1983
hDenV1/Colombia/un-OUCRU-0000087/2013	DENV1	V	1V_D.2	EPI_ISL_17439403	2013	South America / Colombia	Human			unknown	unknown	unknown			Original	Serum		(E_I114L,E_K203E,E_T88A,E_S339T,E_I436V,E_I439V,prM_T59A,E_I293T,prM_K122R,prM_E72D,E_A369T,E_T161I,E_D37N)	1983
hDenV1/Colombia/un-OUCRU-0000088/2012	DENV1	V	1V_D.1	EPI_ISL_17439404	2012	South America / Colombia	Human			unknown	unknown	unknown			Original	Serum		(E_I114L,prM_G115S,E_K203E,E_T88A,E_S339T,E_I436V,prM_A29V,E_I439V,prM_T59A,E_I293T,prM_K122R,prM_E72D,E_T454I,E_A369T,E_T161I,E_D37N)	1983
hDenV1/Colombia/un-OUCRU-0000090/2012	DENV1	V	1V_F	EPI_ISL_17439406	2012	South America / Colombia	Human			unknown	unknown	unknown			Original	Serum		(E_I378L,E_I114L,prM_T83N,E_K203E,E_T88A,E_S339T,E_I436V,E_I439V,prM_T59A,prM_L138F,E_I293T,prM_E72D,prM_K122R,E_A369T,E_T161I,E_F240L,E_D37N,E_S338L)	1983
hDenV1/Colombia/un-OUCRU-0000092/2012	DENV1	V	1V_F	EPI_ISL_17439408	2012	South America / Colombia	Human			unknown	unknown	unknown			Original	Serum		(E_I114L,prM_T83N,E_K203E,E_T88A,E_S339T,E_I436V,E_I439V,prM_T59A,prM_A127V,E_I293T,prM_K122R,prM_E72D,E_A369T,E_T161I,E_D37N,E_S338L)	1983
hDenV1/Colombia/un-OUCRU-0000093/2013	DENV1	V	1V_D.1	EPI_ISL_17439409	2013	South America / Colombia	Human			unknown	unknown	unknown			Original	Serum		(E_I114L,prM_G115S,E_K203E,E_T88A,E_S339T,E_I436V,prM_A29V,E_I439V,prM_T59A,E_I293T,prM_K122R,prM_E72D,E_T454I,E_A369T,E_T161I,E_D37N)	1983
hDenV1/Colombia/un-OUCRU-0000095/2012	DENV1	V	1V_F	EPI_ISL_17439411	2012	South America / Colombia	Human			unknown	unknown	unknown			Original	Serum		(E_I378L,E_I114L,prM_T83N,E_K203E,E_S339T,E_T88A,E_I436V,E_K241I,E_T242A,E_I439V,prM_T59A,E_I293T,prM_K122R,prM_E72D,E_A369T,E_T161I,E_F240L,E_D37N,E_S338L)	1983
hDenV1/Colombia/un-OUCRU-0000096/2013	DENV1	V	1V_D.1	EPI_ISL_17439412	2013	South America / Colombia	Human			unknown	unknown	unknown			Original	Serum		(E_I114L,prM_G115S,E_K203E,E_S339T,E_T88A,E_I436V,prM_A29V,E_I439V,prM_T59A,E_I293T,prM_K122R,prM_E72D,E_T454I,E_A369T,E_T161I,E_D37N)	1983
hDenV1/Colombia/un-OUCRU-0000081/2013	DENV1	V	1V_D.1	EPI_ISL_17439433	2013	South America / Colombia	Human			unknown	unknown	unknown			Original	Serum		(E_I114L,prM_G115S,E_K203E,E_S339T,E_T88A,E_I436V,prM_A29V,E_I439V,prM_T59A,E_Y132H,E_I293T,prM_E72D,prM_K122R,E_T454I,E_A369T,E_T161I,E_D37N,prM_V135L)	1983
hDenV1/Colombia/un-OUCRU-0000052/2013	DENV1	V	1V_F	EPI_ISL_17439434	2013	South America / Colombia	Human			unknown	unknown	unknown			Original	Serum		(E_I114L,prM_T83N,E_K203E,E_T88A,E_S339T,E_I436V,E_I439V,prM_T59A,E_I293T,prM_E72D,prM_K122R,E_A369T,E_T161I,E_D37N,prM_I37L,prM_D89E,E_T430S)	1983
hDenV1/Colombia/un-OUCRU-0000053/2013	DENV1	V	1V_D.1	EPI_ISL_17439435	2013	South America / Colombia	Human			unknown	unknown	unknown			Original	Serum		(E_I114L,E_I425M,E_K203E,E_S339T,E_T88A,E_I436V,E_I439V,prM_T59A,E_I293T,prM_K122R,prM_E72D,E_A369T,prM_I13V,E_T161I,E_D37N)	1983
hDenV1/Colombia/un-OUCRU-0000060/2013	DENV1	V	1V_D.2	EPI_ISL_17439442	2013	South America / Colombia	Human			unknown	unknown	unknown			Original	Serum		(E_I114L,E_K203E,E_S339T,E_T88A,E_I436V,E_I439V,prM_T59A,E_I293T,prM_E72D,prM_K122R,E_A369T,E_T161I,E_D37N)	1983
hDenV1/Colombia/un-OUCRU-0000061/2012	DENV1	V	1V	EPI_ISL_17439443	2012	South America / Colombia	Human			unknown	unknown	unknown			Original	Serum		(E_I114L,E_I425M,E_K203E,E_S339T,E_T88A,E_I436V,prM_Q17H,E_I439V,prM_T59A,E_I293T,prM_E72D,prM_K122R,E_A369T,E_T161I,E_D37N)	1983
hDenV1/Colombia/un-OUCRU-0000063/2013	DENV1	V	1V_D.1	EPI_ISL_17439445	2013	South America / Colombia	Human			unknown	unknown	unknown			Original	Serum		(E_I114L,E_I425M,E_K203E,E_S339T,E_T88A,E_I436V,E_I439V,prM_T59A,E_I293T,prM_E72D,prM_K122R,E_A369T,prM_I13V,E_T161I,E_N8S,E_D37N,prM_I120M)	1983
hDenV1/Colombia/un-OUCRU-0000068/2013	DENV1	V	1V_D.1	EPI_ISL_17439450	2013	South America / Colombia	Human			unknown	unknown	unknown			Original	Serum		(E_I114L,prM_G115S,E_K203E,E_S339T,E_T88A,E_I436V,prM_A29V,E_I439V,prM_T59A,E_I293T,prM_K122R,prM_E72D,E_T454I,E_A369T,E_T161I,E_D37N)	1983
hDenV1/Colombia/un-OUCRU-0000069/2012	DENV1	V	1V_F	EPI_ISL_17439451	2012	South America / Colombia	Human			unknown	unknown	unknown			Original	Serum		(E_I114L,prM_T83N,E_K203E,E_S339T,E_T88A,E_I436V,E_I439V,prM_T59A,E_I293T,prM_E72D,prM_K122R,E_A369T,E_T161I,E_D37N,prM_I37L,E_S338L)	1983
hDenV1/Colombia/un-OUCRU-0000070/2012	DENV1	V	1V_F	EPI_ISL_17439452	2012	South America / Colombia	Human			unknown	unknown	unknown			Original	Serum		(E_I114L,prM_T83N,E_K203E,E_T88A,E_S339T,E_I436V,E_I439V,prM_T59A,prM_L138F,E_I293T,prM_K122R,prM_E72D,E_A369T,E_T161I,E_D37N,prM_I37L,E_S338L)	1983
hDenV1/Colombia/un-OUCRU-0000074/2013	DENV1	V	1V_D.1	EPI_ISL_17439456	2013	South America / Colombia	Human			unknown	unknown	unknown			Original	Serum		(E_I114L,E_K203E,E_S339T,E_T88A,E_I457V,E_I436V,E_I439V,prM_T59A,E_I293T,prM_K122R,prM_E72D,E_A369T,E_T161I,E_D37N)	1983
hDenV1/Colombia/un-OUCRU-0000075/2013	DENV1	V	1V_D.1	EPI_ISL_17439457	2013	South America / Colombia	Human			unknown	unknown	unknown			Original	Serum		(E_I114L,E_K203E,E_S339T,E_T88A,E_I436V,E_I439V,prM_T59A,E_I293T,prM_K122R,prM_E72D,E_A369T,E_T161I,E_N8S,E_D37N,E_N232S)	1983
hDenV1/Colombia/un-OUCRU-0000076/2013	DENV1	V	1V_D.1	EPI_ISL_17439458	2013	South America / Colombia	Human			unknown	unknown	unknown			Original	Serum		(E_I114L,prM_G115S,E_K203E,E_S339T,E_T88A,E_I436V,prM_A29V,E_I439V,prM_T59A,E_I293T,prM_K122R,prM_E72D,E_T454I,E_A369T,E_T161I,E_D37N,prM_I37L)	1983
hDenV1/Colombia/un-IVIC-371869-2/1996	DENV1	V	1V	EPI_ISL_17451321	1996	South America / Colombia	Human			unknown	unknown	unknown			Original			(E_I114L,E_K203E,E_S339T,E_T88A,E_I436V,E_T442A,E_I439V,E_V365I,E_I293T,E_A369T,E_T161I,E_D37N,E_F337L)	1485
hDenV1/Colombia/un-IVIC-347869/1985	DENV1	V	1V	EPI_ISL_17451332	1985	South America / Colombia	Human			unknown	unknown	unknown			Original			(E_I114L,E_I425M,E_K203E,E_T88A,E_S339T,E_V432M,E_I436V,E_I439V,E_I293T,E_A369T,E_T161I,E_I6V,E_D37N)	1485
hDenV1/Colombia/un-CDC-002/2007	DENV1	V	1V_G	EPI_ISL_17567713	2007	South America / Colombia	Human			unknown	unknown	unknown			Original	Serum		(E_I114L,E_K203E,E_T88A,E_S339T,E_I436V,E_I439V,E_I293T,E_A369T,E_T161I,E_D37N)	1480
hDenV1/Colombia/NSA-UIS-00011/2006	DENV1	V	1V_F	EPI_ISL_17572857	2006	South America / Colombia / Norte de Santander	Human			unknown	unknown	unknown			Original	Serum		(E_I114L,E_K203E,E_S339T,E_T88A,E_I436V,E_I439V,E_I293T,E_A369T,E_T161I,E_D37N)	1485
hDenV1/Colombia/NSA-UIS-00012/2005	DENV1	V	1V_F	EPI_ISL_17572858	2005	South America / Colombia / Norte de Santander	Human			unknown	unknown	unknown			Original	Serum		(E_I114L,E_K203E,E_T88A,E_S339T,E_I436V,E_I439V,E_Y132H,E_I293T,E_A369T,E_T161I,E_D37N)	1485
hDenV1/Colombia/NSA-UIS-00009/2006	DENV1	V	1V_F	EPI_ISL_17572859	2006	South America / Colombia / Norte de Santander	Human			unknown	unknown	unknown			Original	Serum		(E_I114L,E_K203E,E_D235N,E_T88A,E_S339T,E_I436V,E_I439V,E_I293T,E_A369T,E_T161I,E_D37N,E_F96L)	1485
hDenV1/Colombia/NSA-UIS-00007/2006	DENV1	V	1V_F	EPI_ISL_17572860	2006	South America / Colombia / Norte de Santander	Human			unknown	unknown	unknown			Original	Serum		(E_I114L,E_K203E,E_S339T,E_T88A,E_I436V,E_I439V,E_I293T,E_A369T,E_T161I,E_D37N,E_F96L)	1485
hDenV1/Colombia/NSA-UIS-00010/2006	DENV1	V	1V_F	EPI_ISL_17572861	2006	South America / Colombia / Norte de Santander	Human			unknown	unknown	unknown			Original	Serum		(E_I114L,E_K203E,E_S339T,E_T88A,E_I436V,E_I439V,E_I293T,E_A369T,E_T161I,E_D37N,E_F96L)	1485
hDenV1/Colombia/NSA-UIS-00045/2006	DENV1	V	1V_G	EPI_ISL_17572862	2006	South America / Colombia / Norte de Santander	Human			unknown	unknown	unknown			Original	Serum		(E_I114L,E_K203E,E_T88A,E_S339T,E_I436V,E_I439V,E_E384G,E_I293T,E_A369T,E_T161I,E_D37N)	1485
hDenV1/Colombia/NSA-UIS-00008/2006	DENV1	V	1V_F	EPI_ISL_17572863	2006	South America / Colombia / Norte de Santander	Human			unknown	unknown	unknown			Original	Serum		(E_I114L,E_K203E,E_S339T,E_T88A,E_I436V,E_I439V,E_I293T,E_A369T,E_T161I,E_D37N,E_F96L)	1485
hDenV1/Colombia/SAN-UIS-00049/1999	DENV1	V	1V	EPI_ISL_17572864	1999	South America / Colombia / Santander	Human			unknown	unknown	unknown			Original	Serum		(E_I114L,E_K203E,E_T88A,E_S339T,E_I436V,E_I439V,E_I293T,E_A369T,E_T161I,E_D37N)	1485
hDenV1/Colombia/NSA-UIS-00044/2006	DENV1	V	1V_G	EPI_ISL_17572865	2006	South America / Colombia / Norte de Santander	Human			unknown	unknown	unknown			Original	Serum		(E_I114L,E_K203E,E_S339T,E_T88A,E_I436V,E_I439V,E_I293T,E_A369T,E_T161I,E_D37N)	1485
hDenV1/Colombia/SAN-UIS-00036/2007	DENV1	V	1V_G	EPI_ISL_17572866	2007	South America / Colombia / Santander	Human			unknown	unknown	unknown			Original	Serum		(E_I114L,E_K203E,E_T88A,E_S339T,E_I436V,E_I439V,E_I293T,E_A369T,E_T161I,E_D37N)	1485
hDenV1/Colombia/SAN-UIS-00027/2008	DENV1	V	1V	EPI_ISL_17572867	2008	South America / Colombia / Santander	Human			unknown	unknown	unknown			Original	Serum		(E_I114L,E_K203E,E_T88A,E_S339T,E_I436V,E_I439V,E_I293T,E_A369T,E_T161I,E_D37N)	1485
hDenV1/Colombia/SAN-UIS-00028/2007	DENV1	V	1V	EPI_ISL_17572868	2007	South America / Colombia / Santander	Human			unknown	unknown	unknown			Original	Serum		(E_I114L,E_K203E,E_T88A,E_S339T,E_I436V,E_I439V,E_I293T,E_A369T,E_T161I,E_D37N)	1485
hDenV1/Colombia/SAN-UIS-00030/2008	DENV1	V	1V	EPI_ISL_17572869	2008	South America / Colombia / Santander	Human			unknown	unknown	unknown			Original	Serum		(E_I114L,E_K203E,E_S339T,E_T88A,E_I436V,E_I439V,E_I293T,E_A369T,E_T161I,E_D37N)	1485
hDenV1/Colombia/SAN-UIS-00031/2004	DENV1	V	1V	EPI_ISL_17572870	2004	South America / Colombia / Santander	Human			unknown	unknown	unknown			Original	Serum		(E_I114L,E_K203E,E_S339T,E_T88A,E_I436V,E_I439V,E_I293T,E_A369T,E_T161I,E_D37N)	1485
hDenV1/Colombia/NSA-UIS-00046/2006	DENV1	V	1V_G	EPI_ISL_17572871	2006	South America / Colombia / Norte de Santander	Human			unknown	unknown	unknown			Original	Serum		(E_I114L,E_K203E,E_T88A,E_S339T,E_I436V,E_I439V,E_E384G,E_I293T,E_A369T,E_T161I,E_D37N)	1485
hDenV1/Colombia/NSA-UIS-00034/2006	DENV1	V	1V_G	EPI_ISL_17572872	2006	South America / Colombia / Norte de Santander	Human			unknown	unknown	unknown			Original	Serum		(E_I114L,E_K203E,E_T88A,E_S339T,E_I436V,E_I439V,E_I293T,E_A369T,E_T161I,E_D37N)	1485
hDenV1/Colombia/SAN-UIS-00033/2008	DENV1	V	1V_G	EPI_ISL_17572873	2008	South America / Colombia / Santander	Human			unknown	unknown	unknown			Original	Serum		(E_I114L,E_K203E,E_T88A,E_S339T,E_I436V,E_I439V,E_I293T,E_A369T,E_T161I,E_D37N)	1485
hDenV1/Colombia/NSA-UIS-00014/2006	DENV1	V	1V_F	EPI_ISL_17572874	2006	South America / Colombia / Norte de Santander	Human			unknown	unknown	unknown			Original	Serum		(E_I114L,E_K203E,E_T88A,E_S339T,E_I436V,E_I439V,E_I293T,E_A369T,E_T161I,E_D37N)	1485
hDenV1/Colombia/SAN-UIS-00026/2007	DENV1	V	1V	EPI_ISL_17572875	2007	South America / Colombia / Santander	Human			unknown	unknown	unknown			Original	Serum		(E_I114L,E_K203E,E_S339T,E_T88A,E_I436V,E_I439V,E_I293T,E_A369T,E_T161I,E_D37N)	1485
hDenV1/Colombia/SAN-UIS-00024/2008	DENV1	V	1V	EPI_ISL_17572876	2008	South America / Colombia / Santander	Human			unknown	unknown	unknown			Original	Serum		(E_I114L,E_K203E,E_S339T,E_T88A,E_I436V,E_I439V,E_I293T,E_A369T,E_T161I,E_D37N)	1485
hDenV1/Colombia/NSA-UIS-00037/2006	DENV1	V	1V_G	EPI_ISL_17572877	2006	South America / Colombia / Norte de Santander	Human			unknown	unknown	unknown			Original	Serum		(E_I114L,E_K203E,E_T88A,E_S339T,E_I436V,E_I439V,E_I293T,E_A369T,E_T161I,E_D37N)	1485
hDenV1/Colombia/NSA-UIS-00015/2006	DENV1	V	1V_F	EPI_ISL_17572878	2006	South America / Colombia / Norte de Santander	Human			unknown	unknown	unknown			Original	Serum		(E_I114L,E_K203E,E_S339T,E_T88A,E_I436V,E_I439V,E_I293T,E_A369T,E_T161I,E_D37N)	1485
hDenV1/Colombia/SAN-UIS-00016/2007	DENV1	V	1V	EPI_ISL_17572879	2007	South America / Colombia / Santander	Human			unknown	unknown	unknown			Original	Serum		(E_I114L,E_K203E,E_T88A,E_S339T,E_I436V,E_I439V,E_I293T,E_A369T,E_T161I,E_D37N)	1485
hDenV1/Colombia/NSA-UIS-00013/2006	DENV1	V	1V_F	EPI_ISL_17572880	2006	South America / Colombia / Norte de Santander	Human			unknown	unknown	unknown			Original	Serum		(E_I114L,E_K203E,E_T88A,E_S339T,E_I436V,E_I439V,E_I293T,E_A369T,E_T161I,E_D37N)	1485
hDenV1/Colombia/SAN-UIS-00051/2002	DENV1	V	1V	EPI_ISL_17572881	2002	South America / Colombia / Santander	Human			unknown	unknown	unknown			Original	Serum		(E_I114L,E_K203E,E_T88A,E_S339T,E_I436V,E_I439V,E_I293T,E_A369T,E_T161I,E_D37N)	1485
hDenV1/Colombia/NSA-UIS-00039/2006	DENV1	V	1V_G	EPI_ISL_17572882	2006	South America / Colombia / Norte de Santander	Human			unknown	unknown	unknown			Original	Serum		(E_I114L,E_K203E,E_T88A,E_S339T,E_I436V,E_I439V,E_I293T,E_A369T,E_T161I,E_D37N)	1485
hDenV1/Colombia/NSA-UIS-00038/2006	DENV1	V	1V_G	EPI_ISL_17572883	2006	South America / Colombia / Norte de Santander	Human			unknown	unknown	unknown			Original	Serum		(E_I114L,E_K203E,E_T88A,E_S339T,E_I436V,E_I439V,E_I293T,E_A369T,E_T161I,E_D37N)	1485
hDenV1/Colombia/NSA-UIS-00040/2006	DENV1	V	1V_G	EPI_ISL_17572884	2006	South America / Colombia / Norte de Santander	Human			unknown	unknown	unknown			Original	Serum		(E_I114L,E_K203E,E_T88A,E_S339T,E_I436V,E_I439V,E_I293T,E_A369T,E_T161I,E_D37N)	1485
hDenV1/Colombia/SAN-UIS-00017/2007	DENV1	V	1V	EPI_ISL_17572885	2007	South America / Colombia / Santander	Human			unknown	unknown	unknown			Original	Serum		(E_I114L,E_K203E,E_S339T,E_T88A,E_I436V,E_I439V,E_I293T,E_P364S,E_A369T,E_T161I,E_D37N)	1485
hDenV1/Colombia/SAN-UIS-00025/2007	DENV1	V	1V	EPI_ISL_17572886	2007	South America / Colombia / Santander	Human			unknown	unknown	unknown			Original	Serum		(E_I114L,E_K203E,E_S339T,E_T88A,E_I436V,E_I439V,E_I293T,E_A369T,E_T161I,E_D37N)	1485
hDenV1/Colombia/SAN-UIS-00029/2008	DENV1	V	1V	EPI_ISL_17572887	2008	South America / Colombia / Santander	Human			unknown	unknown	unknown			Original	Serum		(E_I114L,E_K203E,E_S339T,E_T88A,E_I436V,E_I439V,E_I293T,E_A369T,E_T161I,E_D37N)	1485
hDenV1/Colombia/SAN-UIS-00035/2008	DENV1	V	1V_G	EPI_ISL_17572888	2008	South America / Colombia / Santander	Human			unknown	unknown	unknown			Original	Serum		(E_I114L,E_K203E,E_T88A,E_S339T,E_I436V,E_I439V,E_I293T,E_A369T,E_T161I,E_D37N)	1485
hDenV1/Colombia/SAN-UIS-00018/2008	DENV1	V	1V	EPI_ISL_17572889	2008	South America / Colombia / Santander	Human			unknown	unknown	unknown			Original	Serum		(E_I114L,E_K203E,E_T88A,E_S339T,E_I436V,E_I439V,E_I293T,E_A369T,E_T161I,E_D37N)	1485
hDenV1/Colombia/NSA-UIS-00006/2006	DENV1	V	1V_F	EPI_ISL_17572890	2006	South America / Colombia / Norte de Santander	Human			unknown	unknown	unknown			Original	Serum		(E_I114L,E_K203E,E_S339T,E_T88A,E_I436V,E_I439V,E_I293T,E_A369T,E_T161I,E_D37N,E_F96L)	1485
hDenV1/Colombia/NSA-UIS-00005/2006	DENV1	V	1V_F	EPI_ISL_17572891	2006	South America / Colombia / Norte de Santander	Human			unknown	unknown	unknown			Original	Serum		(E_I114L,E_K203E,E_T88A,E_S339T,E_I436V,E_I439V,E_I293T,E_E154D,E_A369T,E_T161I,E_D37N)	1485
hDenV1/Colombia/SAN-UIS-00004/2008	DENV1	V	1V_F	EPI_ISL_17572892	2008	South America / Colombia / Santander	Human			unknown	unknown	unknown			Original	Serum		(E_I114L,E_K203E,E_S339T,E_T88A,E_I436V,E_I439V,E_E342D,E_I293T,E_A369T,E_T161I,E_D37N,E_S138L)	1485
hDenV1/Colombia/SAN-UIS-00003/2008	DENV1	V	1V_D.1	EPI_ISL_17572893	2008	South America / Colombia / Santander	Human			unknown	unknown	unknown			Original	Serum		(E_I114L,E_K203E,E_S339T,E_T88A,E_I457V,E_I436V,E_I439V,E_I293T,E_A369T,E_T161I,E_D37N)	1485
hDenV1/Colombia/SAN-UIS-00050/2001	DENV1	V	1V	EPI_ISL_17572894	2001	South America / Colombia / Santander	Human			unknown	unknown	unknown			Original	Serum		(E_I114L,E_K203E,E_T88A,E_S339T,E_I436V,E_I439V,E_I293T,E_A369T,E_T161I,E_D37N)	1485
hDenV1/Colombia/SAN-UIS-00047/1998	DENV1	V	1V	EPI_ISL_17572895	1998	South America / Colombia / Santander	Human			unknown	unknown	unknown			Original	Serum		(E_I114L,E_K203E,E_S339T,E_T88A,E_I436V,E_I439V,E_I293T,E_A369T,E_T161I,E_D37N)	1485
hDenV1/Colombia/SAN-UIS-00002/2008	DENV1	V	1V_D.1	EPI_ISL_17572896	2008	South America / Colombia / Santander	Human			unknown	unknown	unknown			Original	Serum		(E_I114L,E_K203E,E_T88A,E_S339T,E_I457V,E_I436V,E_I439V,E_I293T,E_A369T,E_T161I,E_D37N)	1485
hDenV1/Colombia/SAN-UIS-00001/2008	DENV1	V	1V_D.1	EPI_ISL_17572897	2008	South America / Colombia / Santander	Human			unknown	unknown	unknown			Original	Serum		(E_I114L,E_K203E,E_T88A,E_S339T,E_I457V,E_I436V,E_I439V,E_I293T,E_A369T,E_T161I,E_D37N)	1485
hDenV1/Colombia/SAN-UIS-00019/2008	DENV1	V	1V	EPI_ISL_17572898	2008	South America / Colombia / Santander	Human			unknown	unknown	unknown			Original	Serum		(E_I114L,E_K203E,E_S339T,E_T88A,E_I436V,E_I439V,E_I293T,E_A369T,E_T161I,E_D37N)	1485
hDenV1/Colombia/NSA-UIS-00042/2006	DENV1	V	1V_G	EPI_ISL_17572899	2006	South America / Colombia / Norte de Santander	Human			unknown	unknown	unknown			Original	Serum		(E_I114L,E_K203E,E_T88A,E_S339T,E_I436V,E_I439V,E_I293T,E_A369T,E_T161I,E_D37N)	1485
hDenV1/Colombia/SAN-UIS-00022/2008	DENV1	V	1V	EPI_ISL_17572900	2008	South America / Colombia / Santander	Human			unknown	unknown	unknown			Original	Serum		(E_I114L,E_K203E,E_S339T,E_T88A,E_I436V,E_I439V,E_I293T,E_A369T,E_T161I,E_D37N)	1485
hDenV1/Colombia/NSA-UIS-00043/2006	DENV1	V	1V_G	EPI_ISL_17572901	2006	South America / Colombia / Norte de Santander	Human			unknown	unknown	unknown			Original	Serum		(E_I114L,E_I425M,E_K203E,E_S339T,E_T88A,E_I436V,E_I439V,E_I293T,E_A369T,E_T161I,E_D37N)	1485
hDenV1/Colombia/SAN-UIS-00021/2007	DENV1	V	1V_G	EPI_ISL_17572902	2007	South America / Colombia / Santander	Human			unknown	unknown	unknown			Original	Serum		(E_I114L,E_K203E,E_S339T,E_T88A,E_I436V,E_I439V,E_I293T,E_T454I,E_A369T,E_T161I,E_D37N)	1485
hDenV1/Colombia/NSA-UIS-00041/2006	DENV1	V	1V_G	EPI_ISL_17572903	2006	South America / Colombia / Norte de Santander	Human			unknown	unknown	unknown			Original	Serum		(E_I114L,E_K203E,E_T88A,E_S339T,E_I436V,E_I439V,E_I293T,E_A369T,E_T161I,E_D37N)	1485
hDenV1/Colombia/SAN-UIS-00048/1998	DENV1	V	1V	EPI_ISL_17572904	1998	South America / Colombia / Santander	Human			unknown	unknown	unknown			Original	Serum		(E_I114L,E_K203E,E_T88A,E_S339T,E_I436V,E_I439V,E_I293T,E_A369T,E_T161I,E_D37N)	1485
hDenV1/Colombia/SAN-UIS-00023/2008	DENV1	V	1V	EPI_ISL_17572905	2008	South America / Colombia / Santander	Human			unknown	unknown	unknown			Original	Serum		(E_I114L,E_K203E,E_S339T,E_T88A,E_I436V,E_I439V,E_I293T,E_A369T,E_T161I,E_D37N)	1485
hDenV1/Colombia/NSA-UIS-00020/2006	DENV1	V	1V	EPI_ISL_17572906	2006	South America / Colombia / Norte de Santander	Human			unknown	unknown	unknown			Original	Serum		(E_I114L,E_K203E,E_T88A,E_S339T,E_I436V,E_I439V,E_I293T,E_A369T,E_T161I,E_D37N)	1485
hDenV1/Colombia/SAN-UIS-00032/2007	DENV1	V	1V_G	EPI_ISL_17572907	2007	South America / Colombia / Santander	Human			unknown	unknown	unknown			Original	Serum		(E_I114L,E_K203E,E_T88A,E_S339T,E_I436V,E_T51A,E_I439V,E_I293T,E_A369T,E_T161I,E_D37N)	1485
DenV1/un/Colombia/un-UniNorte-1/2001	DENV1	V	1V	EPI_ISL_17573003	2001	South America / Colombia	unknown			unknown	unknown	unknown			Original			(E_I114L,E_I414N,E_K203E,E_T88A,E_S339T,E_M297T,E_I436V,E_I439V,E_I293T,E_A369T,E_S452Y,E_T161I,E_D37N,E_S338L,E_P332R)	1333
hDenV1/Colombia/un-OUCRU-523/2013	DENV1	V	1V_D	EPI_ISL_17610594	2013	South America / Colombia	Human			unknown	unknown	unknown			Original	Serum		(E_I114L,E_K203E,E_S339T,E_T88A,E_I436V,E_I439V,prM_T59A,E_I293T,prM_K122R,prM_E72D,E_A369T,E_T161I,E_D37N)	1983
hDenV1/Colombia/un-OUCRU-521/2013	DENV1	V	1V_D	EPI_ISL_17610601	2013	South America / Colombia	Human			unknown	unknown	unknown			Original	Serum		(E_I114L,E_K203E,E_S339T,E_T88A,E_I436V,E_I439V,prM_T59A,E_I293T,prM_K122R,prM_E72D,E_A369T,E_T161I,E_D37N)	1983
hDenV1/Colombia/un-OUCRU-520/2012	DENV1	V	1V_D	EPI_ISL_17610603	2012	South America / Colombia	Human			unknown	unknown	unknown			Original	Serum		(E_I114L,E_K203E,E_S339T,E_T88A,E_I436V,E_I439V,prM_T59A,E_I293T,prM_K122R,prM_E72D,E_A369T,E_T161I,E_D37N)	1983
hDenV1/Colombia/un-OUCRU-519/2013	DENV1	V	1V_D	EPI_ISL_17610604	2013	South America / Colombia	Human			unknown	unknown	unknown			Original	Serum		(E_I114L,E_K203E,E_S339T,E_T88A,E_I436V,E_I439V,prM_T59A,E_I293T,prM_K122R,prM_E72D,E_A369T,E_T161I,E_D37N)	1983
hDenV1/Colombia/un-OUCRU-508/2013	DENV1	V	1V_D.1	EPI_ISL_17610605	2013	South America / Colombia	Human			unknown	unknown	unknown			Original	Serum		(E_I114L,prM_G115S,E_K203E,E_T88A,E_S339T,E_I436V,prM_A29V,E_I439V,prM_T59A,E_I293T,prM_K122R,prM_E72D,E_T454I,E_A369T,E_T161I,E_D37N)	1983
hDenV1/Colombia/un-OUCRU-134/2013	DENV1	V	1V_D.1.2	EPI_ISL_17610606	2013	South America / Colombia	Human			unknown	unknown	unknown			Original	Serum		(E_I114L,E_K203E,E_S339T,E_T88A,E_I436V,E_V55I,E_I439V,prM_T59A,E_I293T,prM_E72D,prM_K122R,E_A369T,E_T161I,E_D37N,E_S338L)	1983
hDenV1/Colombia/un-OUCRU-135/2013	DENV1	V	1V_F	EPI_ISL_17610607	2013	South America / Colombia	Human			unknown	unknown	unknown			Original	Serum		(E_I114L,E_K203E,E_S339T,E_T88A,E_I436V,E_I439V,prM_T59A,prM_L138F,E_I293T,prM_E72D,prM_K122R,E_A369T,E_T161I,E_D37N,prM_I37L)	1983
hDenV1/Colombia/un-OUCRU-136/2013	DENV1	V	1V_F	EPI_ISL_17610608	2013	South America / Colombia	Human			unknown	unknown	unknown			Original	Serum		(E_I114L,E_K203E,E_S339T,E_T88A,E_I436V,E_I439V,prM_T59A,prM_L138F,E_I293T,prM_E72D,prM_K122R,E_A369T,E_T161I,E_D37N,prM_I37L)	1983
hDenV1/Colombia/un-OUCRU-353/2013	DENV1	V	1V_D.1	EPI_ISL_17610609	2013	South America / Colombia	Human			unknown	unknown	unknown			Original	Serum		(E_I114L,prM_G115S,E_K203E,E_T88A,E_S339T,E_I436V,prM_A29V,E_I439V,prM_T59A,E_I293T,prM_E72D,prM_K122R,E_T454I,E_A369T,E_T161I,E_D37N)	1983
hDenV1/Colombia/un-OUCRU-522/2013	DENV1	V	1V_D	EPI_ISL_17610614	2013	South America / Colombia	Human			unknown	unknown	unknown			Original	Serum		(E_I114L,E_K203E,E_S339T,E_T88A,E_I436V,E_I439V,prM_T59A,E_I293T,prM_E72D,prM_K122R,E_A369T,E_T161I,E_D37N)	1983
hDenV1/Colombia/un-OUCRU-332/2013	DENV1	V	1V_D.2	EPI_ISL_17610653	2013	South America / Colombia	Human			unknown	unknown	unknown			Original	Serum		(E_I114L,E_K203E,E_T88A,E_I436V,E_I439V,E_I293T,prM_K122R,E_A369T,E_T161I,E_D37N,E_S339I)	1665
hDenV1/Colombia/un-OUCRU-348/2013	DENV1	V	1V_D	EPI_ISL_17610654	2013	South America / Colombia	Human			unknown	unknown	unknown			Original	Serum		(E_I114L,E_S225L,E_K203E,E_T88A,E_S339T,E_I436V,E_I439V,prM_T59A,E_I293T,prM_K122R,prM_E72D,E_A369T,E_T161I,E_D37N)	1983
hDenV1/Colombia/un-OUCRU-356/2013	DENV1	V	1V_D.1	EPI_ISL_17610669	2013	South America / Colombia	Human			unknown	unknown	unknown			Original	Serum		(E_I114L,prM_G115S,E_K203E,E_S339T,E_T88A,E_I436V,prM_A29V,E_I439V,prM_T59A,E_I293T,prM_K122R,prM_E72D,E_T454I,E_A369T,E_T161I,E_D37N)	1983
hDenV1/Colombia/un-OUCRU-509/2013	DENV1	V	1V_F	EPI_ISL_17610670	2013	South America / Colombia	Human			unknown	unknown	unknown			Original	Serum		(E_I114L,E_K203E,E_T88A,E_S339T,E_I436V,E_I439V,prM_T59A,prM_L138F,E_I293T,prM_K122R,prM_E72D,E_A369T,E_T161I,E_D37N)	1983
hDenV1/Colombia/un-OUCRU-510/2013	DENV1	V	1V_D.2	EPI_ISL_17610671	2013	South America / Colombia	Human			unknown	unknown	unknown			Original	Serum		(E_I114L,E_K203E,E_S339T,E_T88A,E_I436V,E_I439V,prM_T59A,E_I293T,prM_K122R,prM_E72D,E_A369T,E_T161I,E_D37N)	1983
hDenV1/Colombia/un-OUCRU-511/2013	DENV1	V	1V_D.1.2	EPI_ISL_17610672	2013	South America / Colombia	Human			unknown	unknown	unknown			Original	Serum		(E_I114L,E_K203E,E_S339T,E_T88A,E_I436V,E_V55I,E_I439V,prM_T59A,E_I293T,prM_E72D,prM_K122R,E_A369T,E_T161I,E_N8S,E_D37N,E_S338L)	1983
hDenV1/Colombia/un-OUCRU-512/2013	DENV1	V	1V_F	EPI_ISL_17610673	2013	South America / Colombia	Human			unknown	unknown	unknown			Original	Serum		(E_I114L,E_K203E,E_S339T,E_T88A,E_I436V,E_I439V,prM_T59A,prM_L138F,E_I293T,prM_K122R,prM_E72D,E_A369T,E_T161I,E_N8S,E_D37N)	1983
hDenV1/Colombia/un-OUCRU-513/2013	DENV1	V	1V_F	EPI_ISL_17610674	2013	South America / Colombia	Human			unknown	unknown	unknown			Original	Serum		(E_I114L,prM_T83N,E_K203E,E_T88A,E_S339T,E_I436V,E_I439V,prM_T59A,prM_L138F,E_I293T,prM_E72D,prM_K122R,E_A369T,E_T161I,E_D37N,prM_D89E)	1983
hDenV1/Colombia/un-OUCRU-525/2011	DENV1	V	1V_F	EPI_ISL_17610676	2011	South America / Colombia	Human			unknown	unknown	unknown			Original	Serum		(E_I114L,prM_T83N,E_K203E,E_S339T,E_T88A,E_I436V,E_Q271R,E_I439V,prM_T59A,E_I293T,prM_E72D,prM_K122R,E_A369T,E_T161I,E_M289I,E_D37N)	1983
hDenV1/Colombia/un-OUCRU-131/2013	DENV1	V	1V_D.1	EPI_ISL_17610677	2013	South America / Colombia	Human			unknown	unknown	unknown			Original	Serum		(E_I114L,prM_G115S,E_K203E,E_S339T,E_T88A,E_I436V,E_I439V,prM_T59A,E_I293T,prM_E72D,prM_K122R,E_T454I,E_A369T,E_T161I,E_D37N)	1983
hDenV1/Colombia/un-OUCRU-133/2013	DENV1	V	1V_D.1	EPI_ISL_17610678	2013	South America / Colombia	Human			unknown	unknown	unknown			Original	Serum		(E_I114L,prM_G115S,E_K203E,E_T88A,E_S339T,E_I436V,prM_A29V,E_I439V,prM_T59A,E_I293T,prM_K122R,prM_E72D,E_T454I,E_A369T,E_T161I,E_D37N)	1983
hDenV1/Colombia/un-OUCRU-338/2013	DENV1	V	1V_D.1	EPI_ISL_17610679	2013	South America / Colombia	Human			unknown	unknown	unknown			Original	Serum		(E_I114L,prM_G115S,E_K203E,E_S339T,E_T88A,E_I436V,prM_A29V,E_I439V,prM_T59A,E_Y132H,E_I293T,prM_E72D,prM_K122R,E_T454I,E_A369T,E_T161I,E_D37N,prM_V135L)	1983
hDenV1/Colombia/un-OUCRU-340/2013	DENV1	V	1V_D	EPI_ISL_17610680	2013	South America / Colombia	Human			unknown	unknown	unknown			Original	Serum		(E_I114L,E_K203E,E_S225L,E_T88A,E_S339T,E_I436V,E_I439V,prM_T59A,E_I293T,prM_E72D,prM_K122R,E_A369T,E_T161I,E_D37N)	1983
hDenV1/Colombia/un-OUCRU-341/2013	DENV1	V	1V_D	EPI_ISL_17610681	2013	South America / Colombia	Human			unknown	unknown	unknown			Original	Serum		(E_I114L,E_S225L,E_K203E,E_S339T,E_T88A,E_I436V,E_I439V,prM_T59A,E_I293T,prM_K122R,prM_E72D,E_A369T,E_T161I,E_D37N)	1983
hDenV1/Colombia/un-OUCRU-342/2013	DENV1	V	1V_D	EPI_ISL_17610682	2013	South America / Colombia	Human			unknown	unknown	unknown			Original	Serum		(E_I114L,E_K203E,E_S339T,E_T88A,E_I436V,E_I439V,prM_T59A,E_I293T,prM_E72D,prM_K122R,E_A369T,E_T161I,E_D37N)	1983
hDenV1/Colombia/un-OUCRU-333/2013	DENV1	V	1V_D.2	EPI_ISL_17610689	2013	South America / Colombia	Human			unknown	unknown	unknown			Original	Serum		(E_I114L,E_K203E,E_T88A,E_I436V,E_I439V,prM_L138F,E_I293T,prM_K122R,E_A369T,E_T161I,E_D37N,E_S339I)	1665
hDenV1/Colombia/un-OUCRU-360/2013	DENV1	V	1V_D.1	EPI_ISL_17610691	2013	South America / Colombia	Human			unknown	unknown	unknown			Original	Serum		(E_I114L,prM_G115S,E_K203E,E_T88A,E_S339T,E_I436V,E_I439V,prM_T59A,E_I293T,prM_K122R,prM_E72D,E_T454I,E_A369T,E_T161I,E_D37N)	1821
hDenV1/Colombia/un-OUCRU-358/2013	DENV1	V	1V_B	EPI_ISL_17610702	2013	South America / Colombia	Human			unknown	unknown	unknown			Original	Serum		(E_I114L,E_I293A,E_K203E,E_T88A,E_S339T,E_M297T,E_I436V,prM_Q17H,E_I439V,prM_T59A,prM_K122R,prM_E72D,E_T454I,E_A369T,E_T161I,E_D37N)	1983
hDenV1/Colombia/un-OUCRU-132/2013	DENV1	V	1V_D.1	EPI_ISL_17610705	2013	South America / Colombia	Human			unknown	unknown	unknown			Original	Serum		(E_I114L,prM_G115S,E_K203E,E_T88A,E_S339T,E_I436V,prM_A29V,E_I439V,prM_T59A,E_I293T,prM_K122R,prM_E72D,E_T454I,E_A369T,E_T161I,E_D37N)	1983
hDenV1/Colombia/un-OUCRU-506/2013	DENV1	V	1V_D	EPI_ISL_17610719	2013	South America / Colombia	Human			unknown	unknown	unknown			Original	Serum		(E_I114L,E_K203E,E_S339T,E_T88A,E_I436V,E_I439V,prM_T59A,E_I293T,prM_K122R,prM_E72D,E_A369T,E_T161I,E_D37N)	1983
hDenV1/Colombia/un-OUCRU-526/2013	DENV1	V	1V_D.2	EPI_ISL_17610721	2013	South America / Colombia	Human			unknown	unknown	unknown			Original	Serum		(E_I114L,E_K203E,E_T88A,E_S339T,E_I436V,E_I439V,prM_T59A,E_I293T,prM_K122R,prM_E72D,E_A369T,E_T161I,E_D37N)	1983
hDenV1/Colombia/un-OUCRU-507/2012	DENV1	V	1V_D	EPI_ISL_17610730	2012	South America / Colombia	Human			unknown	unknown	unknown			Original	Serum		(E_I114L,E_K203E,E_S339T,E_T88A,E_I436V,E_I439V,prM_T59A,E_I293T,prM_K122R,prM_E72D,E_A369T,E_T161I,E_D37N)	1983
hDenV1/Colombia/RIS-INS-476947/2016	DENV1	V	1V_D.1	EPI_ISL_17783293	2016-04-26	South America / Colombia / Risaralda	Human			unknown	unknown	unknown			C6-36	Serum		(NS2B_I106V,NS5_A370I,E_T88A,NS5_F881Y,prM_A29V,E_I439V,NS1_S94N,NS5_T27I,NS3_R15K,NS3_R185K,NS4B_I48V,E_I293T,prM_K122R,NS1_I224T,NS2A_L199F,NS2A_R82K,E_T161I,NS2A_M33L,NS2A_D139E,prM_T57I,NS3_K255R,NS5_P894L,NS2A_L12I,NS2A_T44I,NS5_S629L,NS5_Y127H,E_S339T,NS4B_H24Q,E_I436V,NS4A_Q19L,NS2A_S142P,NS4A_R76K,prM_T59A,NS1_T307I,NS2A_I171V,NS2A_A147T,NS2A_V106I,NS2B_E63Q,NS1_K347R,NS3_V384I,C_N90S,NS4B_A20T,NS1_V128T,E_I114L,NS1_V178M,NS4B_A18V,C_R10K,NS1_N139D,NS5_K364R,NS5_T675A,NS4B_H17Y,NS3_A91T,NS2A_I15V,NS3_I474V,NS5_T651A,prM_E72D,E_T454I,NS3_A112T,NS2A_M168T,NS1_K324R,NS5_K647E,NS5_D834E,C_V26G,NS5_D644H,C_G70S,NS4B_A27T,NS5_A616V,prM_G115S,E_K203E,C_A19V,NS1_N146G,NS5_H435R,NS1_V93A,NS5_T135M,NS5_R378K,NS2B_V11I,NS3_Y349H,NS4B_H34R,NS4A_I89T,NS1_M103I,C_F13I,E_A369T,NS3_E43D,NS3_V221I,E_D37N,NS1_A60V,NS2A_F159L,NS5_I34M,E_E62K,NS2A_H162D)	10735
hDenV1/Colombia/MET-INS-424735/2013	DENV1	V	1V_D.1	EPI_ISL_17783294	2013-06-18	South America / Colombia / Meta	Human			unknown	unknown	unknown			C6-36	Serum		(NS5_A370I,NS4A_R125K,E_T88A,NS5_R721K,NS5_F881Y,NS2A_K67R,E_I439V,NS1_S94N,NS5_T27I,NS3_R185K,NS4B_I48V,NS5_H53Y,E_I293T,prM_K122R,NS1_I224T,NS3_A166T,NS2A_L199F,NS2A_R82K,E_T161I,NS2A_D139E,NS3_K255R,NS2A_L12I,NS2A_T44I,NS5_S629L,NS5_Y127H,E_S339T,NS4B_H24Q,E_I436V,NS4A_Q19L,NS2A_S142P,NS4A_R76K,prM_T59A,NS1_T307I,NS2A_A147T,NS2A_I171V,NS2A_V106I,NS2B_E63Q,NS1_K347R,NS3_V384I,C_N90S,NS4B_A20T,NS1_V128T,E_I114L,NS1_V178M,NS1_N139D,NS5_K364R,NS5_T675A,NS3_P356S,NS4B_H17Y,NS3_A91T,NS2A_I15V,NS3_I474V,NS5_T651A,prM_E72D,NS3_A112T,NS2A_M168T,NS1_K324R,NS5_K647E,NS5_D834E,C_V26G,C_G70S,NS4B_A27T,NS5_A616V,E_K203E,NS2A_L195M,NS1_N146G,NS1_V93A,NS5_R378K,NS5_T135M,NS2B_V11I,NS4B_H34R,NS4A_I89T,E_A369T,NS3_E43D,NS3_V221I,E_D37N,NS1_A60V,NS2A_F159L,NS5_I34M,NS2A_H162D)	10735
hDenV1/Colombia/CAU-INS-483718/2016	DENV1	V	1V_D.1.2	EPI_ISL_17783295	2016-06-24	South America / Colombia / Cauca	Human			unknown	unknown	unknown			C6-36	Serum		(NS2B_I106V,E_T88A,NS5_F881Y,NS2A_K67R,E_I439V,NS1_S94N,NS5_T27I,NS3_R185K,NS4B_I48V,E_I293T,prM_K122R,NS1_I224T,NS2A_R82K,NS2A_L199F,NS5_A370T,E_T161I,NS2A_D139E,NS3_K255R,NS2A_L12I,E_S338L,NS2A_T44I,NS5_S629L,NS5_Y127H,E_S339T,NS3_I520V,NS4B_H24Q,E_I436V,NS4A_Q19L,NS2A_S142P,NS4A_R76K,prM_T59A,NS1_T307I,NS2A_I171V,NS2A_A147T,NS2A_V106I,E_A117V,NS2B_E63Q,NS1_K347R,NS3_V384I,C_N90S,NS4B_A20T,NS1_V128T,E_I114L,NS1_V178M,NS4B_A18V,NS1_N139D,NS5_K364R,NS5_T675A,NS4B_H17Y,NS3_A91T,NS2A_I15V,NS3_I474V,NS5_T651A,prM_E72D,NS3_A112T,NS2A_M168T,NS1_K324R,NS5_K647E,E_G445E,NS5_D834E,C_V26G,C_G70S,NS1_F86L,NS4B_A27T,NS5_A616V,E_K203E,NS1_N146G,NS1_V93A,NS5_R378K,NS5_T135M,NS2B_V11I,NS4A_S99G,NS4B_H34R,E_A369T,NS3_E43D,NS1_G47E,NS3_V221I,NS4A_I89M,E_D37N,NS1_A60V,NS2A_F159L,NS5_I34M,NS2A_H162D)	10710
hDenV1/Colombia/un-INS-484942/2016	DENV1	V	1V_D.1	EPI_ISL_17783298	2016-07-14	South America / Colombia	Human			unknown	unknown	unknown			C6-36	Serum		(NS5_A370I,E_T88A,NS5_F881Y,prM_A29V,E_I439V,NS1_S94N,NS5_T27I,NS3_R185K,NS4B_I48V,E_I293T,prM_K122R,NS1_I224T,NS2A_R82K,NS2A_L199F,E_T161I,NS2A_D139E,NS2A_M33L,prM_T57I,NS3_K255R,NS2A_L12I,NS2A_T44I,NS5_S629L,NS5_Y127H,E_S339T,NS4B_H24Q,E_I436V,NS4A_Q19L,NS2A_S142P,NS4A_R76K,prM_T59A,NS1_T307I,NS2A_I171V,NS2A_A147T,NS2A_V106I,NS2B_E63Q,NS1_K347R,NS5_R262S,NS3_V384I,C_N90S,NS4B_A20T,NS1_V128T,E_I114L,NS1_V178M,NS4B_A18V,NS1_N139D,NS5_V337A,NS5_K364R,NS5_T675A,NS4B_H17Y,NS2A_I15V,NS3_I474V,NS5_T651A,prM_E72D,E_T454I,NS3_A112T,NS2A_M168T,NS1_K324R,NS5_K647E,NS5_D834E,C_V26G,NS5_D644H,NS5_P335S,C_G70S,NS4B_A27T,NS5_A616V,E_K203E,prM_G115S,NS1_N146G,NS5_H435R,NS1_V93A,NS5_M336I,NS5_T135M,NS5_R378K,NS2B_V11I,NS3_Y349H,NS4B_H34R,NS5_I334K,NS4A_I89T,NS1_M103I,E_A369T,NS3_V221I,E_D37N,NS1_A60V,NS2A_F159L,NS5_I34M,NS2A_H162D)	10570
hDenV1/Colombia/un-INS-484948/2016	DENV1	V	1V_D.1	EPI_ISL_17783299	2016-07-12	South America / Colombia	Human			unknown	unknown	unknown			C6-36	Serum		(NS2B_I106V,NS5_A370I,E_T88A,prM_A29V,E_I439V,NS1_S94N,NS5_T27I,NS3_R185K,NS3_R15K,NS4B_I48V,E_I293T,prM_K122R,NS1_I224T,NS2A_R82K,NS2A_L199F,E_T161I,NS2A_D139E,NS2A_M33L,prM_T57I,NS3_K255R,NS2A_L12I,NS2B_V11T,NS2A_T44I,NS5_S629L,NS5_Y127H,E_S339T,NS4B_H24Q,E_I436V,NS4A_Q19L,NS2A_S142P,NS4A_R76K,prM_T59A,NS1_T307I,NS2A_I171V,NS2A_A147T,NS2A_V106I,NS2B_E63Q,NS1_K347R,NS3_V384I,C_N90S,NS4B_A20T,NS1_V128T,E_I114L,NS1_V178M,NS4B_A18V,NS1_N139D,NS1_G16R,NS5_Y572H,NS5_K364R,NS5_T675A,NS4B_H17Y,NS3_A91T,NS2A_I15V,NS3_I474V,NS5_T651A,prM_E72D,E_T454I,NS3_A112T,NS2A_M168T,NS1_K324R,NS5_K647E,NS5_D834E,C_V26G,NS5_D644H,C_G70S,NS4B_A27T,NS5_A616V,E_K203E,prM_G115S,NS1_N146G,NS5_H435R,NS1_V93A,NS5_R378K,NS5_T135M,NS1_C15S,NS3_Y349H,NS4B_H34R,NS4A_I89T,NS1_M103I,E_A369T,NS3_V221I,E_D37N,NS1_A60V,NS2A_F159L,NS5_I34M,NS2A_H162D)	10106
hDenV1/Colombia/ANT-INS-485061/2016	DENV1	V	1V_D.1	EPI_ISL_17783300	2016-08-27	South America / Colombia / Antioquia	Human			unknown	unknown	unknown			C6-36	Serum		(NS2B_I106V,NS1_I224A,E_T88A,NS5_F881Y,NS2A_K67R,E_I439V,NS1_S94N,NS5_T27I,NS3_R185K,NS4B_I48V,NS1_W225V,E_I293T,prM_K122R,NS2A_L199F,NS2A_R82K,NS5_A370T,E_T161I,NS2A_D139E,NS3_K255R,NS2A_L12I,NS2A_T44I,NS5_Y127H,E_S339T,NS4B_H24Q,E_I436V,NS4A_Q19L,NS2A_S142P,NS4A_R76K,prM_T59A,NS1_T307I,NS2A_A147T,NS2A_I171V,NS2A_V106I,NS2B_E63Q,NS1_K347R,NS3_V384I,prM_E114D,C_N90S,NS4B_A20T,NS1_V128T,E_I114L,NS1_V178M,NS4B_A18V,NS1_N139D,NS5_K364R,E_I457V,NS5_T675A,NS4B_H17Y,NS3_A91T,NS3_I474V,NS5_T651A,NS1_K227P,prM_E72D,NS3_A112T,NS2A_M168T,NS1_K324R,NS5_K647G,NS5_D834E,C_V26G,C_G70S,NS4B_A27T,NS5_A616V,E_K203E,NS1_N146G,NS1_V93A,NS5_T135M,NS5_R378K,NS2B_V11I,NS4B_H34R,NS4A_I89T,E_A369T,NS3_E43D,NS3_V221I,E_D37N,NS1_A60V,NS2A_F159L,NS5_I34M,NS1_P226S,NS2A_H162D)	10491
hDenV1/Colombia/un-INS-424233/2013	DENV1	V	1V_D.1	EPI_ISL_17783301	2013-06-01	South America / Colombia	Human			unknown	unknown	unknown			C6-36	Serum		(NS2B_I106V,E_T88A,NS5_F881Y,prM_A29V,NS2A_K67R,E_I439V,NS1_S94N,NS5_T27I,NS3_R185K,NS3_R15K,NS4B_I48V,E_I293T,prM_K122R,NS1_I224T,NS2A_R82K,NS2A_L199F,NS5_A370T,E_T161I,NS2A_D139E,NS3_K255R,NS5_P894L,NS2A_L12I,NS2A_T44I,NS5_S629L,NS5_Y127H,E_S339T,NS4B_H24Q,E_I436V,NS4A_Q19L,NS2A_S142P,NS4A_R76K,prM_T59A,NS1_T307I,NS2A_I171V,NS2A_A147T,NS2A_V106I,NS2B_E63Q,NS1_K347R,NS3_V384I,C_N90S,NS4B_A20T,NS1_V128T,NS1_H77Y,E_I114L,NS1_V178M,NS4B_A18V,NS1_N139D,NS5_K364R,NS5_T675A,NS4B_H17Y,NS3_A91T,NS2A_I15V,NS3_I474V,NS5_T651A,prM_E72D,E_T454I,NS3_A112T,NS2A_M168T,NS1_K324R,NS5_K647E,NS5_D834E,C_V26G,C_G70S,NS4B_A27T,NS5_A616V,prM_G115S,E_K203E,NS1_N146G,NS5_H435R,NS1_V93A,NS5_R378K,NS5_T135M,NS2B_V11I,NS4B_H34R,NS4A_I89T,E_A369T,NS3_E43D,NS3_V221I,E_D37N,NS1_A60V,NS2A_F159L,NS5_I34M,NS2A_H162D)	10446
hDenV1/Colombia/CUN-INS-450339/2015	DENV1	V	1V_D.2	EPI_ISL_17783302	2015-10-09	South America / Colombia / Cundinamarca	Human			unknown	unknown	unknown			C6-36	Serum		(NS2B_I106V,E_T88A,NS1_N293S,NS1_V128I,NS5_F881Y,NS2A_K67R,NS1_S94N,NS1_T131A,E_I439V,NS5_T27I,NS3_R185K,NS4B_I48V,E_I293T,prM_K122R,NS1_I224T,NS2A_L199F,NS2A_R82K,NS5_A370T,E_T161I,NS2A_D139E,NS3_K255R,NS2A_L12I,NS2A_T44I,NS5_S629L,NS5_I340T,NS5_Y127H,E_S339T,NS3_I520V,NS4B_H24Q,E_I436V,NS4A_Q19L,NS2A_S142P,NS4A_R76K,prM_T59A,NS1_T307I,NS2A_I171V,NS2A_A147T,NS2A_V106I,NS2B_E63Q,NS1_K347R,NS3_V384I,C_N90S,NS5_R367Q,E_I114L,NS1_V178M,NS4B_A18V,NS1_N139D,NS4A_A93T,NS5_K364R,NS3_I462V,NS4B_H17Y,NS3_A91T,NS2A_I15V,NS3_I474V,NS5_T651A,prM_E72D,NS3_A112T,NS2A_M168T,NS1_K324R,NS5_K647E,NS5_D834E,C_V26G,C_G70S,NS4B_A27T,NS5_A616V,E_K203E,NS1_N146G,NS1_V93A,NS5_T135M,NS5_R378K,NS2B_V11I,NS3_Y349H,NS5_A341D,NS4B_H34R,NS4A_I89T,E_A369T,NS3_E43D,NS3_V221I,E_D37N,NS2A_F159L,NS5_I34M,E_E62K,NS2A_H162D)	10735
hDenV1/Colombia/un-Yale-DH011/1990	DENV1	V	1V	EPI_ISL_18081107	1990-01-01	South America / Colombia	Human			unknown	unknown	unknown			Cell culture			(NS2B_I106V,E_T88A,NS5_V270A,NS1_V128I,NS5_F881Y,NS2A_K67R,E_I439V,NS1_S94N,NS3_R185K,NS4B_I48V,E_I293T,NS2A_R82K,NS2A_L199F,E_T161I,NS2A_D139E,NS3_K255R,NS2A_L12I,NS2A_T44I,NS5_S629L,NS5_Y127H,E_S339T,E_M297T,NS4B_H24Q,E_I436V,NS4A_Q19L,NS2A_S142P,NS4A_R76K,NS5_T678I,prM_T59A,NS2B_A70T,NS1_T307I,NS2A_I171V,NS2A_A147T,NS2A_V106I,NS3_V384I,C_N90S,E_I114L,NS1_V178M,NS4B_A18V,NS1_N139D,NS5_K364R,NS3_A91T,NS2A_I15V,NS3_I474V,prM_E72D,NS3_A112T,NS1_K324R,NS5_K647G,NS5_D834E,C_V26G,C_G70S,NS4B_A27T,NS5_A616V,E_K203E,NS1_V93A,NS1_N146D,NS5_R378K,NS5_T135M,NS2B_V11I,NS2A_V155I,NS4B_H34R,NS4A_I89T,NS5_T651V,E_A369T,NS3_E43D,NS3_V221I,E_D37N,NS2A_F159L,NS5_I34M,NS2A_H162D)	10601
hDenV1/Colombia/un-Yale-DH141/2004	DENV1	V	1V	EPI_ISL_18081130	2004-01-01	South America / Colombia	Human			unknown	unknown	unknown			Cell culture			(NS2B_I106V,E_T88A,NS5_F881Y,NS2A_K67R,E_I439V,NS1_S94N,NS3_R185K,NS4B_I48V,E_I293T,prM_K122R,NS1_I224T,NS2A_R82K,NS2A_L199F,NS5_A370T,E_T161I,NS2A_D139E,NS3_K255R,NS2A_L12I,NS2A_T44I,NS5_S629L,NS5_Y127H,E_S339T,NS3_I520V,NS4B_H24Q,E_I436V,NS4A_Q19L,NS2A_S142P,NS4A_R76K,prM_T59A,NS2A_I54T,NS1_T307I,NS2A_A147T,NS2A_I171V,NS2A_V106I,NS2B_E63Q,NS1_K347R,NS3_V384I,C_N90S,NS1_V128T,E_I114L,NS1_V178M,NS4B_A18V,NS1_N139D,NS5_K364R,NS4B_H17Y,NS3_A91T,prM_A143V,NS2A_I15V,NS3_I474V,NS5_T651A,prM_E72D,NS3_A112T,NS2A_M168T,NS1_K324R,NS5_K647E,NS5_D834E,NS5_D785E,C_V26G,C_G70S,NS4B_A27T,NS5_A616V,E_K203E,NS1_N146G,NS1_V93A,NS5_R378K,NS5_T135M,NS2B_V11I,NS4B_H34R,NS4A_I89T,E_A369T,NS3_E43D,NS3_V221I,E_D37N,NS2A_F159L,NS5_I34M,NS2A_H162D)	10597
hDenV1/Colombia/un-Yale-DH012/1988	DENV1	V	1V	EPI_ISL_18081192	1988-01-01	South America / Colombia	Human			unknown	unknown	unknown			Cell culture			(NS2B_I106V,E_T88A,NS1_V128I,NS5_F881Y,NS2A_K67R,NS1_A213E,E_I439V,NS1_S94N,NS3_R185K,NS4B_I48V,E_I293T,NS3_E143G,NS2A_R82K,NS2A_L199F,E_T161I,NS2A_D139E,NS2A_L32M,NS3_K255R,NS2A_L12I,NS2A_T44I,NS1_V286I,NS5_Y127H,E_S339T,E_I436V,NS4A_Q19L,NS2A_S142P,NS4A_R76K,NS5_T678I,prM_T59A,NS2B_A70T,NS1_T307I,NS2A_A147T,NS2A_V106I,NS1_K347R,NS3_V384I,C_N90S,NS1_I251T,E_F337L,NS4A_V2I,E_I114L,NS1_V178M,NS4B_A18V,NS1_N139D,NS5_K364R,E_T442A,E_V365I,NS3_A91T,NS2A_I15V,NS3_I474V,NS5_T651A,prM_E72D,NS3_A112T,NS1_K324R,C_K86R,NS5_D834E,C_V26G,C_G70S,NS4B_A27T,NS5_A616V,E_K203E,NS1_V93A,NS1_N146D,NS5_R378K,NS2B_V11I,NS2A_V155I,NS4B_H34R,E_A369T,NS3_E43D,NS3_V221I,NS4A_I89M,E_D37N,NS2A_F159L,NS5_I34M,NS2A_H162D)	10601
hDenV1/Colombia/un-BNITM-363/2018	DENV1	V	1V_D.1.1	EPI_ISL_18861650	2018-07-01	South America / Colombia	Human			unknown	unknown	unknown			Original	Serum		(NS2B_I106V,NS4A_R125K,NS5_F881Y,NS2A_K67R,E_I439V,NS1_S94N,NS5_T27I,NS3_R185K,NS4B_I48V,E_I293T,prM_K122R,NS1_I224T,NS2A_R82K,NS2A_L199F,NS5_A370T,E_T161I,NS2A_D139E,NS3_K255R,NS2A_L12I,NS2A_T44I,NS5_S629L,NS5_Y127H,E_S339T,NS4B_H24Q,E_I436V,NS4A_Q19L,NS2A_S142P,NS4A_R76K,prM_T59A,NS1_T307I,NS2A_I171V,NS2A_A147T,NS2A_V106I,NS2B_E63Q,NS1_K347R,NS3_V384I,C_N90S,NS4B_A20T,NS1_V128T,C_A112V,E_I114L,NS1_V178M,NS4B_A18V,NS1_N139D,NS5_K364R,E_I457V,NS5_T675A,NS4B_H17Y,NS3_A91T,NS2A_I15V,NS3_I474V,NS5_N637D,NS5_T651A,prM_E72D,NS3_A112T,NS2A_M168T,NS1_K324R,NS5_K647E,NS5_D834E,C_V26G,C_G70S,NS4B_A27T,NS5_A616V,E_K203E,NS1_N146G,NS1_V93A,NS5_T135M,NS5_R378K,NS2B_V11I,NS4B_H34R,NS4A_I89T,E_A369T,NS3_E43D,NS3_V221I,E_D37N,NS1_A60V,NS2A_F159L,NS5_I34M,NS2A_H162D)	10678
hDenV1/Colombia/VAC-LSPVAC-2400035/2024	DENV1	V	1V_D.1	EPI_ISL_19216364	2023-12-30	South America / Colombia / Valle del Cauca / Cali	Human			Male	89	Live			Original			(NS2B_I106V,NS4A_R125K,E_T88A,NS2A_M33V,NS5_F881Y,NS2A_K67R,E_I439V,NS1_S94N,NS3_R185K,NS4B_I48V,E_I293T,prM_K122R,NS1_I224T,NS2A_R82K,NS2A_L199F,NS5_A370T,E_T161I,NS3_K255R,NS2A_L12I,NS2A_T44I,NS5_S629L,NS5_Y127H,E_S339T,NS4B_H24Q,E_I436V,NS4A_Q19L,NS4A_R76K,prM_T59A,NS1_T307I,NS2B_E63Q,NS1_K347R,NS3_V384I,C_N90S,NS4B_A20T,NS1_V128T,NS5_T27V,E_I114L,NS1_V178M,NS4B_A18V,NS1_N139D,E_I457V,NS5_T675A,NS4B_H17Y,NS3_A91T,NS2A_I15V,NS3_I474V,NS5_N637D,NS5_T651A,prM_E72D,NS3_A112T,NS1_K324R,NS5_K647E,NS5_D834E,C_V26G,C_G70S,NS4B_A27T,NS5_A616V,E_K203E,NS1_N146G,NS1_V93A,NS5_T135M,NS5_R378K,NS2B_V11I,NS4B_H34R,NS4A_I89T,E_A369T,NS3_E43D,NS3_V221I,E_D37N,NS1_A60V,NS5_I34M)	10608
hDenV1/Colombia/VAC-LSPVAC-2400146/2024	DENV1	V	1V_D.2	EPI_ISL_19216366	2023-12-29	South America / Colombia / Valle del Cauca / Yumbo	Human			Female	1	Live			Original			(NS2B_I106V,NS1_V128I,NS1_N293S,NS5_F881Y,NS2A_K67R,NS1_T131A,NS1_S94N,E_I439V,NS5_T27I,NS3_R185K,NS4B_I48V,E_I293T,prM_K122R,NS1_I224T,NS2A_R82K,NS5_A370T,E_T161I,NS2A_D139E,NS3_K255R,NS2A_L12I,NS2A_T44I,NS5_S629L,NS5_Y127H,E_S339T,NS3_I520V,NS4B_H24Q,E_I436V,NS4A_Q19L,NS2A_S142P,NS4A_R76K,prM_T59A,E_V491A,NS1_T307I,NS2A_A147T,NS2A_I171V,NS2A_V106I,NS2B_E63Q,NS1_K347R,NS3_V384I,C_N90S,NS5_R367Q,E_I114L,NS1_V178M,NS4B_A18V,NS1_N139D,NS4A_A93T,NS5_K364R,NS5_R400K,NS3_I462V,NS4B_H17Y,NS2A_I15V,NS3_I474V,NS5_T651A,prM_E72D,NS2A_M168T,NS1_K324R,NS5_K647E,NS5_D834E,C_V26G,C_G70S,NS4B_A27T,NS5_A616V,E_K203E,NS1_N146G,NS1_V93A,NS5_T135M,NS5_R378K,NS2B_V11I,NS3_Y349H,NS4B_H34R,NS4A_I89T,E_A369T,NS3_E43D,NS3_V221I,E_D37N,NS2A_F159L,NS5_I34M,NS2A_H162D)	10608
hDenV1/Colombia/VAC-LSPVAC-2400227/2024	DENV1	V	1V_D.2	EPI_ISL_19216367	2023-12-23	South America / Colombia / Valle del Cauca / Cali	Human			Female	9	Live			Original			(NS2B_I106V,NS1_N293S,NS1_V128I,NS5_F881Y,NS2A_K67R,NS1_S94N,NS1_T131A,E_I439V,NS5_T27I,NS3_R185K,NS4B_I48V,E_I293T,prM_K122R,NS1_I224T,NS2A_L199F,NS2A_R82K,NS5_A370T,E_T161I,NS2A_D139E,NS3_K255R,NS2A_L12I,NS2A_T44I,NS5_S629L,NS5_Y127H,E_S339T,NS3_I520V,NS4B_H24Q,E_I436V,NS4A_Q19L,NS2A_S142P,NS4A_R76K,prM_T59A,E_V491A,NS1_T307I,NS2A_I171V,NS2A_A147T,NS2A_V106I,NS2B_E63Q,NS1_K347R,NS3_V384I,C_N90S,NS5_R367Q,E_I114L,NS1_V178M,NS4B_A18V,NS1_N139D,NS4A_A93T,NS5_K364R,NS5_R400K,NS3_I462V,NS4B_H17Y,NS3_A91T,NS2A_I15V,NS3_I474V,NS5_T651A,prM_E72D,NS3_A112T,NS2A_M168T,NS1_K324R,NS5_K647E,NS5_D834E,C_V26G,C_G70S,NS4B_A27T,NS5_A616V,E_K203E,NS1_N146G,NS1_V93A,NS5_R378K,NS5_T135M,NS2B_V11I,NS3_Y349H,NS4B_H34R,NS4A_I89T,E_A369T,NS3_E43D,NS3_V221I,E_D37N,NS2A_F159L,NS5_I34M,NS2A_H162D)	10609
hDenV1/Colombia/VAC-LSPVAC-2400298/2024	DENV1	V	1V_D.2	EPI_ISL_19216369	2023-12-25	South America / Colombia / Valle del Cauca / Cartago	Human			Female	16	Live			Original			(NS2B_I106V,NS1_V128I,NS1_N293S,NS5_F881Y,NS2A_K67R,E_I439V,NS1_S94N,NS1_T131A,NS5_T27I,NS3_R185K,NS4B_I48V,E_I293T,prM_K122R,NS1_I224T,NS2A_R82K,NS2A_L199F,NS5_A370T,E_T161I,NS2A_D139E,NS3_K255R,NS2A_L12I,NS2A_T44I,NS5_S629L,NS5_Y127H,E_S339T,NS3_I520V,NS4B_H24Q,E_I436V,NS4A_Q19L,NS2A_S142P,NS4A_R76K,prM_T59A,E_V491A,NS1_T307I,NS2A_A147T,NS2A_I171V,NS2A_V106I,NS2B_E63Q,NS1_K347R,NS3_V384I,C_N90S,NS5_R367Q,E_I114L,NS1_V178M,NS4B_A18V,NS1_N139D,NS4A_A93T,NS5_K364R,NS5_R400K,NS3_I462V,NS4B_H17Y,NS3_A91T,NS2A_I15V,NS3_I474V,NS5_T651A,prM_E72D,NS3_A112T,NS2A_M168T,NS1_K324R,NS5_K647E,NS5_D834E,C_V26G,C_G70S,NS4B_A27T,NS5_A616V,E_K203E,NS1_N146G,NS1_V93A,NS5_R378K,NS5_T135M,NS2B_V11I,NS3_Y349H,NS4B_H34R,NS4A_I89T,E_A369T,NS3_E43D,NS3_V221I,E_D37N,NS2A_F159L,NS5_I34M,NS2A_H162D)	10608
hDenV1/Colombia/VAC-LSPVAC-2400368/2024	DENV1	V	1V_D.1	EPI_ISL_19216370	2023-12-26	South America / Colombia / Valle del Cauca / Cali	Human			Female	17	Live			Original			(NS2B_I106V,NS3_S88L,NS4A_R125K,E_T88A,prM_A29T,NS2A_M33V,NS5_F881Y,NS2A_K67R,E_I439V,NS1_S94N,NS3_R185K,NS4B_I48V,E_I293T,prM_K122R,NS1_I224T,NS2A_R82K,NS2A_L199F,NS5_A370T,E_T161I,NS3_K255R,prM_E58G,NS2A_L12I,NS2A_T44I,NS5_S629L,NS5_Y127H,E_S339T,NS4B_H24Q,E_I436V,NS4A_Q19L,NS4A_R76K,prM_T59A,NS1_T307I,NS2B_E63Q,NS1_K347R,NS3_V384I,C_N90S,NS4B_A20T,NS1_V128T,NS5_T27V,E_I114L,NS1_V178M,NS4B_A18V,NS1_N139D,NS5_K364R,E_I457V,NS5_T675A,NS4B_H17Y,NS3_A91T,NS2A_I15V,NS3_I474V,NS5_N637D,NS5_T651A,prM_E72D,NS3_A112T,NS1_K324R,NS5_K647E,NS5_D834E,C_V26G,C_G70S,NS4B_A27T,NS5_A616V,E_K203E,NS1_N146G,NS1_V93A,NS5_T135M,NS5_R378K,NS2B_V11I,NS3_R562K,E_V55I,NS2A_K218R,NS4B_H34R,NS4A_I89T,E_A369T,NS3_E43D,NS3_V221I,E_D37N,NS1_A60V,NS5_I34M)	10608
hDenV1/Colombia/VAC-LSPVAC-2402583/2024	DENV1	V	1V_D.1.1	EPI_ISL_19216378	2024-01-22	South America / Colombia / Valle del Cauca / Cali	Human			Male	55	Live			Original			(NS2B_I106V,NS5_T192A,NS4A_R125K,NS5_R325K,E_T88A,NS5_F881Y,NS2A_K67R,E_I439V,NS1_S94N,NS5_T27I,NS3_R185K,NS4B_I48V,E_I293T,prM_K122R,NS1_I224T,NS2A_R82K,NS2A_L199F,NS5_A370T,E_T161I,NS3_K255R,NS2A_L12I,NS2A_T44I,NS5_Y127H,E_S339T,NS4B_H24Q,E_I436V,NS4A_Q19L,NS4A_R76K,prM_T59A,NS1_T307I,NS2B_E63Q,NS1_K347R,NS3_V384I,E_I480M,C_N90S,NS4B_A20T,NS1_V128T,C_A112V,E_I114L,NS1_V178M,NS4B_A18V,NS1_N139D,NS5_K364R,NS5_T675A,NS4B_H17Y,NS3_A91T,NS2A_I15V,NS3_I474V,NS5_T651A,prM_E72D,NS3_A112T,NS1_K324R,NS5_K647E,NS5_D834E,NS3_Q466L,C_V26G,C_G70S,prM_S15T,NS4B_A27T,NS5_A616V,E_K203E,NS1_N146G,NS1_V93A,NS5_T135M,NS5_R378K,NS2B_V11I,NS4B_H34R,NS4A_I89T,E_A369T,NS3_E43D,NS3_V221I,E_D37N,NS1_A60V,NS5_I34M)	10608
hDenV1/Colombia/VAC-LSPVAC-2403830/2024	DENV1	V	1V_D.2	EPI_ISL_19216397	2024-03-05	South America / Colombia / Valle del Cauca / Jamundi	Human			Male	7	Live			Original			(NS2B_I106V,NS1_V128I,NS1_N293S,NS5_F881Y,NS2A_K67R,E_I439V,NS1_T131A,NS1_S94N,NS5_T27I,NS3_R185K,NS4B_I48V,E_I293T,prM_K122R,NS1_I224T,NS2A_R82K,NS2A_L199F,NS5_A370T,E_T161I,NS2A_D139E,NS3_K255R,NS2A_L12I,NS2A_T44I,NS5_S629L,NS5_Y127H,E_S339T,NS3_I520V,NS4B_H24Q,E_I436V,NS4A_Q19L,NS2A_S142P,NS4A_R76K,prM_T59A,E_V491A,NS1_T307I,NS2A_I171V,NS2A_A147T,NS2A_V106I,NS2B_E63Q,NS1_K347R,NS3_V384I,C_N90S,NS5_R367Q,E_I114L,NS1_V178M,NS4B_A18V,NS1_N139D,NS4A_A93T,NS5_R400K,NS5_K364R,NS1_P296S,NS3_I462V,NS4B_H17Y,NS3_A91T,NS2A_I15V,NS3_I474V,NS5_T651A,prM_E72D,NS3_A112T,NS2A_M168T,NS1_K324R,NS5_K647E,NS5_D834E,C_V26G,C_G70S,NS4B_A27T,NS5_A616V,E_K203E,NS1_N146G,NS1_V93A,NS5_R378K,NS5_T135M,NS2B_V11I,NS3_P119S,NS3_Y349H,NS4B_H34R,NS4A_I89T,E_A369T,NS3_E43D,NS3_V221I,E_D37N,NS2A_F159L,NS5_I34M,NS2A_H162D)	10608
hDenV1/Colombia/VAC-LSPVAC-2404263/2024	DENV1	V	1V_D.2	EPI_ISL_19216398	2024-03-12	South America / Colombia / Valle del Cauca / Cali	Human			Male	3	Live			Original			(NS2B_I106V,NS1_V128I,NS1_N293S,NS5_F881Y,NS2A_K67R,NS1_S94N,NS1_T131A,E_I439V,NS5_T27I,NS3_R185K,NS4B_I48V,E_I293T,prM_K122R,NS1_I224T,NS2A_R82K,NS2A_L199F,NS5_A370T,E_T161I,NS3_K255R,NS2A_L12I,NS2A_T44I,NS5_S629L,NS5_Y127H,E_S339T,NS3_I520V,NS4B_H24Q,E_I436V,NS4A_Q19L,NS4A_R76K,prM_T59A,E_V491A,NS1_T307I,NS2B_E63Q,NS1_K347R,NS3_V384I,C_N90S,NS5_R367Q,E_I114L,NS1_V178M,NS4B_A18V,NS1_N139D,NS4A_A93T,NS5_K364R,NS5_R400K,NS3_I462V,NS4B_H17Y,NS3_A91T,NS2A_I15V,NS3_I474V,NS5_T651A,prM_E72D,NS3_A112T,NS1_K324R,NS5_K647E,NS5_D834E,C_V26G,C_G70S,NS4B_A27T,NS5_A616V,E_K203E,NS1_N146G,NS1_V93A,NS5_T135M,NS5_R378K,NS2B_V11I,NS3_Y349H,NS4B_H34R,NS4A_I89T,E_A369T,NS3_E43D,NS3_V221I,E_D37N,NS5_I34M)	10608
hDenV1/Colombia/VAC-LSPVAC-2404314/2024	DENV1	V	1V_D.2	EPI_ISL_19216399	2024-03-08	South America / Colombia / Valle del Cauca / Jamundi	Human			Male	13	Live			Original			(NS2B_I106V,NS1_V128I,NS1_N293S,NS5_F881Y,NS2A_K67R,NS1_S94N,NS1_T131A,E_I439V,NS5_T27I,NS3_R185K,NS4B_I48V,E_I293T,prM_K122R,NS1_I224T,NS2A_L199F,NS2A_R82K,NS5_A370T,E_T161I,NS3_K255R,NS2A_L12I,NS2A_T44I,NS5_S629L,NS5_Y127H,E_S339T,NS3_I520V,NS4B_H24Q,E_I436V,NS4A_Q19L,NS4A_R76K,prM_T59A,E_V491A,NS1_T307I,NS2B_E63Q,NS1_K347R,NS3_V384I,C_N90S,NS5_R367Q,E_I114L,NS1_V178M,NS4B_A18V,NS1_N139D,NS4A_A93T,NS5_R400K,NS5_K364R,NS3_I462V,NS4B_H17Y,NS3_A91T,NS2A_I15V,NS3_I474V,NS5_T651A,prM_E72D,NS3_A112T,NS1_K324R,NS5_K647E,NS5_D834E,C_V26G,C_G70S,NS4B_A27T,NS5_A616V,E_K203E,NS1_N146G,NS1_V93A,NS5_T135M,NS5_R378K,NS2B_V11I,NS3_Y349H,NS4B_H34R,NS4A_I89T,E_A369T,NS3_E43D,NS3_V221I,E_D37N,NS5_I34M)	10608
hDenV1/Colombia/VAC-LSPVAC-2404461/2024	DENV1	V	1V_D.2	EPI_ISL_19216400	2024-03-18	South America / Colombia / Valle del Cauca / Jamundi	Human			Male	88	Live			Original			(NS2B_I106V,E_T88A,NS1_N293S,NS1_V128I,NS5_F881Y,NS2A_K67R,E_I439V,NS1_T131A,NS1_S94N,NS5_T27I,NS3_R185K,NS4B_I48V,E_I293T,prM_K122R,NS1_I224T,NS2A_R82K,NS2A_L199F,NS5_A370T,E_T161I,NS2A_D139E,NS3_K255R,E_L387M,NS2A_L12I,NS2A_T44I,NS5_S629L,NS5_T399I,NS5_Y127H,E_S339T,NS3_I520V,NS4B_H24Q,E_I436V,NS4A_Q19L,NS2A_S142P,NS4A_R76K,prM_T59A,NS1_T307I,NS2A_I171V,NS2A_A147T,NS2A_V106I,NS2B_E63Q,NS1_K347R,NS3_V384I,NS5_R367Q,NS5_D807N,E_I114L,NS1_V178M,NS4B_A18V,NS1_N139D,NS4A_A93T,NS5_K364R,NS4B_H17Y,NS3_A91T,NS2A_I15V,NS3_I474V,NS5_T651A,prM_E72D,NS3_A112T,NS2A_M168T,NS1_K324R,C_N93S,NS5_K647E,NS5_D834E,C_V26G,C_G70S,NS4B_A27T,NS5_A616V,E_K203E,NS1_N146G,NS1_V93A,NS5_H649Y,NS5_T135M,NS5_R378K,NS2B_V11I,NS2A_K218R,NS4B_H34R,NS4A_I89T,E_A369T,NS3_E43D,NS3_V221I,E_D37N,NS2A_F159L,NS5_I34M,NS2A_H162D)	10608
hDenV1/Colombia/VAC-LSPVAC-2405179/2024	DENV1	V	1V_D.1	EPI_ISL_19216403	2024-04-01	South America / Colombia / Valle del Cauca / Cali	Human			Male	76	Live			Original			(NS2B_I106V,NS3_S88L,NS4A_R125K,E_T88A,prM_A29T,NS2A_M33V,NS5_F881Y,NS2A_K67R,E_I439V,NS1_S94N,NS3_R185K,NS4B_I48V,E_I293T,prM_K122R,NS1_I224T,NS2A_R82K,NS2A_L199F,NS5_A370T,E_T161I,NS2A_D139E,NS3_K255R,prM_E58G,NS2A_L12I,NS2A_T44I,NS5_S629L,NS5_Y127H,E_S339T,NS4B_H24Q,E_I436V,NS4A_Q19L,NS2A_S142P,NS4A_R76K,prM_T59A,NS1_T307I,NS2A_I171V,NS2A_A147T,NS2A_V106I,NS1_K206R,NS2B_E63Q,NS1_K347R,NS3_V384I,C_N90S,NS4B_A20T,NS1_V128T,NS5_T27V,E_I114L,NS1_V178M,NS4B_A18V,NS1_N139D,NS5_K364R,E_I457V,NS5_T675A,NS4B_H17Y,NS3_A91T,NS2A_I15V,NS3_I474V,NS5_N637D,NS5_T651A,prM_E72D,NS3_A112T,NS2A_M168T,NS1_K324R,NS5_K647E,NS5_D834E,C_V26G,C_G70S,NS4B_A27T,NS5_A616V,E_K203E,NS1_N146G,NS1_V93A,NS5_T135M,NS5_R378K,NS2B_V11I,E_V55I,NS4B_H34R,NS4A_I89T,E_A369T,NS3_E43D,NS3_V221I,E_D37N,NS1_A60V,NS2A_F159L,NS5_I34M,NS2A_H162D)	10608
hDenV1/Colombia/VAC-LSPVAC-2405404/2024	DENV1	V	1V_D.1.1	EPI_ISL_19216405	2024-04-04	South America / Colombia / Valle del Cauca / Cali	Human			Male	5	Live			Original			(NS2B_I106V,NS4A_R125K,NS5_R325K,E_T88A,NS5_F881Y,NS2A_K67R,E_I439V,NS1_S94N,NS5_T27I,NS3_R185K,NS4B_I48V,E_I293T,prM_K122R,NS1_I224T,NS2A_L199F,NS2A_R82K,NS5_A370T,E_T161I,NS3_K255R,NS2A_L12I,NS2A_T44I,NS5_Y127H,E_S339T,NS4B_H24Q,E_I436V,NS4A_Q19L,NS4A_R76K,prM_T59A,NS1_T307I,NS2B_E63Q,NS1_K347R,NS3_V384I,E_I480M,C_N90S,NS4B_A20T,NS1_V128T,C_A112V,E_I114L,NS1_V178M,NS4B_A18V,NS1_N139D,NS5_K364R,NS5_T675A,NS4B_H17Y,NS3_A91T,NS2A_I15V,NS3_I474V,NS5_T651A,NS5_N26D,prM_E72D,NS3_A112T,NS1_K324R,NS5_K647E,NS5_D834E,C_V26G,C_G70S,prM_S15T,NS4B_A27T,NS5_A616V,E_K203E,NS1_N146G,NS1_V93A,NS5_R378K,NS5_T135M,NS2B_V11I,NS4B_H34R,NS4A_I89T,E_A369T,NS3_E43D,NS3_V221I,E_D37N,NS1_A60V,NS5_I34M)	10608
hDenV1/Colombia/VAC-LSPVAC-2405525/2024	DENV1	V	1V_D.2	EPI_ISL_19216407	2024-04-12	South America / Colombia / Valle del Cauca / Cali	Human			Female	16	Live			Original			(NS2B_I106V,NS1_V128I,NS1_N293S,NS5_F881Y,NS2A_K67R,E_I439V,NS1_S94N,NS1_T131A,NS3_R185K,NS4B_I48V,E_I293T,prM_K122R,NS1_I224T,NS2A_L199F,NS2A_R82K,NS5_A370T,E_T161I,NS3_K255R,NS2A_L12I,NS2A_T44I,NS5_S629L,NS5_Y127H,E_S339T,NS3_I520V,NS4B_H24Q,E_I436V,NS4A_Q19L,NS4A_R76K,prM_T59A,E_V491A,NS1_T307I,NS2B_E63Q,NS1_K347R,NS3_V384I,C_N90S,NS5_R367Q,E_I114L,NS1_V178M,NS4B_A18V,NS1_N139D,NS4A_A93T,NS5_R400K,NS5_K364R,NS1_P296S,NS3_I462V,NS4B_H17Y,NS3_A91T,NS2A_I15V,NS3_I474V,NS5_T651A,prM_E72D,NS3_A112T,NS1_K324R,NS5_K647E,NS5_D834E,C_V26G,C_G70S,NS4B_A27T,NS5_A616V,E_K203E,NS1_N146G,NS1_V93A,NS5_T135M,NS5_R378K,NS2B_V11I,NS3_P119S,NS3_Y349H,NS4B_H34R,NS4A_I89T,E_A369T,NS3_E43D,NS3_V221I,E_D37N,NS5_I34M)	10608
hDenV1/Colombia/VAC-LSPVAC-2405553/2024	DENV1	V	1V_D.2	EPI_ISL_19216408	2024-04-09	South America / Colombia / Valle del Cauca / Cali	Human			Female	1	Live			Original			(NS2B_I106V,NS1_N293S,NS1_V128I,NS5_F881Y,NS2A_K67R,NS1_S94N,NS1_T131A,E_I439V,NS3_R185K,NS4B_I48V,E_I293T,prM_K122R,NS1_I224T,NS2A_R82K,NS2A_L199F,NS5_A370T,E_T161I,NS3_K255R,NS2A_L12I,NS2A_T44I,NS5_S629L,NS5_Y127H,E_S339T,NS3_I520V,NS4B_H24Q,E_I436V,NS4A_Q19L,NS4A_R76K,prM_T59A,E_V491A,NS1_T307I,NS2B_E63Q,NS1_K347R,NS3_V384I,C_N90S,NS5_R367Q,E_I114L,NS1_V178M,NS4B_A18V,NS1_N139D,NS4A_A93T,NS5_K364R,NS5_R400K,NS1_P296S,NS3_I462V,NS4B_H17Y,NS3_A91T,NS2A_I15V,NS3_I474V,NS5_T651A,prM_E72D,NS3_A112T,NS1_K324R,NS5_K647E,NS5_D834E,C_V26G,C_G70S,NS4A_M45I,NS4B_A27T,NS5_A616V,E_K203E,NS1_N146G,NS1_V93A,NS5_T135M,NS5_R378K,NS2B_V11I,NS3_P119S,NS3_Y349H,NS4B_H34R,NS4A_I89T,E_A369T,NS3_E43D,NS3_V221I,E_D37N)	10608
hDenV1/Colombia/VAC-LSPVAC-2405731/2024	DENV1	V	1V_D.2	EPI_ISL_19216410	2024-04-07	South America / Colombia / Valle del Cauca / Cali	Human			Male	2	Live			Original			(NS2B_I106V,E_T88A,NS1_N293S,NS1_V128I,NS5_F881Y,NS2A_K67R,E_I439V,NS1_S94N,NS1_T131A,NS5_T27I,NS3_R185K,NS4B_I48V,E_I293T,prM_K122R,NS1_I224T,NS2A_R82K,NS2A_L199F,NS5_A370T,E_T161I,NS3_K255R,E_L387M,NS2A_L12I,NS2A_T44I,NS5_S629L,NS5_T399I,NS5_Y127H,E_S339T,NS3_I520V,NS4B_H24Q,E_I436V,NS4A_Q19L,NS4A_R76K,prM_T59A,NS1_T307I,NS2B_E63Q,NS1_K347R,NS3_V384I,NS5_R367Q,NS5_D807N,E_I114L,NS1_V178M,NS4B_A18V,NS1_N139D,NS4A_A93T,NS5_K364R,NS4B_H17Y,NS3_A91T,NS2A_I15V,NS3_I474V,NS5_T651A,prM_E72D,NS3_A112T,NS1_K324R,C_N93S,NS5_K647E,NS5_D834E,C_V26G,C_G70S,NS4B_A27T,NS5_A616V,E_K203E,NS1_N146G,NS1_V93A,NS5_H649Y,NS5_R378K,NS5_T135M,NS2B_V11I,NS2A_K218R,NS4B_H34R,NS4A_I89T,E_A369T,NS3_E43D,NS3_V221I,E_D37N,NS5_I34M)	10608
hDenV1/Colombia/VAC-LSPVAC-2405754/2024	DENV1	V	1V_D.2	EPI_ISL_19216411	2024-04-12	South America / Colombia / Valle del Cauca / Cartago	Human			Female	2	Live			Original			(NS2B_I106V,NS1_N293S,NS1_V128I,NS5_F881Y,NS2A_K67R,E_I439V,NS1_S94N,NS1_T131A,NS5_T27I,NS3_R185K,NS4B_I48V,E_I293T,prM_K122R,NS1_I224T,NS2A_R82K,NS2A_L199F,NS5_A370T,E_T161I,NS2A_D139E,NS3_K255R,NS2A_L12I,NS2A_T44I,NS5_S629L,NS5_Y127H,E_S339T,NS3_I520V,NS4B_H24Q,E_I436V,NS4A_Q19L,NS2A_S142P,NS4A_R76K,prM_T59A,E_Q174R,E_V491A,NS1_T307I,NS2A_I171V,NS2A_A147T,NS2A_V106I,NS2B_E63Q,NS1_K347R,NS3_V384I,C_N90S,NS5_R367Q,E_I114L,NS1_V178M,NS4B_A18V,NS1_N139D,NS4A_A93T,NS5_K364R,NS5_R400K,NS3_I462V,NS4B_H17Y,NS3_A91T,NS2A_I15V,NS3_I474V,NS5_T651A,prM_E72D,NS3_A112T,NS2A_M168T,NS1_K324R,NS5_K647E,NS5_D834E,C_V26G,C_G70S,NS4B_A27T,NS5_A616V,E_K203E,NS1_N146G,NS1_V93A,NS5_R378K,NS5_T135M,NS2B_V11I,NS3_Y349H,NS4B_H34R,NS4A_I89T,E_A369T,NS3_E43D,NS3_V221I,E_D37N,NS2A_F159L,NS5_I34M,NS2A_H162D)	10608
hDenV1/Colombia/VAC-LSPVAC-2405774/2024	DENV1	V	1V_D.2	EPI_ISL_19216412	2024-04-22	South America / Colombia / Valle del Cauca / Cali	Human			Male	16	Live			Original			(NS2B_I106V,NS1_N293S,NS1_V128I,NS5_F881Y,NS2A_K67R,NS1_T131A,NS1_S94N,E_I439V,NS5_T27I,NS3_R185K,NS4B_I48V,E_I293T,prM_K122R,NS1_I224T,NS2A_R82K,NS2A_L199F,NS5_A370T,E_T161I,NS3_K255R,NS2A_L12I,NS2A_T44I,NS5_S629L,NS5_Y127H,E_S339T,NS3_I520V,NS4B_H24Q,E_I436V,NS4A_Q19L,NS4A_R76K,prM_T59A,E_V491A,NS1_T307I,NS2B_E63Q,NS1_K347R,NS3_V384I,C_N90S,NS5_R367Q,E_I114L,NS1_V178M,NS4B_A18V,NS1_N139D,NS4A_A93T,NS5_R400K,NS5_K364R,NS3_I462V,NS4B_H17Y,NS3_A91T,NS2A_I15V,NS3_I474V,NS5_T651A,prM_E72D,NS3_A112T,NS1_K324R,NS5_K647E,NS5_D834E,C_V26G,C_G70S,NS4B_A27T,NS5_A616V,E_K203E,NS1_N146G,NS1_V93A,NS5_T135M,NS5_R378K,NS2B_V11I,NS3_Y349H,NS4B_H34R,NS4A_I89T,E_A369T,NS3_E43D,NS3_V221I,E_D37N,NS5_I34M)	10608
hDenV1/Colombia/un-Yale-DN02379/2023	DENV1	V	1V_D.1	EPI_ISL_19257630	2023-09-13	South America / Colombia	Human			unknown	unknown	unknown			Original	Serum		(NS2B_I106V,NS3_S88L,NS4A_R125K,E_T88A,prM_A29T,NS2A_M33V,NS5_F881Y,NS2A_K67R,NS1_S94N,NS3_R185K,NS4B_I48V,E_I293T,prM_K122R,NS1_I224T,NS2A_R82K,NS2A_L199F,NS5_A370T,E_T161I,NS2A_D139E,NS3_K255R,NS2A_L12I,NS2A_T44I,NS5_S629L,NS5_Y127H,E_S339T,NS4B_H24Q,E_I436V,NS4A_Q19L,NS2A_S142P,prM_T59A,NS1_T307I,NS2A_A147T,NS2A_I171V,NS2A_V106I,NS2B_E63Q,NS1_K347R,NS3_V384I,C_N90S,NS4B_A20T,NS1_V128T,NS5_T27V,E_I114L,NS1_V178M,NS4B_A18V,NS1_N139D,NS4A_A93T,NS5_K364R,E_I457V,NS5_T675A,NS4B_H17Y,NS3_A91T,NS2A_I15V,NS3_I474V,NS5_T651A,NS5_N637D,prM_E72D,NS3_A112T,NS2A_M168T,NS1_K324R,NS5_K647E,NS5_D834E,C_V26G,C_G70S,NS4B_A27T,NS5_A616V,E_K203E,NS1_N146G,NS1_V93A,NS5_R378K,NS5_T135M,NS2B_V11I,E_V55I,NS4B_H34R,NS4A_I89T,E_A369T,NS3_E43D,NS3_V221I,E_D37N,NS1_A60V,NS2A_F159L,NS5_I34M,NS2A_H162D)	10622
hDenV1/Colombia/un-Yale-DN02363/2023	DENV1	V	1V_D.1	EPI_ISL_19257631	2023-08-26	South America / Colombia	Human			unknown	unknown	unknown			Original	Serum		(NS2B_I106V,NS3_S88L,NS4A_R125K,E_T88A,prM_A29T,NS2A_M33V,NS5_F881Y,NS2A_K67R,NS1_S94N,NS3_R185K,NS4B_I48V,E_I293T,prM_K122R,NS1_I224T,NS2A_L199F,NS2A_R82K,NS5_A370T,E_T161I,NS2A_D139E,NS3_K255R,prM_E58G,NS2A_L12I,NS2A_T44I,NS5_S629L,NS5_Y127H,E_S339T,NS4B_H24Q,E_I436V,NS4A_Q19L,NS2A_S142P,NS4A_R76K,prM_T59A,NS1_T307I,NS2A_A147T,NS2A_I171V,NS2A_V106I,NS2B_E63Q,NS1_K347R,NS3_V384I,C_N90S,NS4B_A20T,NS1_V128T,NS5_T27V,E_I114L,NS1_V178M,NS4B_A18V,NS1_N139D,NS5_K364R,E_I457V,NS5_T675A,NS4B_H17Y,NS3_A91T,NS2A_I15V,NS3_I474V,NS5_N637D,NS5_T651A,prM_E72D,NS3_A112T,NS2A_M168T,NS1_K324R,NS5_K647E,NS5_D834E,C_V26G,C_G70S,NS4B_A27T,NS5_A616V,E_K203E,NS1_N146G,NS1_V93A,NS5_T135M,NS5_R378K,NS2B_V11I,E_V55I,NS4B_H34R,NS4A_I89T,E_A369T,NS3_E43D,NS3_V221I,E_D37N,NS1_A60V,NS2A_F159L,NS5_I34M,NS2A_H162D)	10622
hDenV1/Colombia/un-Yale-DN02556/2024	DENV1	V	1V_D.1	EPI_ISL_19257633	2024-02-20	South America / Colombia	Human			unknown	unknown	unknown			Original	Serum		(NS2B_I106V,NS4A_R125K,E_T88A,NS2A_M33V,NS5_F881Y,NS2A_K67R,E_I439V,NS1_S94N,NS3_R185K,NS4B_I48V,E_I293T,prM_K122R,NS1_I224T,NS2A_R82K,NS2A_L199F,NS5_A370T,E_T161I,NS2A_D139E,NS3_K255R,NS2A_L12I,NS2A_T44I,NS5_S629L,NS5_Y127H,E_S339T,NS4B_H24Q,E_I436V,NS4A_Q19L,NS2A_S142P,NS4A_R76K,prM_T59A,NS1_T307I,NS2A_I171V,NS2A_A147T,NS2A_V106I,NS2B_E63Q,NS1_K347R,NS3_V384I,C_N90S,NS4B_A20T,NS5_A230S,NS1_V128T,NS5_T27V,E_I114L,NS1_V178M,NS4B_A18V,NS1_N139D,E_I457V,NS5_T675A,NS4B_H17Y,NS3_A91T,NS2A_I15V,NS3_I474V,NS5_N637D,NS5_T651A,prM_E72D,NS3_A112T,NS2A_M168T,NS1_K324R,NS5_K647E,NS5_D834E,C_V26G,C_G70S,NS4B_A27T,NS5_A616V,NS5_V784A,E_K203E,NS1_N146G,NS1_V93A,NS5_R378K,NS5_T135M,NS2B_V11I,NS4B_H34R,NS4A_I89T,E_A369T,NS3_E43D,NS3_V221I,NS5_K52R,E_D37N,NS1_A60V,NS2A_F159L,NS5_I34M,NS2A_H162D)	10616
hDenV1/Colombia/un-Yale-DN02429/2023	DENV1	V	1V_D.2	EPI_ISL_19257634	2023-11-12	South America / Colombia	Human			unknown	unknown	unknown			Original	Serum		(NS2B_I106V,NS1_V128I,NS1_N293S,NS5_F881Y,NS2A_K67R,E_I439V,NS1_S94N,NS1_T131A,NS5_T27I,NS3_R185K,NS4B_I48V,E_I293T,prM_K122R,NS1_I224T,NS2A_R82K,NS2A_L199F,NS5_A370T,E_T161I,NS2A_D139E,NS3_K255R,NS2A_L12I,NS2A_T44I,NS5_S629L,NS5_Y127H,E_S339T,NS3_I520V,NS4B_H24Q,E_I436V,NS4A_Q19L,NS2A_S142P,NS4A_R76K,prM_T59A,E_V491A,NS1_T307I,NS2A_A147T,NS2A_I171V,NS2A_V106I,NS2B_E63Q,NS1_K347R,NS3_V384I,C_N90S,NS5_R367Q,E_I114L,NS1_V178M,NS4B_A18V,NS1_N139D,NS4A_A93T,NS5_R400K,NS5_K364R,NS3_I462V,NS4B_H17Y,NS3_A91T,NS2A_I15V,NS3_I474V,NS5_T651A,prM_E72D,NS3_A112T,NS2A_M168T,NS1_K324R,NS5_K647E,NS5_D834E,C_V26G,C_G70S,NS4B_A27T,NS5_A616V,E_K203E,NS1_N146G,NS1_V93A,NS5_T135M,NS5_R378K,NS2B_V11I,NS3_Y349H,NS4B_H34R,NS4A_I89T,E_A369T,NS3_E43D,NS3_V221I,E_D37N,NS2A_F159L,NS5_I34M,NS2A_H162D)	10619
hDenV1/Colombia/un-Yale-DN02505/2024	DENV1	V	1V_D.1	EPI_ISL_19257636	2024-01-21	South America / Colombia	Human			unknown	unknown	unknown			Original	Serum		(NS2B_I106V,NS3_S88L,NS4A_R125K,E_T88A,prM_A29T,NS2A_M33V,NS5_F881Y,NS2A_K67R,NS1_S94N,NS3_R185K,NS4B_I48V,E_I293T,prM_K122R,NS1_I224T,NS2A_L199F,NS2A_R82K,NS5_A370T,E_T161I,NS2A_D139E,NS3_K255R,prM_E58G,NS2A_L12I,NS2A_T44I,NS5_S629L,NS5_Y127H,E_S339T,NS4B_H24Q,E_I436V,NS4A_Q19L,NS2A_S142P,NS4A_R76K,prM_T59A,NS1_T307I,NS2A_I171V,NS2A_A147T,NS2A_V106I,NS2B_E63Q,NS1_K347R,NS3_V384I,C_N90S,NS4B_A20T,NS1_V128T,NS5_T27V,E_I114L,NS1_V178M,NS4B_A18V,NS1_N139D,NS5_K364R,E_I457V,NS5_T675A,NS4B_H17Y,NS3_A91T,NS2A_I15V,NS3_I474V,NS5_T651A,NS5_N637D,prM_E72D,NS3_A112T,NS2A_M168T,NS1_K324R,NS5_K647E,NS5_D834E,C_V26G,C_G70S,NS4B_A27T,NS5_A616V,E_K203E,NS1_N146G,NS1_V93A,NS5_R378K,NS5_T135M,NS2B_V11I,NS2A_K218R,E_V55I,NS4B_H34R,NS4A_I89T,E_A369T,NS3_E43D,NS3_V221I,E_D37N,NS1_A60V,NS2A_F159L,NS5_I34M,NS2A_H162D)	10622
hDenV1/Colombia/un-Yale-DN02386/2023	DENV1	V	1V_D.2	EPI_ISL_19257637	2023-09-21	South America / Colombia	Human			unknown	unknown	unknown			Original	Serum		(NS2B_I106V,NS1_N293S,NS1_V128I,NS5_F881Y,NS2A_K67R,E_I439V,NS1_S94N,NS1_T131A,NS5_T27I,NS3_R185K,NS4B_I48V,E_I293T,prM_K122R,NS1_I224T,NS2A_R82K,NS2A_L199F,NS5_A370T,E_T161I,NS2A_D139E,NS3_K255R,NS2A_L12I,NS2A_T44I,NS5_S629L,NS5_Y127H,E_S339T,NS3_I520V,NS4B_H24Q,E_I436V,NS4A_Q19L,NS2A_S142P,NS4A_R76K,prM_T59A,E_V491A,NS1_T307I,NS2A_I171V,NS2A_A147T,NS2A_V106I,NS2B_E63Q,NS1_K347R,NS3_V384I,C_N90S,NS5_R367Q,E_I114L,NS1_V178M,NS4B_A18V,NS1_N139D,NS4A_A93T,NS5_R400K,NS5_K364R,NS4B_H17Y,NS3_A91T,NS2A_I15V,NS3_I474V,NS5_T651A,prM_E72D,NS3_A112T,NS2A_M168T,NS1_K324R,NS5_K647E,NS5_D834E,C_V26G,C_G70S,NS4B_A27T,NS5_A616V,E_K203E,NS1_N146G,NS1_V93A,NS5_R378K,NS5_T135M,NS2B_V11I,NS3_Y349H,NS4B_H34R,NS4A_I89T,E_A369T,NS3_E43D,NS3_V221I,E_D37N,NS2A_F159L,NS5_I34M,NS2A_H162D)	10616
hDenV1/Colombia/un-Yale-DN02440/2023	DENV1	V	1V_D.1	EPI_ISL_19257638	2023-11-23	South America / Colombia	Human			unknown	unknown	unknown			Original	Serum		(NS2B_I106V,NS4A_R125K,E_T88A,prM_A29T,NS2A_M33V,NS5_F881Y,NS2A_K67R,E_I439V,NS3_R185K,NS4B_I48V,E_I293T,prM_K122R,NS1_I224T,NS2A_L199F,NS2A_R82K,NS5_A370T,E_T161I,NS1_S94D,NS2A_D139E,NS3_K255R,prM_E58G,NS2A_L12I,NS2A_T44I,NS5_S629L,NS5_Y127H,E_S339T,NS4B_H24Q,E_I436V,NS4A_Q19L,NS2A_S142P,NS4A_R76K,prM_T59A,NS1_T307I,NS2A_A147T,NS2A_I171V,NS2A_V106I,NS2B_E63Q,NS1_K347R,NS3_V384I,C_N90S,NS4B_A20T,NS1_V128T,NS5_T27V,E_I114L,NS1_V178M,NS4B_A18V,NS1_N139D,NS5_K364R,E_I457V,NS5_T675A,NS4B_H17Y,NS2A_I15V,NS3_I474V,NS5_T651A,NS5_N637D,prM_E72D,NS2A_M168T,NS1_K324R,NS5_K647E,NS5_D834E,E_S227F,C_V26G,C_G70S,NS4B_A27T,NS5_A616V,E_K203E,NS1_N146G,NS1_V93A,NS5_R378K,NS5_T135M,NS2B_V11I,E_V55I,NS4B_H34R,NS4A_I89T,E_A369T,E_F440L,NS3_V221I,E_D37N,NS1_A60V,NS2A_F159L,NS5_I34M,NS2A_H162D)	10617
hDenV1/Colombia/ANT-UDEA-COA0053/2021	DENV1	V	1V_D.1.1	EPI_ISL_19644377	2021-12-09	South America / Colombia / Antioquia / Apartado	Human			unknown	unknown	unknown			C6/36			(NS1_S216G,NS1_A187S,NS1_W153del,E_T88A,NS1_L171Y,NS1_ins205GAWKQIQ,NS1_S191A,NS1_M184D,NS1_P141Y,E_I293T,prM_K122R,NS1_D180E,NS1_N151del,E_T161I,NS1_S174T,NS1_K192L,NS1_I167T,NS1_V155P,prM_N32H,NS1_A186R,E_S339T,NS1_I162C,NS1_E156D,E_I436V,NS1_G159D,NS1_Q147T,prM_T59A,NS1_Y158V,NS1_D145R,NS1_F160C,NS1_D190del,NS1_K206R,NS1_L169V,NS1_D173G,NS1_D197G,NS1_Y175C,NS1_A215P,prM_L23F,E_I114L,NS1_Y200L,NS1_K211A,E_I457V,NS1_F163N,NS1_I202M,NS1_M198L,NS1_S185K,prM_E72D,NS1_R214H,NS1_K189del,NS1_T176S,NS1_E142K,NS1_A196V,E_K203E,NS1_K170T,NS1_N166D,NS1_W150del,NS1_R148E,NS1_T164A,NS1_L183R,E_A369T,NS1_N207V,NS1_C179G,NS1_G161W,E_D37N,NS1_A213R,NS1_V178T,NS1_N146I,NS1_ins200ETRTET,NS1_V194P,NS1_R172del,NS1_E203S,NS1_I152del,NS1_I188V)	2071
hDenV1/Colombia/ANT-UDEA-COT0221/2023	DENV1	V	1V_D.1.1	EPI_ISL_19644378	2023-08-16	South America / Colombia / Antioquia / Turbo	Human			unknown	unknown	unknown			C6/36			(NS1_S216G,NS1_A187S,NS1_K14Y,NS1_W153del,E_T88A,NS1_L171Y,NS1_ins205GAWKQIQ,NS1_S191A,NS1_M184D,NS1_P141Y,E_I293T,prM_K122R,NS1_D180E,NS1_N151del,E_T161I,NS1_S174T,NS1_K192L,NS1_I167T,NS1_V155P,NS1_I19V,NS1_A186R,E_S339T,NS1_I162C,NS1_E156D,NS1_Q147T,NS1_G159D,prM_T59A,NS1_Y158V,NS1_D145R,NS1_F160C,NS1_D190del,NS1_K206R,NS1_L169V,NS1_D173G,NS1_D197G,C_N90S,NS1_Y175C,NS1_A215P,C_A112V,E_I114L,NS1_Y200L,NS1_K211A,E_I457V,NS1_F163N,NS1_I202M,NS1_M198L,NS1_S185K,prM_E72D,NS1_R214H,NS1_R11G,NS1_K189del,NS1_T176S,C_G70S,NS1_E142K,NS1_A196V,E_K203E,NS1_K170T,NS1_N166D,NS1_W150del,NS1_R148E,NS1_T164A,NS1_L183R,E_A369T,NS1_N207V,NS1_C179G,NS1_G161W,E_D37N,NS1_A213R,NS1_V178T,NS1_ins200ETRTET,NS1_N146I,NS1_V194P,NS1_E203S,NS1_R172del,NS1_I152del,NS1_I188V)	2274
hDenV1/Colombia/ANT-UDEA-COT0017/2023	DENV1	V	1V_D.1.1	EPI_ISL_19644379	2023-07-28	South America / Colombia / Antioquia / Turbo	Human			unknown	unknown	unknown			C6/36			(C_A112V,E_I114L,E_K203E,E_T88A,E_S339T,E_I457V,prM_T59A,E_I293T,prM_K122R,prM_E72D,E_A369T,E_T161I,E_D37N,C_N90S,C_G70S)	2240
hDenV1/Colombia/ANT-UDEA-COT0028/2023	DENV1	V	1V_D.1.1	EPI_ISL_19644380	2023-08-09	South America / Colombia / Antioquia / Turbo	Human			unknown	unknown	unknown			C6/36			(NS1_S216G,NS1_A187S,NS1_W153del,E_T88A,NS1_L171Y,NS1_S191A,NS1_ins205GAWKQIQ,NS1_M184D,NS1_P141Y,E_I293T,prM_K122R,NS1_D180E,NS1_N151del,E_T161I,NS1_S174T,NS1_K192L,NS1_I167T,NS1_V155P,NS1_A186R,E_S339T,NS1_I162C,NS1_E156D,NS1_G159D,NS1_Q147T,prM_T59A,NS1_H26P,NS1_Y158V,NS1_D145R,NS1_F160C,NS1_D190del,NS1_K206R,NS1_L169V,NS1_D173G,NS1_D197G,C_N90S,NS1_S17I,NS1_A215P,NS1_Y175C,C_A112V,E_I114L,NS1_K211A,NS1_Y200L,E_I457V,NS1_F163N,NS1_I202M,NS1_M198L,NS1_S185K,prM_E72D,NS1_R214H,NS1_K189del,NS1_T176S,C_G70S,NS1_A196V,NS1_E142K,E_K203E,NS1_K170T,NS1_N166D,NS1_W150del,NS1_T164A,NS1_R148E,NS1_L183R,E_A369T,NS1_N207V,NS1_C179G,NS1_G161W,E_D37N,NS1_A213R,NS1_V178T,NS1_ins200ETRTET,NS1_N146I,NS1_V194P,NS1_R172del,NS1_E203S,NS1_I152del,NS1_I188V)	2297
hDenV1/Colombia/ANT-UDEA-COA0214/2022	DENV1	V	1V_D.1.1	EPI_ISL_19644381	2022-03-09	South America / Colombia / Antioquia / Apartado	Human			unknown	unknown	unknown			C6/36			(NS1_S216G,NS1_A187S,NS1_W153del,E_T88A,NS1_L171Y,NS1_S191A,NS1_ins205GAWKQIQ,NS1_M184D,E_I439V,NS1_P141Y,E_I293T,prM_K122R,NS1_D180E,NS1_N151del,E_T161I,NS1_S174T,NS1_K192L,NS1_I167T,NS1_V155P,NS1_A186R,E_S339T,NS1_E156D,NS1_I162C,E_I436V,NS1_G159D,NS1_Q147T,prM_T59A,NS1_Y158V,NS1_D145R,NS1_F160C,NS1_D190del,NS1_K206R,NS1_L169V,NS1_D173G,NS1_D197G,NS1_Y175C,NS1_A215P,E_I114L,NS1_Y200L,NS1_K211A,E_I457V,NS1_F163N,NS1_I202M,NS1_M198L,NS1_S185K,prM_E72D,NS1_R214H,NS1_K189del,NS1_T176S,NS1_A196V,NS1_E142K,E_K203E,NS1_K170T,NS1_N166D,NS1_W150del,NS1_T164A,NS1_R148E,NS1_L183R,E_A369T,NS1_N207V,NS1_C179G,NS1_G161W,E_D37N,NS1_A213R,NS1_V178T,NS1_ins200ETRTET,NS1_N146I,NS1_V194P,NS1_R172del,NS1_E203S,NS1_I152del,NS1_I188V)	2042
hDenV1/Colombia/ANT-UDEA-COA0234/2022	DENV1	V	1V_D.1.1	EPI_ISL_19644382	2022-04-01	South America / Colombia / Antioquia / Apartado	Human			unknown	unknown	unknown			C6/36			(NS1_S216G,NS1_L237I,NS1_S228I,NS1_A187S,E_T88A,NS1_K221A,NS1_ins205GAWKQIQ,NS1_S191A,NS1_I224L,E_I439V,NS1_M184D,E_I293T,prM_K122R,NS1_D180E,E_T161I,prM_T57I,NS1_S174T,NS1_N234K,prM_E58G,NS1_ins175VTYGTC,NS1_K192L,NS1_A186R,E_S339T,NS1_L169C,E_I436V,NS1_M67R,prM_T59A,NS1_W232T,NS1_D190del,NS1_K206R,NS1_D197G,NS1_W225A,NS1_T222L,NS1_A215P,prM_T71K,E_I114L,NS1_K227A,NS1_K211A,NS1_Y200L,E_I457V,NS1_Y175W,NS1_I202M,NS1_M198L,NS1_S185K,prM_E72D,NS1_C223F,NS1_H229G,NS1_I218T,NS1_R214H,NS1_K189del,NS1_T176S,NS1_L231I,NS1_K170N,NS1_V220I,NS1_L171A,NS1_E219V,NS1_A196V,E_K203E,NS1_ins230S,NS1_V236I,NS1_S233Q,NS1_L183R,E_A369T,NS1_N207V,NS1_C179G,prM_H142P,E_D37N,NS1_A213R,NS1_A60V,NS1_V178T,NS1_ins200ETRTET,NS1_V194P,NS1_E203S,NS1_R172K,NS1_I188V)	2048
hDenV1/Colombia/ANT-UDEA-COT0011/2023	DENV1	V	1V_D.1.1	EPI_ISL_19644383	2023-07-21	South America / Colombia / Antioquia / Turbo	Human			unknown	unknown	unknown			C6/36			(NS1_S216G,NS1_A187S,NS1_W153del,E_T88A,NS1_L171Y,NS1_ins205GAWKQIQ,NS1_S191A,NS1_M184D,NS1_P141Y,E_I293T,prM_K122R,NS1_D180E,NS1_N151del,E_T161I,NS1_S174T,NS1_K192L,NS1_I167T,NS1_V155P,NS1_A186R,E_S339T,NS1_I162C,NS1_E156D,NS1_G159D,NS1_Q147T,prM_T59A,NS1_Y158V,NS1_D145R,NS1_F160C,NS1_D190del,NS1_K206R,NS1_L169V,NS1_D173G,NS1_D197G,C_N90S,NS1_A215P,NS1_Y175C,C_A112V,E_I114L,NS1_K211A,NS1_Y200L,E_I457V,NS1_F163N,NS1_I202M,NS1_M198L,NS1_S185K,prM_E72D,NS1_R214H,NS1_K189del,NS1_T176S,C_G70S,NS1_E142K,NS1_A196V,E_K203E,NS1_K170T,NS1_N166D,NS1_W150del,NS1_R148E,NS1_T164A,NS1_L183R,E_A369T,NS1_N207V,NS1_C179G,NS1_G161W,E_D37N,NS1_A213R,NS1_V178T,NS1_N146I,NS1_ins200ETRTET,NS1_V194P,NS1_E203S,NS1_R172del,NS1_I152del,NS1_I188V)	2363
hDenV1/Colombia/ANT-UDEA-COT0012/2023	DENV1	V	1V_D.1.1	EPI_ISL_19644384	2023-07-25	South America / Colombia / Antioquia / Turbo	Human			unknown	unknown	unknown			C6/36			(C_A112V,E_I114L,E_K203E,E_S339T,E_T88A,E_I457V,prM_T59A,E_I293T,prM_E72D,prM_K122R,E_A369T,E_T161I,E_D37N,C_N90S,C_G70S)	2242
hDenV1/Colombia/ANT-UDEA-COT0026/2023	DENV1	V	1V_D.1.1	EPI_ISL_19644385	2023-08-05	South America / Colombia / Antioquia / Turbo	Human			unknown	unknown	unknown			C6/36			(NS1_S216G,NS1_A187S,NS1_W153del,E_T88A,NS1_L171Y,NS1_ins205GAWKQIQ,NS1_S191A,NS1_V54L,E_I439V,NS1_M184D,NS1_P141Y,E_I293T,prM_K122R,NS1_D180E,NS1_N151del,E_T161I,NS1_S174T,NS1_G53R,NS1_K192L,NS1_I167T,NS1_V155P,NS1_A186R,E_S339T,NS1_E156D,NS1_I162C,E_I436V,NS1_Q147T,NS1_G159D,prM_T59A,NS1_Y158V,NS1_D145R,NS1_F160C,NS1_D190del,NS1_K206R,NS1_L169V,NS1_D173G,NS1_D197G,NS1_A215P,NS1_Y175C,prM_L23F,E_I114L,NS1_Y200L,NS1_K211A,E_I457V,NS1_F163N,NS1_I202M,NS1_M198L,NS1_S185K,prM_E72D,NS1_R214H,NS1_K189del,NS1_T176S,NS1_A196V,NS1_E142K,E_K203E,NS1_K170T,NS1_N166D,NS1_W150del,NS1_T164A,NS1_R148E,NS1_L183R,E_A369T,NS1_N207V,NS1_C179G,NS1_G161W,NS1_A213R,NS1_A60V,NS1_V178T,NS1_N146I,NS1_ins200ETRTET,NS1_V194P,NS1_E203S,NS1_R172del,NS1_I152del,NS1_I188V)	2156
hDenV1/Colombia/un-Yale-DN02838/2024	DENV1	V	1V_D.2	EPI_ISL_19682285	2024-06-24	South America / Colombia	Human			unknown	unknown	unknown			Original	Serum		(NS2B_I106V,NS1_V128I,NS1_N293S,NS5_F881Y,NS2A_K67R,E_I439V,NS1_S94N,NS1_T131A,NS5_T27I,NS3_R185K,NS4B_I48V,E_I293T,prM_K122R,NS1_I224T,NS2A_R82K,NS2A_L199F,NS5_A370T,E_T161I,NS2A_D139E,NS3_K255R,NS2A_L12I,NS2A_T44I,NS5_S629L,NS5_Y127H,E_S339T,NS3_I520V,NS4B_H24Q,E_I436V,NS4A_Q19L,NS2A_S142P,NS4A_R76K,prM_T59A,E_V491A,NS1_T307I,NS2A_I171V,NS2A_A147T,NS2A_V106I,NS2B_E63Q,NS1_K347R,NS3_V384I,C_N90S,NS5_R367Q,E_I114L,NS1_V178M,NS4B_A18V,NS1_N139D,NS4A_A93T,NS5_R400K,NS5_K364R,NS1_P296S,NS3_I462V,NS4B_H17Y,NS3_A91T,NS2A_I15V,NS3_I474V,NS5_T651A,prM_E72D,NS3_A112T,NS2A_M168T,NS1_K324R,NS5_K647E,NS5_D834E,C_V26G,C_G70S,NS4B_A27T,NS5_A616V,E_K203E,NS1_N146G,NS1_V93A,NS5_R378K,NS5_T135M,NS2B_V11I,NS3_P119S,NS3_Y349H,NS4B_H34R,NS4A_I89T,E_A369T,NS3_E43D,NS3_V221I,E_D37N,NS2A_F159L,NS5_I34M,NS2A_H162D)	10622
hDenV1/Colombia/un-Yale-DN02741/2024	DENV1	V	1V_D.1	EPI_ISL_19682286	2024-04-14	South America / Colombia	Human			unknown	unknown	unknown			Original	Serum		(NS2B_I106V,NS4A_R125K,E_T88A,NS2A_M33V,NS5_F881Y,NS2A_K67R,E_I439V,NS1_S94N,NS3_R185K,NS4B_I48V,prM_K122R,NS1_I224T,NS2A_R82K,NS2A_L199F,NS5_A370T,E_T161I,NS2A_D139E,NS3_K255R,NS3_A170T,NS2A_L12I,NS2A_T44I,NS5_S629L,NS5_Y127H,E_S339T,NS4B_H24Q,E_I436V,NS4A_Q19L,NS2A_S142P,NS4A_R76K,prM_T59A,NS1_T307I,NS2A_A147T,NS2A_I171V,NS2A_V106I,NS2B_E63Q,NS1_K347R,NS3_V384I,C_N90S,NS4B_A20T,NS1_V128T,NS5_D544E,NS5_T27V,E_I114L,NS1_V178M,NS4B_A18V,NS1_N139D,E_I457V,NS5_S892R,NS5_T675A,NS4B_H17Y,NS3_A91T,NS2A_I15V,NS3_I474V,NS5_T651A,NS5_N637D,prM_E72D,NS3_A112T,NS2A_M168T,NS1_K324R,NS5_K647E,NS5_D834E,NS2A_I174T,C_V26G,C_G70S,NS4B_A27T,NS5_A616V,E_K203E,NS1_N146G,NS1_V93A,NS4B_M143K,NS5_T135M,NS5_R378K,NS2B_V11I,NS4B_H34R,NS4A_I89T,E_A369T,NS3_E43D,NS3_V221I,E_D37N,NS1_A60V,NS2A_F159L,NS5_I34M,NS2A_H162D)	10617
hDenV1/Colombia/un-Yale-DN02733/2024	DENV1	V	1V_D.1	EPI_ISL_19682287	2024-04-11	South America / Colombia	Human			unknown	unknown	unknown			Original	Serum		(NS2B_I106V,E_S225L,NS4A_R125K,E_T88A,prM_A29T,NS2A_M33V,NS5_F881Y,NS2A_K67R,E_I439V,NS1_S94N,NS5_F134Y,NS3_R185K,NS4B_I48V,E_I293T,prM_K122R,NS1_I224T,NS2A_R82K,NS2A_L199F,NS5_A370T,E_T161I,NS2A_D139E,NS3_K255R,NS2A_L12I,NS2A_T44I,NS5_S629L,NS5_T399I,NS5_Y127H,E_S339T,NS4B_H24Q,E_I436V,NS4A_Q19L,NS2A_S142P,NS4A_R76K,prM_T59A,NS1_T307I,NS2A_A147T,NS2A_I171V,NS2A_V106I,NS2B_E63Q,NS1_K347R,NS3_V384I,C_N90S,NS4B_A20T,NS1_V128T,NS5_T27V,E_I114L,NS1_V178M,NS4B_A18V,NS1_N139D,NS5_K364R,E_I457V,NS5_T675A,NS4B_H17Y,NS3_A91T,NS2A_I15V,NS3_I474V,NS5_T651A,NS5_N637D,prM_E72D,NS3_A112T,NS2A_M168T,NS1_K324R,NS5_K647E,NS2A_S2P,NS5_D834E,C_V26G,C_G70S,C_R97K,NS4B_A27T,NS5_A616V,E_K203E,NS1_N146G,NS1_V93A,NS5_R378K,NS5_T135M,NS2B_V11I,NS4B_H34R,NS4A_I89T,E_A369T,NS3_E43D,NS3_V221I,E_D37N,NS1_A60V,NS2A_F159L,NS5_I34M,NS2A_H162D)	10625
hDenV1/Colombia/un-Yale-DN02730/2024	DENV1	V	1V_D.2	EPI_ISL_19682288	2024-04-07	South America / Colombia	Human			unknown	unknown	unknown			Original	Serum		(NS2B_I106V,E_T88A,NS1_V128I,NS1_N293S,NS5_F881Y,NS2A_K67R,E_I439V,NS1_S94N,NS1_T131A,NS5_T27I,NS3_R185K,NS4B_I48V,E_I293T,prM_K122R,NS1_I224T,NS2A_R82K,NS2A_L199F,NS5_A370T,E_T161I,NS2A_D139E,NS3_K255R,E_L387M,NS2A_L12I,NS2A_T44I,NS5_S629L,NS5_T399I,NS5_Y127H,E_S339T,NS3_I520V,NS4B_H24Q,E_I436V,NS4A_Q19L,NS2A_S142P,NS4A_R76K,prM_T59A,NS1_T307I,NS2A_I171V,NS2A_A147T,NS2A_V106I,NS2B_E63Q,NS1_K347R,NS3_V384I,NS5_R367Q,NS5_D807N,E_I114L,NS1_V178M,NS4B_A18V,NS1_N139D,NS4A_A93T,NS5_K364R,NS4B_H17Y,NS3_A91T,NS2A_I15V,NS3_I474V,NS5_T651A,prM_E72D,NS3_A112T,NS2A_M168T,NS1_K324R,C_N93S,NS5_K647E,NS5_D834E,C_V26G,C_G70S,NS4B_A27T,NS5_A616V,E_K203E,NS1_N146G,NS1_V93A,NS5_H649Y,NS5_T135M,NS5_R378K,NS2B_V11I,NS2A_K218R,NS4B_H34R,NS4A_I89T,E_A369T,NS3_E43D,NS3_V221I,E_D37N,NS2A_F159L,NS5_I34M,NS2A_H162D)	10622
hDenV1/Colombia/HUI-UEB-033/2011	DENV1	V	1V_D.2	EPI_ISL_19730547	2011-03-01	South America / Colombia / Huila / Neiva	Human			unknown	unknown	unknown			Original	Serum		(NS2B_I106V,E_T88A,NS1_V128I,NS1_N293S,NS5_F881Y,NS2A_K67R,E_I439V,NS1_T131A,NS1_S94N,NS5_T27I,NS3_R185K,NS4B_I48V,prM_L138F,E_I293T,prM_K122R,NS1_I224T,NS2A_R82K,NS2A_L199F,NS5_A370T,E_T161I,NS2A_D139E,NS3_K255R,NS2A_L12I,NS2A_T44I,NS5_S629L,NS5_Y127H,E_S339T,NS3_I520V,NS4B_H24Q,E_I436V,NS4A_Q19L,NS2A_S142P,NS4A_R76K,prM_T59A,NS1_T307I,NS2A_A147T,NS2A_I171V,NS2A_V106I,NS2B_E63Q,NS1_K347R,NS3_V384I,C_N90S,NS5_R367Q,E_I114L,NS1_V178M,NS4B_A18V,NS1_N139D,NS4A_A93T,NS5_K364R,NS4B_H17Y,NS3_A91T,NS2A_I15V,NS3_I474V,NS5_T651A,prM_E72D,NS3_A112T,NS1_I246T,NS2A_M168T,NS1_K324R,NS5_K647E,NS3_V323M,NS5_D834E,C_V26G,C_G70S,NS4B_A27T,NS5_A616V,E_K203E,NS1_N146G,NS1_V93A,NS5_T135M,NS5_R378K,NS2B_V11I,NS4B_H34R,NS4A_I89T,E_A369T,NS3_E43D,NS3_V221I,E_D37N,NS2A_F159L,NS5_I34M,NS2A_H162D)	10689
hDenV1/Colombia/VAC-LSPVAC-0211-1854-VIG/2025	DENV1	V	1V_D.1.1	EPI_ISL_19814591	2025-01-03	South America / Colombia / Valle del Cauca / Alcala	Human			Female	14	Live			Original			(NS2B_I106V,NS4A_R125K,NS5_R325K,E_T88A,NS5_F881Y,NS2A_K67R,E_I439V,NS5_T27I,NS3_R185K,NS4B_I48V,E_I293T,prM_K122R,NS1_I224T,NS2A_L199F,NS2A_R82K,NS5_A370T,E_T161I,NS2A_D139E,NS3_K255R,NS2A_L12I,NS2A_T44I,NS5_Y127H,E_S339T,NS2A_T34A,NS4B_H24Q,E_I436V,NS4A_Q19L,NS2A_S142P,NS4A_R76K,prM_T59A,NS1_T307I,NS2A_I171V,NS2A_A147T,NS2A_V106I,NS2B_E63Q,NS1_K347R,NS3_V384I,E_I480M,C_N90S,NS4B_A20T,NS5_K46R,C_A112V,E_I114L,NS1_V178M,NS4B_A18V,NS1_N139D,NS5_K364R,NS5_T675A,NS4B_H17Y,NS3_A91T,NS2A_I15V,NS3_I474V,NS5_T651A,prM_E72D,NS3_A112T,NS2A_M168T,NS1_K324R,NS5_K647E,NS5_D834E,C_V26G,C_G70S,prM_S15T,NS4B_A27T,NS5_A616V,E_K203E,NS1_N146G,NS5_T135M,NS5_R378K,NS2B_V11I,NS4B_H34R,NS4B_A19T,NS4A_I89T,E_A369T,NS3_E43D,NS3_V221I,E_D37N,NS2A_F159L,NS5_I34M,NS2A_H162D)	10608
hDenV1/Colombia/RIS-FUAA-DFC059/2021	DENV1	V	1V_D.1	EPI_ISL_20061732	2021-08-15	South America / Colombia / Risaralda	Human			unknown	unknown	unknown			Original	Plasma		(NS2B_I106V,NS4A_R125K,E_T88A,prM_A29T,NS2A_M33V,NS5_F881Y,NS2A_K67R,E_I439V,NS1_S94N,NS3_R185K,NS4B_I48V,E_I293T,prM_K122R,NS1_I224T,NS2A_L199F,NS2A_R82K,NS5_A370T,E_T161I,NS2A_D139E,NS3_K255R,NS2A_L12I,NS2A_T44I,NS5_S629L,NS5_Y127H,E_S339T,NS4B_H24Q,E_I436V,NS4A_Q19L,NS2A_S142P,NS4A_R76K,prM_T59A,NS1_T307I,NS2A_I171V,NS2A_A147T,NS2A_V106I,NS2B_E63Q,NS1_K347R,NS3_V384I,C_N90S,NS4B_A20T,NS1_V128T,NS5_T27V,E_I114L,NS1_V178M,NS4B_A18V,NS1_N139D,NS3_A91M,NS5_K364R,E_I457V,NS5_T675A,NS4B_H17Y,NS2A_I15V,NS3_I474V,NS5_N637D,NS5_T651A,prM_E72D,NS3_A112T,NS2A_M168T,NS1_K324R,NS5_K647E,NS5_D834E,C_V26G,C_G70S,NS4B_A27T,NS5_A616V,E_K203E,NS1_N146G,NS1_V93A,NS5_T135M,NS5_R378K,NS2B_V11I,NS4B_H34R,NS4A_I89T,E_A369T,NS3_E43D,NS3_V221I,E_D37N,NS1_A60V,NS2A_F159L,NS5_I34M,NS2A_H162D)	10178
hDenV1/Colombia/un-FUAA-DFC222/2021	DENV1	V	1V_D.1	EPI_ISL_20061733	2021-12-03	South America / Colombia	Human			unknown	unknown	unknown			Original	Plasma		(NS2B_I106V,NS4A_R125K,E_T88A,prM_A29T,NS2A_M33V,NS5_F881Y,NS2A_K67R,E_I439V,NS1_S94N,NS3_R185K,NS4B_I48V,E_I293T,prM_K122R,NS1_I224T,NS2A_R82K,NS2A_L199F,NS5_A370T,E_T161I,NS2A_D139E,NS3_K255R,NS2A_L12I,NS2A_T44I,NS5_S629L,NS5_Y127H,E_S339T,NS4B_H24Q,E_I436V,NS4A_Q19L,E_T346I,NS2A_S142P,NS4A_R76K,prM_T59A,NS1_T307I,NS2A_I171V,NS2A_A147T,NS2A_V106I,NS2B_E63Q,NS1_K347R,NS3_V384I,C_N90S,NS4B_A20T,NS1_V128T,NS5_T27V,E_I114L,NS1_V178M,NS4B_A18V,NS1_N139D,NS5_H246Q,NS5_K364R,E_I457V,NS5_T675A,NS4B_H17Y,NS3_A91T,NS2A_I15V,NS3_I474V,NS5_T651A,NS5_N637D,prM_E72D,NS3_A112T,NS2A_M168T,NS1_K324R,NS5_K647E,NS5_D834E,C_V26G,C_G70S,NS4B_A27T,NS5_A616V,E_K203E,NS1_N146G,NS1_V93A,NS5_R378K,NS5_T135M,NS2B_V11I,NS4B_H34R,NS4A_I89T,E_A369T,NS3_E43D,NS3_V221I,E_D37N,NS1_A60V,NS2A_F159L,NS5_I34M,NS2A_H162D)	10178
hDenV1/Colombia/un-FUAA-DFC245/2022	DENV1	V	1V_D.1	EPI_ISL_20061734	2022-07-24	South America / Colombia	Human			unknown	unknown	unknown			Original	Plasma		(NS2B_I106V,NS4A_R125K,E_T88A,prM_A29T,NS2A_M33V,NS5_F881Y,NS2A_K67R,E_I439V,NS1_S94N,NS3_R185K,NS4B_I48V,E_I293T,prM_K122R,NS1_I224T,NS2A_R82K,NS2A_L199F,NS5_A370T,E_T161I,NS2A_D139E,NS3_K255R,NS2A_L12I,NS2A_T44I,NS5_S629L,NS5_Y127H,E_S339T,NS4B_H24Q,E_I436V,NS4A_Q19L,NS2A_S142P,NS4A_R76K,prM_T59A,NS1_T307I,NS2A_I171V,NS2A_A147T,NS2A_V106I,NS2B_E63Q,NS1_K347R,NS3_V384I,C_N90S,NS4B_A20T,NS1_V128T,NS5_T27V,E_I114L,NS1_V178M,NS4B_A18V,NS1_N139D,NS5_K364R,E_I457V,NS5_T675A,NS3_V13M,NS4B_H17Y,NS3_A91T,NS2A_I15V,NS3_I474V,NS5_T651A,NS5_N637D,prM_E72D,NS3_A112T,NS2A_M168T,NS1_K324R,NS5_K647E,NS5_D834E,C_V26G,C_G70S,NS4B_A27T,NS5_A616V,E_K203E,NS1_N146G,NS1_V93A,NS5_T135M,NS5_R378K,NS2B_V11I,NS5_M336T,NS4B_H34R,NS4A_I89T,E_A369T,NS3_E43D,NS3_V221I,E_D37N,NS1_A60V,NS2A_F159L,NS5_I34M,NS2A_H162D)	10178
hDenV1/Colombia/un-FUAA-DFC217/2021	DENV1	V	1V_D.1	EPI_ISL_20061735	2021-11-30	South America / Colombia	Human			unknown	unknown	unknown			Original	Plasma		(NS2B_I106V,NS3_S88L,NS4A_R125K,E_T88A,prM_A29T,NS2A_M33V,NS5_F881Y,NS2A_K67R,E_I439V,NS1_S94N,NS3_R185K,NS4B_I48V,E_I293T,prM_K122R,NS1_I224T,NS2A_L199F,NS2A_R82K,NS5_A370T,E_T161I,NS2A_D139E,NS3_K255R,NS2A_L12I,NS2A_T44I,NS5_S629L,NS5_Y127H,E_S339T,NS4B_H24Q,E_I436V,NS4A_Q19L,NS2A_S142P,NS4A_R76K,prM_T59A,NS1_T307I,NS2A_A147T,NS2A_I171V,NS2A_V106I,NS2B_E63Q,NS1_K347R,NS3_V384I,C_N90S,NS4B_A20T,NS1_V128T,NS5_T27V,E_I114L,NS1_V178M,NS4B_A18V,NS1_N139D,NS5_K364R,E_I457V,NS5_T675A,NS4B_H17Y,NS3_A91T,NS2A_I15V,NS3_I474V,NS5_N637D,NS5_T651A,prM_E72D,NS3_A112T,NS2A_M168T,NS1_K324R,NS5_K647E,NS5_D834E,C_V26G,C_G70S,NS4B_A27T,NS5_A616V,E_K203E,NS1_N146G,NS1_V93A,NS5_T135M,NS5_R378K,NS2B_V11I,E_V55I,NS4B_H34R,NS4A_I89T,E_A369T,NS3_E43D,NS3_V221I,E_D37N,NS1_A60V,NS2A_F159L,NS5_I34M,NS2A_H162D)	10178
hDenV1/Colombia/un-FUAA-DFC088/2021	DENV1	V	1V_D.2	EPI_ISL_20061736	2021-08-28	South America / Colombia	Human			unknown	unknown	unknown			Original	Plasma		(NS2B_I106V,E_T88A,NS1_V128I,NS1_N293S,NS5_F881Y,NS2A_K67R,E_I439V,NS1_T131A,NS1_S94N,NS5_T27I,NS3_R185K,NS4B_I48V,E_I293T,prM_K122R,NS1_I224T,NS2A_L199F,NS2A_R82K,NS5_A370T,E_T161I,NS2A_D139E,NS3_K255R,NS4A_N33S,NS2A_L12I,NS2A_T44I,NS5_S629L,NS5_Y127H,E_S339T,NS3_I520V,NS4B_H24Q,E_I436V,NS4A_Q19L,NS2A_S142P,NS4A_R76K,prM_T59A,E_V491A,NS1_T307I,NS2A_A147T,NS2A_I171V,NS2A_V106I,NS2B_E63Q,NS1_K347R,NS3_V384I,C_N90S,NS1_Y175H,NS5_F65L,NS5_R367Q,E_I114L,NS1_V178M,NS4B_A18V,NS1_N139D,E_T478A,NS4A_A93T,NS5_K364R,NS3_I462V,NS4B_H17Y,NS3_A91T,NS2A_I15V,NS3_I474V,NS5_T651A,prM_E72D,NS3_A112T,NS2A_M168T,NS1_K324R,NS5_K647E,NS5_D834E,C_V26G,C_G70S,NS4B_A27T,NS5_A616V,E_K203E,NS1_N146G,NS1_V93A,NS5_T135M,NS5_R378K,NS2B_V11I,NS3_Y349H,NS4B_H34R,NS4A_I89T,E_A369T,NS3_E43D,NS3_V221I,E_D37N,NS1_P258S,NS2A_F159L,NS5_I34M,NS2A_H162D)	10178
hDenV1/Colombia/RIS-FUAA-AFI224/2022	DENV1	V	1V_D.2	EPI_ISL_20061737	2022-04-06	South America / Colombia / Risaralda	Human			unknown	unknown	unknown			Original	Plasma		(NS2B_I106V,E_T88A,NS2A_I214V,NS1_V128I,NS1_N293S,NS5_F881Y,NS2A_K67R,E_I439V,NS1_T131A,NS1_S94N,NS5_T27I,NS3_R185K,NS4B_I48V,E_I293T,prM_K122R,NS1_I224T,NS2A_L199F,NS2A_R82K,NS5_A370T,prM_T73A,E_T161I,NS2A_D139E,NS3_K255R,NS2A_L12I,NS5_I283V,NS2A_T44I,NS5_S629L,NS5_Y127H,NS5_K101R,E_S339T,NS3_I520V,NS4B_H24Q,E_I436V,NS4A_Q19L,NS2A_S142P,NS4A_R76K,prM_T59A,NS1_T307I,NS2A_A147T,NS2A_I171V,NS2A_V106I,NS2B_E63Q,NS1_K347R,NS3_V384I,C_N90S,NS5_R367Q,E_I114L,NS1_V178M,NS3_R33K,NS4B_A18V,NS5_A897V,NS1_N139D,NS4A_A93T,NS5_K364R,NS3_I462V,NS4B_H17Y,NS3_A91T,NS2A_I15V,NS3_I474V,NS5_T651A,prM_E72D,NS3_A112T,NS2A_M168T,NS1_K324R,NS5_K647E,NS5_D834E,C_V26G,C_G70S,NS4B_A27T,NS5_A616V,E_K203E,NS1_N146G,NS1_V93A,NS5_T135M,NS5_R378K,NS2B_V11I,NS3_P119S,NS3_Y349H,NS4B_H34R,NS4A_I89T,E_A369T,NS3_E43D,NS3_V221I,E_D37N,NS2A_F159L,NS5_I34M,NS2A_H162D)	10178
hDenV1/Colombia/RIS-FUAA-AFI101/2021	DENV1	V	1V_D.1	EPI_ISL_20061738	2021-05-08	South America / Colombia / Risaralda	Human			unknown	unknown	unknown			Original	Plasma		(NS2B_I106V,NS4A_R125K,E_T88A,NS5_F881Y,NS2A_K67R,E_I439V,NS1_S94N,NS5_T27I,NS3_R185K,NS4B_I48V,E_I293T,prM_K122R,NS1_I224T,NS2A_L199F,NS2A_R82K,NS5_A370T,E_T161I,NS2A_D139E,NS2B_S60F,NS3_K255R,NS2A_L12I,NS2A_T44I,NS5_Y127H,E_S339T,NS4B_H24Q,E_I436V,NS4A_Q19L,NS2A_S142P,NS4A_R76K,prM_T59A,NS1_T307I,NS2A_I171V,NS2A_A147T,NS2A_V106I,NS2B_E63Q,NS1_K347R,NS3_V384I,prM_E114D,C_N90S,NS4B_A20T,NS1_V128T,E_I114L,NS1_V178M,NS4B_A18V,NS1_N139D,NS5_K364R,E_I457V,NS5_T675A,NS4B_H17Y,NS3_A91T,NS3_I474V,NS5_T651A,prM_E72D,NS3_A112T,NS2A_M168T,NS5_K647G,NS5_D834E,C_V26G,C_G70S,NS4B_A27T,NS5_A616V,E_K203E,NS1_N146G,NS1_V93A,NS5_R378K,NS5_T135M,NS2B_V11I,NS4B_H34R,NS4A_I89T,E_A369T,NS3_E43D,prM_I13V,NS3_V221I,E_D37N,NS1_A60V,E_L198I,NS2A_F159L,NS5_I34M,NS2A_H162D)	10178
hDenV1/Colombia/un-FUAA-DFC161/2021	DENV1	V	1V_D.1	EPI_ISL_20061739	2021-10-16	South America / Colombia	Human			unknown	unknown	unknown			Original	Plasma		(NS2B_I106V,NS3_S88L,NS4A_R125K,E_T88A,prM_A29T,NS2A_M33V,NS5_F881Y,NS2A_K67R,NS2A_V114M,E_I439V,NS1_S94N,NS3_R185K,NS4B_I48V,E_I293T,prM_K122R,NS1_I224T,NS2A_L199F,NS2A_R82K,NS5_A370T,E_T161I,NS2A_D139E,NS3_K255R,NS2A_L12I,NS2A_T44I,NS5_S629L,NS5_Y127H,E_S339T,NS4B_H24Q,E_I436V,NS4A_Q19L,NS2A_S142P,NS4A_R76K,prM_T59A,NS1_T307I,NS2A_I171V,NS2A_A147T,NS2A_V106I,NS2B_E63Q,NS1_K347R,NS3_V384I,C_N90S,NS4B_A20T,NS1_V128T,NS5_T27V,E_I114L,NS1_V178M,NS4B_A18V,NS1_N139D,NS5_H828Y,NS5_K364R,E_I457V,NS5_T675A,NS4B_H17Y,NS3_A91T,NS2A_I15V,NS3_I474V,NS5_T651A,NS5_N637D,prM_E72D,NS3_A112T,NS2A_M168T,NS1_K324R,NS5_K647E,NS5_D834E,C_V26G,C_G70S,NS4B_A27T,NS5_A616V,E_K203E,NS1_N146G,NS1_V93A,NS5_R378K,NS5_T135M,NS2B_V11I,E_V55I,NS4B_H34R,C_K45R,NS4A_I89T,E_A369T,NS3_E43D,NS3_V221I,E_D37N,NS1_A60V,NS2A_F159L,NS5_I34M,NS2A_H162D)	10178
hDenV1/Colombia/un-FUAA-DFC177/2021	DENV1	V	1V_D.1	EPI_ISL_20061740	2021-10-29	South America / Colombia	Human			unknown	unknown	unknown			Original	Plasma		(NS2B_I106V,NS4A_R125K,E_T88A,NS2A_M33V,NS5_F881Y,NS2A_K67R,E_I439V,NS1_S94N,NS3_R185K,NS4B_I48V,E_I293T,prM_K122R,NS1_I224T,NS2A_L199F,NS2A_R82K,NS5_A370T,E_T161I,NS2A_D139E,NS3_K255R,NS2A_L12I,NS2A_T44I,NS5_S629L,NS5_Y127H,E_S339T,NS4B_H24Q,E_I436V,NS4A_Q19L,NS2A_S142P,NS4A_R76K,prM_T59A,NS1_T307I,NS2A_A147T,NS2A_I171V,NS2A_V106I,NS2B_E63Q,NS1_K347R,NS3_V384I,C_N90S,NS4B_A20T,NS1_V128T,NS5_T27V,E_I114L,NS1_V178M,NS4B_A18V,NS1_N139D,E_I457V,NS5_T675A,NS4B_H17Y,NS3_A91T,NS2A_I15V,NS3_I474V,NS5_T651A,NS5_N637D,prM_E72D,NS3_A112T,NS2A_M168T,NS1_K324R,NS5_K647E,NS5_D834E,C_V26G,C_G70S,NS4B_A27T,NS5_A616V,E_K203E,NS1_N146G,NS1_V93A,NS5_R378K,NS5_T135M,NS2B_V11I,NS4B_H34R,NS4A_I89T,E_A369T,NS3_E43D,NS3_V221I,E_D37N,NS1_A60V,NS2A_F159L,NS5_I34M,NS2A_H162D)	10136
hDenV1/Colombia/un-FUAA-DFC265/2022	DENV1	V	1V_D.1	EPI_ISL_20061742	2022-12-11	South America / Colombia	Human			unknown	unknown	unknown			Original	Plasma		(NS2B_I106V,NS3_S88L,NS4A_R125K,E_T88A,prM_A29T,NS2A_M33V,NS5_F881Y,NS2A_K67R,E_I439V,NS1_S94N,NS3_R185K,NS4B_I48V,E_I293T,prM_K122R,NS1_I224T,NS2A_L199F,NS2A_R82K,NS5_A370T,E_T161I,NS2A_D139E,NS3_K255R,NS5_A265T,prM_E58G,NS2A_L12I,NS2A_T44I,NS5_S629L,NS5_Y127H,E_S339T,NS4B_H24Q,E_I436V,NS4A_Q19L,NS2A_S142P,NS4A_R76K,prM_T59A,NS1_T307I,NS2A_A147T,NS2A_I171V,NS2A_V106I,NS2B_E63Q,NS1_K347R,NS3_V384I,C_N90S,NS4B_A20T,NS1_V128T,NS5_T27V,E_I114L,NS1_V178M,NS4B_A18V,NS1_N139D,NS5_K364R,E_I457V,NS5_T675A,NS4B_H17Y,NS3_A91T,NS2A_I15V,NS3_I474V,NS5_T651A,NS5_N637D,prM_E72D,NS3_A112T,NS2A_M168T,NS1_K324R,NS5_K647E,NS5_D834E,C_V26G,C_G70S,NS4B_A27T,NS5_A616V,E_K203E,NS1_N146G,NS1_V93A,NS5_R378K,NS5_T135M,NS2B_V11I,E_V55I,NS4B_H34R,NS4A_I89T,E_A369T,NS3_E43D,NS3_V221I,E_D37N,NS1_A60V,NS2A_F159L,NS5_I34M,NS2A_H162D)	10178
hDenV1/Colombia/un-FUAA-DFC087/2021	DENV1	V	1V_D.1	EPI_ISL_20061743	2021-08-24	South America / Colombia	Human			unknown	unknown	unknown			Original	Plasma		(NS2B_I106V,NS4A_R125K,E_T88A,prM_A29T,NS2A_M33V,NS5_F881Y,NS2A_K67R,E_I439V,NS1_S94N,NS3_R185K,NS4B_I48V,E_I293T,prM_K122R,NS1_I224T,NS2A_R82K,NS2A_L199F,NS5_A370T,E_T161I,NS2A_D139E,NS3_K255R,NS2A_L12I,NS2A_T44I,NS5_S629L,NS5_Y127H,E_S339T,NS4B_H24Q,E_I436V,NS1_M109T,NS4A_Q19L,E_T346I,NS2A_S142P,NS4A_R76K,prM_T59A,NS1_T307I,NS2A_I171V,NS2A_A147T,NS2A_V106I,NS2B_E63Q,NS1_K347R,NS3_V384I,C_N90S,NS4B_A20T,NS1_V128T,NS5_T27V,E_I114L,NS1_V178M,NS4B_A18V,NS1_N139D,NS5_K364R,E_I457V,NS5_T675A,NS4B_H17Y,NS3_A91T,NS2A_I15V,NS3_I474V,NS5_N637D,NS5_T651A,prM_E72D,NS3_A112T,NS2A_M168T,NS1_K324R,NS5_K647E,NS5_S23P,NS5_D834E,C_V26G,C_G70S,NS4B_A27T,NS5_A616V,E_K203E,NS1_N146G,NS1_V93A,NS5_R378K,NS5_T135M,NS2B_V11I,NS4B_H34R,NS4A_I89T,E_A369T,NS3_E43D,NS3_V221I,E_D37N,NS1_A60V,NS2A_F159L,NS5_I34M,NS2A_H162D)	10178
hDenV1/Colombia/un-FUAA-DFC114/2021	DENV1	V	1V_D.1	EPI_ISL_20061744	2021-09-06	South America / Colombia	Human			unknown	unknown	unknown			Original	Plasma		(NS2B_I106V,NS3_S88L,NS4A_R125K,E_T88A,prM_A29T,NS2A_M33V,NS5_F881Y,NS2A_K67R,E_I439V,NS1_S94N,NS3_R185K,NS4B_I48V,E_I293T,prM_K122R,NS1_I224T,NS2A_L199F,NS2A_R82K,NS5_A370T,E_T161I,NS2A_D139E,NS3_K255R,NS2A_L12I,NS2A_T44I,NS5_S629L,NS5_Y127H,E_S339T,NS4B_H24Q,E_I436V,NS4A_Q19L,NS2A_S142P,NS4A_R76K,prM_T59A,NS1_T307I,NS2A_A147T,NS2A_I171V,NS2A_V106I,NS2B_E63Q,NS1_K347R,NS3_V384I,C_N90S,NS4B_A20T,NS1_V128T,NS5_T27V,E_I114L,NS1_V178M,NS4B_A18V,NS1_N139D,NS5_K364R,E_I457V,NS5_T675A,NS4B_H17Y,NS3_A91T,NS2A_I15V,NS3_I474V,NS5_T651A,NS5_N637D,prM_E72D,NS3_A112T,NS2A_M168T,NS1_K324R,NS5_K647E,NS5_D834E,C_V26G,C_G70S,NS4B_A27T,NS5_A616V,E_K203E,NS1_N146G,NS1_V93A,NS5_T135M,NS5_R378K,NS2B_V11I,E_V55I,NS4B_H34R,NS4A_I89T,E_A369T,NS3_E43D,NS3_V221I,E_D37N,NS1_A60V,NS2A_F159L,NS5_I34M,NS2A_H162D)	10178
hDenV1/Colombia/un-FUAA-DFC096/2021	DENV1	V	1V_D.1	EPI_ISL_20061745	2021-08-30	South America / Colombia	Human			unknown	unknown	unknown			Original	Plasma		(NS2B_I106V,NS3_S88L,NS4A_R125K,E_T88A,prM_A29T,NS2A_M33V,NS5_F881Y,NS2A_K67R,E_I439V,NS1_S94N,NS3_R185K,NS4B_I48V,E_I293T,prM_K122R,NS1_I224T,NS2A_R82K,NS2A_L199F,NS5_A370T,E_T161I,NS2A_D139E,NS3_K255R,NS2A_L12I,NS2A_T44I,NS5_S629L,NS5_Y127H,E_S339T,NS4B_H24Q,E_I436V,NS4A_Q19L,NS2A_S142P,NS4A_R76K,prM_T59A,NS1_T307I,NS2A_I171V,NS2A_A147T,NS2A_V106I,NS2B_E63Q,NS1_K347R,NS3_V384I,C_N90S,NS4B_A20T,NS1_V128T,NS5_T27V,E_I114L,NS1_V178M,NS4B_A18V,NS1_N139D,NS5_K364R,E_I457V,NS5_T675A,NS4B_H17Y,NS3_A91T,NS2A_I15V,NS3_I474V,NS5_N637D,NS5_T651A,prM_E72D,NS3_A112T,NS2A_M168T,NS1_K324R,NS5_K647E,NS5_D834E,C_V26G,C_G70S,NS4B_A27T,NS5_A616V,E_K203E,NS1_N146G,NS1_V93A,NS5_R378K,NS5_T135M,NS2B_V11I,E_V55I,NS4B_H34R,NS4A_I89T,E_A369T,NS3_E43D,NS3_V221I,E_D37N,NS1_A60V,NS2A_F159L,NS5_I34M,NS2A_H162D)	10178
hDenV1/Colombia/un-FUAA-DFC063/2021	DENV1	V	1V_D.1	EPI_ISL_20061746	2021-08-15	South America / Colombia	Human			unknown	unknown	unknown			Original	Plasma		(NS2B_I106V,NS4A_R125K,E_T88A,prM_A29T,NS2A_M33V,NS5_F881Y,NS2A_K67R,E_I439V,NS1_S94N,NS3_R185K,NS4B_I48V,E_I293T,prM_K122R,NS1_I224T,NS2A_L199F,NS2A_R82K,NS5_A370T,E_T161I,NS2A_D139E,NS3_K255R,NS2A_L12I,NS2A_T44I,NS5_S629L,NS5_Y127H,E_S339T,NS4B_H24Q,E_I436V,NS4A_Q19L,NS2A_S142P,NS4A_R76K,prM_T59A,NS1_T307I,NS2A_A147T,NS2A_I171V,NS2A_V106I,NS2B_E63Q,NS1_K347R,NS3_V384I,C_N90S,NS4B_A20T,NS1_V128T,NS5_T27V,E_I114L,NS1_V178M,NS4B_A18V,NS1_N139D,NS5_K364R,E_I457V,NS5_T675A,NS4B_H17Y,NS3_A91T,NS2A_I15V,NS3_I474V,NS5_T651A,NS5_N637D,prM_E72D,NS3_A112T,NS2A_M168T,NS1_K324R,NS5_K647E,NS2A_S2P,NS5_D834E,C_V26G,C_G70S,NS4B_A27T,NS5_A616V,E_K203E,NS1_N146G,NS1_V93A,NS5_R378K,NS5_T135M,NS2B_V11I,NS4B_H34R,NS4A_I89T,E_A369T,NS3_E43D,NS3_V221I,E_D37N,NS1_A60V,NS2A_F159L,NS5_I34M)	10178
hDenV1/Colombia/un-FUAA-DFC263/2022	DENV1	V	1V_D.1	EPI_ISL_20061747	2022-05-11	South America / Colombia	Human			unknown	unknown	unknown			Original	Plasma		(NS2B_I106V,NS3_S88L,NS4A_R125K,E_T88A,prM_A29T,NS2A_M33V,NS5_F881Y,NS2A_K67R,E_I439V,NS1_S94N,NS3_R185K,NS4B_I48V,E_I293T,prM_K122R,NS1_I224T,NS2A_R82K,NS2A_L199F,NS5_A370T,E_T161I,NS2A_D139E,NS3_K255R,prM_E58G,NS2A_L12I,NS2A_T44I,NS5_S629L,NS5_Y127H,E_S339T,NS4B_H24Q,E_I436V,NS4A_Q19L,NS2A_S142P,NS4A_R76K,prM_T59A,NS1_T307I,NS2A_I171V,NS2A_A147T,NS2A_V106I,NS2B_E63Q,NS1_K347R,NS3_V384I,C_N90S,NS4B_A20T,NS1_V128T,NS5_T27V,E_I114L,NS1_V178M,NS4B_A18V,NS1_N139D,NS5_K364R,E_I457V,NS5_T675A,NS4B_H17Y,NS3_A91T,NS2A_I15V,NS3_I474V,NS5_T651A,NS5_N637D,prM_E72D,NS3_A112T,NS2A_M168T,NS1_K324R,NS5_K647E,NS5_D834E,C_V26G,C_G70S,NS4B_A27T,NS5_A616V,E_K203E,NS1_N146G,NS1_V93A,NS5_T135M,NS5_R378K,NS2B_V11I,E_V55I,NS4B_H34R,NS4A_I89T,E_A369T,NS3_E43D,NS3_V221I,E_D37N,NS1_A60V,NS2A_F159L,NS5_I34M,NS2A_H162D)	10178
hDenV1/Colombia/un-FUAA-DFC162/2021	DENV1	V	1V_D.1	EPI_ISL_20061748	2021-10-17	South America / Colombia	Human			unknown	unknown	unknown			Original	Plasma		(NS2B_I106V,NS3_S88L,NS4A_R125K,E_T88A,prM_A29T,NS2A_M33V,NS5_F881Y,NS2A_K67R,NS2A_V114M,E_I439V,NS1_S94N,NS3_R185K,NS4B_I48V,E_I293T,prM_K122R,NS1_I224T,NS2A_R82K,NS2A_L199F,NS5_A370T,E_T161I,NS2A_D139E,NS3_K255R,NS2A_L12I,NS2A_T44I,NS5_S629L,NS5_Y127H,E_S339T,NS4B_H24Q,E_I436V,NS4A_Q19L,NS2A_S142P,NS4A_R76K,prM_T59A,NS1_T307I,NS2A_I171V,NS2A_A147T,NS2A_V106I,NS2B_E63Q,NS1_K347R,NS3_V384I,C_N90S,NS4B_A20T,NS1_V128T,NS5_T27V,E_I114L,NS1_V178M,NS4B_A18V,NS1_N139D,NS5_H828Y,NS5_K364R,E_I457V,NS5_T675A,NS4B_H17Y,NS3_A91T,NS2A_I15V,NS3_I474V,NS5_N637D,NS5_T651A,prM_E72D,NS3_A112T,NS2A_M168T,NS1_K324R,NS5_K647E,NS5_D834E,C_V26G,C_G70S,NS4B_A27T,NS5_A616V,E_K203E,NS1_N146G,NS1_V93A,NS5_T135M,NS5_R378K,NS2B_V11I,E_V55I,NS4B_H34R,C_K45R,NS4A_I89T,E_A369T,NS3_E43D,NS3_V221I,E_D37N,NS1_A60V,NS2A_F159L,NS5_I34M,NS2A_H162D)	10178
hDenV1/Colombia/un-FUAA-DFC264/2022	DENV1	V	1V_D.1	EPI_ISL_20061749	2022-11-11	South America / Colombia	Human			unknown	unknown	unknown			Original	Plasma		(NS2B_I106V,NS3_S88L,NS4A_R125K,E_T88A,prM_A29T,NS2A_M33V,NS5_F881Y,NS2A_K67R,E_I439V,NS1_S94N,NS3_R185K,NS4B_I48V,E_I293T,prM_K122R,NS1_I224T,NS2A_L199F,NS2A_R82K,NS5_A370T,E_T161I,NS2A_D139E,NS3_K255R,prM_E58G,NS2A_L12I,NS2A_T44I,NS5_S629L,NS5_Y127H,E_S339T,NS4B_H24Q,E_I436V,NS4A_Q19L,NS2A_S142P,NS4A_R76K,prM_T59A,NS1_T307I,NS2A_A147T,NS2A_I171V,NS2A_V106I,NS2B_E63Q,NS1_K347R,NS3_V384I,C_N90S,NS4B_A20T,NS1_V128T,NS5_T27V,E_I114L,NS1_V178M,NS4B_A18V,NS1_N139D,NS5_K364R,E_I457V,NS5_T675A,NS4B_H17Y,NS3_A91T,NS2A_I15V,NS3_I474V,NS5_N637D,NS5_T651A,prM_E72D,NS3_A112T,NS2A_M168T,NS1_K324R,NS5_K647E,NS5_D834E,C_V26G,C_G70S,NS4B_A27T,NS5_A616V,E_K203E,NS1_N146G,NS1_V93A,NS5_T135M,NS5_R378K,NS2B_V11I,E_V55I,NS4B_H34R,NS4A_I89T,E_A369T,NS3_E43D,NS3_V221I,E_D37N,NS1_A60V,NS2A_F159L,NS5_I34M,NS2A_H162D)	10178
hDenV1/Colombia/RIS-FUAA-AFI031/2021	DENV1	V	1V_D.1	EPI_ISL_20061750	2021-02-16	South America / Colombia / Risaralda	Human			unknown	unknown	unknown			Original	Plasma		(NS2B_I106V,NS4A_R125K,E_T88A,NS5_F881Y,NS2A_K67R,E_I439V,NS1_S94N,NS5_T27I,NS3_R185K,NS4B_I48V,E_I293T,prM_K122R,NS1_I224T,NS2A_R82K,NS2A_L199F,NS5_A370T,E_T161I,NS2A_D139E,NS2B_S60F,NS3_K255R,NS2A_L12I,NS2A_T44I,NS5_Y127H,E_S339T,NS4B_H24Q,E_I436V,NS4A_Q19L,NS2A_S142P,NS4A_R76K,prM_T59A,NS1_T307I,NS2A_I171V,NS2A_A147T,NS2A_V106I,NS2B_E63Q,NS1_K347R,NS3_V384I,prM_E114D,C_N90S,NS4B_A20T,NS1_V128T,E_I114L,NS1_V178M,NS4B_A18V,NS1_N139D,NS5_K364R,E_I457V,NS5_T675A,NS4B_H17Y,NS3_A91T,NS3_I474V,NS5_T651A,prM_E72D,NS3_A112T,NS2A_M168T,NS5_K647G,NS5_D834E,C_V26G,C_G70S,NS4B_A27T,NS5_A616V,E_K203E,NS1_N146G,NS1_V93A,NS5_R378K,NS5_T135M,NS2B_V11I,NS4B_H34R,NS4A_I89T,E_A369T,NS3_E43D,prM_I13V,NS3_V221I,E_D37N,NS1_A60V,E_L198I,NS2A_F159L,NS5_I34M,NS2A_H162D)	10178
hDenV1/Colombia/RIS-FUAA-AFI082/2021	DENV1	V	1V_D.1	EPI_ISL_20061751	2021-06-28	South America / Colombia / Risaralda	Human			unknown	unknown	unknown			Original	Plasma		(NS2B_I106V,NS4A_R125K,E_T88A,NS5_F881Y,NS2A_K67R,E_I439V,NS1_S94N,NS5_T27I,NS3_R185K,NS4B_I48V,E_I293T,prM_K122R,NS1_I224T,NS2A_L199F,NS2A_R82K,NS5_A370T,E_T161I,NS2A_D139E,NS2B_S60F,NS3_K255R,NS2A_L12I,NS2A_T44I,NS5_Y127H,E_S339T,NS4B_H24Q,E_I436V,NS4A_Q19L,NS2A_S142P,NS4A_R76K,prM_T59A,NS1_T307I,NS2A_A147T,NS2A_I171V,NS2A_V106I,NS2B_E63Q,NS1_K347R,NS3_V384I,prM_E114D,C_N90S,NS4B_A20T,NS1_V128T,E_I114L,NS1_V178M,NS4B_A18V,NS1_N139D,NS5_K364R,E_I457V,NS5_T675A,NS4B_H17Y,NS3_A91T,NS3_I474V,NS5_T651A,prM_E72D,NS3_A112T,NS2A_M168T,NS5_K647G,NS5_D834E,C_V26G,C_G70S,NS4B_A27T,NS5_A616V,E_K203E,NS1_N146G,NS1_V93A,NS5_R378K,NS5_T135M,NS2B_V11I,NS4B_H34R,NS4A_I89T,E_A369T,NS3_E43D,prM_I13V,NS3_V221I,E_D37N,NS1_A60V,E_L198I,NS2A_F159L,NS5_I34M,NS2A_H162D)	10178
hDenV1/Colombia/un-FUAA-DFC238/2021	DENV1	V	1V_D.1	EPI_ISL_20061752	2021-12-12	South America / Colombia	Human			unknown	unknown	unknown			Original	Plasma		(NS2B_I106V,NS3_S88L,NS4A_R125K,E_T88A,prM_A29T,NS2A_M33V,NS5_F881Y,NS2A_K67R,E_I439V,NS1_S94N,NS3_R185K,NS4B_I48V,E_I293T,prM_K122R,NS1_I224T,NS2A_R82K,NS2A_L199F,NS5_A370T,E_T161I,NS2A_D139E,NS3_K255R,NS2A_L12I,NS2A_T44I,NS5_S629L,NS5_Y127H,E_S339T,NS4B_H24Q,E_I436V,NS4A_Q19L,NS2A_S142P,NS4A_R76K,prM_T59A,NS1_T307I,NS2A_I171V,NS2A_A147T,NS2A_V106I,NS2B_E63Q,NS1_K347R,NS3_V384I,C_N90S,NS4B_A20T,NS1_V128T,NS5_T27V,E_I114L,NS1_V178M,NS4B_A18V,NS1_N139D,NS5_K364R,E_I457V,NS5_T675A,NS4B_H17Y,NS3_A91T,NS2A_I15V,NS3_I474V,NS5_T651A,NS5_N637D,prM_E72D,NS3_A112T,NS2A_M168T,NS1_K324R,NS5_K647E,NS5_D834E,C_V26G,C_G70S,NS4B_A27T,NS5_A616V,E_K203E,NS1_N146G,NS1_V93A,NS5_R378K,NS5_T135M,NS2B_V11I,E_V55I,NS4B_H34R,NS4A_I89T,E_A369T,NS3_E43D,NS3_V221I,E_D37N,NS1_A60V,NS2A_F159L,NS5_I34M,NS2A_H162D)	10178
hDenV1/Colombia/un-FUAA-DFC112/2021	DENV1	V	1V_D.1	EPI_ISL_20061754	2021-09-06	South America / Colombia	Human			unknown	unknown	unknown			Original	Plasma		(NS2B_I106V,NS3_S88L,NS4A_R125K,E_T88A,prM_A29T,NS2A_M33V,NS5_F881Y,NS2A_K67R,E_I439V,NS1_S94N,NS3_R185K,NS4B_I48V,E_I293T,prM_K122R,NS1_I224T,NS2A_L199F,NS2A_R82K,NS5_A370T,E_T161I,NS2A_D139E,NS3_K255R,NS2A_L12I,NS2A_T44I,NS5_S629L,NS5_Y127H,E_S339T,NS4B_H24Q,E_I436V,NS4A_Q19L,NS2A_S142P,NS4A_R76K,prM_T59A,NS1_T307I,NS2A_A147T,NS2A_I171V,NS2A_V106I,NS2B_E63Q,NS1_K347R,NS3_V384I,C_N90S,NS4B_A20T,NS1_V128T,NS5_T27V,E_I114L,NS1_V178M,NS4B_A18V,NS1_N139D,NS5_K364R,E_I457V,NS5_T675A,NS4B_H17Y,NS3_A91T,NS2A_I15V,NS3_I474V,NS5_N637D,NS5_T651A,prM_E72D,NS3_A112T,NS2A_M168T,NS1_K324R,NS5_K647E,NS5_D834E,C_V26G,C_G70S,NS4B_A27T,NS5_A616V,E_K203E,NS1_N146G,NS1_V93A,NS5_T135M,NS5_R378K,NS2B_V11I,E_V55I,NS4B_H34R,NS4A_I89T,E_A369T,NS3_E43D,NS3_V221I,E_D37N,NS1_A60V,NS2A_F159L,NS5_I34M,NS2A_H162D)	10178
hDenV1/Colombia/VAC-LSPVAC-20250211-1854-VIG/2025	DENV1	V	1V_D.1.1	EPI_ISL_20129536	2025-01-03	South America / Colombia / Valle del Cauca / Alcala	Human			Female	14	Live			Original			(NS2B_I106V,NS4A_R125K,NS5_R325K,E_T88A,NS5_F881Y,NS2A_K67R,E_I439V,NS5_T27I,NS3_R185K,NS4B_I48V,E_I293T,prM_K122R,NS1_I224T,NS2A_L199F,NS2A_R82K,NS5_A370T,E_T161I,NS2A_D139E,NS3_K255R,NS2A_L12I,NS2A_T44I,NS5_Y127H,E_S339T,NS2A_T34A,NS4B_H24Q,E_I436V,NS4A_Q19L,NS2A_S142P,NS4A_R76K,prM_T59A,NS1_T307I,NS2A_I171V,NS2A_A147T,NS2A_V106I,NS2B_E63Q,NS1_K347R,NS3_V384I,E_I480M,C_N90S,NS4B_A20T,NS5_K46R,C_A112V,E_I114L,NS1_V178M,NS4B_A18V,NS1_N139D,NS5_K364R,NS5_T675A,NS4B_H17Y,NS3_A91T,NS2A_I15V,NS3_I474V,NS5_T651A,prM_E72D,NS3_A112T,NS2A_M168T,NS1_K324R,NS5_K647E,NS5_D834E,C_V26G,C_G70S,prM_S15T,NS4B_A27T,NS5_A616V,E_K203E,NS1_N146G,NS5_T135M,NS5_R378K,NS2B_V11I,NS4B_H34R,NS4B_A19T,NS4A_I89T,E_A369T,NS3_E43D,NS3_V221I,E_D37N,NS2A_F159L,NS5_I34M,NS2A_H162D)	10608
hDenV1/Colombia/SAN-Yale-DH141-P2/2004	DENV1	V	1V	EPI_ISL_20165629	2004	South America / Colombia / Santander	Human			unknown	unknown	unknown			Cell Culture			(NS2B_I106V,E_T88A,NS5_F881Y,NS2A_K67R,E_I439V,NS1_S94N,NS3_R185K,NS4B_I48V,E_I293T,prM_K122R,NS1_I224T,NS2A_L199F,NS2A_R82K,NS5_A370T,E_T161I,NS2A_D139E,NS3_K255R,NS2A_L12I,NS2A_T44I,NS5_S629L,NS5_Y127H,E_S339T,NS3_I520V,NS4B_H24Q,E_I436V,NS4A_Q19L,NS2A_S142P,NS4A_R76K,prM_T59A,NS2A_I54T,NS1_T307I,NS2A_I171V,NS2A_A147T,NS2A_V106I,NS2B_E63Q,NS1_K347R,NS3_V384I,C_N90S,NS1_V128T,E_I114L,NS1_V178M,NS4B_A18V,NS1_N139D,NS5_K364R,NS4B_H17Y,NS3_A91T,NS2A_I15V,prM_A143V,NS3_I474V,NS5_T651A,prM_E72D,NS3_A112T,NS2A_M168T,NS1_K324R,NS5_K647E,NS5_D834E,NS5_D785E,C_V26G,C_G70S,NS4B_A27T,NS5_A616V,E_K203E,NS1_N146G,NS1_V93A,NS5_T135M,NS5_R378K,NS2B_V11I,NS4B_H34R,NS4A_I89T,E_A369T,NS3_E43D,NS3_V221I,E_D37N,NS2A_F159L,NS5_I34M,NS2A_H162D)	10733
DenV1/mosquito/Colombia/MAG-CIST-0134/2018	DENV1	V	1V_D.1.1	EPI_ISL_20388627	2018-10-04	South America / Colombia / Magdalena / Santa Marta / Barrio La Lucha	Aedes aegypti	Residence	Vector surveillance	unknown					Original	Pooled insects: Aedes aegypti		(E_I114L,E_K203E,E_T88A,E_S339T,E_I457V,E_I436V,E_I439V,E_I293T,E_A369T,E_T161I,E_D37N)	1485
DenV1/mosquito/Colombia/MAG-CIST-0151/2018	DENV1	V	1V_D.2	EPI_ISL_20388639	2018-11-01	South America / Colombia / Magdalena / Santa Marta / Barrio 11 de Noviembre	Aedes aegypti	Residence	Vector surveillance						Original	Pooled insects: Aedes aegypti		(E_I114L,E_K203E,E_S339T,E_T88A,E_I436V,E_I439V,E_I293T,E_A369T,E_T161I,E_D37N)	1485
hDenV1/Colombia/un-FUAA-AFI007673/2019	DENV1	V	1V_D.1	EPI_ISL_3355457	2019-09	South America / Colombia	Human			unknown	unknown	unknown			unknown	Blood		(NS2B_I106V,NS4A_R125K,E_T88A,NS5_F881Y,NS2A_K67R,E_I439V,NS1_S94N,NS5_T27I,NS3_R185K,NS4B_I48V,E_I293T,prM_K122R,NS1_I224T,NS2A_L199F,NS2A_R82K,NS5_A370T,E_T161I,NS2A_D139E,NS3_K255R,NS2A_L12I,NS2A_T44I,NS5_Y127H,E_S339T,NS4B_H24Q,E_I436V,NS4A_Q19L,NS2A_S142P,NS4A_R76K,prM_T59A,NS1_T307I,NS2A_I171V,NS2A_A147T,NS2A_V106I,NS2B_E63Q,NS1_K347R,NS3_V384I,prM_E114D,C_N90S,NS4B_A20T,NS1_V128T,E_I114L,NS1_V178M,NS4B_A18V,NS1_N139D,NS5_K364R,E_I457V,NS5_T675A,NS4B_H17Y,NS3_A91T,NS3_I474V,NS5_T651A,prM_E72D,NS3_A112T,NS2A_M168T,NS5_K647G,NS5_D834E,C_V26G,C_G70S,NS4B_A27T,NS5_A616V,E_K203E,NS1_N146G,NS1_V93A,NS5_R378K,NS5_T135M,NS2B_V11I,NS4B_H34R,NS4A_I89T,E_A369T,NS3_E43D,prM_I13V,NS3_V221I,E_D37N,NS1_A60V,NS2A_F159L,NS5_I34M,NS2A_H162D)	10669
hDenV1/Colombia/SAN-UR-P201080030/2015	DENV1	V	1V_D.1	EPI_ISL_715217	2015-03	South America / Colombia / Santander / Piedecuesta	Human			unknown	unknown	unknown			Original	Other: Cell supernatant		(E_I114L,E_I425M,E_V380L,E_K203E,E_S339T,E_T88A,E_I436V,E_I439V,E_I293T,E_A369T,E_T161I,E_D37N)	1485
hDenV1/Colombia/SAN-UR-LV121086/2010	DENV1	V	1V_G	EPI_ISL_715225	2010-03	South America / Colombia / Santander / Floridablanca	Human			unknown	unknown	unknown			Original	Other: Cell supernatant		(E_I114L,E_K203E,E_T88A,E_S339T,E_I436V,E_I439V,E_I293T,E_A369T,E_T161I,E_D37N)	1485
hDenV1/Colombia/SAN-UR-LV122007/2009	DENV1	V	1V_G	EPI_ISL_715226	2009-08	South America / Colombia / Santander / Floridablanca	Human			unknown	unknown	unknown			Original	Other: Cell supernatant		(E_I114L,E_K203E,E_T88A,E_S339T,E_I436V,E_I439V,E_I293T,E_A369T,E_T161I,E_D37N,E_Q248H)	1485
hDenV1/Colombia/SAN-UR-F15030291/2014	DENV1	V	1V_D.1	EPI_ISL_715228	2014-06	South America / Colombia / Santander / Bucaramanga	Human			unknown	unknown	unknown			Original	Other: Cell supernatant		(E_I114L,E_K203E,E_S339T,E_T88A,E_I436V,E_I439V,E_I293T,E_T454I,E_A369T,E_T161I,E_D37N)	1485
hDenV1/Colombia/NSA-UIDS-555/2001	DENV1	V	1V_D.1	EPI_ISL_715732	2001-12	South America / Colombia / Norte de Santander / Sabana de Torres	Human			unknown	unknown	unknown			Original	Other: Cell supernatant		(E_I114L,E_K203E,E_T88A,E_S339T,E_I457V,E_I436V,E_I439V,E_I293T,E_A369T,E_T161I,E_D37N,E_S171A)	1485
hDenV1/Colombia/NSA-UIDS-559/2015	DENV1	V	1V_D.1	EPI_ISL_715733	2015-12	South America / Colombia / Norte de Santander / Piedecuesta	Human			unknown	unknown	unknown			Original	Other: Cell supernatant		(E_I114L,E_K203E,E_S339T,E_T88A,E_I457V,E_I436V,E_I439V,E_I293T,E_A369T,E_T161I,E_D37N,E_S171A)	1485
hDenV1/Colombia/NSA-UIDS-556/2015	DENV1	V	1V_D.1	EPI_ISL_715734	2015-04	South America / Colombia / Norte de Santander / Piedecuesta	Human			unknown	unknown	unknown			Original	Other: Cell supernatant		(E_I114L,E_K203E,E_Q256P,E_D235N,E_S339T,E_T88A,E_I436V,E_I439V,E_I293T,E_T454I,E_A369T,E_T161I,E_D37N)	1485
hDenV1/Colombia/NSA-UIDS-558/2016	DENV1	V	1V_F	EPI_ISL_715735	2016-04	South America / Colombia / Norte de Santander / Floridablanca	Human			unknown	unknown	unknown			Original	Other: Cell supernatant		(E_I114L,E_K203E,E_S339T,E_T88A,E_I436V,E_I439V,E_I293T,E_A369T,E_T161I,E_D37N,E_T430S)	1485
hDenV1/Colombia/NSA-UIDS-557/2009	DENV1	V	1V	EPI_ISL_715736	2009-09	South America / Colombia / Norte de Santander / Floridablanca	Human			unknown	unknown	unknown			Original	Other: Cell supernatant		(E_I114L,E_K203E,E_T88A,E_S339T,E_I436V,E_I439V,E_I293T,E_A369T,E_T161I,E_G383S,E_D37N)	1485
hDenV1/Colombia/un-UDS-Ov07582/2013	DENV1	V	1V_D.1	EPI_ISL_771895	2013-09-08	South America / Colombia	Human			unknown	unknown	unknown			Original	Other: Original		(E_I114L,E_K203E,E_S339T,E_T88A,E_I436V,E_I439V,E_I293T,E_A369T,E_T161I,E_D37N)	1485
hDenV1/Colombia/ANT-UDS-0746586/2013	DENV1	V	1V_D.1	EPI_ISL_772423	2013-08-09	South America / Colombia / Antioquia / Medellin	Human			unknown	unknown	unknown			Original	Serum		(NS1_S216G,NS1_A187S,NS1_W153del,E_T88A,NS1_L171Y,NS1_ins205GAWKQIQ,NS1_S191A,E_I439V,NS1_M184D,NS1_P141Y,E_I293T,prM_K122R,NS1_D180E,NS1_N151del,E_T161I,NS1_S174T,NS1_K192L,NS1_I167T,NS1_V155P,NS1_A186R,E_S339T,NS1_I162C,NS1_E156D,E_I436V,NS1_G159D,NS1_Q147T,prM_T59A,NS1_Y158V,NS1_D145R,NS1_F160C,NS1_D190del,NS1_K206R,NS1_L169V,NS1_D173G,NS1_D197G,NS1_Y175C,NS1_A215P,E_I114L,NS1_K211A,NS1_Y200L,E_I457V,NS1_F163N,NS1_I202M,NS1_M198L,NS1_S185K,prM_E72D,NS1_R214H,NS1_K189del,NS1_T176S,NS1_E142K,NS1_A196V,E_K203E,NS1_K170T,NS1_N166D,NS1_W150del,NS1_T164A,NS1_R148E,NS1_L183R,E_A369T,NS1_N207V,NS1_C179G,NS1_G161W,E_D37N,NS1_A213R,NS1_V178T,NS1_N146I,NS1_ins200ETRTET,NS1_V194P,NS1_E203S,NS1_R172del,NS1_I152del,NS1_I188V)	2077
hDenV1/Colombia/FUADLA-AFI025_676/2021	DENV1	V	1V_D.1	EPI_ISL_9768996	2021-01-25	South America / Colombia	Human			unknown	unknown	unknown			Original	Plasma		(NS2B_I106V,NS4A_R125K,E_T88A,NS5_F881Y,NS2A_K67R,E_I439V,NS1_S94N,NS5_T27I,NS3_R185K,NS4B_I48V,E_I293T,prM_K122R,NS1_I224T,NS2A_R82K,NS2A_L199F,NS5_A370T,E_T161I,NS2A_D139E,NS2B_S60F,NS3_K255R,NS2A_L12I,NS2A_T44I,NS5_Y127H,E_S339T,NS4B_H24Q,E_I436V,NS4A_Q19L,NS2A_S142P,NS4A_R76K,prM_T59A,NS1_T307I,NS2A_A147T,NS2A_I171V,NS2A_V106I,NS2B_E63Q,NS1_K347R,NS3_V384I,prM_E114D,C_N90S,NS4B_A20T,NS1_V128T,E_I114L,NS1_V178M,NS4B_A18V,NS1_N139D,NS5_K364R,E_I457V,NS5_T675A,NS4B_H17Y,NS3_A91T,NS3_I474V,NS5_T651A,prM_E72D,NS3_A112T,NS2A_M168T,NS5_K647G,NS5_D834E,C_V26G,C_G70S,NS4B_A27T,NS5_A616V,E_K203E,NS1_N146G,NS1_V93A,NS5_T135M,NS5_R378K,NS2B_V11I,NS4B_H34R,NS4A_I89T,E_A369T,NS3_E43D,prM_I13V,NS3_V221I,E_D37N,NS1_A60V,E_L198I,NS2A_F159L,NS5_I34M,NS2A_H162D)	10669
hDenV1/Colombia/FUADLA-AFI059_677/2021	DENV1	V	1V_D.1	EPI_ISL_9769066	2021-01-25	South America / Colombia	Human			unknown	unknown	unknown			Original	Plasma		(NS2B_I106V,NS4A_R125K,E_T88A,NS5_F881Y,NS2A_K67R,E_I439V,NS1_S94N,NS5_T27I,NS3_R185K,NS4B_I48V,E_I293T,prM_K122R,NS1_I224T,NS2A_R82K,NS2A_L199F,NS5_A370T,E_T161I,NS2A_D139E,NS2B_S60F,NS3_K255R,NS2A_L12I,NS2A_T44I,NS5_Y127H,E_S339T,NS4B_H24Q,E_I436V,NS4A_Q19L,NS2A_S142P,NS4A_R76K,prM_T59A,NS1_T307I,NS2A_A147T,NS2A_I171V,NS2A_V106I,NS2B_E63Q,NS1_K347R,NS3_V384I,prM_E114D,C_N90S,NS4B_A20T,NS1_V128T,E_I114L,NS1_V178M,NS4B_A18V,NS1_N139D,NS5_K364R,E_I457V,NS5_T675A,NS4B_H17Y,NS3_A91T,NS3_I474V,NS5_T651A,prM_E72D,NS3_A112T,NS2A_M168T,NS5_K647G,NS5_D834E,C_V26G,C_G70S,NS4B_A27T,NS5_A616V,E_K203E,NS1_N146G,NS1_V93A,NS5_R378K,NS5_T135M,NS2B_V11I,NS4B_H34R,NS4A_I89T,E_A369T,NS3_E43D,prM_I13V,NS3_V221I,E_D37N,NS1_A60V,E_L198I,NS2A_F159L,NS5_I34M,NS2A_H162D)	10637
